genome	Kingdom	Phylum	Class	Order	Family	Genus	Species	Organism
GCA_000009765.2_ASM976v2_genomic	Bacteria	Actinomycetota	Actinomycetia	Streptomycetales	Streptomycetaceae	Streptomyces	Streptomyces avermitilis	Streptomyces avermitilis MA-4680 = NBRC 14893 MA-4680
GCA_000010605.1_ASM1060v1_genomic	Bacteria	Actinomycetota	Actinomycetia	Streptomycetales	Streptomycetaceae	Streptomyces	Streptomyces griseus	Streptomyces griseus subsp. griseus NBRC 13350
GCA_000091305.1_ASM9130v1_genomic	Bacteria	Actinomycetota	Actinomycetia	Streptomycetales	Streptomycetaceae	Streptomyces	Streptomyces scabiei	Streptomyces scabiei 87.22 87.22
GCA_000092385.1_ASM9238v1_genomic	Bacteria	Actinomycetota	Actinomycetia	Streptomycetales	Streptomycetaceae	Streptomyces	Streptomyces milbemycinicus	Streptomyces bingchenggensis BCW-1 BCW-1
GCA_000147815.3_ASM14781v3_genomic	Bacteria	Actinomycetota	Actinomycetia	Streptomycetales	Streptomycetaceae	Streptomyces	Streptomyces violaceusniger_A	Streptomyces violaceusniger Tu 4113 Tu 4113
GCA_000148465.1_Scla_1.0_genomic	Bacteria	Actinomycetota	Actinomycetia	Streptomycetales	Streptomycetaceae	Streptomyces	Streptomyces clavuligerus	Streptomyces clavuligerus ATCC 27064
GCA_000154885.1_ASM15488v1_genomic	Bacteria	Actinomycetota	Actinomycetia	Streptomycetales	Streptomycetaceae	Streptomyces	Streptomyces goshikiensis	Streptomyces sp. Mg1
GCA_000154905.1_ASM15490v1_genomic	Bacteria	Actinomycetota	Actinomycetia	Streptomycetales	Streptomycetaceae	Streptomyces	Streptomyces sp000154905	Streptomyces sp. SPB074
GCA_000154945.1_ASM15494v1_genomic	Bacteria	Actinomycetota	Actinomycetia	Streptomycetales	Streptomycetaceae	Streptomyces	Streptomyces pristinaespiralis	Streptomyces pristinaespiralis ATCC 25486 ATCC 25486
GCA_000154965.1_ASM15496v1_genomic	Bacteria	Actinomycetota	Actinomycetia	Streptomycetales	Streptomycetaceae	Streptomyces	Streptomyces sviceus	Streptomyces sviceus ATCC 29083 ATCC 29083
GCA_000156435.1_ASM15643v1_genomic	Bacteria	Actinomycetota	Actinomycetia	Streptomycetales	Streptomycetaceae	Streptomyces	Streptomyces viridosporus	Streptomyces viridosporus ATCC 14672 ATCC 14672
GCA_000156455.1_ASM15645v1_genomic	Bacteria	Actinomycetota	Actinomycetia	Streptomycetales	Streptomycetaceae	Streptomyces	Streptomyces parvus	Streptomyces filamentosus NRRL 15998 NRRL 15998
GCA_000156475.1_ASM15647v1_genomic	Bacteria	Actinomycetota	Actinomycetia	Streptomycetales	Streptomycetaceae	Streptomyces	Streptomyces albidoflavus	Streptomyces albidoflavus J1074
GCA_000156695.2_ASM15669v2_genomic	Bacteria	Actinomycetota	Actinomycetia	Streptomycetales	Streptomycetaceae	Streptomyces	Streptomyces parvus	Streptomyces filamentosus NRRL 11379 NRRL 11379
GCA_000158855.1_ASM15885v1_genomic	Bacteria	Actinomycetota	Actinomycetia	Streptomycetales	Streptomycetaceae	Streptomyces	Streptomyces sp000213055	Streptomyces sp. SPB78
GCA_000158895.1_ASM15889v1_genomic	Bacteria	Actinomycetota	Actinomycetia	Streptomycetales	Streptomycetaceae	Streptomyces	Streptomyces sp000158895	Streptomyces sp. C
GCA_000158915.1_ASM15891v1_genomic	Bacteria	Actinomycetota	Actinomycetia	Streptomycetales	Streptomycetaceae	Streptomyces	Streptomyces himastatinicus	Streptomyces himastatinicus ATCC 53653 ATCC 53653
GCA_000158935.1_ASM15893v1_genomic	Bacteria	Actinomycetota	Actinomycetia	Streptomycetales	Streptomycetaceae	Streptomyces	Streptomyces anthocyanicus	Streptomyces lividans TK24 TK24
GCA_000158955.1_ASM15895v1_genomic	Bacteria	Actinomycetota	Actinomycetia	Streptomycetales	Streptomycetaceae	Streptomyces	Streptomyces viridochromogenes_B	Streptomyces viridochromogenes DSM 40736 DSM 40736
GCA_000158975.1_ASM15897v1_genomic	Bacteria	Actinomycetota	Actinomycetia	Streptomycetales	Streptomycetaceae	Streptomyces	Streptomyces fungicidicus	Streptomyces griseoflavus Tu4000 Tu4000
GCA_000162775.1_ASM16277v1_genomic	Bacteria	Actinomycetota	Actinomycetia	Streptomycetales	Streptomycetaceae	Streptomyces	Streptomyces sennicomposti	Streptomyces sp. e14
GCA_000163875.1_Strep_clav_ATCC27064_genomic	Bacteria	Actinomycetota	Actinomycetia	Streptomycetales	Streptomycetaceae	Streptomyces	Streptomyces clavuligerus	Streptomyces clavuligerus ATCC 27064
GCA_000177175.2_ASM17717v2_genomic	Bacteria	Actinomycetota	Actinomycetia	Streptomycetales	Streptomycetaceae	Streptomyces	Streptomyces griseus	Streptomyces sp. ACT-1
GCA_000177195.2_ASM17719v2_genomic	Bacteria	Actinomycetota	Actinomycetia	Streptomycetales	Streptomycetaceae	Streptomyces	Streptomyces sp000177195	Streptomyces sp. SirexAA-E
GCA_000179195.1_ASM17919v1_genomic	Bacteria	Actinomycetota	Actinomycetia	Streptomycetales	Streptomycetaceae	Streptomyces	Streptomyces sp000213055	Streptomyces sp. SA3_actG
GCA_000179215.1_ASM17921v1_genomic	Bacteria	Actinomycetota	Actinomycetia	Streptomycetales	Streptomycetaceae	Streptomyces	Streptomyces sp000213055	Streptomyces sp. SA3_actF
GCA_000203835.1_ASM20383v1_genomic	Bacteria	Actinomycetota	Actinomycetia	Streptomycetales	Streptomycetaceae	Streptomyces	Streptomyces anthocyanicus	Streptomyces coelicolor A3(2) -
GCA_000204605.2_ASM20460v1_genomic	Bacteria	Actinomycetota	Actinomycetia	Streptomycetales	Streptomycetaceae	Streptomyces	Streptomyces griseoaurantiacus	Streptomyces griseoaurantiacus M045 M045
GCA_000220705.2_ASM22070v2_genomic	Bacteria	Actinomycetota	Actinomycetia	Streptomycetales	Streptomycetaceae	Streptomyces	Streptomyces xinghaiensis	Streptomyces xinghaiensis S187 S187
GCA_000225525.2_ASM22552v1_genomic	Bacteria	Actinomycetota	Actinomycetia	Streptomycetales	Streptomycetaceae	Streptomyces	Streptomyces zinciresistens	Streptomyces zinciresistens K42 K42
GCA_000226415.1_ASM22641v1_genomic	Bacteria	Actinomycetota	Actinomycetia	Streptomycetales	Streptomycetaceae	Streptomyces	Streptomyces erythrochromogenes_A	Streptomyces lysosuperificus ATCC 31396 ATCC 31396
GCA_000226455.1_ASM22645v1_genomic	Bacteria	Actinomycetota	Actinomycetia	Streptomycetales	Streptomycetaceae	Streptomyces	Streptomyces chartreusis_D	Streptomyces chartreusis NRRL 12338 NRRL 12338
GCA_000237305.1_ASM23730v1_genomic	Bacteria	Actinomycetota	Actinomycetia	Streptomycetales	Streptomycetaceae	Streptomyces	Streptomyces cattleya	Streptantibioticus cattleyicolor NRRL 8057 = DSM 46488 NRRL 8057
GCA_000239075.2_ASM23907v2_genomic	Bacteria	Actinomycetota	Actinomycetia	Streptomycetales	Streptomycetaceae	Streptomyces	Streptomyces anulatus	Streptomyces sp. W007
GCA_000240165.1_ASM24016v1_genomic	Bacteria	Actinomycetota	Actinomycetia	Streptomycetales	Streptomycetaceae	Streptomyces	Streptomyces cattleya	Streptantibioticus cattleyicolor NRRL 8057 = DSM 46488 DSM 46488
GCA_000242715.2_ASM24271v2_genomic	Bacteria	Actinomycetota	Actinomycetia	Streptomycetales	Streptomycetaceae	Streptomyces	Streptomyces acidiscabies	Streptomyces acidiscabies 84-104 84-104
GCA_000245355.1_ASM24535v1_genomic	Bacteria	Actinomycetota	Actinomycetia	Streptomycetales	Streptomycetaceae	Streptomyces	Streptomyces olivaceoviridis	Streptomyces hygroscopicus subsp. jinggangensis 5008
GCA_000253235.1_ASM25323v1_genomic	Bacteria	Actinomycetota	Actinomycetia	Streptomycetales	Streptomycetaceae	Streptomyces	Streptomyces venezuelae	Streptomyces venezuelae ATCC 10712 ATCC 10712
GCA_000259895.1_ASM25989v1_genomic	Bacteria	Actinomycetota	Actinomycetia	Streptomycetales	Streptomycetaceae	Streptomyces	Streptomyces rochei	Streptomyces sp. TOR3209
GCA_000261345.2_ASM26134v2_genomic	Bacteria	Actinomycetota	Actinomycetia	Streptomycetales	Streptomycetaceae	Streptomyces	Streptomyces rubiginosohelvolus	Streptomyces globisporus C-1027 C-1027
GCA_000262345.1_Streptomyces_sulphureus_L180_version_1.0_genomic	Bacteria	Actinomycetota	Actinomycetia	Streptomycetales	Streptomycetaceae	Streptomyces	Streptomyces xiaopingdaonensis	Streptomyces xiaopingdaonensis DUT 180
GCA_000269985.1_ASM26998v1_genomic	Bacteria	Actinomycetota	Actinomycetia	Streptomycetales	Streptomycetaceae	Kitasatospora	Kitasatospora setae	Kitasatospora setae KM-6054 KM-6054
GCA_000280865.2_ASM28086v2_genomic	Bacteria	Actinomycetota	Actinomycetia	Streptomycetales	Streptomycetaceae	Streptomyces	Streptomyces sioyaensis	Streptomyces auratus AGR0001 AGR0001
GCA_000280905.1_ASM28090v1_genomic	Bacteria	Actinomycetota	Actinomycetia	Streptomycetales	Streptomycetaceae	Streptomyces	Streptomyces sp000280905	Streptomyces sp. AA1529
GCA_000297155.3_ASM29715v3_genomic	Bacteria	Actinomycetota	Actinomycetia	Streptomycetales	Streptomycetaceae	Streptomyces	Streptomyces tsukubensis	Streptomyces tsukubensis NRRL18488 NRRL18488
GCA_000297635.1_ASM29763v1_genomic	Bacteria	Actinomycetota	Actinomycetia	Streptomycetales	Streptomycetaceae	Streptomyces	Streptomyces harbinensis	Streptomyces sp. AA0539
GCA_000299175.2_ASM29917v2_genomic	Bacteria	Actinomycetota	Actinomycetia	Streptomycetales	Streptomycetaceae	Streptomyces	Streptomyces albidoflavus	Streptomyces sp. SM8
GCA_000302615.1_ASM30261v1_genomic	Bacteria	Actinomycetota	Actinomycetia	Streptomycetales	Streptomycetaceae	Streptomyces	Streptomyces wedmorensis	Streptomyces sp. SS
GCA_000316095.1_ASM31609v1_genomic	Bacteria	Actinomycetota	Actinomycetia	Streptomycetales	Streptomycetaceae	Streptomyces	Streptomyces viridosporus	Streptomyces viridosporus T7A T7A
GCA_000317595.1_Sipom9103v1.0_genomic	Bacteria	Actinomycetota	Actinomycetia	Streptomycetales	Streptomycetaceae	Streptomyces	Streptomyces ipomoeae	Streptomyces ipomoeae 91-03 91-03
GCA_000331005.1_Sturgcar8v1.0_genomic	Bacteria	Actinomycetota	Actinomycetia	Streptomycetales	Streptomycetaceae	Streptomyces	Streptomyces turgidiscabies	Streptomyces turgidiscabies Car8 Car8
GCA_000331185.2_ASM33118v2_genomic	Bacteria	Actinomycetota	Actinomycetia	Streptomycetales	Streptomycetaceae	Streptomyces	Streptomyces rimosus	Streptomyces rimosus subsp. rimosus ATCC 10970
GCA_000332625.1_STVIR_1.0_genomic	Bacteria	Actinomycetota	Actinomycetia	Streptomycetales	Streptomycetaceae	Streptomyces	Streptomyces curacoi	Streptomyces viridochromogenes Tue57 Tue57
GCA_000340335.2_ASM34033v2_genomic	Bacteria	Actinomycetota	Actinomycetia	Streptomycetales	Streptomycetaceae	Streptomyces	Streptomyces bottropensis	Streptomyces bottropensis ATCC 25435 ATCC 25435
GCA_000340845.1_ASM34084v1_genomic	Bacteria	Actinomycetota	Actinomycetia	Streptomycetales	Streptomycetaceae	Streptomyces	Streptomyces olivaceoviridis	Streptomyces hygroscopicus subsp. jinggangensis TL01
GCA_000342125.1_S.mobaraensisn_1.0_genomic	Bacteria	Actinomycetota	Actinomycetia	Streptomycetales	Streptomycetaceae	Streptomyces	Streptomyces mobaraensis	Streptomyces mobaraensis NBRC 13819 = DSM 40847 DSM 40847
GCA_000342345.1_Whole_genome_assembly_genomic	Bacteria	Actinomycetota	Actinomycetia	Streptomycetales	Streptomycetaceae	Streptomyces	Streptomyces pseudogriseolus	Streptomyces gancidicus BKS 13-15 BKS 13-15
GCA_000349325.1_ASM34932v1_genomic	Bacteria	Actinomycetota	Actinomycetia	Streptomycetales	Streptomycetaceae	Streptomyces	Streptomyces davaonensis	Streptomyces davaonensis JCM 4913 JCM 4913
GCA_000359525.1_ASM35952v1_genomic	Bacteria	Actinomycetota	Actinomycetia	Streptomycetales	Streptomycetaceae	Streptomyces	Streptomyces albidoflavus	Streptomyces albidoflavus J1074
GCA_000364805.1_ASM36480v1_genomic	Bacteria	Actinomycetota	Actinomycetia	Streptomycetales	Streptomycetaceae	Streptomyces	Streptomyces papulosus	Streptomyces sp. PAMC 26508
GCA_000367365.1_ASM36736v1_genomic	Bacteria	Actinomycetota	Actinomycetia	Streptomycetales	Streptomycetaceae	Streptomyces	Streptomyces prunicolor	Streptomyces prunicolor NBRC 13075 NBRC 13075
GCA_000372745.1_ASM37274v1_genomic	Bacteria	Actinomycetota	Actinomycetia	Streptomycetales	Streptomycetaceae	Embleya	Embleya scabrispora	Embleya scabrispora DSM 41855 DSM 41855
GCA_000373225.1_ASM37322v1_genomic	Bacteria	Actinomycetota	Actinomycetia	Streptomycetales	Streptomycetaceae	Streptomyces	Streptomyces albidoflavus	Streptomyces sp. LaPpAH-202
GCA_000373305.1_ASM37330v1_genomic	Bacteria	Actinomycetota	Actinomycetia	Streptomycetales	Streptomycetaceae	Streptomyces	Streptomyces bacillaris	Streptomyces sp. CcalMP-8W
GCA_000373405.1_ASM37340v1_genomic	Bacteria	Actinomycetota	Actinomycetia	Streptomycetales	Streptomycetaceae	Streptomyces	Streptomyces cyaneofuscatus	Streptomyces sp. ScaeMP-e10
GCA_000373465.1_ASM37346v1_genomic	Bacteria	Actinomycetota	Actinomycetia	Streptomycetales	Streptomycetaceae	Streptomyces	Streptomyces cellulosae	Streptomyces sp. FxanaD5
GCA_000373525.1_ASM37352v1_genomic	Bacteria	Actinomycetota	Actinomycetia	Streptomycetales	Streptomycetaceae	Streptomyces	Streptomyces sp001905735	Streptomyces sp. LaPpAH-165
GCA_000373565.1_ASM37356v1_genomic	Bacteria	Actinomycetota	Actinomycetia	Streptomycetales	Streptomycetaceae	Streptomyces	Streptomyces sp000373565	Streptomyces sp. HmicA12
GCA_000373585.1_ASM37358v1_genomic	Bacteria	Actinomycetota	Actinomycetia	Streptomycetales	Streptomycetaceae	Streptomyces	Streptomyces sp000373585	Streptomyces sp. MspMP-M5
GCA_000373625.1_ASM37362v1_genomic	Bacteria	Actinomycetota	Actinomycetia	Streptomycetales	Streptomycetaceae	Streptomyces	Streptomyces sp000373625	Streptomyces sp. LaPpAH-108
GCA_000373645.1_ASM37364v1_genomic	Bacteria	Actinomycetota	Actinomycetia	Streptomycetales	Streptomycetaceae	Streptomyces	Streptomyces sp000373645	Streptomyces sp. ATexAB-D23
GCA_000373665.1_ASM37366v1_genomic	Bacteria	Actinomycetota	Actinomycetia	Streptomycetales	Streptomycetaceae	Streptomyces	Streptomyces glauciniger	Streptomyces sp. BoleA5
GCA_000373685.1_ASM37368v1_genomic	Bacteria	Actinomycetota	Actinomycetia	Streptomycetales	Streptomycetaceae	Streptomyces	Streptomyces sp001654495	Streptomyces sp. PsTaAH-124
GCA_000375625.1_ASM37562v1_genomic	Bacteria	Actinomycetota	Actinomycetia	Streptomycetales	Streptomycetaceae	Streptomyces	Streptomyces libani	Streptomyces sp. FxanaC1
GCA_000375725.1_ASM37572v1_genomic	Bacteria	Actinomycetota	Actinomycetia	Streptomycetales	Streptomycetaceae	Streptomyces	Streptomyces sp001905735	Streptomyces sp. LaPpAH-95
GCA_000376565.1_ASM37656v1_genomic	Bacteria	Actinomycetota	Actinomycetia	Streptomycetales	Streptomycetaceae	Streptomyces	Streptomyces hokutonensis	Streptomyces hokutonensis R1-NS-10
GCA_000380165.1_ASM38016v1_genomic	Bacteria	Actinomycetota	Actinomycetia	Streptomycetales	Streptomycetaceae	Streptomyces_A	Streptomyces_A vitaminophilus	Wenjunlia vitaminophila DSM 41686 DSM 41686
GCA_000381025.1_ASM38102v1_genomic	Bacteria	Actinomycetota	Actinomycetia	Streptomycetales	Streptomycetaceae	Streptomyces	Streptomyces sulphureus	Streptomyces sulphureus DSM 40104 DSM 40104
GCA_000382745.1_ASM38274v1_genomic	Bacteria	Actinomycetota	Actinomycetia	Streptomycetales	Streptomycetaceae	Streptomyces	Streptomyces sp000177195	Streptomyces sp. DvalAA-83
GCA_000383595.1_ASM38359v1_genomic	Bacteria	Actinomycetota	Actinomycetia	Streptomycetales	Streptomycetaceae	Streptomyces	Streptomyces bottropensis	Streptomyces bottropensis ATCC 25435 ATCC 25435
GCA_000383615.1_ASM38361v1_genomic	Bacteria	Actinomycetota	Actinomycetia	Streptomycetales	Streptomycetaceae	Streptomyces	Streptomyces canus_C	Streptomyces canus 299MFChir4.1 299MFChir4.1
GCA_000383635.1_ASM38363v1_genomic	Bacteria	Actinomycetota	Actinomycetia	Streptomycetales	Streptomycetaceae	Streptomyces	Streptomyces sp001298545	Streptomyces sp. 303MFCol5.2
GCA_000383655.1_ASM38365v1_genomic	Bacteria	Actinomycetota	Actinomycetia	Streptomycetales	Streptomycetaceae	Streptomyces	Streptomyces griseorubiginosus	Streptomyces sp. 351MFTsu5.1
GCA_000383935.1_ASM38393v1_genomic	Bacteria	Actinomycetota	Actinomycetia	Streptomycetales	Streptomycetaceae	Streptomyces	Streptomyces sennicomposti	Streptomyces sp. Amel2xE9
GCA_000384175.1_ASM38417v1_genomic	Bacteria	Actinomycetota	Actinomycetia	Streptomycetales	Streptomycetaceae	Streptomyces	Streptomyces purpureus	Streptomyces purpureus KA281 KA281
GCA_000385945.1_ASM38594v1_genomic	Bacteria	Actinomycetota	Actinomycetia	Streptomycetales	Streptomycetaceae	Streptomyces	Streptomyces microflavus	Streptomyces microflavus DSM 40593 DSM 40593
GCA_000403665.1_Streptomyces_lividans_1326_genomic	Bacteria	Actinomycetota	Actinomycetia	Streptomycetales	Streptomycetaceae	Streptomyces	Streptomyces anthocyanicus	Streptomyces lividans 1326 1326
GCA_000403765.2_SAlb2_genomic	Bacteria	Actinomycetota	Actinomycetia	Streptomycetales	Streptomycetaceae	Streptomyces	Streptomyces albulus_C	Streptomyces noursei CCRC 11814 CCRC 11814
GCA_000404005.1_Streptomyces_sp._FXJ7.023_genomic	Bacteria	Actinomycetota	Actinomycetia	Streptomycetales	Streptomycetaceae	Streptomyces	Streptomyces olivaceus	Streptomyces sp. FXJ7.023
GCA_000411495.1_Stre_sp_HPH0547_V1_genomic	Bacteria	Actinomycetota	Actinomycetia	Streptomycetales	Streptomycetaceae	Streptomyces	Streptomyces albus	Streptomyces sp. HPH0547
GCA_000412265.2_ASM41226v2_genomic	Bacteria	Actinomycetota	Actinomycetia	Streptomycetales	Streptomycetaceae	Streptomyces	Streptomyces goshikiensis	Streptomyces sp. Mg1
GCA_000414115.1_STRAU_genomic	Bacteria	Actinomycetota	Actinomycetia	Streptomycetales	Streptomycetaceae	Streptomyces	Streptomyces aurantiacus_A	Streptomyces aurantiacus JA 4570 JA 4570
GCA_000415505.1_STAFG_genomic	Bacteria	Actinomycetota	Actinomycetia	Streptomycetales	Streptomycetaceae	Streptomyces	Streptomyces afghaniensis	Streptomyces afghaniensis 772 772
GCA_000418455.1_ASM41845v1_genomic	Bacteria	Actinomycetota	Actinomycetia	Streptomycetales	Streptomycetaceae	Streptomyces	Streptomyces rapamycinicus	Streptomyces rapamycinicus NRRL 5491 NRRL 5491
GCA_000424945.1_ASM42494v1_genomic	Bacteria	Actinomycetota	Actinomycetia	Streptomycetales	Streptomycetaceae	Streptomyces	Streptomyces sp002300165	Streptomyces sp. 142MFCol3.1
GCA_000429085.1_ASM42908v1_genomic	Bacteria	Actinomycetota	Actinomycetia	Streptomycetales	Streptomycetaceae	Streptomyces	Streptomyces flavidovirens	Streptomyces flavidovirens DSM 40150 DSM 40150
GCA_000444875.1_ASM44487v1_genomic	Bacteria	Actinomycetota	Actinomycetia	Streptomycetales	Streptomycetaceae	Streptomyces	Streptomyces collinus_A	Streptomyces collinus Tu 365 Tu 365
GCA_000470535.1_STREPTOMYCES1_genomic	Bacteria	Actinomycetota	Actinomycetia	Streptomycetales	Streptomycetaceae	Streptomyces	Streptomyces sp000470535	Streptomyces sp. AW19M42
GCA_000478605.2_ASM47860v2_genomic	Bacteria	Actinomycetota	Actinomycetia	Streptomycetales	Streptomycetaceae	Streptomyces	Streptomyces thermolilacinus	Streptomyces thermolilacinus SPC6 SPC6
GCA_000495635.2_GB94_v2_genomic	Bacteria	Actinomycetota	Actinomycetia	Streptomycetales	Streptomycetaceae	Streptomyces	Streptomyces albidoflavus	Streptomyces sp. GBA 94-10 4N24
GCA_000495755.1_PVA94-07.23_genomic	Bacteria	Actinomycetota	Actinomycetia	Streptomycetales	Streptomycetaceae	Streptomyces	Streptomyces albidoflavus	Streptomyces sp. PVA_94-07
GCA_000497405.1_v1_genomic	Bacteria	Actinomycetota	Actinomycetia	Streptomycetales	Streptomycetaceae	Streptomyces	Streptomyces sp000497405	Streptomycetaceae bacterium MP113-05 MP113-05
GCA_000497425.1_S.niveus_v1_genomic	Bacteria	Actinomycetota	Actinomycetia	Streptomycetales	Streptomycetaceae	Streptomyces	Streptomyces niveus	Streptomyces niveus NCIMB 11891 NCIMB 11891
GCA_000497445.1_S.roseochromogenes_v1_genomic	Bacteria	Actinomycetota	Actinomycetia	Streptomycetales	Streptomycetaceae	Streptomyces	Streptomyces roseochromogenus	Streptomyces roseochromogenus subsp. oscitans DS 12.976
GCA_000498935.1_HCCB10043_genomic	Bacteria	Actinomycetota	Actinomycetia	Streptomycetales	Streptomycetaceae	Streptomyces	Streptomyces parvus	Streptomyces sp. HCCB10043
GCA_000504065.2_Velvet_for_version_02_of_Streptomyces_albulus_PD-1_genomic	Bacteria	Actinomycetota	Actinomycetia	Streptomycetales	Streptomycetaceae	Streptomyces	Streptomyces albulus_C	Streptomyces noursei PD-1 PD-1
GCA_000514715.1_ASM51471v1_genomic	Bacteria	Actinomycetota	Actinomycetia	Streptomycetales	Streptomycetaceae	Streptomyces	Streptomyces sp000514715	Streptomyces sp. CNH099
GCA_000518045.1_StrExf1.0_genomic	Bacteria	Actinomycetota	Actinomycetia	Streptomycetales	Streptomycetaceae	Streptomyces	Streptomyces sp001426585	Streptomyces exfoliatus DSM 41693 DSM 41693
GCA_000590515.1_Streptomyces_sp._PRh5_version1.0_genomic	Bacteria	Actinomycetota	Actinomycetia	Streptomycetales	Streptomycetaceae	Streptomyces	Streptomyces asiaticus	Streptomyces sp. PRh5
GCA_000611795.1_Tu61761.0_genomic	Bacteria	Actinomycetota	Actinomycetia	Streptomycetales	Streptomycetaceae	Streptomyces	Streptomyces sp001654495	Streptomyces sp. Tu 6176
GCA_000647875.1_ASM64787v1_genomic	Bacteria	Actinomycetota	Actinomycetia	Streptomycetales	Streptomycetaceae	Streptomyces	Streptomyces bacillaris	Streptomyces sp. SolWspMP-sol2th
GCA_000686765.1_ASM68676v1_genomic	Bacteria	Actinomycetota	Actinomycetia	Streptomycetales	Streptomycetaceae	Streptomyces	Streptomyces cellulosae	Streptomyces sp. UNC401CLCol
GCA_000695235.1_ASM69523v1_genomic	Bacteria	Actinomycetota	Actinomycetia	Streptomycetales	Streptomycetaceae	Streptomyces	Streptomyces albulus_C	Streptomyces noursei NK660
GCA_000696185.1_ASM69618v1_genomic	Bacteria	Actinomycetota	Actinomycetia	Streptomycetales	Streptomycetaceae	Kitasatospora	Kitasatospora cheerisanensis	Kitasatospora cheerisanensis KCTC 2395 KCTC 2395
GCA_000696595.1_StrepLeeu1.0_genomic	Bacteria	Actinomycetota	Actinomycetia	Streptomycetales	Streptomycetaceae	Streptomyces	Streptomyces leeuwenhoekii	Streptomyces leeuwenhoekii C34
GCA_000698495.1_NTK937_genomic	Bacteria	Actinomycetota	Actinomycetia	Streptomycetales	Streptomycetaceae	Streptomyces	Streptomyces halstedii	Streptomyces sp. NTK 937
GCA_000700005.2_ASM70000v2_genomic	Bacteria	Actinomycetota	Actinomycetia	Streptomycetales	Streptomycetaceae	Streptomyces	Streptomyces xinghaiensis	Streptomyces xinghaiensis ATCC 19609
GCA_000702365.1_ASM70236v1_genomic	Bacteria	Actinomycetota	Actinomycetia	Streptomycetales	Streptomycetaceae	Streptomyces	Streptomyces parvus	Streptomyces sp. CNS654
GCA_000707925.2_ASM70792v2_genomic	Bacteria	Actinomycetota	Actinomycetia	Streptomycetales	Streptomycetaceae	Streptomyces	Streptomyces rimosus	Streptomyces rimosus R6-500 R6-500
GCA_000707945.1_mv9-51_genomic	Bacteria	Actinomycetota	Actinomycetia	Streptomycetales	Streptomycetaceae	Streptomyces	Streptomyces rimosus	Streptomyces rimosus R6-500MV9
GCA_000707965.1_rev-51_genomic	Bacteria	Actinomycetota	Actinomycetia	Streptomycetales	Streptomycetaceae	Streptomyces	Streptomyces rimosus	Streptomyces rimosus R6-500MV9-R8
GCA_000709915.1_JSD_genomic	Bacteria	Actinomycetota	Actinomycetia	Streptomycetales	Streptomycetaceae	Streptomyces	Streptomyces althioticus	Streptomyces griseorubens JSD-1
GCA_000710405.2_KspMBT66_1.0_genomic	Bacteria	Actinomycetota	Actinomycetia	Streptomycetales	Streptomycetaceae	Kitasatospora	Kitasatospora purpeofusca	Kitasatospora sp. MBT66
GCA_000710465.2_KspMBT63_1.0_genomic	Bacteria	Actinomycetota	Actinomycetia	Streptomycetales	Streptomycetaceae	Kitasatospora	Kitasatospora sp000710465	Kitasatospora sp. MBT63
GCA_000715605.1_ASM71560v1_genomic	Bacteria	Actinomycetota	Actinomycetia	Streptomycetales	Streptomycetaceae	Streptomyces	Streptomyces speibonae	Streptomyces speibonae NRRL B-24240
GCA_000715615.1_ASM71561v1_genomic	Bacteria	Actinomycetota	Actinomycetia	Streptomycetales	Streptomycetaceae	Streptomyces	Streptomyces cinnabarinus	Streptomyces cinnabarinus NRRL B-12382
GCA_000715625.1_ASM71562v1_genomic	Bacteria	Actinomycetota	Actinomycetia	Streptomycetales	Streptomycetaceae	Streptomyces	Streptomyces nojiriensis	Streptomyces lavendulae Fujisawa #8006
GCA_000715635.1_ASM71563v1_genomic	Bacteria	Actinomycetota	Actinomycetia	Streptomycetales	Streptomycetaceae	Streptomyces	Streptomyces violaceus	Streptomyces violaceus NRRL B-2867
GCA_000715685.1_ASM71568v1_genomic	Bacteria	Actinomycetota	Actinomycetia	Streptomycetales	Streptomycetaceae	Streptomyces	Streptomyces lilacinus	Streptomyces lilacinus NRRL B-1968
GCA_000715705.1_ASM71570v1_genomic	Bacteria	Actinomycetota	Actinomycetia	Streptomycetales	Streptomycetaceae	Streptomyces	Streptomyces sp001941845	Streptomyces flavotricini NRRL B-5419
GCA_000715715.1_ASM71571v1_genomic	Bacteria	Actinomycetota	Actinomycetia	Streptomycetales	Streptomycetaceae	Streptomyces	Streptomyces californicus	Streptomyces californicus NRRL B-1221
GCA_000715745.1_ASM71574v1_genomic	Bacteria	Actinomycetota	Actinomycetia	Streptomycetales	Streptomycetaceae	Streptomyces	Streptomyces californicus	Streptomyces californicus NRRL B-3320
GCA_000715765.1_ASM71576v1_genomic	Bacteria	Actinomycetota	Actinomycetia	Streptomycetales	Streptomycetaceae	Streptomyces	Streptomyces natalensis	Streptomyces natalensis NRRL B-5314
GCA_000715775.1_ASM71577v1_genomic	Bacteria	Actinomycetota	Actinomycetia	Streptomycetales	Streptomycetaceae	Streptomyces	Streptomyces decoyicus	Streptomyces decoyicus NRRL ISP-5087
GCA_000715845.1_ASM71584v1_genomic	Bacteria	Actinomycetota	Actinomycetia	Streptomycetales	Streptomycetaceae	Streptomyces	Streptomyces monomycini	Streptomyces monomycini NRRL B-24309
GCA_000716015.1_ASM71601v1_genomic	Bacteria	Actinomycetota	Actinomycetia	Streptomycetales	Streptomycetaceae	Kitasatospora	Kitasatospora novaecaesareae	Streptomyces pyridomyceticus NRRL B-2517
GCA_000716025.1_ASM71602v1_genomic	Bacteria	Actinomycetota	Actinomycetia	Streptomycetales	Streptomycetaceae	Streptomyces	Streptomyces fimicarius	Streptomyces baarnensis NRRL B-2842
GCA_000716065.1_ASM71606v1_genomic	Bacteria	Actinomycetota	Actinomycetia	Streptomycetales	Streptomycetaceae	Streptomyces	Streptomyces californicus	Streptomyces californicus NRRL ISP-5058
GCA_000716085.1_ASM71608v1_genomic	Bacteria	Actinomycetota	Actinomycetia	Streptomycetales	Streptomycetaceae	Streptomyces	Streptomyces sp016893485	Streptomyces sp. NRRL B-24501
GCA_000716165.1_ASM71616v1_genomic	Bacteria	Actinomycetota	Actinomycetia	Streptomycetales	Streptomycetaceae	Streptomyces	Streptomyces sp.	Streptomyces peruviensis NRRL ISP-5592
GCA_000716195.1_ASM71619v1_genomic	Bacteria	Actinomycetota	Actinomycetia	Streptomycetales	Streptomycetaceae	Streptomyces	Streptomyces sp.	Streptomyces sp. NRRL S-50
GCA_000716215.1_ASM71621v1_genomic	Bacteria	Actinomycetota	Actinomycetia	Streptomycetales	Streptomycetaceae	Streptomyces	Streptomyces resistomycificus	Streptomyces resistomycificus NRRL ISP-5133
GCA_000716245.1_ASM71624v1_genomic	Bacteria	Actinomycetota	Actinomycetia	Streptomycetales	Streptomycetaceae	Streptomyces	Streptomyces bikiniensis	Streptomyces bikiniensis NRRL ISP-5581
GCA_000716275.1_ASM71627v1_genomic	Bacteria	Actinomycetota	Actinomycetia	Streptomycetales	Streptomycetaceae	Streptomyces	Streptomyces sp.	Streptomyces sp. NRRL S-149
GCA_000716315.1_ASM71631v1_genomic	Bacteria	Actinomycetota	Actinomycetia	Streptomycetales	Streptomycetaceae	Streptomyces	Streptomyces olindensis	Streptomyces sp. NRRL WC-3641
GCA_000716335.1_ASM71633v1_genomic	Bacteria	Actinomycetota	Actinomycetia	Streptomycetales	Streptomycetaceae	Streptomyces	Streptomyces sp000716335	Streptomyces sp. NRRL S-118
GCA_000716435.1_ASM71643v1_genomic	Bacteria	Actinomycetota	Actinomycetia	Streptomycetales	Streptomycetaceae	Streptomyces	Streptomyces xylophagus	Streptomyces xylophagus NRRL B-12029
GCA_000716445.1_ASM71644v1_genomic	Bacteria	Actinomycetota	Actinomycetia	Streptomycetales	Streptomycetaceae	Streptomyces	Streptomyces wedmorensis	Streptomyces wedmorensis NRRL 3426
GCA_000716455.1_ASM71645v1_genomic	Bacteria	Actinomycetota	Actinomycetia	Streptomycetales	Streptomycetaceae	Streptomyces	Streptomyces rimosus	Streptomyces sp. NRRL B-11253
GCA_000716515.1_ASM71651v1_genomic	Bacteria	Actinomycetota	Actinomycetia	Streptomycetales	Streptomycetaceae	Streptomyces	Streptomyces rimosus	Streptomyces rimosus subsp. rimosus
GCA_000716525.1_ASM71652v1_genomic	Bacteria	Actinomycetota	Actinomycetia	Streptomycetales	Streptomycetaceae	Streptomyces	Streptomyces albus	Streptomyces graminis NRRL B-1570
GCA_000716535.1_ASM71653v1_genomic	Bacteria	Actinomycetota	Actinomycetia	Streptomycetales	Streptomycetaceae	Streptomyces	Streptomyces flaveolus_A	Streptomyces flaveolus NRRL B-1589
GCA_000716545.1_ASM71654v1_genomic	Bacteria	Actinomycetota	Actinomycetia	Streptomycetales	Streptomycetaceae	Kitasatospora	Kitasatospora phosalacinea	Kitasatospora phosalacinea NRRL B-16230
GCA_000716605.1_ASM71660v1_genomic	Bacteria	Actinomycetota	Actinomycetia	Streptomycetales	Streptomycetaceae	Streptomyces	Streptomyces sp000716605	Streptomyces sp. NRRL F-525
GCA_000716615.1_ASM71661v1_genomic	Bacteria	Actinomycetota	Actinomycetia	Streptomycetales	Streptomycetaceae	Streptomyces	Streptomyces sp000725625	Streptomyces sp. NRRL F-6674
GCA_000716625.1_ASM71662v1_genomic	Bacteria	Actinomycetota	Actinomycetia	Streptomycetales	Streptomycetaceae	Streptomyces	Streptomyces bikiniensis	Streptomyces bikiniensis NRRL ISP-5580
GCA_000716675.1_ASM71667v1_genomic	Bacteria	Actinomycetota	Actinomycetia	Streptomycetales	Streptomycetaceae	Streptomyces	Streptomyces alboflavus	Streptomyces alboflavus NRRL B-2373
GCA_000716685.1_ASM71668v1_genomic	Bacteria	Actinomycetota	Actinomycetia	Streptomycetales	Streptomycetaceae	Streptomyces	Streptomyces virginiae_A	Streptomyces virginiae NRRL B-8091
GCA_000716745.1_ASM71674v1_genomic	Bacteria	Actinomycetota	Actinomycetia	Streptomycetales	Streptomycetaceae	Streptomyces	Streptomyces rimosus	Streptomyces rimosus subsp. rimosus
GCA_000716805.1_ASM71680v1_genomic	Bacteria	Actinomycetota	Actinomycetia	Streptomycetales	Streptomycetaceae	Streptomyces	Streptomyces flaveus	Streptomyces yerevanensis NRRL B-16943
GCA_000716845.1_ASM71684v1_genomic	Bacteria	Actinomycetota	Actinomycetia	Streptomycetales	Streptomycetaceae	Streptomyces	Streptomyces rimosus	Streptomyces capuensis NRRL B-12337
GCA_000716875.1_ASM71687v1_genomic	Bacteria	Actinomycetota	Actinomycetia	Streptomycetales	Streptomycetaceae	Kitasatospora	Kitasatospora novaecaesareae	Streptomyces novaecaesareae NRRL B-1267
GCA_000716885.1_ASM71688v1_genomic	Bacteria	Actinomycetota	Actinomycetia	Streptomycetales	Streptomycetaceae	Kitasatospora	Kitasatospora aureofaciens	Kitasatospora aureofaciens NRRL B-1286
GCA_000716935.1_ASM71693v1_genomic	Bacteria	Actinomycetota	Actinomycetia	Streptomycetales	Streptomycetaceae	Streptomyces	Streptomyces microflavus	Streptomyces alboviridis NRRL B-1579
GCA_000716945.1_ASM71694v1_genomic	Bacteria	Actinomycetota	Actinomycetia	Streptomycetales	Streptomycetaceae	Streptomyces	Streptomyces parvus	Streptomyces albus subsp. albus
GCA_000716965.1_ASM71696v1_genomic	Bacteria	Actinomycetota	Actinomycetia	Streptomycetales	Streptomycetaceae	Kitasatospora	Kitasatospora setae	Kitasatospora setae NRRL B-16185
GCA_000717015.1_ASM71701v1_genomic	Bacteria	Actinomycetota	Actinomycetia	Streptomycetales	Streptomycetaceae	Streptomyces	Streptomyces californicus	Streptomyces brasiliensis NRRL B-1626
GCA_000717025.1_ASM71702v1_genomic	Bacteria	Actinomycetota	Actinomycetia	Streptomycetales	Streptomycetaceae	Streptomyces	Streptomyces atroolivaceus	Streptomyces atroolivaceus NRRL ISP-5137
GCA_000717055.1_ASM71705v1_genomic	Bacteria	Actinomycetota	Actinomycetia	Streptomycetales	Streptomycetaceae	Streptomyces	Streptomyces iakyrus	Streptomyces iakyrus NRRL ISP-5482
GCA_000717105.1_ASM71710v1_genomic	Bacteria	Actinomycetota	Actinomycetia	Streptomycetales	Streptomycetaceae	Streptomyces	Streptomyces anulatus_C	Streptomyces anulatus NRRL B-3362
GCA_000717185.1_ASM71718v1_genomic	Bacteria	Actinomycetota	Actinomycetia	Streptomycetales	Streptomycetaceae	Kitasatospora	Kitasatospora phosalacinea_A	Kitasatospora phosalacinea NRRL B-16228
GCA_000717215.1_ASM71721v1_genomic	Bacteria	Actinomycetota	Actinomycetia	Streptomycetales	Streptomycetaceae	Streptomyces	Streptomyces californicus	Streptomyces vinaceus NRRL ISP-5257
GCA_000717245.1_ASM71724v1_genomic	Bacteria	Actinomycetota	Actinomycetia	Streptomycetales	Streptomycetaceae	Streptomyces	Streptomyces papulosus	Kitasatospora papulosa NRRL B-16504
GCA_000717285.1_ASM71728v1_genomic	Bacteria	Actinomycetota	Actinomycetia	Streptomycetales	Streptomycetaceae	Streptomyces	Streptomyces rimosus	Streptomyces rimosus subsp. rimosus
GCA_000717345.1_ASM71734v1_genomic	Bacteria	Actinomycetota	Actinomycetia	Streptomycetales	Streptomycetaceae	Streptomyces	Streptomyces lydicus	Streptomyces lydicus NRRL ISP-5461
GCA_000717375.1_ASM71737v1_genomic	Bacteria	Actinomycetota	Actinomycetia	Streptomycetales	Streptomycetaceae	Streptomyces	Streptomyces albidoflavus	Streptomyces albidoflavus NRRL B-2307
GCA_000717595.1_ASM71759v1_genomic	Bacteria	Actinomycetota	Actinomycetia	Streptomycetales	Streptomycetaceae	Streptomyces	Streptomyces flavochromogenes	Streptomyces flavochromogenes NRRL B-2684
GCA_000717635.1_ASM71763v1_genomic	Bacteria	Actinomycetota	Actinomycetia	Streptomycetales	Streptomycetaceae	Streptomyces	Streptomyces sp000725625	Streptomyces sp. NRRL B-12105
GCA_000717645.1_ASM71764v1_genomic	Bacteria	Actinomycetota	Actinomycetia	Streptomycetales	Streptomycetaceae	Streptomyces	Streptomyces californicus	Streptomyces californicus NRRL B-2098
GCA_000717655.1_ASM71765v1_genomic	Bacteria	Actinomycetota	Actinomycetia	Streptomycetales	Streptomycetaceae	Streptomyces	Streptomyces katrae_B	Streptomyces katrae NRRL B-16271
GCA_000717665.1_ASM71766v1_genomic	Bacteria	Actinomycetota	Actinomycetia	Streptomycetales	Streptomycetaceae	Streptomyces	Streptomyces californicus	Streptomyces californicus NRRL 2423
GCA_000717715.1_ASM71771v1_genomic	Bacteria	Actinomycetota	Actinomycetia	Streptomycetales	Streptomycetaceae	Kitasatospora	Kitasatospora sp000717715	Streptomyces sp. NRRL B-24484
GCA_000717725.1_ASM71772v1_genomic	Bacteria	Actinomycetota	Actinomycetia	Streptomycetales	Streptomycetaceae	Kitasatospora	Kitasatospora novaecaesareae	Streptomyces pyridomyceticus NRRL ISP-5024
GCA_000717745.1_ASM71774v1_genomic	Bacteria	Actinomycetota	Actinomycetia	Streptomycetales	Streptomycetaceae	Streptomyces	Streptomyces violens	Streptomyces violens NRRL ISP-5597
GCA_000717795.1_ASM71779v1_genomic	Bacteria	Actinomycetota	Actinomycetia	Streptomycetales	Streptomycetaceae	Streptomyces	Streptomyces griseus	Streptomyces griseus subsp. griseus
GCA_000717805.1_ASM71780v1_genomic	Bacteria	Actinomycetota	Actinomycetia	Streptomycetales	Streptomycetaceae	Streptomyces	Streptomyces rimosus	Streptomyces sp. NRRL WC-3702
GCA_000717815.1_ASM71781v1_genomic	Bacteria	Actinomycetota	Actinomycetia	Streptomycetales	Streptomycetaceae	Streptomyces	Streptomyces rimosus	Streptomyces rimosus subsp. rimosus
GCA_000717845.1_ASM71784v1_genomic	Bacteria	Actinomycetota	Actinomycetia	Streptomycetales	Streptomycetaceae	Streptomyces	Streptomyces anthocyanicus	Streptomyces violaceoruber NRRL S-12
GCA_000717875.1_ASM71787v1_genomic	Bacteria	Actinomycetota	Actinomycetia	Streptomycetales	Streptomycetaceae	Streptomyces	Streptomyces sp000717875	Streptomyces sp. NRRL S-455
GCA_000717895.1_ASM71789v1_genomic	Bacteria	Actinomycetota	Actinomycetia	Streptomycetales	Streptomycetaceae	Streptomyces	Streptomyces flaveolus_A	Streptomyces sp. NRRL WC-3744
GCA_000717915.1_ASM71791v1_genomic	Bacteria	Actinomycetota	Actinomycetia	Streptomycetales	Streptomycetaceae	Streptomyces	Streptomyces sp000717915	Streptomyces sp. NRRL S-244
GCA_000717925.1_ASM71792v1_genomic	Bacteria	Actinomycetota	Actinomycetia	Streptomycetales	Streptomycetaceae	Streptomyces	Streptomyces sp002080455	Streptomyces sp. NRRL S-241
GCA_000717945.1_ASM71794v1_genomic	Bacteria	Actinomycetota	Actinomycetia	Streptomycetales	Streptomycetaceae	Streptomyces	Streptomyces alboniger	Streptomyces sp. NRRL S-920
GCA_000717965.1_ASM71796v1_genomic	Bacteria	Actinomycetota	Actinomycetia	Streptomycetales	Streptomycetaceae	Streptomyces	Streptomyces californicus	Streptomyces purpeochromogenes NRRL B-3012
GCA_000717995.1_ASM71799v1_genomic	Bacteria	Actinomycetota	Actinomycetia	Streptomycetales	Streptomycetaceae	Streptomyces	Streptomyces violaceorubidus	Streptomyces violaceorubidus NRRL B-16381
GCA_000718015.1_ASM71801v1_genomic	Bacteria	Actinomycetota	Actinomycetia	Streptomycetales	Streptomycetaceae	Streptomyces	Streptomyces catenulae	Streptomyces catenulae NRRL B-2342
GCA_000718025.1_ASM71802v1_genomic	Bacteria	Actinomycetota	Actinomycetia	Streptomycetales	Streptomycetaceae	Kitasatospora	Kitasatospora purpeofusca	Kitasatospora purpeofusca NRRL B-1817
GCA_000718095.1_ASM71809v1_genomic	Bacteria	Actinomycetota	Actinomycetia	Streptomycetales	Streptomycetaceae	Streptomyces	Streptomyces scopuliridis	Streptomyces scopuliridis RB72 NRRL B-24574
GCA_000718135.1_ASM71813v1_genomic	Bacteria	Actinomycetota	Actinomycetia	Streptomycetales	Streptomycetaceae	Streptomyces	Streptomyces cyaneofuscatus	Streptomyces cyaneofuscatus NRRL B-2570
GCA_000718155.1_ASM71815v1_genomic	Bacteria	Actinomycetota	Actinomycetia	Streptomycetales	Streptomycetaceae	Streptomyces	Streptomyces lavendulae_C	Streptomyces lavendulae subsp. lavendulae
GCA_000718165.1_ASM71816v1_genomic	Bacteria	Actinomycetota	Actinomycetia	Streptomycetales	Streptomycetaceae	Streptomyces	Streptomyces fulvoviolaceus	Streptomyces fulvoviolaceus NRRL B-2870
GCA_000718175.1_ASM71817v1_genomic	Bacteria	Actinomycetota	Actinomycetia	Streptomycetales	Streptomycetaceae	Streptomyces	Streptomyces exfoliatus	Streptomyces exfoliatus NRRL B-2924
GCA_000718205.1_ASM71820v1_genomic	Bacteria	Actinomycetota	Actinomycetia	Streptomycetales	Streptomycetaceae	Streptomyces	Streptomyces californicus	Streptomyces griseus subsp. rhodochrous
GCA_000718235.1_ASM71823v1_genomic	Bacteria	Actinomycetota	Actinomycetia	Streptomycetales	Streptomycetaceae	Streptomyces	Streptomyces californicus	Streptomyces griseus subsp. rhodochrous
GCA_000718245.1_ASM71824v1_genomic	Bacteria	Actinomycetota	Actinomycetia	Streptomycetales	Streptomycetaceae	Streptomyces	Streptomyces californicus	Streptomyces californicus NRRL B-2988
GCA_000718295.1_ASM71829v1_genomic	Bacteria	Actinomycetota	Actinomycetia	Streptomycetales	Streptomycetaceae	Streptomyces	Streptomyces rimosus	Streptomyces capuensis NRRL B-3501
GCA_000718305.1_ASM71830v1_genomic	Bacteria	Actinomycetota	Actinomycetia	Streptomycetales	Streptomycetaceae	Streptomyces	Streptomyces niger	Streptomyces niger NRRL B-3857
GCA_000718315.1_ASM71831v1_genomic	Bacteria	Actinomycetota	Actinomycetia	Streptomycetales	Streptomycetaceae	Streptomyces	Streptomyces griseofuscus	Streptomyces griseofuscus NRRL B-5429
GCA_000718375.1_ASM71837v1_genomic	Bacteria	Actinomycetota	Actinomycetia	Streptomycetales	Streptomycetaceae	Streptomyces	Streptomyces caelestis_A	Streptomyces sp. NRRL F-2305
GCA_000718455.1_ASM71845v1_genomic	Bacteria	Actinomycetota	Actinomycetia	Streptomycetales	Streptomycetaceae	Streptomyces	Streptomyces globisporus_A	Streptomyces globisporus subsp. globisporus
GCA_000718525.1_ASM71852v1_genomic	Bacteria	Actinomycetota	Actinomycetia	Streptomycetales	Streptomycetaceae	Streptomyces	Streptomyces filamentosus	Streptomyces griseus subsp. griseus
GCA_000718595.1_ASM71859v1_genomic	Bacteria	Actinomycetota	Actinomycetia	Streptomycetales	Streptomycetaceae	Streptomyces	Streptomyces bikiniensis	Streptomyces bikiniensis NRRL ISP-5582
GCA_000718615.1_ASM71861v1_genomic	Bacteria	Actinomycetota	Actinomycetia	Streptomycetales	Streptomycetaceae	Streptomyces	Streptomyces californicus	Streptomyces purpeochromogenes NRRL ISP-5373
GCA_000718625.1_ASM71862v1_genomic	Bacteria	Actinomycetota	Actinomycetia	Streptomycetales	Streptomycetaceae	Streptomyces	Streptomyces eurythermus	Streptomyces lavenduligriseus NRRL ISP-5487
GCA_000718635.1_ASM71863v1_genomic	Bacteria	Actinomycetota	Actinomycetia	Streptomycetales	Streptomycetaceae	Streptomyces	Streptomyces varsoviensis	Streptomyces varsoviensis NRRL ISP-5346
GCA_000718675.1_ASM71867v1_genomic	Bacteria	Actinomycetota	Actinomycetia	Streptomycetales	Streptomycetaceae	Streptomyces	Streptomyces rimosus	Streptomyces rimosus subsp. rimosus
GCA_000718695.1_ASM71869v1_genomic	Bacteria	Actinomycetota	Actinomycetia	Streptomycetales	Streptomycetaceae	Streptomyces	Streptomyces californicus	Streptomyces californicus NRRL ISP-5083
GCA_000718705.1_ASM71870v1_genomic	Bacteria	Actinomycetota	Actinomycetia	Streptomycetales	Streptomycetaceae	Streptomyces	Streptomyces virginiae	Streptomyces lavendulae subsp. lavendulae
GCA_000718715.1_ASM71871v1_genomic	Bacteria	Actinomycetota	Actinomycetia	Streptomycetales	Streptomycetaceae	Streptomyces	Streptomyces rimosus	Streptomyces rimosus subsp. rimosus
GCA_000718755.1_ASM71875v1_genomic	Bacteria	Actinomycetota	Actinomycetia	Streptomycetales	Streptomycetaceae	Streptomyces	Streptomyces rimosus	Streptomyces rimosus subsp. rimosus
GCA_000718775.1_ASM71877v1_genomic	Bacteria	Actinomycetota	Actinomycetia	Streptomycetales	Streptomycetaceae	Streptomyces	Streptomyces sp000718775	Streptomyces sp. NRRL S-31
GCA_000718785.1_ASM71878v1_genomic	Bacteria	Actinomycetota	Actinomycetia	Streptomycetales	Streptomycetaceae	Streptomyces	Streptomyces sp000718785	Streptomyces sp. NRRL WC-3626
GCA_000718815.1_ASM71881v1_genomic	Bacteria	Actinomycetota	Actinomycetia	Streptomycetales	Streptomycetaceae	Streptomyces	Streptomyces rimosus	Streptomyces sp. NRRL WC-3703
GCA_000718835.1_ASM71883v1_genomic	Bacteria	Actinomycetota	Actinomycetia	Streptomycetales	Streptomycetaceae	Streptomyces	Streptomyces rimosus	Streptomyces rimosus subsp. rimosus
GCA_000718855.1_ASM71885v1_genomic	Bacteria	Actinomycetota	Actinomycetia	Streptomycetales	Streptomycetaceae	Streptomyces	Streptomyces rimosus	Streptomyces lavendulae subsp. lavendulae
GCA_000718865.1_ASM71886v1_genomic	Bacteria	Actinomycetota	Actinomycetia	Streptomycetales	Streptomycetaceae	Streptomyces	Streptomyces rimosus	Streptomyces rimosus subsp. rimosus
GCA_000718895.1_ASM71889v1_genomic	Bacteria	Actinomycetota	Actinomycetia	Streptomycetales	Streptomycetaceae	Streptomyces	Streptomyces rimosus	Streptomyces rimosus subsp. rimosus
GCA_000718915.1_ASM71891v1_genomic	Bacteria	Actinomycetota	Actinomycetia	Streptomycetales	Streptomycetaceae	Streptomyces	Streptomyces californicus	Streptomyces sp. NRRL WC-3540
GCA_000718935.1_ASM71893v1_genomic	Bacteria	Actinomycetota	Actinomycetia	Streptomycetales	Streptomycetaceae	Streptomyces	Streptomyces virginiae_A	Streptomyces sp. NRRL S-237
GCA_000718945.1_ASM71894v1_genomic	Bacteria	Actinomycetota	Actinomycetia	Streptomycetales	Streptomycetaceae	Streptomyces	Streptomyces spiralis	Streptomyces sp. NRRL S-813
GCA_000718955.1_ASM71895v1_genomic	Bacteria	Actinomycetota	Actinomycetia	Streptomycetales	Streptomycetaceae	Streptomyces	Streptomyces sp003148825	Streptomyces sp. NRRL S-575
GCA_000718985.1_ASM71898v1_genomic	Bacteria	Actinomycetota	Actinomycetia	Streptomycetales	Streptomycetaceae	Streptomyces	Streptomyces megasporus	Streptomyces megasporus NRRL B-16372
GCA_000719015.1_ASM71901v1_genomic	Bacteria	Actinomycetota	Actinomycetia	Streptomycetales	Streptomycetaceae	Streptomyces	Streptomyces alboflavus	Streptomyces ruber NRRL B-1661
GCA_000719035.1_ASM71903v1_genomic	Bacteria	Actinomycetota	Actinomycetia	Streptomycetales	Streptomycetaceae	Streptomyces	Streptomyces californicus	Streptomyces griseus subsp. rhodochrous
GCA_000719095.1_ASM71909v1_genomic	Bacteria	Actinomycetota	Actinomycetia	Streptomycetales	Streptomycetaceae	Streptacidiphilus	Streptacidiphilus jeojiense	Streptacidiphilus jeojiense NRRL B-24555
GCA_000719135.1_ASM71913v1_genomic	Bacteria	Actinomycetota	Actinomycetia	Streptomycetales	Streptomycetaceae	Streptomyces	Streptomyces avicenniae	Streptomyces avicenniae NRRL B-24776
GCA_000719175.1_ASM71917v1_genomic	Bacteria	Actinomycetota	Actinomycetia	Streptomycetales	Streptomycetaceae	Kitasatospora	Kitasatospora aureofaciens	Kitasatospora aureofaciens NRRL B-2657
GCA_000719185.1_ASM71918v1_genomic	Bacteria	Actinomycetota	Actinomycetia	Streptomycetales	Streptomycetaceae	Streptomyces	Streptomyces rimosus	Streptomyces rimosus subsp. rimosus
GCA_000719195.1_ASM71919v1_genomic	Bacteria	Actinomycetota	Actinomycetia	Streptomycetales	Streptomycetaceae	Streptomyces	Streptomyces californicus	Streptomyces californicus NRRL B-2895
GCA_000719255.1_ASM71925v1_genomic	Bacteria	Actinomycetota	Actinomycetia	Streptomycetales	Streptomycetaceae	Streptomyces	Streptomyces varsoviensis	Streptomyces varsoviensis NRRL B-3589
GCA_000719265.1_ASM71926v1_genomic	Bacteria	Actinomycetota	Actinomycetia	Streptomycetales	Streptomycetaceae	Streptomyces	Streptomyces roseoverticillatus	Streptomyces roseoverticillatus NRRL B-3500
GCA_000719285.1_ASM71928v1_genomic	Bacteria	Actinomycetota	Actinomycetia	Streptomycetales	Streptomycetaceae	Streptomyces	Streptomyces bicolor	Streptomyces bicolor NRRL B-5348
GCA_000719335.1_ASM71933v1_genomic	Bacteria	Actinomycetota	Actinomycetia	Streptomycetales	Streptomycetaceae	Streptomyces	Streptomyces sp000719335	Streptomyces sp. NRRL S-87
GCA_000719345.1_ASM71934v1_genomic	Bacteria	Actinomycetota	Actinomycetia	Streptomycetales	Streptomycetaceae	Streptomyces	Streptomyces sp000719345	Streptomyces sp. NRRL F-2664
GCA_000719355.1_ASM71935v1_genomic	Bacteria	Actinomycetota	Actinomycetia	Streptomycetales	Streptomycetaceae	Streptomyces	Streptomyces rubiginosohelvolus	Streptomyces griseus subsp. griseus
GCA_000719365.1_ASM71936v1_genomic	Bacteria	Actinomycetota	Actinomycetia	Streptomycetales	Streptomycetaceae	Streptomyces	Streptomyces sp000720175	Streptomyces sp. NRRL S-1448
GCA_000719425.1_ASM71942v1_genomic	Bacteria	Actinomycetota	Actinomycetia	Streptomycetales	Streptomycetaceae	Streptomyces	Streptomyces albus	Streptomyces sp. NRRL F-5639
GCA_000719435.1_ASM71943v1_genomic	Bacteria	Actinomycetota	Actinomycetia	Streptomycetales	Streptomycetaceae	Streptomyces	Streptomyces albidoflavus	Streptomyces albidoflavus NRRL F-5618
GCA_000719475.1_ASM71947v1_genomic	Bacteria	Actinomycetota	Actinomycetia	Streptomycetales	Streptomycetaceae	Streptomyces	Streptomyces sp000719475	Streptomyces sp. NRRL F-5630
GCA_000719495.1_ASM71949v1_genomic	Bacteria	Actinomycetota	Actinomycetia	Streptomycetales	Streptomycetaceae	Streptomyces	Streptomyces albidoflavus	Streptomyces albidoflavus NRRL F-5621
GCA_000719505.1_ASM71950v1_genomic	Bacteria	Actinomycetota	Actinomycetia	Streptomycetales	Streptomycetaceae	Streptomyces	Streptomyces griseorubiginosus	Streptomyces sp. NRRL B-3229
GCA_000719555.1_ASM71955v1_genomic	Bacteria	Actinomycetota	Actinomycetia	Streptomycetales	Streptomycetaceae	Streptomyces	Streptomyces sp000719555	Streptomyces sp. NRRL F-5727
GCA_000719575.1_ASM71957v1_genomic	Bacteria	Actinomycetota	Actinomycetia	Streptomycetales	Streptomycetaceae	Streptomyces	Streptomyces sp900116325	Streptomyces sp. NRRL S-1824
GCA_000719585.1_ASM71958v1_genomic	Bacteria	Actinomycetota	Actinomycetia	Streptomycetales	Streptomycetaceae	Streptomyces	Streptomyces californicus	Streptomyces sp. NRRL F-5681
GCA_000719605.1_ASM71960v1_genomic	Bacteria	Actinomycetota	Actinomycetia	Streptomycetales	Streptomycetaceae	Streptomyces	Streptomyces decoyicus	Streptomyces sp. NRRL S-1813
GCA_000719625.1_ASM71962v1_genomic	Bacteria	Actinomycetota	Actinomycetia	Streptomycetales	Streptomycetaceae	Streptomyces	Streptomyces virginiae	Streptomyces sp. NRRL B-1322
GCA_000719655.1_ASM71965v1_genomic	Bacteria	Actinomycetota	Actinomycetia	Streptomycetales	Streptomycetaceae	Streptomyces	Streptomyces californicus	Streptomyces sp. NRRL B-1381
GCA_000719665.1_ASM71966v1_genomic	Bacteria	Actinomycetota	Actinomycetia	Streptomycetales	Streptomycetaceae	Streptomyces	Streptomyces ardesiacus	Streptomyces sp. NRRL F-5555
GCA_000719705.1_ASM71970v1_genomic	Bacteria	Actinomycetota	Actinomycetia	Streptomycetales	Streptomycetaceae	Kitasatospora	Kitasatospora sp000719705	Streptomyces sp. NRRL S-350
GCA_000719735.1_ASM71973v1_genomic	Bacteria	Actinomycetota	Actinomycetia	Streptomycetales	Streptomycetaceae	Streptomyces	Streptomyces albus	Streptomyces sp. NRRL F-5917
GCA_000719745.1_ASM71974v1_genomic	Bacteria	Actinomycetota	Actinomycetia	Streptomycetales	Streptomycetaceae	Streptomyces	Streptomyces sp000725625	Streptomyces sp. NRRL F-6677
GCA_000719775.1_ASM71977v1_genomic	Bacteria	Actinomycetota	Actinomycetia	Streptomycetales	Streptomycetaceae	Streptomyces	Streptomyces sp000719775	Streptomyces sp. NRRL F-5135
GCA_000719785.1_ASM71978v1_genomic	Bacteria	Actinomycetota	Actinomycetia	Streptomycetales	Streptomycetaceae	Streptomyces	Streptomyces pseudogriseolus	Streptomyces sp. NRRL S-1314
GCA_000719815.1_ASM71981v1_genomic	Bacteria	Actinomycetota	Actinomycetia	Streptomycetales	Streptomycetaceae	Streptomyces	Streptomyces sp001293595	Streptomyces sp. NRRL F-5065
GCA_000719855.1_ASM71985v1_genomic	Bacteria	Actinomycetota	Actinomycetia	Streptomycetales	Streptomycetaceae	Streptomyces	Streptomyces amritsarensis	Streptomyces sp. NRRL F-4474
GCA_000719865.1_ASM71986v1_genomic	Bacteria	Actinomycetota	Actinomycetia	Streptomycetales	Streptomycetaceae	Streptomyces	Streptomyces albus_E	Streptomyces albus subsp. albus
GCA_000719895.1_ASM71989v1_genomic	Bacteria	Actinomycetota	Actinomycetia	Streptomycetales	Streptomycetaceae	Streptomyces	Streptomyces bauhiniae	Streptomyces sp. NRRL F-2799
GCA_000719915.1_ASM71991v1_genomic	Bacteria	Actinomycetota	Actinomycetia	Streptomycetales	Streptomycetaceae	Streptomyces	Streptomyces xiamenensis	Streptomyces sp. NRRL F-2890
GCA_000719925.1_ASM71992v1_genomic	Bacteria	Actinomycetota	Actinomycetia	Streptomycetales	Streptomycetaceae	Streptomyces	Streptomyces californicus	Streptomyces sp. NRRL F-2202
GCA_000719955.1_ASM71995v1_genomic	Bacteria	Actinomycetota	Actinomycetia	Streptomycetales	Streptomycetaceae	Streptomyces	Streptomyces albidoflavus	Streptomyces albidoflavus NRRL B-1271
GCA_000720055.1_ASM72005v1_genomic	Bacteria	Actinomycetota	Actinomycetia	Streptomycetales	Streptomycetaceae	Streptomyces	Streptomyces californicus	Streptomyces sp. NRRL F-3218
GCA_000720065.1_ASM72006v1_genomic	Bacteria	Actinomycetota	Actinomycetia	Streptomycetales	Streptomycetaceae	Streptomyces	Streptomyces californicus	Streptomyces sp. NRRL F-3273
GCA_000720115.1_ASM72011v1_genomic	Bacteria	Actinomycetota	Actinomycetia	Streptomycetales	Streptomycetaceae	Streptomyces	Streptomyces sp000720115	Streptomyces sp. NRRL F-2580
GCA_000720135.1_ASM72013v1_genomic	Bacteria	Actinomycetota	Actinomycetia	Streptomycetales	Streptomycetaceae	Streptomyces	Streptomyces sp000720135	Streptomyces sp. NRRL S-1022
GCA_000720145.1_ASM72014v1_genomic	Bacteria	Actinomycetota	Actinomycetia	Streptomycetales	Streptomycetaceae	Streptomyces	Streptomyces flavotricini	Streptomyces sp. NRRL F-2747
GCA_000720175.1_ASM72017v1_genomic	Bacteria	Actinomycetota	Actinomycetia	Streptomycetales	Streptomycetaceae	Streptomyces	Streptomyces sp000720175	Streptomyces sp. NRRL S-337
GCA_000720185.1_ASM72018v1_genomic	Bacteria	Actinomycetota	Actinomycetia	Streptomycetales	Streptomycetaceae	Streptomyces	Streptomyces sp000720185	Streptomyces sp. NRRL S-340
GCA_000720215.1_ASM72021v1_genomic	Bacteria	Actinomycetota	Actinomycetia	Streptomycetales	Streptomycetaceae	Streptomyces	Streptomyces luteogriseus	Streptomyces sp. NRRL S-475
GCA_000720235.1_ASM72023v1_genomic	Bacteria	Actinomycetota	Actinomycetia	Streptomycetales	Streptomycetaceae	Streptomyces	Streptomyces virginiae	Streptomyces sp. NRRL S-98
GCA_000720255.1_ASM72025v1_genomic	Bacteria	Actinomycetota	Actinomycetia	Streptomycetales	Streptomycetaceae	Streptomyces	Streptomyces griseus_I	Streptomyces griseus subsp. griseus
GCA_000720295.1_ASM72029v1_genomic	Bacteria	Actinomycetota	Actinomycetia	Streptomycetales	Streptomycetaceae	Streptomyces	Streptomyces flaveolus_A	Streptomyces sp. NRRL WC-3725
GCA_000720325.1_ASM72032v1_genomic	Bacteria	Actinomycetota	Actinomycetia	Streptomycetales	Streptomycetaceae	Streptomyces	Streptomyces sp000720325	Streptomyces sp. NRRL B-1347
GCA_000720395.1_ASM72039v1_genomic	Bacteria	Actinomycetota	Actinomycetia	Streptomycetales	Streptomycetaceae	Streptomyces	Streptomyces papulosus	Streptomyces flavovirens NRRL B-2182
GCA_000720405.1_ASM72040v1_genomic	Bacteria	Actinomycetota	Actinomycetia	Streptomycetales	Streptomycetaceae	Streptomyces	Streptomyces papulosus	Streptomyces sp. NRRL B-24051
GCA_000720455.1_ASM72045v1_genomic	Bacteria	Actinomycetota	Actinomycetia	Streptomycetales	Streptomycetaceae	Streptomyces	Streptomyces virginiae	Streptomyces virginiae NRRL ISP-5094
GCA_000720475.1_ASM72047v1_genomic	Bacteria	Actinomycetota	Actinomycetia	Streptomycetales	Streptomycetaceae	Streptomyces	Streptomyces aureocirculatus	Streptomyces aureocirculatus NRRL ISP-5386
GCA_000720485.1_ASM72048v1_genomic	Bacteria	Actinomycetota	Actinomycetia	Streptomycetales	Streptomycetaceae	Streptomyces	Streptomyces ochraceiscleroticus	Streptomyces ochraceiscleroticus NRRL ISP-5594
GCA_000720505.1_ASM72050v1_genomic	Bacteria	Actinomycetota	Actinomycetia	Streptomycetales	Streptomycetaceae	Streptomyces	Streptomyces massasporeus	Streptomyces sp. NRRL S-146
GCA_000720565.1_ASM72056v1_genomic	Bacteria	Actinomycetota	Actinomycetia	Streptomycetales	Streptomycetaceae	Streptomyces	Streptomyces rimosus	Streptomyces rimosus subsp. rimosus
GCA_000720595.1_ASM72059v1_genomic	Bacteria	Actinomycetota	Actinomycetia	Streptomycetales	Streptomycetaceae	Streptomyces	Streptomyces rimosus	Streptomyces rimosus subsp. rimosus
GCA_000720605.1_ASM72060v1_genomic	Bacteria	Actinomycetota	Actinomycetia	Streptomycetales	Streptomycetaceae	Streptomyces	Streptomyces rimosus	Streptomyces rimosus subsp. rimosus
GCA_000720635.1_ASM72063v1_genomic	Bacteria	Actinomycetota	Actinomycetia	Streptomycetales	Streptomycetaceae	Kitasatospora	Kitasatospora sp000720635	Streptomyces sp. NRRL WC-3742
GCA_000720645.1_ASM72064v1_genomic	Bacteria	Actinomycetota	Actinomycetia	Streptomycetales	Streptomycetaceae	Streptomyces	Streptomyces yangpuensis	Streptomyces sp. NRRL S-378
GCA_000720675.1_ASM72067v1_genomic	Bacteria	Actinomycetota	Actinomycetia	Streptomycetales	Streptomycetaceae	Streptomyces	Streptomyces rochei	Streptomyces sp. NRRL WC-3795
GCA_000720685.1_ASM72068v1_genomic	Bacteria	Actinomycetota	Actinomycetia	Streptomycetales	Streptomycetaceae	Streptomyces	Streptomyces rimosus	Streptomyces rimosus subsp. rimosus
GCA_000720715.1_ASM72071v1_genomic	Bacteria	Actinomycetota	Actinomycetia	Streptomycetales	Streptomycetaceae	Streptomyces	Streptomyces rimosus	Streptomyces rimosus subsp. rimosus
GCA_000720725.1_ASM72072v1_genomic	Bacteria	Actinomycetota	Actinomycetia	Streptomycetales	Streptomycetaceae	Streptomyces	Streptomyces rimosus_A	Streptomyces rimosus subsp. rimosus
GCA_000720755.1_ASM72075v1_genomic	Bacteria	Actinomycetota	Actinomycetia	Streptomycetales	Streptomycetaceae	Streptomyces	Streptomyces flaveolus_A	Streptomyces flaveus NRRL WC-3505
GCA_000720765.1_ASM72076v1_genomic	Bacteria	Actinomycetota	Actinomycetia	Streptomycetales	Streptomycetaceae	Streptomyces	Streptomyces sp000720765	Streptomyces sp. NRRL S-646
GCA_000720795.1_ASM72079v1_genomic	Bacteria	Actinomycetota	Actinomycetia	Streptomycetales	Streptomycetaceae	Streptomyces	Streptomyces sp003148825	Streptomyces sp. NRRL S-515
GCA_000720805.1_ASM72080v1_genomic	Bacteria	Actinomycetota	Actinomycetia	Streptomycetales	Streptomycetaceae	Streptomyces	Streptomyces violaceoruber_B	Streptomyces violaceoruber NRRL S-981
GCA_000720835.1_ASM72083v1_genomic	Bacteria	Actinomycetota	Actinomycetia	Streptomycetales	Streptomycetaceae	Streptomyces	Streptomyces achromogenes	Streptomyces achromogenes subsp. achromogenes
GCA_000720875.1_ASM72087v1_genomic	Bacteria	Actinomycetota	Actinomycetia	Streptomycetales	Streptomycetaceae	Streptomyces	Streptomyces sp900105415	Streptomyces globisporus subsp. globisporus
GCA_000720885.1_ASM72088v1_genomic	Bacteria	Actinomycetota	Actinomycetia	Streptomycetales	Streptomycetaceae	Streptomyces	Streptomyces albus	Streptomyces albus subsp. albus
GCA_000720915.1_ASM72091v1_genomic	Bacteria	Actinomycetota	Actinomycetia	Streptomycetales	Streptomycetaceae	Streptomyces	Streptomyces fimicarius	Streptomyces albus subsp. albus
GCA_000721035.1_ASM72103v1_genomic	Bacteria	Actinomycetota	Actinomycetia	Streptomycetales	Streptomycetaceae	Streptomyces	Streptomyces filamentosus	Streptomyces griseus subsp. griseus
GCA_000721045.1_ASM72104v1_genomic	Bacteria	Actinomycetota	Actinomycetia	Streptomycetales	Streptomycetaceae	Streptomyces	Streptomyces rimosus	Streptomyces rimosus subsp. rimosus
GCA_000721105.1_ASM72110v1_genomic	Bacteria	Actinomycetota	Actinomycetia	Streptomycetales	Streptomycetaceae	Streptomyces	Streptomyces cellulosae_A	Streptomyces cellulosae NRRL B-2687
GCA_000721155.1_ASM72115v1_genomic	Bacteria	Actinomycetota	Actinomycetia	Streptomycetales	Streptomycetaceae	Streptomyces	Streptomyces rimosus	Streptomyces lavendulae subsp. lavendulae
GCA_000721175.1_ASM72117v1_genomic	Bacteria	Actinomycetota	Actinomycetia	Streptomycetales	Streptomycetaceae	Streptomyces	Streptomyces anulatus_C	Streptomyces anulatus NRRL B-2873
GCA_000721185.1_ASM72118v1_genomic	Bacteria	Actinomycetota	Actinomycetia	Streptomycetales	Streptomycetaceae	Streptomyces	Streptomyces halstedii	Streptomyces griseolus NRRL B-2925
GCA_000721205.1_ASM72120v1_genomic	Bacteria	Actinomycetota	Actinomycetia	Streptomycetales	Streptomycetaceae	Streptomyces	Streptomyces californicus	Streptomyces griseus subsp. rhodochrous
GCA_000721235.1_ASM72123v1_genomic	Bacteria	Actinomycetota	Actinomycetia	Streptomycetales	Streptomycetaceae	Streptomyces	Streptomyces olivaceus	Streptomyces olivaceus NRRL B-3009
GCA_000721255.1_ASM72125v1_genomic	Bacteria	Actinomycetota	Actinomycetia	Streptomycetales	Streptomycetaceae	Kitasatospora	Kitasatospora aureofaciens	Kitasatospora aureofaciens NRRL B-3447
GCA_000721265.1_ASM72126v1_genomic	Bacteria	Actinomycetota	Actinomycetia	Streptomycetales	Streptomycetaceae	Streptomyces	Streptomyces sp000721265	Streptomyces sp. NRRL F-5126
GCA_000721305.1_ASM72130v1_genomic	Bacteria	Actinomycetota	Actinomycetia	Streptomycetales	Streptomycetaceae	Streptomyces	Streptomyces cacaoi	Streptomyces sp. NRRL S-1868
GCA_000721335.1_ASM72133v1_genomic	Bacteria	Actinomycetota	Actinomycetia	Streptomycetales	Streptomycetaceae	Streptomyces	Streptomyces ardesiacus	Streptomyces sp. NRRL S-1831
GCA_000721345.1_ASM72134v1_genomic	Bacteria	Actinomycetota	Actinomycetia	Streptomycetales	Streptomycetaceae	Kitasatospora	Kitasatospora cineracea	Kitasatospora sp. NRRL B-11411
GCA_000721365.1_ASM72136v1_genomic	Bacteria	Actinomycetota	Actinomycetia	Streptomycetales	Streptomycetaceae	Streptomyces	Streptomyces ardesiacus	Streptomyces sp. NRRL F-5650
GCA_000721415.1_ASM72141v1_genomic	Bacteria	Actinomycetota	Actinomycetia	Streptomycetales	Streptomycetaceae	Streptomyces	Streptomyces californicus	Streptomyces sp. NRRL F-5702
GCA_000721435.1_ASM72143v1_genomic	Bacteria	Actinomycetota	Actinomycetia	Streptomycetales	Streptomycetaceae	Streptomyces	Streptomyces pseudogriseolus	Streptomyces sp. NRRL F-5527
GCA_000721445.1_ASM72144v1_genomic	Bacteria	Actinomycetota	Actinomycetia	Streptomycetales	Streptomycetaceae	Streptomyces	Streptomyces cacaoi	Streptomyces sp. NRRL F-5053
GCA_000721455.1_ASM72145v1_genomic	Bacteria	Actinomycetota	Actinomycetia	Streptomycetales	Streptomycetaceae	Streptomyces	Streptomyces albidoflavus	Streptomyces sp. NRRL F-6628
GCA_000721495.1_ASM72149v1_genomic	Bacteria	Actinomycetota	Actinomycetia	Streptomycetales	Streptomycetaceae	Streptomyces	Streptomyces sp000721495	Streptomyces sp. NRRL F-5123
GCA_000721515.1_ASM72151v1_genomic	Bacteria	Actinomycetota	Actinomycetia	Streptomycetales	Streptomycetaceae	Streptomyces	Streptomyces hydrogenans	Streptomyces sp. NRRL F-5193
GCA_000721525.1_ASM72152v1_genomic	Bacteria	Actinomycetota	Actinomycetia	Streptomycetales	Streptomycetaceae	Streptomyces	Streptomyces flaveolus_A	Streptomyces sp. NRRL F-3307
GCA_000721535.1_ASM72153v1_genomic	Bacteria	Actinomycetota	Actinomycetia	Streptomycetales	Streptomycetaceae	Streptomyces	Streptomyces hygroscopicus	Streptomyces hygroscopicus subsp. hygroscopicus
GCA_000721575.1_ASM72157v1_genomic	Bacteria	Actinomycetota	Actinomycetia	Streptomycetales	Streptomycetaceae	Streptomyces	Streptomyces californicus	Streptomyces griseus subsp. griseus
GCA_000721595.1_ASM72159v1_genomic	Bacteria	Actinomycetota	Actinomycetia	Streptomycetales	Streptomycetaceae	Streptomyces	Streptomyces papulosus	Streptomyces sp. NRRL S-325
GCA_000721605.1_ASM72160v1_genomic	Bacteria	Actinomycetota	Actinomycetia	Streptomycetales	Streptomycetaceae	Streptomyces	Streptomyces sp000721605	Streptomyces sp. NRRL S-37
GCA_000721645.1_ASM72164v1_genomic	Bacteria	Actinomycetota	Actinomycetia	Streptomycetales	Streptomycetaceae	Streptomyces	Streptomyces flaveolus_A	Streptomyces sp. NRRL WC-3683
GCA_000721665.1_ASM72166v1_genomic	Bacteria	Actinomycetota	Actinomycetia	Streptomycetales	Streptomycetaceae	Streptomyces	Streptomyces rimosus	Streptomyces rimosus subsp. rimosus
GCA_000721685.1_ASM72168v1_genomic	Bacteria	Actinomycetota	Actinomycetia	Streptomycetales	Streptomycetaceae	Streptomyces	Streptomyces globisporus	Streptomyces mediolani NRRL WC-3934
GCA_000721715.1_ASM72171v1_genomic	Bacteria	Actinomycetota	Actinomycetia	Streptomycetales	Streptomycetaceae	Streptomyces	Streptomyces sp900116325	Streptomyces sp. NRRL B-24720
GCA_000721935.1_ASM72193v1_genomic	Bacteria	Actinomycetota	Actinomycetia	Streptomycetales	Streptomycetaceae	Streptomyces	Streptomyces sp000721935	Streptomyces sp. NRRL WC-3549
GCA_000721945.1_ASM72194v1_genomic	Bacteria	Actinomycetota	Actinomycetia	Streptomycetales	Streptomycetaceae	Streptomyces	Streptomyces pseudovenezuelae	Streptomyces sp. NRRL WC-3774
GCA_000721955.1_ASM72195v1_genomic	Bacteria	Actinomycetota	Actinomycetia	Streptomycetales	Streptomycetaceae	Streptomyces	Streptomyces sp000717875	Streptomyces sp. NRRL S-481
GCA_000722015.1_ASM72201v1_genomic	Bacteria	Actinomycetota	Actinomycetia	Streptomycetales	Streptomycetaceae	Streptomyces	Streptomyces sp000717875	Streptomyces sp. NRRL S-474
GCA_000722075.1_ASM72207v1_genomic	Bacteria	Actinomycetota	Actinomycetia	Streptomycetales	Streptomycetaceae	Streptomyces	Streptomyces flaveolus_A	Streptomyces sp. NRRL S-732
GCA_000722125.1_ASM72212v1_genomic	Bacteria	Actinomycetota	Actinomycetia	Streptomycetales	Streptomycetaceae	Streptomyces	Streptomyces sp000719475	Streptomyces sp. NRRL F-5848
GCA_000722175.1_ASM72217v1_genomic	Bacteria	Actinomycetota	Actinomycetia	Streptomycetales	Streptomycetaceae	Streptomyces	Streptomyces sp000725625	Streptomyces sp. NRRL B-16215
GCA_000722185.1_ASM72218v1_genomic	Bacteria	Actinomycetota	Actinomycetia	Streptomycetales	Streptomycetaceae	Streptomyces	Streptomyces mutomycini	Streptomyces sp. NRRL S-15
GCA_000722215.1_ASM72221v1_genomic	Bacteria	Actinomycetota	Actinomycetia	Streptomycetales	Streptomycetaceae	Kitasatospora	Kitasatospora sp.	Streptomyces sp. NRRL S-1777
GCA_000722295.1_ASM72229v1_genomic	Bacteria	Actinomycetota	Actinomycetia	Streptomycetales	Streptomycetaceae	Streptomyces	Streptomyces sp.	Streptomyces sp. NRRL B-2790
GCA_000722355.1_ASM72235v1_genomic	Bacteria	Actinomycetota	Actinomycetia	Streptomycetales	Streptomycetaceae	Streptomyces	Streptomyces chartreusis	Streptomyces sp. NRRL F-5140
GCA_000722365.1_ASM72236v1_genomic	Bacteria	Actinomycetota	Actinomycetia	Streptomycetales	Streptomycetaceae	Streptomyces	Streptomyces rochei	Streptomyces sp. NRRL F-4835
GCA_000722375.1_ASM72237v1_genomic	Bacteria	Actinomycetota	Actinomycetia	Streptomycetales	Streptomycetaceae	Streptomyces	Streptomyces filipinensis	Streptomyces durhamensis NRRL ISP-5539
GCA_000725125.1_ASM72512v1_genomic	Bacteria	Actinomycetota	Actinomycetia	Streptomycetales	Streptomycetaceae	Streptomyces	Streptomyces toyocaensis	Streptomyces toyocaensis NRRL 15009
GCA_000725465.1_Doro.v1.0_genomic	Bacteria	Actinomycetota	Actinomycetia	Streptomycetales	Streptomycetaceae	Streptomyces	Streptomyces bicolor	Streptomyces bicolor NRRL B-3897
GCA_000725475.1_Doro.v1.0_genomic	Bacteria	Actinomycetota	Actinomycetia	Streptomycetales	Streptomycetaceae	Streptomyces	Streptomyces filipinensis	Streptomyces durhamensis NRRL B-3309
GCA_000725495.1_Doro.v1.0_genomic	Bacteria	Actinomycetota	Actinomycetia	Streptomycetales	Streptomycetaceae	Streptomyces	Streptomyces aureus_B	Streptomyces aureus NRRL B-1941
GCA_000725545.1_Doro.v1.0_genomic	Bacteria	Actinomycetota	Actinomycetia	Streptomycetales	Streptomycetaceae	Streptomyces	Streptomyces exfoliatus	Streptomyces exfoliatus NRRL B-2924
GCA_000725555.1_Doro.v1.0_genomic	Bacteria	Actinomycetota	Actinomycetia	Streptomycetales	Streptomycetaceae	Streptomyces	Streptomyces erythrochromogenes_A	Streptomyces erythrochromogenes NRRL B-2112
GCA_000725565.1_Doro.v1.0_genomic	Bacteria	Actinomycetota	Actinomycetia	Streptomycetales	Streptomycetaceae	Streptomyces	Streptomyces rimosus	Streptomyces peucetius NRRL WC-3868
GCA_000725575.1_Doro.v1.0_genomic	Bacteria	Actinomycetota	Actinomycetia	Streptomycetales	Streptomycetaceae	Streptomyces	Streptomyces alboflavus	Streptomyces ruber NRRL ISP-5378
GCA_000725625.1_Doro.v1.0_genomic	Bacteria	Actinomycetota	Actinomycetia	Streptomycetales	Streptomycetaceae	Streptomyces	Streptomyces sp000725625	Streptomyces sp. NRRL F-6676
GCA_000725635.1_Doro.v1.0_genomic	Bacteria	Actinomycetota	Actinomycetia	Streptomycetales	Streptomycetaceae	Streptomyces	Streptomyces albidoflavus	Streptomyces sp. NRRL B-3253
GCA_000725645.1_Doro.v1.0_genomic	Bacteria	Actinomycetota	Actinomycetia	Streptomycetales	Streptomycetaceae	Streptomyces	Streptomyces ardesiacus	Streptomyces sp. NRRL F-5635
GCA_000725655.1_Doro.v1.0_genomic	Bacteria	Actinomycetota	Actinomycetia	Streptomycetales	Streptomycetaceae	Streptomyces	Streptomyces flaveolus_A	Streptomyces sp. NRRL S-1896
GCA_000725705.1_Doro.v1.0_genomic	Bacteria	Actinomycetota	Actinomycetia	Streptomycetales	Streptomycetaceae	Streptomyces	Streptomyces microflavus	Streptomyces sp. NRRL S-623
GCA_000725715.1_Doro.v1.0_genomic	Bacteria	Actinomycetota	Actinomycetia	Streptomycetales	Streptomycetaceae	Streptomyces	Streptomyces fradiae	Streptomyces sp. NRRL WC-3719
GCA_000725725.1_Doro.v1.0_genomic	Bacteria	Actinomycetota	Actinomycetia	Streptomycetales	Streptomycetaceae	Streptomyces	Streptomyces xanthophaeus	Streptomyces xanthophaeus NRRL B-3004
GCA_000725745.1_Doro.v1.0_genomic	Bacteria	Actinomycetota	Actinomycetia	Streptomycetales	Streptomycetaceae	Streptomyces	Streptomyces aureocirculatus	Streptomyces aureocirculatus NRRL ISP-5401
GCA_000725785.1_Doro.v1.0_genomic	Bacteria	Actinomycetota	Actinomycetia	Streptomycetales	Streptomycetaceae	Streptomyces	Streptomyces hawaiiensis	Streptomyces flavovariabilis NRRL B-16367
GCA_000725795.1_Doro.v1.0_genomic	Bacteria	Actinomycetota	Actinomycetia	Streptomycetales	Streptomycetaceae	Streptomyces	Streptomyces bauhiniae	Streptomyces seoulensis NRRL B-24310
GCA_000725805.1_Doro.v1.0_genomic	Bacteria	Actinomycetota	Actinomycetia	Streptomycetales	Streptomycetaceae	Streptomyces	Streptomyces xanthophaeus	Streptomyces xanthophaeus NRRL B-5414
GCA_000725885.1_ASM72588v1_genomic	Bacteria	Actinomycetota	Actinomycetia	Streptomycetales	Streptomycetaceae	Streptomyces	Streptomyces albus	Streptomyces albus subsp. albus
GCA_000738695.1_ASM73869v1_genomic	Bacteria	Actinomycetota	Actinomycetia	Streptomycetales	Streptomycetaceae	Streptomyces	Streptomyces europaeiscabiei	Streptomyces scabiei NCPPB 4086
GCA_000738715.1_ASM73871v1_genomic	Bacteria	Actinomycetota	Actinomycetia	Streptomycetales	Streptomycetaceae	Streptomyces	Streptomyces scabiei	Streptomyces scabiei NCPPB 4066
GCA_000739045.1_ASM73904v1_genomic	Bacteria	Actinomycetota	Actinomycetia	Streptomycetales	Streptomycetaceae	Streptomyces	Streptomyces mutabilis	Streptomyces mutabilis TRM 45540
GCA_000739105.1_ASM73910v1_genomic	Bacteria	Actinomycetota	Actinomycetia	Streptomycetales	Streptomycetaceae	Streptomyces	Streptomyces anthocyanicus	Streptomyces lividans TK24 TK24
GCA_000743295.1_ASM74329v1_genomic	Bacteria	Actinomycetota	Actinomycetia	Streptomycetales	Streptomycetaceae	Streptomyces	Streptomyces rubiginosohelvolus	Streptomyces sp. JS01
GCA_000744225.1_ASM74422v1_genomic	Bacteria	Actinomycetota	Actinomycetia	Streptomycetales	Streptomycetaceae	Kitasatospora	Kitasatospora mediocidica	Kitasatospora mediocidica KCTC 9733 KCTC 9733
GCA_000744655.1_ASM74465v1_genomic	Bacteria	Actinomycetota	Actinomycetia	Streptomycetales	Streptomycetaceae	Streptacidiphilus	Streptacidiphilus rugosus	Streptacidiphilus rugosus AM-16 AM-16
GCA_000744705.1_ASM74470v1_genomic	Bacteria	Actinomycetota	Actinomycetia	Streptomycetales	Streptomycetaceae	Streptacidiphilus	Streptacidiphilus albus	Streptacidiphilus albus JL83 JL83
GCA_000744785.1_ASM74478v1_genomic	Bacteria	Actinomycetota	Actinomycetia	Streptomycetales	Streptomycetaceae	Kitasatospora	Kitasatospora azatica	Kitasatospora azatica KCTC 9699 KCTC 9699
GCA_000744815.1_ASM74481v1_genomic	Bacteria	Actinomycetota	Actinomycetia	Streptomycetales	Streptomycetaceae	Streptacidiphilus_A	Streptacidiphilus_A oryzae	Phaeacidiphilus oryzae TH49 TH49
GCA_000745345.1_ASM74534v1_genomic	Bacteria	Actinomycetota	Actinomycetia	Streptomycetales	Streptomycetaceae	Streptomyces	Streptomyces yeochonensis	Actinacidiphila yeochonensis CN732 CN732
GCA_000761215.1_ASM76121v1_genomic	Bacteria	Actinomycetota	Actinomycetia	Streptomycetales	Streptomycetaceae	Streptomyces	Streptomyces glaucescens_B	Streptomyces glaucescens GLA.O
GCA_000764715.1_ASM76471v1_genomic	Bacteria	Actinomycetota	Actinomycetia	Streptomycetales	Streptomycetaceae	Streptomyces	Streptomyces avermitilis	Streptomyces avermitilis MA-4680 = NBRC 14893 NBRC 14893
GCA_000772045.1_ASM77204v1_genomic	Bacteria	Actinomycetota	Actinomycetia	Streptomycetales	Streptomycetaceae	Streptomyces	Streptomyces sp000772045	Streptomyces sp. CCM_MD2014
GCA_000772895.1_ASM77289v1_genomic	Bacteria	Actinomycetota	Actinomycetia	Streptomycetales	Streptomycetaceae	Streptomyces	Streptomyces galbus_A	Streptomyces galbus KCCM 41354
GCA_000787755.1_ASM78775v1_genomic	Bacteria	Actinomycetota	Actinomycetia	Streptomycetales	Streptomycetaceae	Streptacidiphilus	Streptacidiphilus albus	Streptacidiphilus albus NBRC 100918
GCA_000787775.1_ASM78777v1_genomic	Bacteria	Actinomycetota	Actinomycetia	Streptomycetales	Streptomycetaceae	Streptacidiphilus	Streptacidiphilus carbonis	Streptacidiphilus carbonis NBRC 100919
GCA_000787795.1_ASM78779v1_genomic	Bacteria	Actinomycetota	Actinomycetia	Streptomycetales	Streptomycetaceae	Streptacidiphilus	Streptacidiphilus jiangxiensis	Streptacidiphilus jiangxiensis NBRC 100920
GCA_000787815.1_ASM78781v1_genomic	Bacteria	Actinomycetota	Actinomycetia	Streptomycetales	Streptomycetaceae	Streptacidiphilus	Streptacidiphilus neutrinimicus	Streptacidiphilus neutrinimicus NBRC 100921
GCA_000787835.1_ASM78783v1_genomic	Bacteria	Actinomycetota	Actinomycetia	Streptomycetales	Streptomycetaceae	Streptacidiphilus	Streptacidiphilus melanogenes	Streptacidiphilus melanogenes NBRC 103184
GCA_000787855.1_ASM78785v1_genomic	Bacteria	Actinomycetota	Actinomycetia	Streptomycetales	Streptomycetaceae	Streptacidiphilus	Streptacidiphilus anmyonensis	Streptacidiphilus anmyonensis NBRC 103185
GCA_000797385.1_ASM79738v1_genomic	Bacteria	Actinomycetota	Actinomycetia	Streptomycetales	Streptomycetaceae	Streptomyces	Streptomyces albidoflavus	Streptomyces sp. CNQ431
GCA_000800535.1_ASM80053v1_genomic	Bacteria	Actinomycetota	Actinomycetia	Streptomycetales	Streptomycetaceae	Streptomyces	Streptomyces albidoflavus	Streptomyces sp. M10
GCA_000802245.2_ASM80224v2_genomic	Bacteria	Actinomycetota	Actinomycetia	Streptomycetales	Streptomycetaceae	Streptomyces	Streptomyces pluripotens	Streptomyces pluripotens MUSC 135
GCA_000805335.1_ASM80533v1_genomic	Bacteria	Actinomycetota	Actinomycetia	Streptomycetales	Streptomycetaceae	Streptomyces	Streptomyces sp000805335	Streptomyces sp. CT34
GCA_000813365.1_ASM81336v1_genomic	Bacteria	Actinomycetota	Actinomycetia	Streptomycetales	Streptomycetaceae	Streptomyces	Streptomyces albus	Streptomyces albus NBRC 13014
GCA_000816025.1_ASM81602v1_genomic	Bacteria	Actinomycetota	Actinomycetia	Streptomycetales	Streptomycetaceae	Streptomyces	Streptomyces yunnanensis	Streptomyces sp. 769
GCA_000816465.4_ASM81646v4_genomic	Bacteria	Actinomycetota	Actinomycetia	Streptomycetales	Streptomycetaceae	Streptomyces	Streptomyces pluripotens	Streptomyces pluripotens MUSC 137
GCA_000816485.1_ASM81648v1_genomic	Bacteria	Actinomycetota	Actinomycetia	Streptomycetales	Streptomycetaceae	Streptomyces	Streptomyces pluripotens	Streptomyces sp. MUSC 125
GCA_000817655.1_ASM81765v1_genomic	Bacteria	Actinomycetota	Actinomycetia	Streptomycetales	Streptomycetaceae	Streptomyces	Streptomyces sp.	Streptomyces sp. RSD-27
GCA_000818195.1_Streptomyces_species_150FB_genome_v1_genomic	Bacteria	Actinomycetota	Actinomycetia	Streptomycetales	Streptomycetaceae	Streptomyces	Streptomyces sp000818195	Streptomyces sp. 150FB
GCA_000819545.1_ASM81954v1_genomic	Bacteria	Actinomycetota	Actinomycetia	Streptomycetales	Streptomycetaceae	Streptomyces	Streptomyces nodosus	Streptomyces nodosus ATCC 14899
GCA_000820785.2_Streptomyces_massiliensis_AP10_genomic	Bacteria	Actinomycetota	Actinomycetia	Streptomycetales	Streptomycetaceae	Streptomyces	Streptomyces sp.	Candidatus Streptomyces massiliensis AP10 AP10
GCA_000827005.1_ASM82700v1_genomic	Bacteria	Actinomycetota	Actinomycetia	Streptomycetales	Streptomycetaceae	Streptomyces	Streptomyces physcomitrii	Streptomyces albus DSM 41398
GCA_000829695.1_ASM82969v1_genomic	Bacteria	Actinomycetota	Actinomycetia	Streptomycetales	Streptomycetaceae	Streptomyces	Streptomyces sp000829695	Streptomyces sp. NBRC 110035
GCA_000829715.2_ASM82971v2_genomic	Bacteria	Actinomycetota	Actinomycetia	Streptomycetales	Streptomycetaceae	Streptomyces	Streptomyces platensis	Streptomyces lydicamycinicus NBRC 110027
GCA_000830005.1_ASM83000v1_genomic	Bacteria	Actinomycetota	Actinomycetia	Streptomycetales	Streptomycetaceae	Streptomyces	Streptomyces vietnamensis	Streptomyces vietnamensis GIM4.0001
GCA_000836635.1_ASM83663v1_genomic	Bacteria	Actinomycetota	Actinomycetia	Streptomycetales	Streptomycetaceae	Kitasatospora	Kitasatospora griseola	Kitasatospora griseola MF730-N6
GCA_000931445.1_ASM93144v1_genomic	Bacteria	Actinomycetota	Actinomycetia	Streptomycetales	Streptomycetaceae	Streptomyces	Streptomyces cyaneogriseus	Streptomyces cyaneogriseus subsp. noncyanogenus
GCA_000932225.2_ASM93222v2_genomic	Bacteria	Actinomycetota	Actinomycetia	Streptomycetales	Streptomycetaceae	Streptomyces	Streptomyces globisporus	Streptomyces griseus S4-7
GCA_000935125.1_SNA_1.0_genomic	Bacteria	Actinomycetota	Actinomycetia	Streptomycetales	Streptomycetaceae	Streptomyces	Streptomyces natalensis	Streptomyces natalensis ATCC 27448 ATCC 27448
GCA_000935135.2_ASM93513v2_genomic	Bacteria	Actinomycetota	Actinomycetia	Streptomycetales	Streptomycetaceae	Streptomyces	Streptomyces anulatus	Streptomyces sp. MNU77
GCA_000935185.3_ASM93518v3_genomic	Bacteria	Actinomycetota	Actinomycetia	Streptomycetales	Streptomycetaceae	Streptomyces	Streptomyces albulus_C	Streptomyces noursei CK-15
GCA_000938975.1_Siranensis_genomic	Bacteria	Actinomycetota	Actinomycetia	Streptomycetales	Streptomycetaceae	Streptomyces	Streptomyces iranensis	Streptomyces iranensis -
GCA_000952035.2_ASM95203v2_genomic	Bacteria	Actinomycetota	Actinomycetia	Streptomycetales	Streptomycetaceae	Streptomyces	Streptomyces chattanoogensis	Streptomyces lydicus A02
GCA_000955965.1_ASM95596v1_genomic	Bacteria	Actinomycetota	Actinomycetia	Streptomycetales	Streptomycetaceae	Streptomyces	Streptomyces hawaiiensis	Streptomyces variegatus NRRL B-16380
GCA_000956015.1_ASM95601v1_genomic	Bacteria	Actinomycetota	Actinomycetia	Streptomycetales	Streptomycetaceae	Streptomyces	Streptomyces sp001941845	Streptomyces sp. NRRL F-4428
GCA_000958545.1_ASM95854v1_genomic	Bacteria	Actinomycetota	Actinomycetia	Streptomycetales	Streptomycetaceae	Streptomyces	Streptomyces caniscabiei	Streptomyces sp. FxanaA7
GCA_000961865.1_ASM96186v1_genomic	Bacteria	Actinomycetota	Actinomycetia	Streptomycetales	Streptomycetaceae	Kitasatospora	Kitasatospora rubellomurina	Streptomyces rubellomurinus subsp. indigoferus
GCA_000961885.1_ASM96188v1_genomic	Bacteria	Actinomycetota	Actinomycetia	Streptomycetales	Streptomycetaceae	Kitasatospora	Kitasatospora rubellomurina	Streptomyces rubellomurinus ATCC 31215
GCA_000966965.1_ASM96696v1_genomic	Bacteria	Actinomycetota	Actinomycetia	Streptomycetales	Streptomycetaceae	Streptomyces	Streptomyces virginiae	Streptomyces sp. NRRL S-104
GCA_000966975.1_ASM96697v1_genomic	Bacteria	Actinomycetota	Actinomycetia	Streptomycetales	Streptomycetaceae	Streptomyces	Streptomyces katrae	Streptomyces katrae NRRL ISP-5550
GCA_000968255.1_ASM96825v1_genomic	Bacteria	Actinomycetota	Actinomycetia	Streptomycetales	Streptomycetaceae	Streptomyces	Streptomyces avermitilis	Streptomyces avermitilis MA-4680 = NBRC 14893 MA-4680
GCA_000968685.2_ASM96868v2_genomic	Bacteria	Actinomycetota	Actinomycetia	Streptomycetales	Streptomycetaceae	Streptomyces	Streptomyces antioxidans	Streptomyces antioxidans MUSC 164
GCA_000972385.1_ASM97238v1_genomic	Bacteria	Actinomycetota	Actinomycetia	Streptomycetales	Streptomycetaceae	Streptomyces	Streptomyces sp000972385	Streptomyces sp. WM6386
GCA_000972395.1_ASM97239v1_genomic	Bacteria	Actinomycetota	Actinomycetia	Streptomycetales	Streptomycetaceae	Streptomyces	Streptomyces anthocyanicus	Streptomyces sp. WM6391
GCA_000972435.1_StrepMBT28_1.0_genomic	Bacteria	Actinomycetota	Actinomycetia	Streptomycetales	Streptomycetaceae	Streptomyces	Streptomyces rochei	Streptomyces sp. MBT28
GCA_000974485.1_ASM97448v1_genomic	Bacteria	Actinomycetota	Actinomycetia	Streptomycetales	Streptomycetaceae	Streptomyces	Streptomyces sp000974485	Streptomyces sp. NBRC 109706
GCA_000974985.2_ASM97498v2_genomic	Bacteria	Actinomycetota	Actinomycetia	Streptomycetales	Streptomycetaceae	Streptomyces	Streptomyces mangrovisoli	Streptomyces mangrovisoli MUSC 149
GCA_000978515.1_ASM97851v1_genomic	Bacteria	Actinomycetota	Actinomycetia	Streptomycetales	Streptomycetaceae	Kitasatospora	Kitasatospora aureofaciens	Kitasatospora aureofaciens NRRL 2209
GCA_000980885.2_ASM98088v2_genomic	Bacteria	Actinomycetota	Actinomycetia	Streptomycetales	Streptomycetaceae	Streptomyces	Streptomyces malaysiense	Streptomyces malaysiense MUSC 136
GCA_000981895.1_ASM98189v1_genomic	Bacteria	Actinomycetota	Actinomycetia	Streptomycetales	Streptomycetaceae	Streptomyces	Streptomyces odonnellii	Streptomyces odonnellii NRRL B-24891
GCA_000988945.1_ASM98894v1_genomic	Bacteria	Actinomycetota	Actinomycetia	Streptomycetales	Streptomycetaceae	Streptomyces	Streptomyces europaeiscabiei	Streptomyces europaeiscabiei NRRL B-24443
GCA_000993785.3_ASM99378v3_genomic	Bacteria	Actinomycetota	Actinomycetia	Streptomycetales	Streptomycetaceae	Streptomyces	Streptomyces xiamenensis	Streptomyces xiamenensis 318
GCA_001005085.2_ASM100508v2_genomic	Bacteria	Actinomycetota	Actinomycetia	Streptomycetales	Streptomycetaceae	Streptomyces	Streptomyces humi	Streptomyces humi MUSC 119
GCA_001005295.1_ASM100529v1_genomic	Bacteria	Actinomycetota	Actinomycetia	Streptomycetales	Streptomycetaceae	Streptomyces	Streptomyces yangpuensis	Streptomyces yangpuensis fd2-tb
GCA_001005405.1_ASM100540v1_genomic	Bacteria	Actinomycetota	Actinomycetia	Streptomycetales	Streptomycetaceae	Streptomyces	Streptomyces scabiei	Streptomyces scabiei NRRL B-16523
GCA_001008135.1_ASM100813v1_genomic	Bacteria	Actinomycetota	Actinomycetia	Streptomycetales	Streptomycetaceae	Streptomyces	Streptomyces stelliscabiei	Streptomyces stelliscabiei NRRL B-24447
GCA_001008345.1_ASM100834v1_genomic	Bacteria	Actinomycetota	Actinomycetia	Streptomycetales	Streptomycetaceae	Streptomyces	Streptomyces showdoensis	Streptomyces showdoensis ATCC 15227
GCA_001011035.1_ASM101103v1_genomic	Bacteria	Actinomycetota	Actinomycetia	Streptomycetales	Streptomycetaceae	Streptomyces	Streptomyces sp002847285	Streptomyces sp. CNQ-509
GCA_001013905.1_sleC34_genomic	Bacteria	Actinomycetota	Actinomycetia	Streptomycetales	Streptomycetaceae	Streptomyces	Streptomyces leeuwenhoekii	Streptomyces leeuwenhoekii C34 (= DSM 42122 = NRRL B-24963)
GCA_001014595.1_ASM101459v1_genomic	Bacteria	Actinomycetota	Actinomycetia	Streptomycetales	Streptomycetaceae	Streptomyces	Streptomyces albidoflavus	Streptomyces sp. KE1
GCA_001027185.1_ASM102718v1_genomic	Bacteria	Actinomycetota	Actinomycetia	Streptomycetales	Streptomycetaceae	Streptomyces	Streptomyces puniciscabiei	Streptomyces incarnatus NRRL 8089
GCA_001040905.1_ASM104090v1_genomic	Bacteria	Actinomycetota	Actinomycetia	Streptomycetales	Streptomycetaceae	Streptomyces	Streptomyces tricolor	Streptomyces sp. PBH53
GCA_001044185.1_ASM104418v1_genomic	Bacteria	Actinomycetota	Actinomycetia	Streptomycetales	Streptomycetaceae	Streptomyces	Streptomyces griseoincarnatus	Streptomyces sp. HNS054
GCA_001044425.1_ASM104442v1_genomic	Bacteria	Actinomycetota	Actinomycetia	Streptomycetales	Streptomycetaceae	Streptomyces	Streptomyces roseus	Streptomyces roseus ATCC 31245
GCA_001047315.1_ASM104731v1_genomic	Bacteria	Actinomycetota	Actinomycetia	Streptomycetales	Streptomycetaceae	Streptomyces	Streptomyces leeuwenhoekii	Streptomyces leeuwenhoekii C58
GCA_001047325.1_ASM104732v1_genomic	Bacteria	Actinomycetota	Actinomycetia	Streptomycetales	Streptomycetaceae	Streptomyces	Streptomyces viridochromogenes_A	Streptomyces viridochromogenes NRRL 3414
GCA_001049855.1_Wb2n-11_upgraded_genomic	Bacteria	Actinomycetota	Actinomycetia	Streptomycetales	Streptomycetaceae	Streptomyces	Streptomyces altiplanensis	Streptomyces sp. Wb2n-11
GCA_001083795.1_Nocardiopsis_sp_SBT349_SPAdes_SSPACE_genomic	Bacteria	Actinomycetota	Actinomycetia	Streptomycetales	Streptomycetaceae	Streptomyces	Streptomyces sp001083795	Streptomyces sp. SBT349
GCA_001182915.1_ASM118291v1_genomic	Bacteria	Actinomycetota	Actinomycetia	Streptomycetales	Streptomycetaceae	Kitasatospora	Kitasatospora sp001905545	Kitasatospora sp. MY 5-36
GCA_001184025.1_ASM118402v1_genomic	Bacteria	Actinomycetota	Actinomycetia	Streptomycetales	Streptomycetaceae	Streptomyces	Streptomyces sp001184025	Streptomyces sp. NBRC 110468
GCA_001187435.1_ASM118743v1_genomic	Bacteria	Actinomycetota	Actinomycetia	Streptomycetales	Streptomycetaceae	Streptomyces	Streptomyces caatingaensis	Streptomyces caatingaensis CMAA 1322
GCA_001188955.3_ASM118895v3_genomic	Bacteria	Actinomycetota	Actinomycetia	Streptomycetales	Streptomycetaceae	Kitasatospora	Kitasatospora aureofaciens	Kitasatospora aureofaciens ATCC 10762
GCA_001189015.1_ASM118901v1_genomic	Bacteria	Actinomycetota	Actinomycetia	Streptomycetales	Streptomycetaceae	Streptomyces	Streptomyces acidiscabies	Streptomyces acidiscabies NCPPB 4445
GCA_001189025.1_ASM118902v1_genomic	Bacteria	Actinomycetota	Actinomycetia	Streptomycetales	Streptomycetaceae	Streptomyces	Streptomyces anulatus	Streptomyces europaeiscabiei NCPPB 4064
GCA_001189035.1_ASM118903v1_genomic	Bacteria	Actinomycetota	Actinomycetia	Streptomycetales	Streptomycetaceae	Streptomyces	Streptomyces stelliscabiei	Streptomyces stelliscabiei P3825
GCA_001190165.1_ASM119016v1_genomic	Bacteria	Actinomycetota	Actinomycetia	Streptomycetales	Streptomycetaceae	Streptomyces	Streptomyces xinghaiensis	Streptomyces fradiae olg1-1
GCA_001267885.1_ASM126788v1_genomic	Bacteria	Actinomycetota	Actinomycetia	Streptomycetales	Streptomycetaceae	Streptomyces	Streptomyces ambofaciens	Streptomyces ambofaciens ATCC 23877 ATCC 23877
GCA_001270025.1_Sazu_1.0_genomic	Bacteria	Actinomycetota	Actinomycetia	Streptomycetales	Streptomycetaceae	Streptomyces	Streptomyces coeruleorubidus	Streptomyces azureus ATCC 14921
GCA_001270485.1_P006IDBA_genomic	Bacteria	Actinomycetota	Actinomycetia	Streptomycetales	Streptomycetaceae	Streptomyces	Streptomyces viridochromogenes_A	Streptomyces viridochromogenes NRRL 3416
GCA_001270495.1_P009IDBA_genomic	Bacteria	Actinomycetota	Actinomycetia	Streptomycetales	Streptomycetaceae	Streptomyces	Streptomyces viridochromogenes_A	Streptomyces viridochromogenes NRRL 3413
GCA_001270505.1_ASM127050v1_genomic	Bacteria	Actinomycetota	Actinomycetia	Streptomycetales	Streptomycetaceae	Streptomyces	Streptomyces resistomycificus	Streptomyces resistomycificus NRRL 2290
GCA_001270515.1_P002IDBA1_genomic	Bacteria	Actinomycetota	Actinomycetia	Streptomycetales	Streptomycetaceae	Streptomyces	Streptomyces wedmorensis	Streptomyces viridochromogenes NRRL 3427
GCA_001270565.1_ASM127056v1_genomic	Bacteria	Actinomycetota	Actinomycetia	Streptomycetales	Streptomycetaceae	Streptomyces	Streptomyces sp002080455	Streptomyces virginiae NRRL B-1447
GCA_001270575.1_ASM127057v1_genomic	Bacteria	Actinomycetota	Actinomycetia	Streptomycetales	Streptomycetaceae	Streptomyces	Streptomyces decoyicus	Streptomyces decoyicus NRRL 2666
GCA_001270585.1_ASM127058v1_genomic	Bacteria	Actinomycetota	Actinomycetia	Streptomycetales	Streptomycetaceae	Streptomyces	Streptomyces rimosus	Streptomyces griseoflavus NRRL B-1830
GCA_001270635.1_ASM127063v1_genomic	Bacteria	Actinomycetota	Actinomycetia	Streptomycetales	Streptomycetaceae	Streptomyces	Streptomyces flaveolus_A	Streptomyces antibioticus NRRL B-2032
GCA_001270675.1_ASM127067v1_genomic	Bacteria	Actinomycetota	Actinomycetia	Streptomycetales	Streptomycetaceae	Streptomyces	Streptomyces californicus	Streptomyces griseus subsp. rhodochrous
GCA_001278075.1_ASM127807v1_genomic	Bacteria	Actinomycetota	Actinomycetia	Streptomycetales	Streptomycetaceae	Streptomyces	Streptomyces pristinaespiralis	Streptomyces pristinaespiralis HCCB 10218
GCA_001278095.1_ASM127809v1_genomic	Bacteria	Actinomycetota	Actinomycetia	Streptomycetales	Streptomycetaceae	Streptomyces	Streptomyces bacillaris	Streptomyces sp. CFMR 7
GCA_001279005.1_ASM127900v1_genomic	Bacteria	Actinomycetota	Actinomycetia	Streptomycetales	Streptomycetaceae	Streptomyces	Streptomyces caelestis_A	Streptomyces caelestis NRRL B-24567
GCA_001279015.1_ASM127901v1_genomic	Bacteria	Actinomycetota	Actinomycetia	Streptomycetales	Streptomycetaceae	Streptomyces	Streptomyces rimosus	Streptomyces rimosus subsp. rimosus
GCA_001279025.1_ASM127902v1_genomic	Bacteria	Actinomycetota	Actinomycetia	Streptomycetales	Streptomycetaceae	Streptomyces	Streptomyces rimosus	Streptomyces sp. NRRL WC-3701
GCA_001279065.1_ASM127906v1_genomic	Bacteria	Actinomycetota	Actinomycetia	Streptomycetales	Streptomycetaceae	Streptomyces	Streptomyces rimosus	Streptomyces rimosus subsp. rimosus
GCA_001279075.1_ASM127907v1_genomic	Bacteria	Actinomycetota	Actinomycetia	Streptomycetales	Streptomycetaceae	Streptomyces	Streptomyces rimosus	Streptomyces rimosus subsp. rimosus
GCA_001279095.1_ASM127909v1_genomic	Bacteria	Actinomycetota	Actinomycetia	Streptomycetales	Streptomycetaceae	Streptomyces	Streptomyces rimosus	Streptomyces rimosus subsp. rimosus
GCA_001279105.1_ASM127910v1_genomic	Bacteria	Actinomycetota	Actinomycetia	Streptomycetales	Streptomycetaceae	Streptomyces	Streptomyces rimosus	Streptomyces rimosus subsp. rimosus
GCA_001279345.1_ASM127934v1_genomic	Bacteria	Actinomycetota	Actinomycetia	Streptomycetales	Streptomycetaceae	Streptomyces	Streptomyces rimosus	Streptomyces rimosus subsp. pseudoverticillatus
GCA_001279355.1_ASM127935v1_genomic	Bacteria	Actinomycetota	Actinomycetia	Streptomycetales	Streptomycetaceae	Streptomyces	Streptomyces ardesiacus	Streptomyces sp. NRRL F-4711
GCA_001279365.1_ASM127936v1_genomic	Bacteria	Actinomycetota	Actinomycetia	Streptomycetales	Streptomycetaceae	Streptomyces	Streptomyces rimosus	Streptomyces sp. NRRL F-5755
GCA_001279375.1_ASM127937v1_genomic	Bacteria	Actinomycetota	Actinomycetia	Streptomycetales	Streptomycetaceae	Streptomyces	Streptomyces rimosus	Streptomyces rimosus subsp. rimosus
GCA_001279425.1_ASM127942v1_genomic	Bacteria	Actinomycetota	Actinomycetia	Streptomycetales	Streptomycetaceae	Streptomyces	Streptomyces californicus	Streptomyces sp. NRRL F-2295
GCA_001279445.1_ASM127944v1_genomic	Bacteria	Actinomycetota	Actinomycetia	Streptomycetales	Streptomycetaceae	Streptomyces	Streptomyces virginiae	Streptomyces sp. WM6349
GCA_001279455.1_ASM127945v1_genomic	Bacteria	Actinomycetota	Actinomycetia	Streptomycetales	Streptomycetaceae	Streptomyces	Streptomyces caelestis_A	Streptomyces sp. XY152
GCA_001279485.1_ASM127948v1_genomic	Bacteria	Actinomycetota	Actinomycetia	Streptomycetales	Streptomycetaceae	Streptomyces	Streptomyces virginiae	Streptomyces sp. XY511
GCA_001279495.1_ASM127949v1_genomic	Bacteria	Actinomycetota	Actinomycetia	Streptomycetales	Streptomycetaceae	Streptomyces	Streptomyces virginiae	Streptomyces sp. H021
GCA_001279545.1_ASM127954v1_genomic	Bacteria	Actinomycetota	Actinomycetia	Streptomycetales	Streptomycetaceae	Streptomyces	Streptomyces sp000720135	Streptomyces sp. NRRL B-3648
GCA_001279605.1_ASM127960v1_genomic	Bacteria	Actinomycetota	Actinomycetia	Streptomycetales	Streptomycetaceae	Streptomyces	Streptomyces ardesiacus	Streptomyces sp. NRRL F-4707
GCA_001279615.1_ASM127961v1_genomic	Bacteria	Actinomycetota	Actinomycetia	Streptomycetales	Streptomycetaceae	Streptomyces	Streptomyces ardesiacus	Streptomyces sp. NRRL F-7442
GCA_001279625.1_ASM127962v1_genomic	Bacteria	Actinomycetota	Actinomycetia	Streptomycetales	Streptomycetaceae	Streptomyces	Streptomyces sp002080455	Streptomyces sp. WM6368
GCA_001279655.1_ASM127965v1_genomic	Bacteria	Actinomycetota	Actinomycetia	Streptomycetales	Streptomycetaceae	Streptomyces	Streptomyces sp000717915	Streptomyces sp. WM6372
GCA_001279685.1_ASM127968v1_genomic	Bacteria	Actinomycetota	Actinomycetia	Streptomycetales	Streptomycetaceae	Streptomyces	Streptomyces virginiae	Streptomyces sp. WM6373
GCA_001279695.1_ASM127969v1_genomic	Bacteria	Actinomycetota	Actinomycetia	Streptomycetales	Streptomycetaceae	Streptomyces	Streptomyces sp001279695	Streptomyces sp. WM6378
GCA_001279725.1_ASM127972v1_genomic	Bacteria	Actinomycetota	Actinomycetia	Streptomycetales	Streptomycetaceae	Streptomyces	Streptomyces sp001279725	Streptomyces sp. WM4235
GCA_001279735.1_ASM127973v1_genomic	Bacteria	Actinomycetota	Actinomycetia	Streptomycetales	Streptomycetaceae	Streptomyces	Streptomyces californicus	Streptomyces sp. MMG1522
GCA_001279765.1_ASM127976v1_genomic	Bacteria	Actinomycetota	Actinomycetia	Streptomycetales	Streptomycetaceae	Streptomyces	Streptomyces virginiae	Streptomyces sp. XY413
GCA_001279775.1_ASM127977v1_genomic	Bacteria	Actinomycetota	Actinomycetia	Streptomycetales	Streptomycetaceae	Streptomyces	Streptomyces sp001279775	Streptomyces sp. MMG1533
GCA_001279815.1_ASM127981v1_genomic	Bacteria	Actinomycetota	Actinomycetia	Streptomycetales	Streptomycetaceae	Streptomyces	Streptomyces virginiae	Streptomyces sp. XY37
GCA_001279845.1_ASM127984v1_genomic	Bacteria	Actinomycetota	Actinomycetia	Streptomycetales	Streptomycetaceae	Streptomyces	Streptomyces virginiae	Streptomyces sp. XY533
GCA_001279855.1_ASM127985v1_genomic	Bacteria	Actinomycetota	Actinomycetia	Streptomycetales	Streptomycetaceae	Streptomyces	Streptomyces virginiae	Streptomyces sp. XY58
GCA_001279885.1_ASM127988v1_genomic	Bacteria	Actinomycetota	Actinomycetia	Streptomycetales	Streptomycetaceae	Streptomyces	Streptomyces virginiae	Streptomyces sp. XY593
GCA_001279905.1_ASM127990v1_genomic	Bacteria	Actinomycetota	Actinomycetia	Streptomycetales	Streptomycetaceae	Streptomyces	Streptomyces virginiae	Streptomyces sp. XY66
GCA_001279925.1_ASM127992v1_genomic	Bacteria	Actinomycetota	Actinomycetia	Streptomycetales	Streptomycetaceae	Streptomyces	Streptomyces virginiae	Streptomyces sp. H036
GCA_001279935.1_ASM127993v1_genomic	Bacteria	Actinomycetota	Actinomycetia	Streptomycetales	Streptomycetaceae	Streptomyces	Streptomyces virginiae	Streptomyces sp. IGB124
GCA_001279965.1_ASM127996v1_genomic	Bacteria	Actinomycetota	Actinomycetia	Streptomycetales	Streptomycetaceae	Streptomyces	Streptomyces virginiae	Streptomyces sp. MMG1064
GCA_001279985.1_ASM127998v1_genomic	Bacteria	Actinomycetota	Actinomycetia	Streptomycetales	Streptomycetaceae	Streptomyces	Streptomyces cadmiisoli	Streptomyces sp. AS58
GCA_001280005.1_ASM128000v1_genomic	Bacteria	Actinomycetota	Actinomycetia	Streptomycetales	Streptomycetaceae	Streptomyces	Streptomyces sp001280005	Streptomyces sp. NRRL WC-3618
GCA_001280015.1_ASM128001v1_genomic	Bacteria	Actinomycetota	Actinomycetia	Streptomycetales	Streptomycetaceae	Streptomyces	Streptomyces sp001280015	Streptomyces sp. MMG1121
GCA_001280045.1_ASM128004v1_genomic	Bacteria	Actinomycetota	Actinomycetia	Streptomycetales	Streptomycetaceae	Streptomyces	Streptomyces flaveolus_A	Streptomyces sp. NRRL WC-3723
GCA_001280065.1_ASM128006v1_genomic	Bacteria	Actinomycetota	Actinomycetia	Streptomycetales	Streptomycetaceae	Streptomyces	Streptomyces sp001280065	Streptomyces sp. NRRL B-1140
GCA_001280095.1_ASM128009v1_genomic	Bacteria	Actinomycetota	Actinomycetia	Streptomycetales	Streptomycetaceae	Streptomyces	Streptomyces sp001280125	Streptomyces sp. NRRL F-6491
GCA_001280125.1_ASM128012v1_genomic	Bacteria	Actinomycetota	Actinomycetia	Streptomycetales	Streptomycetaceae	Streptomyces	Streptomyces sp001280125	Streptomyces sp. NRRL F-6492
GCA_001280885.1_ASM128088v1_genomic	Bacteria	Actinomycetota	Actinomycetia	Streptomycetales	Streptomycetaceae	Streptomyces	Streptomyces katrae_B	Streptomyces sp. XY332
GCA_001282115.1_ASM128211v1_genomic	Bacteria	Actinomycetota	Actinomycetia	Streptomycetales	Streptomycetaceae	Streptomyces	Streptomyces sp001282115	Streptomyces sp. NRRL B-24085
GCA_001293595.1_ASM129359v1_genomic	Bacteria	Actinomycetota	Actinomycetia	Streptomycetales	Streptomycetaceae	Streptomyces	Streptomyces sp001293595	Streptomyces sp. TP-A0875
GCA_001294335.1_ASM129433v1_genomic	Bacteria	Actinomycetota	Actinomycetia	Streptomycetales	Streptomycetaceae	Streptomyces	Streptomyces chattanoogensis	Streptomyces chattanoogensis NRRL ISP-5002
GCA_001294345.1_ASM129434v1_genomic	Bacteria	Actinomycetota	Actinomycetia	Streptomycetales	Streptomycetaceae	Streptomyces	Streptomyces mutomycini	Streptomyces sp. NRRL S-4
GCA_001294395.1_ASM129439v1_genomic	Bacteria	Actinomycetota	Actinomycetia	Streptomycetales	Streptomycetaceae	Streptomyces	Streptomyces coelicoflavus	Streptomyces sp. NRRL WC-3753
GCA_001414545.1_ASM141454v1_genomic	Bacteria	Actinomycetota	Actinomycetia	Streptomycetales	Streptomycetaceae	Streptomyces	Streptomyces pactum_A	Streptomyces pactum ACT12
GCA_001417675.1_ASM141767v1_genomic	Bacteria	Actinomycetota	Actinomycetia	Streptomycetales	Streptomycetaceae	Streptomyces	Streptomyces ardesiacus	Streptomyces sp. NBRC 110030
GCA_001417695.1_ASM141769v1_genomic	Bacteria	Actinomycetota	Actinomycetia	Streptomycetales	Streptomycetaceae	Streptomyces	Streptomyces nigra	Streptomyces sp. JHA19
GCA_001417735.1_ASM141773v1_genomic	Bacteria	Actinomycetota	Actinomycetia	Streptomycetales	Streptomycetaceae	Streptomyces	Streptomyces sp001417735	Streptomyces sp. NBRC 110028
GCA_001417775.1_ASM141777v1_genomic	Bacteria	Actinomycetota	Actinomycetia	Streptomycetales	Streptomycetaceae	Streptomyces	Streptomyces sp001417775	Streptomyces sp. TP-A0356
GCA_001418125.1_ASM141812v1_genomic	Bacteria	Actinomycetota	Actinomycetia	Streptomycetales	Streptomycetaceae	Streptomyces	Streptomyces albus	Streptomyces albus NRRL B-1685
GCA_001418135.1_ASM141813v1_genomic	Bacteria	Actinomycetota	Actinomycetia	Streptomycetales	Streptomycetaceae	Streptomyces	Streptomyces aureus_A	Streptomyces aureus NRRL B-2808
GCA_001418165.1_ASM141816v1_genomic	Bacteria	Actinomycetota	Actinomycetia	Streptomycetales	Streptomycetaceae	Streptomyces	Streptomyces prasinus	Streptomyces prasinus NRRL B-12521
GCA_001418175.1_ASM141817v1_genomic	Bacteria	Actinomycetota	Actinomycetia	Streptomycetales	Streptomycetaceae	Streptomyces	Streptomyces hirsutus	Streptomyces hirsutus NRRL B-3040
GCA_001418325.1_ASM141832v1_genomic	Bacteria	Actinomycetota	Actinomycetia	Streptomycetales	Streptomycetaceae	Streptomyces	Streptomyces atriruber	Streptomyces atriruber NRRL B-24165
GCA_001418335.1_ASM141833v1_genomic	Bacteria	Actinomycetota	Actinomycetia	Streptomycetales	Streptomycetaceae	Streptomyces	Streptomyces aurantiacus	Streptomyces aurantiacus NRRL ISP-5412
GCA_001418385.1_ASM141838v1_genomic	Bacteria	Actinomycetota	Actinomycetia	Streptomycetales	Streptomycetaceae	Streptomyces	Streptomyces alboniger	Streptomyces alboniger NRRL B-1832
GCA_001418395.1_ASM141839v1_genomic	Bacteria	Actinomycetota	Actinomycetia	Streptomycetales	Streptomycetaceae	Streptomyces	Streptomyces prasinopilosus	Streptomyces prasinopilosus NRRL B-24621
GCA_001418415.1_ASM141841v1_genomic	Bacteria	Actinomycetota	Actinomycetia	Streptomycetales	Streptomycetaceae	Streptomyces	Streptomyces hirsutus	Streptomyces hirsutus NRRL B-2713
GCA_001418465.1_ASM141846v1_genomic	Bacteria	Actinomycetota	Actinomycetia	Streptomycetales	Streptomycetaceae	Streptomyces	Streptomyces kanamyceticus	Streptomyces kanamyceticus NRRL B-2535
GCA_001418475.1_ASM141847v1_genomic	Bacteria	Actinomycetota	Actinomycetia	Streptomycetales	Streptomycetaceae	Streptomyces	Streptomyces ossamyceticus	Streptomyces ossamyceticus NRRL B-3822
GCA_001418495.1_ASM141849v1_genomic	Bacteria	Actinomycetota	Actinomycetia	Streptomycetales	Streptomycetaceae	Streptomyces	Streptomyces pathocidini	Streptomyces pathocidini NRRL B-24287
GCA_001418505.1_ASM141850v1_genomic	Bacteria	Actinomycetota	Actinomycetia	Streptomycetales	Streptomycetaceae	Streptomyces	Streptomyces albus	Streptomyces albus NRRL B-2465
GCA_001418545.1_ASM141854v1_genomic	Bacteria	Actinomycetota	Actinomycetia	Streptomycetales	Streptomycetaceae	Streptomyces	Streptomyces albus	Streptomyces albus NRRL B-1335
GCA_001418565.1_ASM141856v1_genomic	Bacteria	Actinomycetota	Actinomycetia	Streptomycetales	Streptomycetaceae	Streptomyces	Streptomyces graminilatus	Streptomyces graminilatus NRRL B-59124
GCA_001418575.1_ASM141857v1_genomic	Bacteria	Actinomycetota	Actinomycetia	Streptomycetales	Streptomycetaceae	Streptomyces_D	Streptomyces_D griseoplanus	Peterkaempfera griseoplana NRRL B-3064
GCA_001418585.1_ASM141858v1_genomic	Bacteria	Actinomycetota	Actinomycetia	Streptomycetales	Streptomycetaceae	Streptomyces	Streptomyces griseoruber	Streptomyces griseoruber NRRL B-1818
GCA_001418625.1_ASM141862v1_genomic	Bacteria	Actinomycetota	Actinomycetia	Streptomycetales	Streptomycetaceae	Streptomyces	Streptomyces microflavus	Streptomyces luridiscabiei NRRL B-24455
GCA_001418645.1_ASM141864v1_genomic	Bacteria	Actinomycetota	Actinomycetia	Streptomycetales	Streptomycetaceae	Streptomyces	Streptomyces neyagawaensis	Streptomyces neyagawaensis NRRL B-3092
GCA_001418655.1_ASM141865v1_genomic	Bacteria	Actinomycetota	Actinomycetia	Streptomycetales	Streptomycetaceae	Streptomyces	Streptomyces phaeochromogenes	Streptomyces phaeochromogenes NRRL B-1248
GCA_001419685.1_ASM141968v1_genomic	Bacteria	Actinomycetota	Actinomycetia	Streptomycetales	Streptomycetaceae	Streptomyces	Streptomyces puniciscabiei	Streptomyces puniciscabiei NRRL B-24456
GCA_001419695.1_ASM141969v1_genomic	Bacteria	Actinomycetota	Actinomycetia	Streptomycetales	Streptomycetaceae	Streptomyces	Streptomyces prasinopilosus	Streptomyces prasinopilosus NRRL B-2711
GCA_001419705.1_ASM141970v1_genomic	Bacteria	Actinomycetota	Actinomycetia	Streptomycetales	Streptomycetaceae	Streptomyces	Streptomyces prasinus	Streptomyces prasinus NRRL B-2712
GCA_001419745.1_ASM141974v1_genomic	Bacteria	Actinomycetota	Actinomycetia	Streptomycetales	Streptomycetaceae	Streptomyces	Streptomyces silaceus	Streptomyces silaceus NRRL B-24166
GCA_001419765.1_ASM141976v1_genomic	Bacteria	Actinomycetota	Actinomycetia	Streptomycetales	Streptomycetaceae	Streptomyces	Streptomyces torulosus	Streptomyces torulosus NRRL B-3889
GCA_001419795.1_ASM141979v1_genomic	Bacteria	Actinomycetota	Actinomycetia	Streptomycetales	Streptomycetaceae	Streptomyces	Streptomyces niveiscabiei	Streptomyces niveiscabiei NRRL B-24457
GCA_001424875.1_Root107_genomic	Bacteria	Actinomycetota	Actinomycetia	Streptomycetales	Streptomycetaceae	Kitasatospora	Kitasatospora sp001424875	Kitasatospora sp. Root107
GCA_001425805.1_Root369_genomic	Bacteria	Actinomycetota	Actinomycetia	Streptomycetales	Streptomycetaceae	Streptomyces	Streptomyces canus	Streptomyces sp. Root369
GCA_001426325.1_Root1295_genomic	Bacteria	Actinomycetota	Actinomycetia	Streptomycetales	Streptomycetaceae	Streptomyces	Streptomyces anulatus	Streptomyces sp. Root1295
GCA_001426405.1_Root1304_genomic	Bacteria	Actinomycetota	Actinomycetia	Streptomycetales	Streptomycetaceae	Streptomyces	Streptomyces sp001426405	Streptomyces sp. Root1304
GCA_001426425.1_Root1310_genomic	Bacteria	Actinomycetota	Actinomycetia	Streptomycetales	Streptomycetaceae	Streptomyces	Streptomyces sp001298545	Streptomyces sp. Root1310
GCA_001426585.1_Root431_genomic	Bacteria	Actinomycetota	Actinomycetia	Streptomycetales	Streptomycetaceae	Streptomyces	Streptomyces sp001426585	Streptomyces sp. Root431
GCA_001426615.1_Root1319_genomic	Bacteria	Actinomycetota	Actinomycetia	Streptomycetales	Streptomycetaceae	Streptomyces	Streptomyces clavifer	Streptomyces sp. Root1319
GCA_001427245.1_Root55_genomic	Bacteria	Actinomycetota	Actinomycetia	Streptomycetales	Streptomycetaceae	Streptomyces	Streptomyces clavifer	Streptomyces sp. Root55
GCA_001427565.1_Root63_genomic	Bacteria	Actinomycetota	Actinomycetia	Streptomycetales	Streptomycetaceae	Streptomyces	Streptomyces anulatus	Streptomyces sp. Root63
GCA_001427745.1_Root66D1_genomic	Bacteria	Actinomycetota	Actinomycetia	Streptomycetales	Streptomycetaceae	Streptomyces	Streptomyces sp001426405	Streptomyces sp. Root66D1
GCA_001428885.1_Root264_genomic	Bacteria	Actinomycetota	Actinomycetia	Streptomycetales	Streptomycetaceae	Streptomyces	Streptomyces sp001428885	Streptomyces sp. Root264
GCA_001429805.1_Root187_genomic	Bacteria	Actinomycetota	Actinomycetia	Streptomycetales	Streptomycetaceae	Kitasatospora	Kitasatospora sp001424875	Kitasatospora sp. Root187
GCA_001431765.1_ASM143176v1_genomic	Bacteria	Actinomycetota	Actinomycetia	Streptomycetales	Streptomycetaceae	Streptomyces	Streptomyces albidoflavus	Streptomyces sp. FR-008
GCA_001434355.1_ASM143435v1_genomic	Bacteria	Actinomycetota	Actinomycetia	Streptomycetales	Streptomycetaceae	Streptomyces	Streptomyces anulatus	Streptomyces anulatus ATCC 11523
GCA_001445655.1_ASM144565v1_genomic	Bacteria	Actinomycetota	Actinomycetia	Streptomycetales	Streptomycetaceae	Streptomyces	Streptomyces roseifaciens	Streptomyces roseifaciens MBT76
GCA_001445835.1_ASM144583v1_genomic	Bacteria	Actinomycetota	Actinomycetia	Streptomycetales	Streptomycetaceae	Streptomyces_A	Streptomyces_A vitaminophilus	Wenjunlia vitaminophila ATCC 31673
GCA_001447075.1_ASM144707v1_genomic	Bacteria	Actinomycetota	Actinomycetia	Streptomycetales	Streptomycetaceae	Streptomyces	Streptomyces olivaceoviridis	Streptomyces hygroscopicus subsp. limoneus
GCA_001469455.2_ASM146945v2_genomic	Bacteria	Actinomycetota	Actinomycetia	Streptomycetales	Streptomycetaceae	Streptomyces	Streptomyces sp000829695	Streptomyces sp. AVP053U2
GCA_001482415.1_ASM148241v1_genomic	Bacteria	Actinomycetota	Actinomycetia	Streptomycetales	Streptomycetaceae	Streptomyces	Streptomyces typhae	Streptomyces silvensis ATCC 53525
GCA_001484565.1_ASM148456v1_genomic	Bacteria	Actinomycetota	Actinomycetia	Streptomycetales	Streptomycetaceae	Streptomyces	Streptomyces panaciradicis	Streptomyces sp. CdTB01
GCA_001484625.1_ASM148462v1_genomic	Bacteria	Actinomycetota	Actinomycetia	Streptomycetales	Streptomycetaceae	Streptomyces	Streptomyces kanasensis	Streptomyces kanasensis ZX01
GCA_001485105.1_ASM148510v1_genomic	Bacteria	Actinomycetota	Actinomycetia	Streptomycetales	Streptomycetaceae	Streptomyces	Streptomyces acidiscabies	Streptomyces acidiscabies a10
GCA_001485125.1_ASM148512v1_genomic	Bacteria	Actinomycetota	Actinomycetia	Streptomycetales	Streptomycetaceae	Streptomyces	Streptomyces scabiei	Streptomyces scabiei S58
GCA_001485145.1_ASM148514v1_genomic	Bacteria	Actinomycetota	Actinomycetia	Streptomycetales	Streptomycetaceae	Streptomyces	Streptomyces turgidiscabies	Streptomyces turgidiscabies T45
GCA_001493375.1_Streptomyces_specialis_genomic	Bacteria	Actinomycetota	Actinomycetia	Streptomycetales	Streptomycetaceae	Streptomyces	Streptomyces specialis	Streptomyces specialis type strain: GW41-1564
GCA_001507395.1_ASM150739v1_genomic	Bacteria	Actinomycetota	Actinomycetia	Streptomycetales	Streptomycetaceae	Streptomyces	Streptomyces rimosus	Streptomyces rimosus subsp. rimosus
GCA_001507435.1_ASM150743v1_genomic	Bacteria	Actinomycetota	Actinomycetia	Streptomycetales	Streptomycetaceae	Streptomyces	Streptomyces sp001507435	Streptomyces sp. NRRL F-5122
GCA_001507455.1_ASM150745v1_genomic	Bacteria	Actinomycetota	Actinomycetia	Streptomycetales	Streptomycetaceae	Streptomyces	Streptomyces sp.	Streptomyces albus subsp. albus
GCA_001509475.1_ASM150947v1_genomic	Bacteria	Actinomycetota	Actinomycetia	Streptomycetales	Streptomycetaceae	Streptomyces	Streptomyces regalis	Streptomyces regalis NRRL 3151
GCA_001509485.1_ASM150948v1_genomic	Bacteria	Actinomycetota	Actinomycetia	Streptomycetales	Streptomycetaceae	Streptomyces	Streptomyces sp001509485	Streptomyces sp. NRRL F-4489
GCA_001509505.1_ASM150950v1_genomic	Bacteria	Actinomycetota	Actinomycetia	Streptomycetales	Streptomycetaceae	Streptomyces	Streptomyces alfalfae	Streptomyces sp. NRRL S-1521
GCA_001509565.1_ASM150956v1_genomic	Bacteria	Actinomycetota	Actinomycetia	Streptomycetales	Streptomycetaceae	Streptomyces	Streptomyces albidoflavus	Streptomyces albidoflavus NRRL WC-3066
GCA_001509775.1_ASM150977v1_genomic	Bacteria	Actinomycetota	Actinomycetia	Streptomycetales	Streptomycetaceae	Streptomyces	Streptomyces antimycoticus	Streptomyces violaceusniger NRRL F-8817
GCA_001509785.1_ASM150978v1_genomic	Bacteria	Actinomycetota	Actinomycetia	Streptomycetales	Streptomycetaceae	Streptomyces	Streptomyces sp001509795	Streptomyces sp. NRRL WC-3604
GCA_001509795.1_ASM150979v1_genomic	Bacteria	Actinomycetota	Actinomycetia	Streptomycetales	Streptomycetaceae	Streptomyces	Streptomyces sp001509795	Streptomyces sp. NRRL WC-3605
GCA_001513955.1_ASM151395v1_genomic	Bacteria	Actinomycetota	Actinomycetia	Streptomycetales	Streptomycetaceae	Streptomyces	Streptomyces pseudovenezuelae	Streptomyces pseudovenezuelae DSM 40212
GCA_001513965.1_ASM151396v1_genomic	Bacteria	Actinomycetota	Actinomycetia	Streptomycetales	Streptomycetaceae	Streptomyces	Streptomyces cellostaticus	Streptomyces cellostaticus DSM 40189
GCA_001513975.1_ASM151397v1_genomic	Bacteria	Actinomycetota	Actinomycetia	Streptomycetales	Streptomycetaceae	Streptomyces	Streptomyces curacoi	Streptomyces curacoi DSM 40107
GCA_001513985.1_ASM151398v1_genomic	Bacteria	Actinomycetota	Actinomycetia	Streptomycetales	Streptomycetaceae	Streptomyces	Streptomyces griseorubiginosus	Streptomyces griseorubiginosus DSM 40125
GCA_001514035.1_ASM151403v1_genomic	Bacteria	Actinomycetota	Actinomycetia	Streptomycetales	Streptomycetaceae	Streptomyces	Streptomyces yokosukanensis	Streptomyces yokosukanensis DSM 40224
GCA_001514045.1_ASM151404v1_genomic	Bacteria	Actinomycetota	Actinomycetia	Streptomycetales	Streptomycetaceae	Streptomyces	Streptomyces canus	Streptomyces canus DSM 40275
GCA_001514055.1_ASM151405v1_genomic	Bacteria	Actinomycetota	Actinomycetia	Streptomycetales	Streptomycetaceae	Streptomyces	Streptomyces olivaceoviridis	Streptomyces corchorusii DSM 40340
GCA_001514065.1_ASM151406v1_genomic	Bacteria	Actinomycetota	Actinomycetia	Streptomycetales	Streptomycetaceae	Streptomyces	Streptomyces antibioticus	Streptomyces antibioticus DSM 40234
GCA_001514115.1_ASM151411v1_genomic	Bacteria	Actinomycetota	Actinomycetia	Streptomycetales	Streptomycetaceae	Streptomyces	Streptomyces olivochromogenes	Streptomyces olivochromogenes DSM 40451
GCA_001514125.1_ASM151412v1_genomic	Bacteria	Actinomycetota	Actinomycetia	Streptomycetales	Streptomycetaceae	Streptomyces	Streptomyces longwoodensis	Streptomyces longwoodensis DSM 41677
GCA_001514135.1_ASM151413v1_genomic	Bacteria	Actinomycetota	Actinomycetia	Streptomycetales	Streptomycetaceae	Streptomyces	Streptomyces avermitilis	Streptomyces avermitilis DSM 46492
GCA_001514145.1_ASM151414v1_genomic	Bacteria	Actinomycetota	Actinomycetia	Streptomycetales	Streptomycetaceae	Streptomyces	Streptomyces canus	Streptomyces canus DSM 40017
GCA_001514195.1_ASM151419v1_genomic	Bacteria	Actinomycetota	Actinomycetia	Streptomycetales	Streptomycetaceae	Streptomyces	Streptomyces griseorubiginosus	Streptomyces griseorubiginosus DSM 40469
GCA_001514205.1_ASM151420v1_genomic	Bacteria	Actinomycetota	Actinomycetia	Streptomycetales	Streptomycetaceae	Streptomyces	Streptomyces griseoruber	Streptomyces griseoruber DSM 40281
GCA_001514215.1_ASM151421v1_genomic	Bacteria	Actinomycetota	Actinomycetia	Streptomycetales	Streptomycetaceae	Streptomyces	Streptomyces bungoensis	Streptomyces bungoensis DSM 41781
GCA_001514235.1_ASM151423v1_genomic	Bacteria	Actinomycetota	Actinomycetia	Streptomycetales	Streptomycetaceae	Streptomyces	Streptomyces caeruleatus	Streptomyces caeruleatus NRRL B-24802
GCA_001514265.1_ASM151426v1_genomic	Bacteria	Actinomycetota	Actinomycetia	Streptomycetales	Streptomycetaceae	Streptomyces	Streptomyces resistomycificus	Streptomyces resistomycificus DSM 40133
GCA_001514285.1_ASM151428v1_genomic	Bacteria	Actinomycetota	Actinomycetia	Streptomycetales	Streptomycetaceae	Streptomyces	Streptomyces sp001514285	Streptomyces sp. DSM 15324
GCA_001514305.1_ASM151430v1_genomic	Bacteria	Actinomycetota	Actinomycetia	Streptomycetales	Streptomycetaceae	Streptomyces	Streptomyces dysideae	Streptomyces dysideae RV15
GCA_001517125.1_ASM151712v1_genomic	Bacteria	Actinomycetota	Actinomycetia	Streptomycetales	Streptomycetaceae	Streptomyces	Streptomyces sp002939385	Streptomyces canus C-509
GCA_001531145.1_ASM153114v1_genomic	Bacteria	Actinomycetota	Actinomycetia	Streptomycetales	Streptomycetaceae	Streptomyces	Streptomyces amritsarensis	Streptomyces sp. IMTB 1903
GCA_001541145.1_ASM154114v1_genomic	Bacteria	Actinomycetota	Actinomycetia	Streptomycetales	Streptomycetaceae	Streptomyces	Streptomyces rimosus	Streptomyces albus subsp. albus
GCA_001542625.2_ASM154262v2_genomic	Bacteria	Actinomycetota	Actinomycetia	Streptomycetales	Streptomycetaceae	Streptomyces	Streptomyces griseochromogenes	Streptomyces griseochromogenes ATCC 14511
GCA_001543895.1_ASM154389v1_genomic	Bacteria	Actinomycetota	Actinomycetia	Streptomycetales	Carbonactinosporaceae	Carbonactinospora	Carbonactinospora thermoautotrophica	Carbonactinospora thermoautotrophica UBT1
GCA_001543915.1_ASM154391v1_genomic	Bacteria	Actinomycetota	Actinomycetia	Streptomycetales	Carbonactinosporaceae	Carbonactinospora	Carbonactinospora thermoautotrophica	Carbonactinospora thermoautotrophica UBT1
GCA_001543925.1_ASM154392v1_genomic	Bacteria	Actinomycetota	Actinomycetia	Streptomycetales	Carbonactinosporaceae	Carbonactinospora	Carbonactinospora thermoautotrophica	Carbonactinospora thermoautotrophica H1
GCA_001550215.1_ASM155021v1_genomic	Bacteria	Actinomycetota	Actinomycetia	Streptomycetales	Streptomycetaceae	Streptomyces	Streptomyces scabiei	Streptomyces scabiei 85-08
GCA_001550225.1_ASM155022v1_genomic	Bacteria	Actinomycetota	Actinomycetia	Streptomycetales	Streptomycetaceae	Streptomyces	Streptomyces scabiei	Streptomyces scabiei 95-18
GCA_001550235.1_ASM155023v1_genomic	Bacteria	Actinomycetota	Actinomycetia	Streptomycetales	Streptomycetaceae	Streptomyces	Streptomyces scabiei	Streptomyces scabiei 96-08
GCA_001550245.1_ASM155024v1_genomic	Bacteria	Actinomycetota	Actinomycetia	Streptomycetales	Streptomycetaceae	Streptomyces	Streptomyces scabiei	Streptomyces scabiei 84-34
GCA_001550295.1_ASM155029v1_genomic	Bacteria	Actinomycetota	Actinomycetia	Streptomycetales	Streptomycetaceae	Streptomyces	Streptomyces scabiei	Streptomyces scabiei 96-15
GCA_001550315.1_ASM155031v1_genomic	Bacteria	Actinomycetota	Actinomycetia	Streptomycetales	Streptomycetaceae	Streptomyces	Streptomyces caniscabiei	Streptomyces caniscabiei 96-12
GCA_001550325.1_ASM155032v1_genomic	Bacteria	Actinomycetota	Actinomycetia	Streptomycetales	Streptomycetaceae	Streptomyces	Streptomyces europaeiscabiei	Streptomyces europaeiscabiei 89-04
GCA_001550375.1_ASM155037v1_genomic	Bacteria	Actinomycetota	Actinomycetia	Streptomycetales	Streptomycetaceae	Streptomyces	Streptomyces europaeiscabiei	Streptomyces europaeiscabiei 96-14
GCA_001553435.1_ASM155343v1_genomic	Bacteria	Actinomycetota	Actinomycetia	Streptomycetales	Streptomycetaceae	Streptomyces	Streptomyces hygroscopicus	Streptomyces hygroscopicus subsp. hygroscopicus
GCA_001553455.1_ASM155345v1_genomic	Bacteria	Actinomycetota	Actinomycetia	Streptomycetales	Streptomycetaceae	Streptomyces	Streptomyces hygroscopicus	Streptomyces hygroscopicus subsp. hygroscopicus
GCA_001553475.1_ASM155347v1_genomic	Bacteria	Actinomycetota	Actinomycetia	Streptomycetales	Streptomycetaceae	Streptomyces	Streptomyces hygroscopicus	Streptomyces hygroscopicus subsp. hygroscopicus
GCA_001570645.1_ASM157064v1_genomic	Bacteria	Actinomycetota	Actinomycetia	Streptomycetales	Streptomycetaceae	Streptomyces	Streptomyces hygroscopicus	Streptomyces hygroscopicus subsp. hygroscopicus
GCA_001572115.1_ASM157211v1_genomic	Bacteria	Actinomycetota	Actinomycetia	Streptomycetales	Streptomycetaceae	Streptomyces	Streptomyces scabiei	Streptomyces scabiei 84-232
GCA_001577385.1_ASM157738v1_genomic	Bacteria	Actinomycetota	Actinomycetia	Streptomycetales	Streptomycetaceae	Streptomyces	Streptomyces albidoflavus	Streptomyces albidoflavus SM254
GCA_001579685.1_ASM157968v1_genomic	Bacteria	Actinomycetota	Actinomycetia	Streptomycetales	Streptomycetaceae	Streptomyces	Streptomyces scabiei	Streptomyces scabiei 96-06
GCA_001590865.1_ASM159086v1_genomic	Bacteria	Actinomycetota	Actinomycetia	Streptomycetales	Streptomycetaceae	Streptomyces	Streptomyces sp001590865	Streptomyces sp. NBRC 110611
GCA_001592685.1_ASM159268v1_genomic	Bacteria	Actinomycetota	Actinomycetia	Streptomycetales	Streptomycetaceae	Streptomyces	Streptomyces bikiniensis	Streptomyces sp. WAC04657
GCA_001595515.1_ASM159551v1_genomic	Bacteria	Actinomycetota	Actinomycetia	Streptomycetales	Streptomycetaceae	Streptomyces	Streptomyces rochei	Streptomyces sp. CC71
GCA_001598115.2_ASM159811v2_genomic	Bacteria	Actinomycetota	Actinomycetia	Streptomycetales	Streptomycetaceae	Streptomyces	Streptomyces antimycoticus	Streptomyces sp. AgN23
GCA_001611795.1_ASM161179v1_genomic	Bacteria	Actinomycetota	Actinomycetia	Streptomycetales	Streptomycetaceae	Streptomyces	Streptomyces qaidamensis	Streptomyces qaidamensis S10
GCA_001625365.1_ASM162536v1_genomic	Bacteria	Actinomycetota	Actinomycetia	Streptomycetales	Streptomycetaceae	Kitasatospora	Kitasatospora sp001625365	Streptomyces sp. MJM8645
GCA_001632865.1_ASM163286v1_genomic	Bacteria	Actinomycetota	Actinomycetia	Streptomycetales	Streptomycetaceae	Streptomyces	Streptomyces ambofaciens	Streptomyces ambofaciens DSM 40697
GCA_001640565.1_ASM164056v1_genomic	Bacteria	Actinomycetota	Actinomycetia	Streptomycetales	Streptomycetaceae	Streptomyces	Streptomyces himastatinicus	Streptomyces sp. RTd22
GCA_001642695.2_ASM164269v2_genomic	Bacteria	Actinomycetota	Actinomycetia	Streptomycetales	Streptomycetaceae	Streptomyces	Streptomyces chilikensis	Streptomyces chilikensis RC 1830
GCA_001642995.1_ASM164299v1_genomic	Bacteria	Actinomycetota	Actinomycetia	Streptomycetales	Streptomycetaceae	Streptomyces	Streptomyces jeddahensis	Streptomyces jeddahensis G25
GCA_001646665.1_ASM164666v1_genomic	Bacteria	Actinomycetota	Actinomycetia	Streptomycetales	Streptomycetaceae	Streptomyces	Streptomyces albulus_A	Streptomyces noursei B-3066
GCA_001650215.1_ASM165021v1_genomic	Bacteria	Actinomycetota	Actinomycetia	Streptomycetales	Streptomycetaceae	Streptomyces	Streptomyces himastatinicus	Streptomyces sp. RTd22
GCA_001652895.1_ASM165289v1_genomic	Bacteria	Actinomycetota	Actinomycetia	Streptomycetales	Streptomycetaceae	Streptomyces	Streptomyces hygroscopicus	Streptomyces sp. NBRC 109436
GCA_001653115.1_ASM165311v1_genomic	Bacteria	Actinomycetota	Actinomycetia	Streptomycetales	Streptomycetaceae	Streptomyces	Streptomyces thermovulgaris	Streptomyces sp. F-3
GCA_001653515.1_ASM165351v1_genomic	Bacteria	Actinomycetota	Actinomycetia	Streptomycetales	Streptomycetaceae	Streptomyces	Streptomyces sp001653515	Streptomyces sp. ERV7
GCA_001654495.1_ASM165449v1_genomic	Bacteria	Actinomycetota	Actinomycetia	Streptomycetales	Streptomycetaceae	Streptomyces	Streptomyces sp001654495	Streptomyces sp. SAT1
GCA_001660045.1_ASM166004v1_genomic	Bacteria	Actinomycetota	Actinomycetia	Streptomycetales	Streptomycetaceae	Streptomyces	Streptomyces parvulus	Streptomyces parvulus 2297
GCA_001661615.1_ASM166161v1_genomic	Bacteria	Actinomycetota	Actinomycetia	Streptomycetales	Streptomycetaceae	Streptomyces	Streptomyces albus	Streptomyces albus NRRL B-12378
GCA_001672315.1_ASM167231v1_genomic	Bacteria	Actinomycetota	Actinomycetia	Streptomycetales	Streptomycetaceae	Streptomyces	Streptomyces prasinus	Streptomyces sp. H-KF8
GCA_001685355.1_ASM168535v1_genomic	Bacteria	Actinomycetota	Actinomycetia	Streptomycetales	Streptomycetaceae	Streptomyces	Streptomyces lincolnensis	Streptomyces lincolnensis NRRL 2936
GCA_001687325.1_ASM168732v1_genomic	Bacteria	Actinomycetota	Actinomycetia	Streptomycetales	Streptomycetaceae	Streptomyces	Streptomyces sp001687325	Streptomyces sp. PTY087I2
GCA_001693675.1_ASM169367v1_genomic	Bacteria	Actinomycetota	Actinomycetia	Streptomycetales	Streptomycetaceae	Streptomyces	Streptomyces clavuligerus	Streptomyces clavuligerus F613-1
GCA_001700505.1_ASM170050v1_genomic	Bacteria	Actinomycetota	Actinomycetia	Streptomycetales	Streptomycetaceae	Streptomyces	Streptomyces mutomycini	Streptomyces mutomycini NRRL B-65393
GCA_001700515.1_ASM170051v1_genomic	Bacteria	Actinomycetota	Actinomycetia	Streptomycetales	Streptomycetaceae	Streptomyces	Streptomyces lushanensis	Streptomyces lushanensis NRRL B-24994
GCA_001700545.1_ASM170054v1_genomic	Bacteria	Actinomycetota	Actinomycetia	Streptomycetales	Streptomycetaceae	Streptomyces	Streptomyces minutiscleroticus	Streptomyces minutiscleroticus 11008
GCA_001704195.1_ASM170419v1_genomic	Bacteria	Actinomycetota	Actinomycetia	Streptomycetales	Streptomycetaceae	Streptomyces	Streptomyces albidoflavus	Streptomyces sampsonii KJ40
GCA_001704635.1_ASM170463v1_genomic	Bacteria	Actinomycetota	Actinomycetia	Streptomycetales	Streptomycetaceae	Streptomyces	Streptomyces sparsogenes	Streptomyces sparsogenes ATCC 25498
GCA_001705785.1_ASM170578v1_genomic	Bacteria	Actinomycetota	Actinomycetia	Streptomycetales	Streptomycetaceae	Streptomyces	Streptomyces hygroscopicus	Streptomyces hygroscopicus subsp. hygroscopicus
GCA_001715295.1_ASM171529v1_genomic	Bacteria	Actinomycetota	Actinomycetia	Streptomycetales	Streptomycetaceae	Streptomyces	Streptomyces griseus_G	Streptomyces griseus BIG105
GCA_001723055.1_ASM172305v1_genomic	Bacteria	Actinomycetota	Actinomycetia	Streptomycetales	Streptomycetaceae	Streptomyces	Streptomyces niveus	Streptomyces niveus NRRL 2466
GCA_001723065.1_ASM172306v1_genomic	Bacteria	Actinomycetota	Actinomycetia	Streptomycetales	Streptomycetaceae	Streptomyces	Streptomyces rubidus	Actinacidiphila rubida NRRL B-24619
GCA_001723075.1_ASM172307v1_genomic	Bacteria	Actinomycetota	Actinomycetia	Streptomycetales	Streptomycetaceae	Streptomyces	Streptomyces niveus	Streptomyces niveus NRRL 2449
GCA_001723115.1_ASM172311v1_genomic	Bacteria	Actinomycetota	Actinomycetia	Streptomycetales	Streptomycetaceae	Streptomyces	Streptomyces griseus	Streptomyces griseus NRRL B-2165
GCA_001723125.1_ASM172312v1_genomic	Bacteria	Actinomycetota	Actinomycetia	Streptomycetales	Streptomycetaceae	Streptomyces	Streptomyces griseus	Streptomyces griseus subsp. griseus
GCA_001729485.1_ASM172948v1_genomic	Bacteria	Actinomycetota	Actinomycetia	Streptomycetales	Streptomycetaceae	Streptomyces	Streptomyces lydicus	Streptomyces lydicus 103
GCA_001735805.1_ASM173580v1_genomic	Bacteria	Actinomycetota	Actinomycetia	Streptomycetales	Streptomycetaceae	Streptomyces	Streptomyces fodineus	Streptomyces fodineus TW1S1
GCA_001746285.1_ASM174628v1_genomic	Bacteria	Actinomycetota	Actinomycetia	Streptomycetales	Streptomycetaceae	Streptomyces	Streptomyces anulatus	Streptomyces sp. EN16
GCA_001746295.1_ASM174629v1_genomic	Bacteria	Actinomycetota	Actinomycetia	Streptomycetales	Streptomycetaceae	Streptomyces	Streptomyces sp001746295	Streptomyces sp. LUP47B
GCA_001746305.1_ASM174630v1_genomic	Bacteria	Actinomycetota	Actinomycetia	Streptomycetales	Streptomycetaceae	Streptomyces	Streptomyces sindenensis	Streptomyces sp. EN23
GCA_001746315.1_ASM174631v1_genomic	Bacteria	Actinomycetota	Actinomycetia	Streptomycetales	Streptomycetaceae	Streptomyces	Streptomyces sindenensis	Streptomyces sp. EN27
GCA_001746365.1_ASM174636v1_genomic	Bacteria	Actinomycetota	Actinomycetia	Streptomycetales	Streptomycetaceae	Streptomyces	Streptomyces sp001746365	Streptomyces sp. LUP30
GCA_001746415.1_ASM174641v1_genomic	Bacteria	Actinomycetota	Actinomycetia	Streptomycetales	Streptomycetaceae	Streptomyces	Streptomyces agglomeratus	Streptomyces agglomeratus 6/3/02
GCA_001746425.1_ASM174642v1_genomic	Bacteria	Actinomycetota	Actinomycetia	Streptomycetales	Streptomycetaceae	Streptomyces	Streptomyces subrutilus_A	Streptomyces subrutilus 10/1/01
GCA_001746455.1_ASM174645v1_genomic	Bacteria	Actinomycetota	Actinomycetia	Streptomycetales	Streptomycetaceae	Streptomyces	Streptomyces agglomeratus	Streptomyces agglomeratus 9/3/15
GCA_001746465.1_ASM174646v1_genomic	Bacteria	Actinomycetota	Actinomycetia	Streptomycetales	Streptomycetaceae	Streptomyces	Streptomyces agglomeratus	Streptomyces agglomeratus 5/1/03
GCA_001746475.1_ASM174647v1_genomic	Bacteria	Actinomycetota	Actinomycetia	Streptomycetales	Streptomycetaceae	Streptomyces	Streptomyces agglomeratus	Streptomyces agglomeratus 5/2/06
GCA_001746485.1_ASM174648v1_genomic	Bacteria	Actinomycetota	Actinomycetia	Streptomycetales	Streptomycetaceae	Streptomyces	Streptomyces agglomeratus	Streptomyces agglomeratus 5/1/08
GCA_001748085.1_ASM174808v1_genomic	Bacteria	Actinomycetota	Actinomycetia	Streptomycetales	Streptomycetaceae	Streptomyces	Streptomyces sp001748085	Streptomyces sp. TP-A0874
GCA_001748165.1_ASM174816v1_genomic	Bacteria	Actinomycetota	Actinomycetia	Streptomycetales	Streptomycetaceae	Streptomyces	Streptomyces samsunensis	Streptomyces sp. SPMA113
GCA_001748305.1_ASM174830v1_genomic	Bacteria	Actinomycetota	Actinomycetia	Streptomycetales	Streptomycetaceae	Streptomyces	Streptomyces silaceus	Streptomyces luteocolor NBRC 13826
GCA_001750785.1_ASM175078v1_genomic	Bacteria	Actinomycetota	Actinomycetia	Streptomycetales	Streptomycetaceae	Streptomyces	Streptomyces fradiae	Streptomyces rubrolavendulae MJM4426
GCA_001751245.1_ASM175124v1_genomic	Bacteria	Actinomycetota	Actinomycetia	Streptomycetales	Streptomycetaceae	Streptomyces	Streptomyces oceani	Streptomyces oceani SCSIO 02100
GCA_001751255.1_ASM175125v1_genomic	Bacteria	Actinomycetota	Actinomycetia	Streptomycetales	Streptomycetaceae	Streptomyces	Streptomyces nanshensis_A	Streptomyces nanshensis SCSIO 10429
GCA_001751265.1_ASM175126v1_genomic	Bacteria	Actinomycetota	Actinomycetia	Streptomycetales	Streptomycetaceae	Streptomyces	Streptomyces sp000280905	Streptomyces nanshensis SCSIO M10399
GCA_001751275.1_ASM175127v1_genomic	Bacteria	Actinomycetota	Actinomycetia	Streptomycetales	Streptomycetaceae	Streptomyces	Streptomyces abyssalis	Streptomyces nanshensis SCSIO 01066
GCA_001751305.1_ASM175130v1_genomic	Bacteria	Actinomycetota	Actinomycetia	Streptomycetales	Streptomycetaceae	Streptomyces	Streptomyces bacillaris	Streptomyces nanshensis SCSIO M10372
GCA_001751345.1_ASM175134v1_genomic	Bacteria	Actinomycetota	Actinomycetia	Streptomycetales	Streptomycetaceae	Streptomyces	Streptomyces abyssalis	Streptomyces abyssalis SCSIO 10389
GCA_001751365.1_ASM175136v1_genomic	Bacteria	Actinomycetota	Actinomycetia	Streptomycetales	Streptomycetaceae	Streptomyces	Streptomyces abyssalis	Streptomyces abyssalis SCSIO 10390
GCA_001751375.1_ASM175137v1_genomic	Bacteria	Actinomycetota	Actinomycetia	Streptomycetales	Streptomycetaceae	Streptomyces	Streptomyces sp000280905	Streptomyces qinglanensis SCSIO M10379
GCA_001753425.1_ASM175342v1_genomic	Bacteria	Actinomycetota	Actinomycetia	Streptomycetales	Streptomycetaceae	Streptomyces	Streptomyces physcomitrii	Streptomyces albus BK3-25
GCA_001756925.1_ASM175692v1_genomic	Bacteria	Actinomycetota	Actinomycetia	Streptomycetales	Streptomycetaceae	Streptomyces	Streptomyces xinghaiensis	Streptomyces fradiae Olg4R
GCA_001767375.1_ASM176737v1_genomic	Bacteria	Actinomycetota	Actinomycetia	Streptomycetales	Streptomycetaceae	Streptomyces	Streptomyces olivaceus	Streptomyces olivaceus KLBMP 5084
GCA_001865245.1_ASM186524v1_genomic	Bacteria	Actinomycetota	Actinomycetia	Streptomycetales	Streptomycetaceae	Streptomyces	Streptomyces sp001865245	Streptomyces sp. CC53
GCA_001865255.1_ASM186525v1_genomic	Bacteria	Actinomycetota	Actinomycetia	Streptomycetales	Streptomycetaceae	Streptomyces	Streptomyces sp001865245	Streptomyces sp. CC77
GCA_001865315.1_ASM186531v1_genomic	Bacteria	Actinomycetota	Actinomycetia	Streptomycetales	Streptomycetaceae	Streptomyces	Streptomyces albidoflavus	Streptomyces sampsonii KJ40
GCA_001865795.1_ASM186579v1_genomic	Bacteria	Actinomycetota	Actinomycetia	Streptomycetales	Streptomycetaceae	Streptomyces	Streptomyces albidoflavus	Streptomyces albidoflavus OsiLf-2
GCA_001866645.1_ASM186664v1_genomic	Bacteria	Actinomycetota	Actinomycetia	Streptomycetales	Streptomycetaceae	Streptomyces	Streptomyces colonosanans	Streptomyces colonosanans MUSC 93
GCA_001866665.1_ASM186666v1_genomic	Bacteria	Actinomycetota	Actinomycetia	Streptomycetales	Streptomycetaceae	Streptomyces	Streptomyces monashensis	Streptomyces monashensis MUSC 1
GCA_001866675.1_ASM186667v1_genomic	Bacteria	Actinomycetota	Actinomycetia	Streptomycetales	Streptomycetaceae	Streptomyces	Streptomyces monashensis	Streptomyces sp. MUSC 14
GCA_001879105.1_ASM187910v1_genomic	Bacteria	Actinomycetota	Actinomycetia	Streptomycetales	Streptomycetaceae	Streptomyces_G	Streptomyces_G gilvigriseus	Mangrovactinospora gilvigrisea MUSC 26
GCA_001886595.1_ASM188659v1_genomic	Bacteria	Actinomycetota	Actinomycetia	Streptomycetales	Streptomycetaceae	Streptomyces	Streptomyces venezuelae	Streptomyces venezuelae NRRL B-65442
GCA_001895105.1_ASM189510v1_genomic	Bacteria	Actinomycetota	Actinomycetia	Streptomycetales	Streptomycetaceae	Streptomyces	Streptomyces sp001895105	Streptomyces sp. NBRC 110465
GCA_001896135.2_ASM189613v2_genomic	Bacteria	Actinomycetota	Actinomycetia	Streptomycetales	Streptomycetaceae	Streptomyces	Streptomyces phaeoluteigriseus	Streptomyces phaeoluteigriseus DSM 41896
GCA_001905005.1_ASM190500v1_genomic	Bacteria	Actinomycetota	Actinomycetia	Streptomycetales	Streptomycetaceae	Streptomyces	Streptomyces sp001905005	Streptomyces sp. CB02923
GCA_001905025.1_ASM190502v1_genomic	Bacteria	Actinomycetota	Actinomycetia	Streptomycetales	Streptomycetaceae	Streptomyces	Streptomyces goshikiensis	Streptomyces sp. CB03578
GCA_001905125.1_ASM190512v1_genomic	Bacteria	Actinomycetota	Actinomycetia	Streptomycetales	Streptomycetaceae	Streptomyces	Streptomyces sp001905125	Streptomyces sp. TSRI0281
GCA_001905345.1_ASM190534v1_genomic	Bacteria	Actinomycetota	Actinomycetia	Streptomycetales	Streptomycetaceae	Streptomyces	Streptomyces uncialis	Streptomyces uncialis DCA2648
GCA_001905365.1_ASM190536v1_genomic	Bacteria	Actinomycetota	Actinomycetia	Streptomycetales	Streptomycetaceae	Streptomyces	Streptomyces sp001905365	Streptomyces sp. CB02488
GCA_001905385.1_ASM190538v1_genomic	Bacteria	Actinomycetota	Actinomycetia	Streptomycetales	Streptomycetaceae	Streptomyces	Streptomyces sp001905385	Streptomyces sp. CB02414
GCA_001905405.1_ASM190540v1_genomic	Bacteria	Actinomycetota	Actinomycetia	Streptomycetales	Streptomycetaceae	Streptomyces	Streptomyces globisporus	Streptomyces sp. TSRI0445
GCA_001905425.1_ASM190542v1_genomic	Bacteria	Actinomycetota	Actinomycetia	Streptomycetales	Streptomycetaceae	Streptomyces	Streptomyces goshikiensis	Streptomyces sp. MJM1172
GCA_001905445.1_ASM190544v1_genomic	Bacteria	Actinomycetota	Actinomycetia	Streptomycetales	Streptomycetaceae	Streptomyces	Streptomyces sp001905445	Streptomyces sp. CB00455
GCA_001905465.1_ASM190546v1_genomic	Bacteria	Actinomycetota	Actinomycetia	Streptomycetales	Streptomycetaceae	Kitasatospora	Kitasatospora sp001905465	Kitasatospora sp. CB01950
GCA_001905485.1_ASM190548v1_genomic	Bacteria	Actinomycetota	Actinomycetia	Streptomycetales	Streptomycetaceae	Streptomyces	Streptomyces anulatus	Streptomyces sp. TSRI0261
GCA_001905505.1_ASM190550v1_genomic	Bacteria	Actinomycetota	Actinomycetia	Streptomycetales	Streptomycetaceae	Streptomyces	Streptomyces sp001905505	Streptomyces sp. CB02058
GCA_001905525.1_ASM190552v1_genomic	Bacteria	Actinomycetota	Actinomycetia	Streptomycetales	Streptomycetaceae	Streptomyces	Streptomyces anulatus	Streptomyces sp. TSRI0395
GCA_001905545.1_ASM190554v1_genomic	Bacteria	Actinomycetota	Actinomycetia	Streptomycetales	Streptomycetaceae	Kitasatospora	Kitasatospora sp001905545	Streptomyces sp. CB02056
GCA_001905575.1_ASM190557v1_genomic	Bacteria	Actinomycetota	Actinomycetia	Streptomycetales	Streptomycetaceae	Streptomyces	Streptomyces anulatus	Streptomyces sp. CB00072
GCA_001905595.1_ASM190559v1_genomic	Bacteria	Actinomycetota	Actinomycetia	Streptomycetales	Streptomycetaceae	Streptomyces	Streptomyces sp001905595	Streptomyces sp. CB00316
GCA_001905645.1_ASM190564v1_genomic	Bacteria	Actinomycetota	Actinomycetia	Streptomycetales	Streptomycetaceae	Streptomyces	Streptomyces anulatus	Streptomyces sp. CB02115
GCA_001905665.1_ASM190566v1_genomic	Bacteria	Actinomycetota	Actinomycetia	Streptomycetales	Streptomycetaceae	Streptomyces	Streptomyces sp001905665	Streptomyces sp. CB02261
GCA_001905705.1_ASM190570v1_genomic	Bacteria	Actinomycetota	Actinomycetia	Streptomycetales	Streptomycetaceae	Streptomyces	Streptomyces sp001905735	Streptomyces sp. CB02460
GCA_001905725.1_ASM190572v1_genomic	Bacteria	Actinomycetota	Actinomycetia	Streptomycetales	Streptomycetaceae	Streptomyces	Streptomyces sp001905725	Streptomyces sp. CB02400
GCA_001905735.1_ASM190573v1_genomic	Bacteria	Actinomycetota	Actinomycetia	Streptomycetales	Streptomycetaceae	Streptomyces	Streptomyces sp001905735	Streptomyces sp. CB01249
GCA_001905785.1_ASM190578v1_genomic	Bacteria	Actinomycetota	Actinomycetia	Streptomycetales	Streptomycetaceae	Streptomyces	Streptomyces rubiginosohelvolus	Streptomyces sp. CB02130
GCA_001905795.1_ASM190579v1_genomic	Bacteria	Actinomycetota	Actinomycetia	Streptomycetales	Streptomycetaceae	Streptomyces	Streptomyces sp001905795	Streptomyces sp. CB01580
GCA_001905825.1_ASM190582v1_genomic	Bacteria	Actinomycetota	Actinomycetia	Streptomycetales	Streptomycetaceae	Streptomyces	Streptomyces sp001905825	Streptomyces sp. CB02009
GCA_001905845.1_ASM190584v1_genomic	Bacteria	Actinomycetota	Actinomycetia	Streptomycetales	Streptomycetaceae	Streptomyces	Streptomyces sp001905845	Streptomyces sp. TSRI0107
GCA_001905855.1_ASM190585v1_genomic	Bacteria	Actinomycetota	Actinomycetia	Streptomycetales	Streptomycetaceae	Streptomyces	Streptomyces sp900105245	Streptomyces sp. CB01883
GCA_001905885.1_ASM190588v1_genomic	Bacteria	Actinomycetota	Actinomycetia	Streptomycetales	Streptomycetaceae	Streptomyces	Streptomyces sp001905885	Streptomyces sp. CB03234
GCA_001905905.1_ASM190590v1_genomic	Bacteria	Actinomycetota	Actinomycetia	Streptomycetales	Streptomycetaceae	Streptomyces	Streptomyces sp001905905	Streptomyces sp. CB02366
GCA_001906585.1_ASM190658v1_genomic	Bacteria	Actinomycetota	Actinomycetia	Streptomycetales	Streptomycetaceae	Streptomyces	Streptomyces kebangsaanensis	Streptomyces kebangsaanensis SUK12
GCA_001931635.1_ASM193163v1_genomic	Bacteria	Actinomycetota	Actinomycetia	Streptomycetales	Streptomycetaceae	Streptomyces	Streptomyces parvus	Streptomyces sp. Tue 6075
GCA_001941265.1_ASM194126v1_genomic	Bacteria	Actinomycetota	Actinomycetia	Streptomycetales	Streptomycetaceae	Streptomyces	Streptomyces acidiscabies	Streptomyces acidiscabies 98-49
GCA_001941275.1_ASM194127v1_genomic	Bacteria	Actinomycetota	Actinomycetia	Streptomycetales	Streptomycetaceae	Streptomyces	Streptomyces acidiscabies	Streptomyces acidiscabies 98-48
GCA_001941285.1_ASM194128v1_genomic	Bacteria	Actinomycetota	Actinomycetia	Streptomycetales	Streptomycetaceae	Streptomyces	Streptomyces acidiscabies	Streptomyces acidiscabies 85-06
GCA_001941325.1_ASM194132v1_genomic	Bacteria	Actinomycetota	Actinomycetia	Streptomycetales	Streptomycetaceae	Streptomyces	Streptomyces acidiscabies	Streptomyces acidiscabies FL01
GCA_001941845.1_ASM194184v1_genomic	Bacteria	Actinomycetota	Actinomycetia	Streptomycetales	Streptomycetaceae	Streptomyces	Streptomyces sp001941845	Streptomyces sp. TN58
GCA_001949645.1_ASM194964v1_genomic	Bacteria	Actinomycetota	Actinomycetia	Streptomycetales	Streptomycetaceae	Streptomyces	Streptomyces acidiscabies	Streptomyces acidiscabies a2
GCA_001953875.1_ASM195387v1_genomic	Bacteria	Actinomycetota	Actinomycetia	Streptomycetales	Streptomycetaceae	Streptomyces	Streptomyces amritsarensis	Streptomyces amritsarensis MTCC 11845
GCA_001953885.1_ASM195388v1_genomic	Bacteria	Actinomycetota	Actinomycetia	Streptomycetales	Streptomycetaceae	Streptomyces	Streptomyces sp001953885	Streptomyces sp. IMTB 2501
GCA_001969965.1_Sparso1.0_genomic	Bacteria	Actinomycetota	Actinomycetia	Streptomycetales	Streptomycetaceae	Streptomyces	Streptomyces sparsogenes	Streptomyces sparsogenes DSM 40356 DSM 40356
GCA_001970135.1_ASM197013v1_genomic	Bacteria	Actinomycetota	Actinomycetia	Streptomycetales	Streptomycetaceae	Streptomyces	Streptomyces sp002939385	Streptomyces sp. M1013
GCA_001974775.2_ASM197477v2_genomic	Bacteria	Actinomycetota	Actinomycetia	Streptomycetales	Streptomycetaceae	Streptomyces	Streptomyces mirabilis	Streptomyces sp. WAC00263
GCA_001975025.1_ASM197502v1_genomic	Bacteria	Actinomycetota	Actinomycetia	Streptomycetales	Streptomycetaceae	Streptomyces	Streptomyces alfalfae	Streptomyces alfalfae ACCC40021
GCA_001983595.1_ASM198359v1_genomic	Bacteria	Actinomycetota	Actinomycetia	Streptomycetales	Streptomycetaceae	Streptomyces	Streptomyces cyaneofuscatus	Streptomyces sp. IB2014 011-1
GCA_001983975.1_ASM198397v1_genomic	Bacteria	Actinomycetota	Actinomycetia	Streptomycetales	Streptomycetaceae	Streptomyces	Streptomyces samsunensis	Streptomyces autolyticus CGMCC0516
GCA_001984445.1_ASM198444v1_genomic	Bacteria	Actinomycetota	Actinomycetia	Streptomycetales	Streptomycetaceae	Streptomyces	Streptomyces lydicus	Streptomyces lydicus GS93
GCA_001984575.1_ASM198457v1_genomic	Bacteria	Actinomycetota	Actinomycetia	Streptomycetales	Streptomycetaceae	Streptomyces	Streptomyces sp001984575	Streptomyces sp. MP131-18
GCA_002005225.1_ASM200522v1_genomic	Bacteria	Actinomycetota	Actinomycetia	Streptomycetales	Streptomycetaceae	Streptomyces	Streptomyces pactum_A	Streptomyces pactum ACT12
GCA_002005565.1_ASM200556v1_genomic	Bacteria	Actinomycetota	Actinomycetia	Streptomycetales	Streptomycetaceae	Streptomyces	Streptomyces sp002005565	Streptomyces sp. JHA26
GCA_002007125.1_ASM200712v1_genomic	Bacteria	Actinomycetota	Actinomycetia	Streptomycetales	Streptomycetaceae	Streptomyces	Streptomyces tsukubensis_B	Streptomyces tsukubensis F601
GCA_002007685.1_ASM200768v1_genomic	Bacteria	Actinomycetota	Actinomycetia	Streptomycetales	Streptomycetaceae	Streptomyces	Streptomyces amritsarensis	Streptomyces sp. fd1-xmd
GCA_002009175.1_ASM200917v1_genomic	Bacteria	Actinomycetota	Actinomycetia	Streptomycetales	Streptomycetaceae	Streptomyces	Streptomyces niveus_A	Streptomyces niveus SCSIO 3406
GCA_002017835.1_ASM201783v1_genomic	Bacteria	Actinomycetota	Actinomycetia	Streptomycetales	Streptomycetaceae	Streptomyces	Streptomyces avermitilis	Streptomyces avermitilis MJM 7007
GCA_002019855.1_ASM201985v1_genomic	Bacteria	Actinomycetota	Actinomycetia	Streptomycetales	Streptomycetaceae	Streptomyces	Streptomyces antibioticus_B	Streptomyces antibioticus DSM 41481
GCA_002021875.1_ASM202187v1_genomic	Bacteria	Actinomycetota	Actinomycetia	Streptomycetales	Streptomycetaceae	Streptomyces	Streptomyces violaceusniger_A	Streptomyces hygroscopicus XM201
GCA_002024165.1_SSNF3.0_genomic	Bacteria	Actinomycetota	Actinomycetia	Streptomycetales	Streptomycetaceae	Embleya	Embleya scabrispora_A	Embleya scabrispora NF3
GCA_002027195.1_ASM202719v1_genomic	Bacteria	Actinomycetota	Actinomycetia	Streptomycetales	Streptomycetaceae	Streptomyces	Streptomyces sp002027195	Streptomyces sp. GKU 895
GCA_002028385.1_ASM202838v1_genomic	Bacteria	Actinomycetota	Actinomycetia	Streptomycetales	Streptomycetaceae	Streptomyces	Streptomyces sp002080455	Streptomyces sp. 3211
GCA_002028425.1_ASM202842v1_genomic	Bacteria	Actinomycetota	Actinomycetia	Streptomycetales	Streptomycetaceae	Streptomyces	Streptomyces katrae_A	Streptomyces katrae S3
GCA_002078175.1_ASM207817v1_genomic	Bacteria	Actinomycetota	Actinomycetia	Streptomycetales	Streptomycetaceae	Streptomyces	Streptomyces sp002078175	Streptomyces sp. M41(2017)
GCA_002078235.1_ASM207823v1_genomic	Bacteria	Actinomycetota	Actinomycetia	Streptomycetales	Streptomycetaceae	Streptomyces	Streptomyces viridosporus	Streptomyces viridosporus NRRL 2414
GCA_002080455.1_ASM208045v1_genomic	Bacteria	Actinomycetota	Actinomycetia	Streptomycetales	Streptomycetaceae	Streptomyces	Streptomyces sp002080455	Streptomyces sp. Sge12
GCA_002082175.1_ASM208217v1_genomic	Bacteria	Actinomycetota	Actinomycetia	Streptomycetales	Streptomycetaceae	Streptomyces	Streptomyces californicus	Streptomyces violaceoruber S21
GCA_002082195.1_ASM208219v1_genomic	Bacteria	Actinomycetota	Actinomycetia	Streptomycetales	Streptomycetaceae	Streptomyces	Streptomyces gilvosporeus	Streptomyces gilvosporeus F607
GCA_002082605.1_ASM208260v1_genomic	Bacteria	Actinomycetota	Actinomycetia	Streptomycetales	Streptomycetaceae	Kitasatospora	Kitasatospora aureofaciens	Kitasatospora aureofaciens DM-1
GCA_002090335.1_ASM209033v1_genomic	Bacteria	Actinomycetota	Actinomycetia	Streptomycetales	Streptomycetaceae	Streptomyces	Streptomyces lydicus	Streptomyces sp. MOE7
GCA_002094995.1_ASM209499v1_genomic	Bacteria	Actinomycetota	Actinomycetia	Streptomycetales	Streptomycetaceae	Streptomyces	Streptomyces bacillaris	Streptomyces sp. S8
GCA_002099185.1_ASM209918v1_genomic	Bacteria	Actinomycetota	Actinomycetia	Streptomycetales	Streptomycetaceae	Streptomyces	Streptomyces sp001905885	Streptomyces sp. CB03238
GCA_002104855.1_ASM210485v1_genomic	Bacteria	Actinomycetota	Actinomycetia	Streptomycetales	Streptomycetaceae	Streptomyces	Streptomyces mutabilis	Streptomyces sp. 4F
GCA_002114215.1_ASM211421v1_genomic	Bacteria	Actinomycetota	Actinomycetia	Streptomycetales	Streptomycetaceae	Streptomyces	Streptomyces sp002114215	Streptomyces sp. 13-12-16
GCA_002119195.1_ASM211919v1_genomic	Bacteria	Actinomycetota	Actinomycetia	Streptomycetales	Streptomycetaceae	Streptomyces	Streptomyces platensis	Streptomyces platensis DSM 40041
GCA_002119225.1_ASM211922v1_genomic	Bacteria	Actinomycetota	Actinomycetia	Streptomycetales	Streptomycetaceae	Streptomyces	Streptomyces fradiae	Streptomyces fradiae ATCC 10745 = DSM 40063 DSM 40063
GCA_002128305.1_ASM212830v1_genomic	Bacteria	Actinomycetota	Actinomycetia	Streptomycetales	Streptomycetaceae	Streptomyces	Streptomyces marincola	Streptomyces marincola SCSIO 03032
GCA_002148965.1_ASM214896v1_genomic	Bacteria	Actinomycetota	Actinomycetia	Streptomycetales	Streptomycetaceae	Streptomyces	Streptomyces swartbergensis	Streptomyces swartbergensis HMC13
GCA_002150705.1_ASM215070v1_genomic	Bacteria	Actinomycetota	Actinomycetia	Streptomycetales	Streptomycetaceae	Streptomyces	Streptomyces acidiscabies	Streptomyces acidiscabies NRRL B-16524
GCA_002150735.1_ASM215073v1_genomic	Bacteria	Actinomycetota	Actinomycetia	Streptomycetales	Streptomycetaceae	Streptomyces	Streptomyces africanus	Streptomyces africanus NRRL B-24243
GCA_002150845.1_ASM215084v1_genomic	Bacteria	Actinomycetota	Actinomycetia	Streptomycetales	Streptomycetaceae	Streptomyces	Streptomyces triculaminicus_A	Streptomyces alboverticillatus NRRL B-24281
GCA_002154275.1_ASM215427v1_genomic	Bacteria	Actinomycetota	Actinomycetia	Streptomycetales	Streptomycetaceae	Streptomyces	Streptomyces antimycoticus	Streptomyces antimycoticus NRRL B-24289
GCA_002154375.1_ASM215437v1_genomic	Bacteria	Actinomycetota	Actinomycetia	Streptomycetales	Streptomycetaceae	Streptomyces	Streptomyces glaucescens	Streptomyces glaucescens NRRL B-2706
GCA_002154385.1_ASM215438v1_genomic	Bacteria	Actinomycetota	Actinomycetia	Streptomycetales	Streptomycetaceae	Streptomyces	Streptomyces globisporus	Streptomyces albovinaceus NRRL B-2566
GCA_002154415.1_ASM215441v1_genomic	Bacteria	Actinomycetota	Actinomycetia	Streptomycetales	Streptomycetaceae	Streptomyces	Streptomyces angustmyceticus	Streptomyces angustmyceticus NRRL B-2347
GCA_002154445.1_ASM215444v1_genomic	Bacteria	Actinomycetota	Actinomycetia	Streptomycetales	Streptomycetaceae	Streptomyces	Streptomyces fradiae	Streptomyces fradiae NRRL B-1195
GCA_002154495.1_ASM215449v1_genomic	Bacteria	Actinomycetota	Actinomycetia	Streptomycetales	Streptomycetaceae	Streptomyces	Streptomyces cacaoi	Streptomyces cacaoi NRRL B-1220
GCA_002154505.1_ASM215450v1_genomic	Bacteria	Actinomycetota	Actinomycetia	Streptomycetales	Streptomycetaceae	Streptomyces	Streptomyces carpinensis	Streptomyces carpinensis NRRL B-16921
GCA_002154555.1_ASM215455v1_genomic	Bacteria	Actinomycetota	Actinomycetia	Streptomycetales	Streptomycetaceae	Streptomyces	Streptomyces murinus	Streptomyces murinus NRRL B-2286
GCA_002154575.1_ASM215457v1_genomic	Bacteria	Actinomycetota	Actinomycetia	Streptomycetales	Streptomycetaceae	Streptomyces	Streptomyces bobili	Streptomyces bobili NRRL B-1338
GCA_002154605.1_ASM215460v1_genomic	Bacteria	Actinomycetota	Actinomycetia	Streptomycetales	Streptomycetaceae	Streptomyces	Streptomyces milbemycinicus	Streptomyces milbemycinicus NRRL 5739
GCA_002154615.1_ASM215461v1_genomic	Bacteria	Actinomycetota	Actinomycetia	Streptomycetales	Streptomycetaceae	Streptomyces	Streptomyces griseoluteus	Streptomyces recifensis NRRL B-3811
GCA_002154675.1_ASM215467v1_genomic	Bacteria	Actinomycetota	Actinomycetia	Streptomycetales	Streptomycetaceae	Streptomyces	Streptomyces turgidiscabies	Streptomyces reticuliscabiei NRRL B-24446
GCA_002155725.1_ASM215572v1_genomic	Bacteria	Actinomycetota	Actinomycetia	Streptomycetales	Streptomycetaceae	Streptomyces	Streptomyces caniscabiei	Streptomyces caniscabiei NRRL B-2801
GCA_002155735.1_ASM215573v1_genomic	Bacteria	Actinomycetota	Actinomycetia	Streptomycetales	Streptomycetaceae	Streptomyces	Streptomyces europaeiscabiei	Streptomyces scabiei NRRL B-2796
GCA_002155765.1_ASM215576v1_genomic	Bacteria	Actinomycetota	Actinomycetia	Streptomycetales	Streptomycetaceae	Streptomyces	Streptomyces caniscabiei	Streptomyces caniscabiei NRRL B-24093
GCA_002155885.1_ASM215588v1_genomic	Bacteria	Actinomycetota	Actinomycetia	Streptomycetales	Streptomycetaceae	Streptomyces	Streptomyces asiaticus	Streptomyces rhizosphaericus NRRL B-24304
GCA_002155895.1_ASM215589v1_genomic	Bacteria	Actinomycetota	Actinomycetia	Streptomycetales	Streptomycetaceae	Streptomyces	Streptomyces rochei	Streptomyces rochei NRRL B-2410
GCA_002155905.1_ASM215590v1_genomic	Bacteria	Actinomycetota	Actinomycetia	Streptomycetales	Streptomycetaceae	Streptomyces	Streptomyces tricolor	Streptomyces tricolor NRRL B-16925
GCA_002155915.1_ASM215591v1_genomic	Bacteria	Actinomycetota	Actinomycetia	Streptomycetales	Streptomycetaceae	Streptomyces	Streptomyces thermovulgaris	Streptomyces thermovulgaris NRRL B-12375
GCA_002156055.1_ASM215605v1_genomic	Bacteria	Actinomycetota	Actinomycetia	Streptomycetales	Streptomycetaceae	Streptomyces	Streptomyces sp001509795	Streptomyces viridochromogenes NRRL B-24167
GCA_002156075.1_ASM215607v1_genomic	Bacteria	Actinomycetota	Actinomycetia	Streptomycetales	Streptomycetaceae	Streptomyces	Streptomyces brasiliscabiei	Streptomyces griseiscabiei NRRL B-2795
GCA_002156095.1_ASM215609v1_genomic	Bacteria	Actinomycetota	Actinomycetia	Streptomycetales	Streptomycetaceae	Streptomyces	Streptomyces sp001282115	Streptomyces sp. NRRL B-24085
GCA_002156145.1_ASM215614v1_genomic	Bacteria	Actinomycetota	Actinomycetia	Streptomycetales	Streptomycetaceae	Streptomyces	Streptomyces vietnamensis	Streptomyces sp. NRRL B-24572
GCA_002158965.1_ASM215896v1_genomic	Bacteria	Actinomycetota	Actinomycetia	Streptomycetales	Streptomycetaceae	Streptomyces	Streptomyces cyaneofuscatus	Streptomyces lavendulae subsp. lavendulae
GCA_002188335.1_ASM218833v1_genomic	Bacteria	Actinomycetota	Actinomycetia	Streptomycetales	Streptomycetaceae	Streptomyces	Streptomyces coelicoflavus	Streptomyces sp. CS159
GCA_002188345.1_ASM218834v1_genomic	Bacteria	Actinomycetota	Actinomycetia	Streptomycetales	Streptomycetaceae	Streptomyces	Streptomyces anulatus	Streptomyces sp. CS057
GCA_002188355.1_ASM218835v1_genomic	Bacteria	Actinomycetota	Actinomycetia	Streptomycetales	Streptomycetaceae	Streptomyces	Streptomyces albidoflavus	Streptomyces sp. CS227
GCA_002188365.1_ASM218836v1_genomic	Bacteria	Actinomycetota	Actinomycetia	Streptomycetales	Streptomycetaceae	Streptomyces	Streptomyces tendae	Streptomyces sp. CS113
GCA_002189675.2_ASM218967v2_genomic	Bacteria	Actinomycetota	Actinomycetia	Streptomycetales	Streptomycetaceae	Streptomyces	Streptomyces alboflavus	Streptomyces alboflavus MDJK44
GCA_002192455.1_ASM219245v1_genomic	Bacteria	Actinomycetota	Actinomycetia	Streptomycetales	Streptomycetaceae	Streptomyces	Streptomyces albireticuli_B	Streptomyces albireticuli MDJK11
GCA_002214185.1_ASM221418v1_genomic	Bacteria	Actinomycetota	Actinomycetia	Streptomycetales	Streptomycetaceae	Streptomyces	Streptomyces capitiformicae	Streptomyces capitiformicae 1H-SSA4
GCA_002217715.1_ASM221771v1_genomic	Bacteria	Actinomycetota	Actinomycetia	Streptomycetales	Streptomycetaceae	Streptomyces	Streptomyces rubiginosohelvolus	Streptomyces sp. SS07
GCA_002217755.1_ASM221775v1_genomic	Bacteria	Actinomycetota	Actinomycetia	Streptomycetales	Streptomycetaceae	Streptomyces	Streptomyces hyaluromycini	Streptomyces hyaluromycini NBRC 110483
GCA_002237655.1_ASM223765v1_genomic	Bacteria	Actinomycetota	Actinomycetia	Streptomycetales	Streptomycetaceae	Streptomyces	Streptomyces sp002237655	Streptomyces sp. XY006
GCA_002242735.1_ASM224273v1_genomic	Bacteria	Actinomycetota	Actinomycetia	Streptomycetales	Streptomycetaceae	Streptomyces	Streptomyces microflavus	Streptomyces sp. 2R
GCA_002242805.1_ASM224280v1_genomic	Bacteria	Actinomycetota	Actinomycetia	Streptomycetales	Streptomycetaceae	Streptomyces	Streptomyces diastatochromogenes	Streptomyces diastatochromogenes DSM 40608
GCA_002251155.1_ASM225115v1_genomic	Bacteria	Actinomycetota	Actinomycetia	Streptomycetales	Streptomycetaceae	Streptomyces	Streptomyces tricolor	Streptomyces sp. FBKL.4005
GCA_002261115.1_ASM226111v1_genomic	Bacteria	Actinomycetota	Actinomycetia	Streptomycetales	Streptomycetaceae	Streptomyces	Streptomyces celluloflavus	Streptomyces kasugaensis BCRC 12349
GCA_002276245.1_ASM227624v1_genomic	Bacteria	Actinomycetota	Actinomycetia	Streptomycetales	Streptomycetaceae	Streptomyces	Streptomyces mutabilis	Streptomyces sp. alain-838
GCA_002277855.1_ASM227785v1_genomic	Bacteria	Actinomycetota	Actinomycetia	Streptomycetales	Streptomycetaceae	Streptomyces	Streptomyces mutabilis	Streptomyces sp. Alain-F2R5
GCA_002286695.1_ASM228669v1_genomic	Bacteria	Actinomycetota	Actinomycetia	Streptomycetales	Streptomycetaceae	Streptomyces	Streptomyces albireticuli	Streptomyces albireticuli NRRL B-1670
GCA_002288075.1_ASM228807v1_genomic	Bacteria	Actinomycetota	Actinomycetia	Streptomycetales	Streptomycetaceae	Streptomyces	Streptomyces sp000213055	Streptomyces sp. CLI2509
GCA_002289305.1_CMB-CS145_genomic	Bacteria	Actinomycetota	Actinomycetia	Streptomycetales	Streptomycetaceae	Streptomyces	Streptomyces albidoflavus	Streptomyces albidoflavus 145
GCA_002289335.1_CMB-CS132_genomic	Bacteria	Actinomycetota	Actinomycetia	Streptomycetales	Streptomycetaceae	Streptomyces	Streptomyces albidoflavus	Streptomyces albidoflavus 132
GCA_002291145.1_ASM229114v1_genomic	Bacteria	Actinomycetota	Actinomycetia	Streptomycetales	Streptomycetaceae	Streptomyces	Streptomyces sp002291145	Streptomyces sp. SA15
GCA_002300165.1_ASM230016v1_genomic	Bacteria	Actinomycetota	Actinomycetia	Streptomycetales	Streptomycetaceae	Streptomyces	Streptomyces sp002300165	Streptomyces sp. Tue6028
GCA_002300315.1_ASM230031v1_genomic	Bacteria	Actinomycetota	Actinomycetia	Streptomycetales	Streptomycetaceae	Streptomyces	Streptomyces sp900187385	Streptomyces sp. 2321.6
GCA_002300355.1_ASM230035v1_genomic	Bacteria	Actinomycetota	Actinomycetia	Streptomycetales	Streptomycetaceae	Kitasatospora	Kitasatospora sp002300355	Streptomyces sp. TLI_235
GCA_002300485.1_ASM230048v1_genomic	Bacteria	Actinomycetota	Actinomycetia	Streptomycetales	Streptomycetaceae	Streptomyces	Streptomyces olivochromogenes	Streptomyces sp. Ag82_O1-15
GCA_002317005.1_CMB-CS038_genomic	Bacteria	Actinomycetota	Actinomycetia	Streptomycetales	Streptomycetaceae	Streptomyces	Streptomyces albidoflavus	Streptomyces albidoflavus 38
GCA_002317025.1_CMB-CS138_genomic	Bacteria	Actinomycetota	Actinomycetia	Streptomycetales	Streptomycetaceae	Streptomyces	Streptomyces albidoflavus	Streptomyces albidoflavus 138
GCA_002317035.1_CMB-CS143_genomic	Bacteria	Actinomycetota	Actinomycetia	Streptomycetales	Streptomycetaceae	Streptomyces	Streptomyces albidoflavus	Streptomyces albidoflavus 143
GCA_002335465.1_Solivochromogenes3561_assembly01_genomic	Bacteria	Actinomycetota	Actinomycetia	Streptomycetales	Streptomycetaceae	Streptomyces	Streptomyces olivochromogenes	Streptomyces olivochromogenes NBRC 3561
GCA_002355495.1_ASM235549v1_genomic	Bacteria	Actinomycetota	Actinomycetia	Streptomycetales	Streptomycetaceae	Streptomyces	Streptomyces laurentii	Streptomyces laurentii ATCC 31255
GCA_002382885.1_WZ.A104_genomic	Bacteria	Actinomycetota	Actinomycetia	Streptomycetales	Streptomycetaceae	Streptomyces	Streptomyces sp002382885	Streptomyces sp. WZ.A104
GCA_002551015.1_ASM255101v1_genomic	Bacteria	Actinomycetota	Actinomycetia	Streptomycetales	Streptomycetaceae	Streptomyces	Streptomyces anulatus	Streptomyces sp. wa1071
GCA_002551045.1_ASM255104v1_genomic	Bacteria	Actinomycetota	Actinomycetia	Streptomycetales	Streptomycetaceae	Streptomyces	Streptomyces anulatus	Streptomyces sp. wa1063
GCA_002551055.1_ASM255105v1_genomic	Bacteria	Actinomycetota	Actinomycetia	Streptomycetales	Streptomycetaceae	Streptomyces	Streptomyces anulatus	Streptomyces sp. wa1002
GCA_002551065.1_ASM255106v1_genomic	Bacteria	Actinomycetota	Actinomycetia	Streptomycetales	Streptomycetaceae	Streptomyces	Streptomyces rubiginosohelvolus	Streptomyces sp. t99
GCA_002551105.1_ASM255110v1_genomic	Bacteria	Actinomycetota	Actinomycetia	Streptomycetales	Streptomycetaceae	Streptomyces	Streptomyces globisporus	Streptomyces sp. st170
GCA_002551135.1_ASM255113v1_genomic	Bacteria	Actinomycetota	Actinomycetia	Streptomycetales	Streptomycetaceae	Streptomyces	Streptomyces rubiginosohelvolus	Streptomyces sp. st140
GCA_002551145.1_ASM255114v1_genomic	Bacteria	Actinomycetota	Actinomycetia	Streptomycetales	Streptomycetaceae	Streptomyces	Streptomyces fimicarius	Streptomyces sp. st115
GCA_002551175.1_ASM255117v1_genomic	Bacteria	Actinomycetota	Actinomycetia	Streptomycetales	Streptomycetaceae	Streptomyces	Streptomyces parvus	Streptomyces sp. st77
GCA_002551185.1_ASM255118v1_genomic	Bacteria	Actinomycetota	Actinomycetia	Streptomycetales	Streptomycetaceae	Streptomyces	Streptomyces californicus	Streptomyces sp. sk226
GCA_002551215.1_ASM255121v1_genomic	Bacteria	Actinomycetota	Actinomycetia	Streptomycetales	Streptomycetaceae	Streptomyces	Streptomyces anulatus	Streptomyces sp. rh207
GCA_002551225.1_ASM255122v1_genomic	Bacteria	Actinomycetota	Actinomycetia	Streptomycetales	Streptomycetaceae	Streptomyces	Streptomyces anulatus	Streptomyces sp. rh206
GCA_002551235.1_ASM255123v1_genomic	Bacteria	Actinomycetota	Actinomycetia	Streptomycetales	Streptomycetaceae	Streptomyces	Streptomyces anulatus	Streptomyces sp. rh195
GCA_002551245.1_ASM255124v1_genomic	Bacteria	Actinomycetota	Actinomycetia	Streptomycetales	Streptomycetaceae	Streptomyces	Streptomyces sp002551245	Streptomyces sp. rh34
GCA_002551295.1_ASM255129v1_genomic	Bacteria	Actinomycetota	Actinomycetia	Streptomycetales	Streptomycetaceae	Streptomyces	Streptomyces anulatus	Streptomyces sp. or3
GCA_002551305.1_ASM255130v1_genomic	Bacteria	Actinomycetota	Actinomycetia	Streptomycetales	Streptomycetaceae	Streptomyces	Streptomyces anulatus	Streptomyces sp. or20
GCA_002551335.1_ASM255133v1_genomic	Bacteria	Actinomycetota	Actinomycetia	Streptomycetales	Streptomycetaceae	Streptomyces	Streptomyces rubiginosohelvolus	Streptomyces sp. ms184
GCA_002551345.1_ASM255134v1_genomic	Bacteria	Actinomycetota	Actinomycetia	Streptomycetales	Streptomycetaceae	Streptomyces	Streptomyces rubiginosohelvolus	Streptomyces sp. ms115
GCA_002551375.1_ASM255137v1_genomic	Bacteria	Actinomycetota	Actinomycetia	Streptomycetales	Streptomycetaceae	Streptomyces	Streptomyces rubiginosohelvolus	Streptomyces sp. gb14
GCA_002551415.1_ASM255141v1_genomic	Bacteria	Actinomycetota	Actinomycetia	Streptomycetales	Streptomycetaceae	Streptomyces	Streptomyces rubiginosohelvolus	Streptomyces sp. f51
GCA_002551425.1_ASM255142v1_genomic	Bacteria	Actinomycetota	Actinomycetia	Streptomycetales	Streptomycetaceae	Streptomyces	Streptomyces californicus	Streptomyces sp. b94
GCA_002551435.1_ASM255143v1_genomic	Bacteria	Actinomycetota	Actinomycetia	Streptomycetales	Streptomycetaceae	Streptomyces	Streptomyces rubiginosohelvolus	Streptomyces sp. f150
GCA_002551465.1_ASM255146v1_genomic	Bacteria	Actinomycetota	Actinomycetia	Streptomycetales	Streptomycetaceae	Streptomyces	Streptomyces anulatus	Streptomyces sp. b84
GCA_002551475.1_ASM255147v1_genomic	Bacteria	Actinomycetota	Actinomycetia	Streptomycetales	Streptomycetaceae	Streptomyces	Streptomyces rubiginosohelvolus	Streptomyces sp. b62
GCA_002556545.1_ASM255654v1_genomic	Bacteria	Actinomycetota	Actinomycetia	Streptomycetales	Streptomycetaceae	Streptomyces	Streptomyces formicae_A	Streptomyces formicae KY5
GCA_002573955.1_ASM257395v1_genomic	Bacteria	Actinomycetota	Actinomycetia	Streptomycetales	Streptomycetaceae	Streptomyces	Streptomyces lycii	Streptomyces sp. Ru87
GCA_002591335.1_ASM259133v1_genomic	Bacteria	Actinomycetota	Actinomycetia	Streptomycetales	Streptomycetaceae	Streptomyces	Streptomyces samsunensis	Streptomyces malaysiensis DSM 4137
GCA_002633395.1_ASM263339v1_genomic	Bacteria	Actinomycetota	Actinomycetia	Streptomycetales	Streptomycetaceae	Streptomyces	Streptomyces microflavus	Streptomyces sp. ScaeMP-e48
GCA_002705665.1_ASM270566v1_genomic	Bacteria	Actinomycetota	Actinomycetia	Streptomycetales	Streptomycetaceae	Streptomyces	Streptomyces libani	Streptomyces sp. SceaMP-e96
GCA_002705685.1_ASM270568v1_genomic	Bacteria	Actinomycetota	Actinomycetia	Streptomycetales	Streptomycetaceae	Streptomyces	Streptomyces parvus	Streptomyces sp. Ncost-T6T-1
GCA_002705695.1_ASM270569v1_genomic	Bacteria	Actinomycetota	Actinomycetia	Streptomycetales	Streptomycetaceae	Streptomyces	Streptomyces halstedii	Streptomyces sp. OspMP-M45
GCA_002705725.1_ASM270572v1_genomic	Bacteria	Actinomycetota	Actinomycetia	Streptomycetales	Streptomycetaceae	Streptomyces	Streptomyces bacillaris	Streptomyces sp. AmelKG-D3
GCA_002705975.1_ASM270597v1_genomic	Bacteria	Actinomycetota	Actinomycetia	Streptomycetales	Streptomycetaceae	Streptomyces	Streptomyces uncialis	Streptomyces sp. AmelKG-E11A
GCA_002711365.1_ASM271136v1_genomic	Bacteria	Actinomycetota	Actinomycetia	Streptomycetales	Streptomycetaceae	Streptomyces	Streptomyces silvae	Streptomyces sp. LamerLS-316
GCA_002727115.1_ASM272711v1_genomic	Bacteria	Actinomycetota	Actinomycetia	Streptomycetales	Streptomycetaceae	Streptomyces	Streptomyces cinnamoneus_A	Streptomyces cinnamoneus ATCC 21532
GCA_002742045.1_ASM274204v1_genomic	Bacteria	Actinomycetota	Actinomycetia	Streptomycetales	Streptomycetaceae	Streptomyces	Streptomyces dengpaensis	Streptomyces sp. HG99
GCA_002777535.1_ASM277753v1_genomic	Bacteria	Actinomycetota	Actinomycetia	Streptomycetales	Streptomycetaceae	Streptomyces	Streptomyces xantholiticus	Streptomyces peucetius subsp. caesius ATCC 27952
GCA_002794255.1_ASM279425v1_genomic	Bacteria	Actinomycetota	Actinomycetia	Streptomycetales	Streptomycetaceae	Streptomyces	Streptomyces carminius	Streptomyces carminius TRM SA0054
GCA_002797835.1_ASM279783v1_genomic	Bacteria	Actinomycetota	Actinomycetia	Streptomycetales	Streptomycetaceae	Streptomyces	Streptomyces sioyaensis	Streptomyces sp. 2333.5
GCA_002802945.1_ASM280294v1_genomic	Bacteria	Actinomycetota	Actinomycetia	Streptomycetales	Streptomycetaceae	Streptomyces	Streptomyces diastaticus	Streptomyces sp. TSRI0384-2
GCA_002803065.1_ASM280306v1_genomic	Bacteria	Actinomycetota	Actinomycetia	Streptomycetales	Streptomycetaceae	Streptomyces	Streptomyces sp002803065	Streptomyces sp. CB01635
GCA_002803075.1_ASM280307v1_genomic	Bacteria	Actinomycetota	Actinomycetia	Streptomycetales	Streptomycetaceae	Streptomyces	Streptomyces sp002803075	Streptomyces sp. CB01373
GCA_002803085.1_ASM280308v1_genomic	Bacteria	Actinomycetota	Actinomycetia	Streptomycetales	Streptomycetaceae	Streptomyces	Streptomyces sp002803085	Streptomyces sp. CB01201
GCA_002803145.1_ASM280314v1_genomic	Bacteria	Actinomycetota	Actinomycetia	Streptomycetales	Streptomycetaceae	Kitasatospora	Kitasatospora griseola	Kitasatospora sp. CB02891
GCA_002803155.1_ASM280315v1_genomic	Bacteria	Actinomycetota	Actinomycetia	Streptomycetales	Streptomycetaceae	Streptomyces	Streptomyces sp002803155	Streptomyces sp. CB02959
GCA_002803175.1_ASM280317v1_genomic	Bacteria	Actinomycetota	Actinomycetia	Streptomycetales	Streptomycetaceae	Streptomyces	Streptomyces parvus	Streptomyces sp. CB02613
GCA_002803195.1_ASM280319v1_genomic	Bacteria	Actinomycetota	Actinomycetia	Streptomycetales	Streptomycetaceae	Streptomyces	Streptomyces goshikiensis	Streptomyces sp. CB02120-2
GCA_002803845.1_ASM280384v1_genomic	Bacteria	Actinomycetota	Actinomycetia	Streptomycetales	Streptomycetaceae	Streptomyces	Streptomyces lavendulae_C	Streptomyces lavendulae subsp. lavendulae
GCA_002804165.1_ASM280416v1_genomic	Bacteria	Actinomycetota	Actinomycetia	Streptomycetales	Streptomycetaceae	Streptomyces	Streptomyces bacillaris	Streptomyces cavourensis 1AS2a
GCA_002808645.1_ASM280864v1_genomic	Bacteria	Actinomycetota	Actinomycetia	Streptomycetales	Streptomycetaceae	Streptomyces	Streptomyces albidoflavus	Streptomyces albidoflavus TBG-S13A5
GCA_002811705.2_ASM281170v2_genomic	Bacteria	Actinomycetota	Actinomycetia	Streptomycetales	Streptomycetaceae	Streptomyces	Streptomyces barkulensis	Streptomyces barkulensis RC 1831
GCA_002812405.1_ASM281240v1_genomic	Bacteria	Actinomycetota	Actinomycetia	Streptomycetales	Streptomycetaceae	Streptomyces	Streptomyces samsunensis	Streptomyces sp. M56
GCA_002832675.1_ASM283267v1_genomic	Bacteria	Actinomycetota	Actinomycetia	Streptomycetales	Streptomycetaceae	Streptomyces	Streptomyces sindenensis	Streptomyces sp. S063
GCA_002843305.1_ASM284330v1_genomic	Bacteria	Actinomycetota	Actinomycetia	Streptomycetales	Streptomycetaceae	Streptomyces	Streptomyces barkulensis	Streptomyces barkulensis RC 1831
GCA_002844215.1_ASM284421v1_genomic	Bacteria	Actinomycetota	Actinomycetia	Streptomycetales	Streptomycetaceae	Streptomyces	Streptomyces albidoflavus	Streptomyces sp. EAG2
GCA_002846415.1_ASM284641v1_genomic	Bacteria	Actinomycetota	Actinomycetia	Streptomycetales	Streptomycetaceae	Streptomyces	Streptomyces melanogenes	Streptomyces sp. TLI_146
GCA_002846455.1_ASM284645v1_genomic	Bacteria	Actinomycetota	Actinomycetia	Streptomycetales	Streptomycetaceae	Streptomyces	Streptomyces sp900105245	Streptomyces sp. 5112.2
GCA_002847285.1_ASM284728v1_genomic	Bacteria	Actinomycetota	Actinomycetia	Streptomycetales	Streptomycetaceae	Streptomyces	Streptomyces sp002847285	Streptomyces sp. CMB-StM0423
GCA_002848525.1_ASM284852v1_genomic	Bacteria	Actinomycetota	Actinomycetia	Streptomycetales	Streptomycetaceae	Streptomyces	Streptomyces bacillaris	Streptomyces sp. DUT11
GCA_002866845.1_ASM286684v1_genomic	Bacteria	Actinomycetota	Actinomycetia	Streptomycetales	Streptomycetaceae	SCUT-3	SCUT-3 sp014083985	Streptomyces sp. DJ
GCA_002879675.3_ASM287967v3_genomic	Bacteria	Actinomycetota	Actinomycetia	Streptomycetales	Streptomycetaceae	Streptomyces	Streptomyces griseoincarnatus	Streptomyces sp. SMS_SU21
GCA_002891295.1_ASM289129v1_genomic	Bacteria	Actinomycetota	Actinomycetia	Streptomycetales	Streptomycetaceae	Streptomyces	Streptomyces eurocidicus	Streptomyces eurocidicus ATCC 27428
GCA_002891315.1_ASM289131v1_genomic	Bacteria	Actinomycetota	Actinomycetia	Streptomycetales	Streptomycetaceae	Streptomyces	Streptomyces yunnanensis	Streptomyces noursei JCM 4701
GCA_002891435.1_ASM289143v1_genomic	Bacteria	Actinomycetota	Actinomycetia	Streptomycetales	Streptomycetaceae	Streptomyces	Streptomyces cahuitamycinicus	Streptomyces cahuitamycinicus 13K301
GCA_002891865.1_ASM289186v1_genomic	Bacteria	Actinomycetota	Actinomycetia	Streptomycetales	Streptomycetaceae	Streptomyces	Streptomyces samsunensis	Streptomyces malaysiensis F913
GCA_002892485.1_ASM289248v1_genomic	Bacteria	Actinomycetota	Actinomycetia	Streptomycetales	Streptomycetaceae	Streptomyces	Streptomyces sp000772045	Streptomyces diastaticus deep-sea A18
GCA_002899455.1_ASM289945v1_genomic	Bacteria	Actinomycetota	Actinomycetia	Streptomycetales	Streptomycetaceae	Streptomyces	Streptomyces sp002899455	Streptomyces sp. DH-12
GCA_002907485.1_ASM290748v1_genomic	Bacteria	Actinomycetota	Actinomycetia	Streptomycetales	Streptomycetaceae	Streptomyces	Streptomyces bacillaris	Streptomyces sp. ZL-24
GCA_002910725.2_ASM291072v2_genomic	Bacteria	Actinomycetota	Actinomycetia	Streptomycetales	Streptomycetaceae	Streptomyces	Streptomyces albidoflavus	Streptomyces sp. SM17
GCA_002910755.1_ASM291075v1_genomic	Bacteria	Actinomycetota	Actinomycetia	Streptomycetales	Streptomycetaceae	Streptomyces	Streptomyces otsuchiensis	Streptomyces sp. SM14
GCA_002910775.2_ASM291077v2_genomic	Bacteria	Actinomycetota	Actinomycetia	Streptomycetales	Streptomycetaceae	Streptomyces	Streptomyces halstedii	Streptomyces sp. SM18
GCA_002910795.1_ASM291079v1_genomic	Bacteria	Actinomycetota	Actinomycetia	Streptomycetales	Streptomycetaceae	Streptomyces	Streptomyces albidoflavus	Streptomyces sp. SM9
GCA_002910815.1_ASM291081v1_genomic	Bacteria	Actinomycetota	Actinomycetia	Streptomycetales	Streptomycetaceae	Streptomyces	Streptomyces albidoflavus	Streptomyces sp. FM008
GCA_002910825.1_ASM291082v1_genomic	Bacteria	Actinomycetota	Actinomycetia	Streptomycetales	Streptomycetaceae	Streptomyces	Streptomyces sp002910825	Streptomyces sp. SM1
GCA_002910855.1_ASM291085v1_genomic	Bacteria	Actinomycetota	Actinomycetia	Streptomycetales	Streptomycetaceae	Streptomyces	Streptomyces otsuchiensis	Streptomyces sp. SM12
GCA_002910875.1_ASM291087v1_genomic	Bacteria	Actinomycetota	Actinomycetia	Streptomycetales	Streptomycetaceae	Streptomyces	Streptomyces fimicarius	Streptomyces sp. SM13
GCA_002910895.1_ASM291089v1_genomic	Bacteria	Actinomycetota	Actinomycetia	Streptomycetales	Streptomycetaceae	Streptomyces	Streptomyces halstedii	Streptomyces sp. SM5
GCA_002910905.1_ASM291090v1_genomic	Bacteria	Actinomycetota	Actinomycetia	Streptomycetales	Streptomycetaceae	Streptomyces	Streptomyces sp002910905	Streptomyces sp. SM11
GCA_002910915.1_ASM291091v1_genomic	Bacteria	Actinomycetota	Actinomycetia	Streptomycetales	Streptomycetaceae	Streptomyces	Streptomyces sp002910915	Streptomyces sp. SM10
GCA_002910935.1_ASM291093v1_genomic	Bacteria	Actinomycetota	Actinomycetia	Streptomycetales	Streptomycetaceae	Streptomyces	Streptomyces fimicarius	Streptomyces sp. B226SN101
GCA_002910985.1_ASM291098v1_genomic	Bacteria	Actinomycetota	Actinomycetia	Streptomycetales	Streptomycetaceae	Streptomyces	Streptomyces fimicarius	Streptomyces sp. B188M101
GCA_002911015.1_ASM291101v1_genomic	Bacteria	Actinomycetota	Actinomycetia	Streptomycetales	Streptomycetaceae	Streptomyces	Streptomyces populi	Streptomyces populi A249
GCA_002920535.1_ASM292053v1_genomic	Bacteria	Actinomycetota	Actinomycetia	Streptomycetales	Streptomycetaceae	Streptomyces	Streptomyces sp002920535	Streptomyces sp. Ru71
GCA_002920575.1_ASM292057v1_genomic	Bacteria	Actinomycetota	Actinomycetia	Streptomycetales	Streptomycetaceae	Streptomyces	Streptomyces sp002920575	Streptomyces sp. Ru73
GCA_002920615.1_ASM292061v1_genomic	Bacteria	Actinomycetota	Actinomycetia	Streptomycetales	Streptomycetaceae	Streptomyces	Streptomyces sp002920615	Streptomyces sp. Ru62
GCA_002920635.1_ASM292063v1_genomic	Bacteria	Actinomycetota	Actinomycetia	Streptomycetales	Streptomycetaceae	Streptomyces	Streptomyces sp002920635	Streptomyces sp. Ru72
GCA_002939385.1_ASM293938v1_genomic	Bacteria	Actinomycetota	Actinomycetia	Streptomycetales	Streptomycetaceae	Streptomyces	Streptomyces sp002939385	Streptomyces sp. MH60
GCA_002939475.1_ASM293947v1_genomic	Bacteria	Actinomycetota	Actinomycetia	Streptomycetales	Streptomycetaceae	Streptomyces	Streptomyces cinnamoneus_A	Streptomyces cinnamoneus DSM 41675
GCA_002940705.1_ASM294070v1_genomic	Bacteria	Actinomycetota	Actinomycetia	Streptomycetales	Streptomycetaceae	Streptomyces	Streptomyces tibetensis	Streptomyces sp. 46
GCA_002943525.1_ASM294352v1_genomic	Bacteria	Actinomycetota	Actinomycetia	Streptomycetales	Streptomycetaceae	Kitasatospora	Kitasatospora sp002943525	Kitasatospora sp. MMS16-BH015
GCA_002943895.1_ASM294389v1_genomic	Bacteria	Actinomycetota	Actinomycetia	Streptomycetales	Streptomycetaceae	Streptomyces	Streptomyces bikiniensis	Streptomyces sp. WAC00288
GCA_002946835.1_ASM294683v1_genomic	Bacteria	Actinomycetota	Actinomycetia	Streptomycetales	Streptomycetaceae	Streptomyces	Streptomyces dengpaensis	Streptomyces dengpaensis XZHG99
GCA_002954775.1_ASM295477v1_genomic	Bacteria	Actinomycetota	Actinomycetia	Streptomycetales	Streptomycetaceae	Streptomyces	Streptomyces geranii	Streptomyces geranii A301
GCA_002966105.1_ASM296610v1_genomic	Bacteria	Actinomycetota	Actinomycetia	Streptomycetales	Streptomycetaceae	Streptomyces	Streptomyces xinghaiensis	Streptomyces xinghaiensis OlgR2-7A
GCA_002982015.1_ASM298201v1_genomic	Bacteria	Actinomycetota	Actinomycetia	Streptomycetales	Streptomycetaceae	Streptomyces	Streptomyces sp002982015	Streptomyces solincola T5
GCA_003013745.1_ASM301374v1_genomic	Bacteria	Actinomycetota	Actinomycetia	Streptomycetales	Streptomycetaceae	Streptomyces	Streptomyces anthocyanicus	Streptomyces sp. 111WW2
GCA_003024195.1_ASM302419v1_genomic	Bacteria	Actinomycetota	Actinomycetia	Streptomycetales	Streptomycetaceae	Streptomyces	Streptomyces dioscori	Streptomyces dioscori A217
GCA_003024215.1_ASM302421v1_genomic	Bacteria	Actinomycetota	Actinomycetia	Streptomycetales	Streptomycetaceae	Streptomyces	Streptomyces parvus	Streptomyces sp. CS149
GCA_003032475.1_ASM303247v1_genomic	Bacteria	Actinomycetota	Actinomycetia	Streptomycetales	Streptomycetaceae	Streptomyces	Streptomyces sp003032475	Streptomyces sp. P3
GCA_003041235.1_ASM304123v1_genomic	Bacteria	Actinomycetota	Actinomycetia	Streptomycetales	Streptomycetaceae	Streptomyces	Streptomyces iakyrus	Streptomyces sp. A244
GCA_003046555.1_ASM304655v1_genomic	Bacteria	Actinomycetota	Actinomycetia	Streptomycetales	Streptomycetaceae	Streptomyces	Streptomyces plumbidurans	Streptomyces sp. VMFN-G11Ma
GCA_003048205.2_ASM304820v2_genomic	Bacteria	Actinomycetota	Actinomycetia	Streptomycetales	Streptomycetaceae	Streptomyces	Streptomyces chartreusis	Streptomyces chartreusis WZS021
GCA_003054555.1_ASM305455v1_genomic	Bacteria	Actinomycetota	Actinomycetia	Streptomycetales	Streptomycetaceae	Streptomyces	Streptomyces lunaelactis	Streptomyces lunaelactis MM109
GCA_003073355.1_ASM307335v1_genomic	Bacteria	Actinomycetota	Actinomycetia	Streptomycetales	Streptomycetaceae	Streptomyces	Streptomyces scopuliridis	Streptomyces scopuliridis RB72 RB72
GCA_003074055.1_ASM307405v1_genomic	Bacteria	Actinomycetota	Actinomycetia	Streptomycetales	Streptomycetaceae	Streptomyces	Streptomyces nigra	Streptomyces nigra 452
GCA_003097515.1_ASM309751v1_genomic	Bacteria	Actinomycetota	Actinomycetia	Streptomycetales	Streptomycetaceae	Streptomyces	Streptomyces tirandamycinicus	Streptomyces tirandamycinicus HNM0039
GCA_003112515.1_ASM311251v1_genomic	Bacteria	Actinomycetota	Actinomycetia	Streptomycetales	Streptomycetaceae	Streptomyces	Streptomyces fragilis	Streptomyces fragilis NBRC 12862
GCA_003112535.1_ASM311253v1_genomic	Bacteria	Actinomycetota	Actinomycetia	Streptomycetales	Streptomycetaceae	Streptomyces	Streptomyces rishiriensis	Streptomyces rishiriensis NBRC 13407
GCA_003112555.1_ASM311255v1_genomic	Bacteria	Actinomycetota	Actinomycetia	Streptomycetales	Streptomycetaceae	Streptomyces	Streptomyces coelicoflavus	Streptomyces coelicoflavus NBRC 15399
GCA_003112575.1_ASM311257v1_genomic	Bacteria	Actinomycetota	Actinomycetia	Streptomycetales	Streptomycetaceae	Streptomyces	Streptomyces ardesiacus	Streptomyces ardesiacus NBRC 15402
GCA_003112595.1_ASM311259v1_genomic	Bacteria	Actinomycetota	Actinomycetia	Streptomycetales	Streptomycetaceae	Streptomyces	Streptomyces rubrogriseus	Streptomyces rubrogriseus NBRC 15455
GCA_003116675.1_ASM311667v1_genomic	Bacteria	Actinomycetota	Actinomycetia	Streptomycetales	Streptomycetaceae	Streptomyces	Streptomyces cyaneofuscatus	Streptomyces sp. CS090A
GCA_003116685.1_ASM311668v1_genomic	Bacteria	Actinomycetota	Actinomycetia	Streptomycetales	Streptomycetaceae	Streptomyces	Streptomyces parvus	Streptomyces sp. CS014
GCA_003116715.1_ASM311671v1_genomic	Bacteria	Actinomycetota	Actinomycetia	Streptomycetales	Streptomycetaceae	Streptomyces	Streptomyces bikiniensis	Streptomyces sp. CS081A
GCA_003116725.1_ASM311672v1_genomic	Bacteria	Actinomycetota	Actinomycetia	Streptomycetales	Streptomycetaceae	Streptomyces	Streptomyces sp003116725	Streptomyces sp. CS065A
GCA_003116755.1_ASM311675v1_genomic	Bacteria	Actinomycetota	Actinomycetia	Streptomycetales	Streptomycetaceae	Streptomyces	Streptomyces parvus	Streptomyces sp. CS131
GCA_003116775.1_ASM311677v1_genomic	Bacteria	Actinomycetota	Actinomycetia	Streptomycetales	Streptomycetaceae	Streptomyces	Streptomyces parvus	Streptomyces sp. CS147
GCA_003116795.1_ASM311679v1_genomic	Bacteria	Actinomycetota	Actinomycetia	Streptomycetales	Streptomycetaceae	Streptomyces	Streptomyces rochei	Streptomyces sp. CS207
GCA_003121295.1_ASM312129v1_genomic	Bacteria	Actinomycetota	Actinomycetia	Streptomycetales	Streptomycetaceae	Streptomyces	Streptomyces orinoci	Streptomyces orinoci NRRL B-3379
GCA_003122345.2_ASM312234v2_genomic	Bacteria	Actinomycetota	Actinomycetia	Streptomycetales	Streptomycetaceae	Streptomyces	Streptomyces xinghaiensis	Streptomyces xinghaiensis OlgR
GCA_003122365.1_ASM312236v1_genomic	Bacteria	Actinomycetota	Actinomycetia	Streptomycetales	Streptomycetaceae	Streptomyces	Streptomyces spongiicola	Streptomyces spongiicola HNM0071
GCA_003129505.1_ASM312950v1_genomic	Bacteria	Actinomycetota	Actinomycetia	Streptomycetales	Streptomycetaceae	Streptomyces	Streptomyces niveiscabiei	Streptomyces sp. V2
GCA_003143855.1_ASM314385v1_genomic	Bacteria	Actinomycetota	Actinomycetia	Streptomycetales	Streptomycetaceae	Streptomyces	Streptomyces sp003143855	Streptomyces sp. NWU339
GCA_003143935.1_ASM314393v1_genomic	Bacteria	Actinomycetota	Actinomycetia	Streptomycetales	Streptomycetaceae	Streptomyces	Streptomyces sp003143935	Streptomyces sp. Act143
GCA_003144095.1_ASM314409v1_genomic	Bacteria	Actinomycetota	Actinomycetia	Streptomycetales	Streptomycetaceae	Streptomyces	Streptomyces sp003144095	Streptomyces sp. ICBB 8177
GCA_003146615.1_ASM314661v1_genomic	Bacteria	Actinomycetota	Actinomycetia	Streptomycetales	Streptomycetaceae	Streptomyces	Streptomyces viridosporus	Streptomyces sp. NWU49
GCA_003147545.1_ASM314754v1_genomic	Bacteria	Actinomycetota	Actinomycetia	Streptomycetales	Streptomycetaceae	Streptomyces	Streptomyces globisporus	Streptomyces globisporus TFH56
GCA_003148825.1_ASM314882v1_genomic	Bacteria	Actinomycetota	Actinomycetia	Streptomycetales	Streptomycetaceae	Streptomyces	Streptomyces sp003148825	Streptomyces sp. CG 926
GCA_003173275.1_ASM317327v1_genomic	Bacteria	Actinomycetota	Actinomycetia	Streptomycetales	Streptomycetaceae	Streptomyces	Streptomyces libani	Streptomyces sp. NEAU-S7GS2
GCA_003173635.1_ASM317363v1_genomic	Bacteria	Actinomycetota	Actinomycetia	Streptomycetales	Streptomycetaceae	Streptomyces	Streptomyces bacillaris	Streptomyces sp. ZEA17I
GCA_003173645.1_ASM317364v1_genomic	Bacteria	Actinomycetota	Actinomycetia	Streptomycetales	Streptomycetaceae	Streptomyces	Streptomyces papulosus	Streptomyces sp. FT05W
GCA_003205575.1_ASM320557v1_genomic	Bacteria	Actinomycetota	Actinomycetia	Streptomycetales	Streptomycetaceae	Kitasatospora	Kitasatospora tateyamensis	Streptomyces tateyamensis ATCC 21389
GCA_003208035.1_ASM320803v1_genomic	Bacteria	Actinomycetota	Actinomycetia	Streptomycetales	Streptomycetaceae	Streptomyces	Streptomyces griseosporeus	Streptomyces actuosus ATCC 25421
GCA_003236365.1_ASM323636v1_genomic	Bacteria	Actinomycetota	Actinomycetia	Streptomycetales	Streptomycetaceae	Streptomyces	Streptomyces sp003236365	Streptomyces sp. NTH33
GCA_003248335.1_ASM324833v1_genomic	Bacteria	Actinomycetota	Actinomycetia	Streptomycetales	Streptomycetaceae	Streptomyces	Streptomyces sp003248355	Streptomyces sp. AC1-42T
GCA_003248355.1_ASM324835v1_genomic	Bacteria	Actinomycetota	Actinomycetia	Streptomycetales	Streptomycetaceae	Streptomyces	Streptomyces sp003248355	Streptomyces sp. AC1-42W
GCA_003254205.1_ASM325420v1_genomic	Bacteria	Actinomycetota	Actinomycetia	Streptomycetales	Streptomycetaceae	Streptomyces	Streptomyces sp000177195	Streptomyces sp. DvalAA-21
GCA_003258295.1_ASM325829v1_genomic	Bacteria	Actinomycetota	Actinomycetia	Streptomycetales	Streptomycetaceae	Streptacidiphilus	Streptacidiphilus pinicola	Streptacidiphilus pinicola MMS16-CNU450
GCA_003258605.2_ASM325860v2_genomic	Bacteria	Actinomycetota	Actinomycetia	Streptomycetales	Streptomycetaceae	Streptomyces_D	Streptomyces_D bronchialis	Peterkaempfera bronchialis DSM 106435
GCA_003259275.1_ASM325927v1_genomic	Bacteria	Actinomycetota	Actinomycetia	Streptomycetales	Streptomycetaceae	Streptomyces	Streptomyces sp000177195	Streptomyces sp. DpondAA-E10
GCA_003259315.1_ASM325931v1_genomic	Bacteria	Actinomycetota	Actinomycetia	Streptomycetales	Streptomycetaceae	Kitasatospora	Kitasatospora sp003259315	Kitasatospora sp. SolWspMP-SS2h
GCA_003259355.1_ASM325935v1_genomic	Bacteria	Actinomycetota	Actinomycetia	Streptomycetales	Streptomycetaceae	Streptomyces	Streptomyces nanshensis_A	Streptomyces sp. Amel2xB2
GCA_003259365.1_ASM325936v1_genomic	Bacteria	Actinomycetota	Actinomycetia	Streptomycetales	Streptomycetaceae	Streptomyces	Streptomyces sp003259365	Streptomyces sp. PsTaAH-137
GCA_003259575.1_ASM325957v1_genomic	Bacteria	Actinomycetota	Actinomycetia	Streptomycetales	Streptomycetaceae	Streptomyces	Streptomyces sp000177195	Streptomyces sp. DpondAA-A50
GCA_003259585.1_ASM325958v1_genomic	Bacteria	Actinomycetota	Actinomycetia	Streptomycetales	Streptomycetaceae	Streptomyces	Streptomyces sp003259585	Streptomyces sp. PsTaAH-130
GCA_003259625.1_ASM325962v1_genomic	Bacteria	Actinomycetota	Actinomycetia	Streptomycetales	Streptomycetaceae	Streptomyces	Streptomyces sp900105515	Streptomyces sp. KhCrAH-43
GCA_003261055.1_ASM326105v1_genomic	Bacteria	Actinomycetota	Actinomycetia	Streptomycetales	Streptomycetaceae	Streptomyces	Streptomyces cadmiisoli	Streptomyces cadmiisoli ZFG47
GCA_003263885.1_ASM326388v1_genomic	Bacteria	Actinomycetota	Actinomycetia	Streptomycetales	Streptomycetaceae	Streptomyces	Streptomyces globisporus	Streptomyces badius SF7B6
GCA_003263925.1_ASM326392v1_genomic	Bacteria	Actinomycetota	Actinomycetia	Streptomycetales	Streptomycetaceae	Streptomyces	Streptomyces globisporus	Streptomyces badius SP6C4
GCA_003265665.1_ASM326566v1_genomic	Bacteria	Actinomycetota	Actinomycetia	Streptomycetales	Streptomycetaceae	Streptomyces	Streptomyces qinglanensis	Streptomyces qinglanensis 172205
GCA_003268535.2_ASM326853v2_genomic	Bacteria	Actinomycetota	Actinomycetia	Streptomycetales	Streptomycetaceae	Streptomyces	Streptomyces niveiscabiei	Streptomyces sp. ST1015
GCA_003268965.1_ASM326896v1_genomic	Bacteria	Actinomycetota	Actinomycetia	Streptomycetales	Streptomycetaceae	Streptomyces	Streptomyces papulosus	Streptomyces avidinii CG 885
GCA_003270085.1_ASM327008v1_genomic	Bacteria	Actinomycetota	Actinomycetia	Streptomycetales	Streptomycetaceae	Streptomyces	Streptomyces triticisoli	Streptomyces triticisoli NEAU-DSCPA1-4-4
GCA_003287915.1_ASM328791v1_genomic	Bacteria	Actinomycetota	Actinomycetia	Streptomycetales	Streptomycetaceae	Streptomyces	Streptomyces sp003287935	Streptomyces sp. ICC4
GCA_003287935.1_ASM328793v1_genomic	Bacteria	Actinomycetota	Actinomycetia	Streptomycetales	Streptomycetaceae	Streptomyces	Streptomyces sp003287935	Streptomyces sp. ICC1
GCA_003311645.1_ASM331164v1_genomic	Bacteria	Actinomycetota	Actinomycetia	Streptomycetales	Streptomycetaceae	Streptomyces	Streptomyces sp003311645	Streptomyces sp. PT12
GCA_003323715.1_ASM332371v1_genomic	Bacteria	Actinomycetota	Actinomycetia	Streptomycetales	Streptomycetaceae	Streptomyces	Streptomyces diacarni	Streptomyces diacarni LHW51701
GCA_003323735.1_ASM332373v1_genomic	Bacteria	Actinomycetota	Actinomycetia	Streptomycetales	Streptomycetaceae	Streptomyces	Streptomyces reniochalinae	Streptomyces reniochalinae LHW50302
GCA_003324565.1_ASM332456v1_genomic	Bacteria	Actinomycetota	Actinomycetia	Streptomycetales	Streptomycetaceae	Streptomyces	Streptomyces sp003324565	Streptomyces sp. SDr-06
GCA_003325375.1_ASM332537v1_genomic	Bacteria	Actinomycetota	Actinomycetia	Streptomycetales	Streptomycetaceae	Streptomyces	Streptomyces globosus	Streptomyces globosus LZH-48
GCA_003330845.1_ASM333084v1_genomic	Bacteria	Actinomycetota	Actinomycetia	Streptomycetales	Streptomycetaceae	Streptomyces	Streptomyces sp003330845	Streptomyces sp. Go-475
GCA_003330865.1_ASM333086v1_genomic	Bacteria	Actinomycetota	Actinomycetia	Streptomycetales	Streptomycetaceae	Streptomyces	Streptomyces atratus	Streptomyces atratus SCSIO_ZH16
GCA_003344445.1_ASM334444v1_genomic	Bacteria	Actinomycetota	Actinomycetia	Streptomycetales	Streptomycetaceae	Streptomyces	Streptomyces lincolnensis	Streptomyces lincolnensis LC-G
GCA_003344905.1_ASM334490v1_genomic	Bacteria	Actinomycetota	Actinomycetia	Streptomycetales	Streptomycetaceae	Streptomyces	Streptomyces parvulus	Streptomyces parvulus 2297
GCA_003344965.1_ASM334496v1_genomic	Bacteria	Actinomycetota	Actinomycetia	Streptomycetales	Streptomycetaceae	Streptomyces	Streptomyces paludis	Streptomyces paludis GSSD-12
GCA_003346515.1_ASM334651v1_genomic	Bacteria	Actinomycetota	Actinomycetia	Streptomycetales	Streptomycetaceae	Streptomyces	Streptomyces corynorhini	Streptomyces corynorhini AC230
GCA_003352445.1_ASM335244v1_genomic	Bacteria	Actinomycetota	Actinomycetia	Streptomycetales	Streptomycetaceae	Streptomyces	Streptomyces bacillaris	Streptomyces cavourensis TJ430
GCA_003353555.1_ASM335355v1_genomic	Bacteria	Actinomycetota	Actinomycetia	Streptomycetales	Streptomycetaceae	Streptomyces	Streptomyces globisporus	Streptomyces sp. HB202
GCA_003355155.1_ASM335515v1_genomic	Bacteria	Actinomycetota	Actinomycetia	Streptomycetales	Streptomycetaceae	Streptomyces	Streptomyces armeniacus	Streptomyces armeniacus ATCC 15676
GCA_003363195.1_ASM336319v1_genomic	Bacteria	Actinomycetota	Actinomycetia	Streptomycetales	Streptomycetaceae	Streptomyces	Streptomyces nigra	Streptomyces sp. M7
GCA_003367645.1_ASM336764v1_genomic	Bacteria	Actinomycetota	Actinomycetia	Streptomycetales	Streptomycetaceae	Streptomyces	Streptomyces cyaneofuscatus	Streptomyces sp. IB2014 011-12
GCA_003369795.1_ASM336979v1_genomic	Bacteria	Actinomycetota	Actinomycetia	Streptomycetales	Streptomycetaceae	Streptomyces	Streptomyces sp003369795	Streptomyces sp. CB09001
GCA_003387455.1_ASM338745v1_genomic	Bacteria	Actinomycetota	Actinomycetia	Streptomycetales	Streptomycetaceae	Streptomyces	Streptomyces anthocyanicus	Streptomyces sp. 2221.1
GCA_003389455.1_ASM338945v1_genomic	Bacteria	Actinomycetota	Actinomycetia	Streptomycetales	Streptomycetaceae	Streptomyces	Streptomyces inhibens	Streptomyces inhibens NEAU-D10
GCA_003391135.1_ASM339113v1_genomic	Bacteria	Actinomycetota	Actinomycetia	Streptomycetales	Streptomycetaceae	Streptomyces	Streptomyces olivoreticuli	Streptoverticillium olivoreticuli subsp. olivoreticuli
GCA_003402595.1_ASM340259v1_genomic	Bacteria	Actinomycetota	Actinomycetia	Streptomycetales	Streptomycetaceae	Streptomyces	Streptomyces spongiicola	Streptomyces spongiicola 531S
GCA_003403055.1_ASM340305v1_genomic	Bacteria	Actinomycetota	Actinomycetia	Streptomycetales	Streptomycetaceae	Streptomyces	Streptomyces sp003403055	Streptomyces sp. AcE210
GCA_003428925.1_ASM342892v1_genomic	Bacteria	Actinomycetota	Actinomycetia	Streptomycetales	Streptomycetaceae	Streptomyces	Streptomyces albidoflavus	Streptomyces koyangensis VK-A60T
GCA_003429565.1_ASM342956v1_genomic	Bacteria	Actinomycetota	Actinomycetia	Streptomycetales	Streptomycetaceae	Streptomyces	Streptomyces triticagri	Streptomyces triticagri NEAU-YY421
GCA_003435025.1_ASM343502v1_genomic	Bacteria	Actinomycetota	Actinomycetia	Streptomycetales	Streptomycetaceae	Kitasatospora	Kitasatospora sp001905545	Kitasatospora xanthocidica MMS17-GH009
GCA_003443735.1_ASM344373v1_genomic	Bacteria	Actinomycetota	Actinomycetia	Streptomycetales	Streptomycetaceae	Streptomyces	Streptomyces sviceus	Streptomyces sp. CC0208
GCA_003454755.1_ASM345475v1_genomic	Bacteria	Actinomycetota	Actinomycetia	Streptomycetales	Streptomycetaceae	Streptomyces	Streptomyces clavuligerus	Streptomyces clavuligerus F1D-5
GCA_003501885.1_ASM350188v1_genomic	Bacteria	Actinomycetota	Actinomycetia	Streptomycetales	Streptomycetaceae	Streptomyces	Streptomyces globisporus_D	Streptomyces globisporus 1912-4Crt
GCA_003519485.1_ASM351948v1_genomic	Bacteria	Actinomycetota	Actinomycetia	Streptomycetales	Streptomycetaceae	Streptomyces	Streptomyces sp003519485	Streptomyces sp. UBA8490
GCA_003568675.1_ASM356867v1_genomic	Bacteria	Actinomycetota	Actinomycetia	Streptomycetales	Streptomycetaceae	Streptomyces	Streptomyces sporangiiformans	Streptomyces sporangiiformans NEAU-SSA 1
GCA_003573485.1_ASM357348v1_genomic	Bacteria	Actinomycetota	Actinomycetia	Streptomycetales	Streptomycetaceae	Streptomyces	Streptomyces alfalfae	Streptomyces fradiae NKZ-259
GCA_003574445.1_ASM357444v1_genomic	Bacteria	Actinomycetota	Actinomycetia	Streptomycetales	Streptomycetaceae	Streptomyces	Streptomyces sp003574445	Streptomyces sp. YIM 130001
GCA_003584815.1_ASM358481v1_genomic	Bacteria	Actinomycetota	Actinomycetia	Streptomycetales	Streptomycetaceae	Streptomyces	Streptomyces scabiei	Streptomyces scabiei ST129
GCA_003584825.1_ASM358482v1_genomic	Bacteria	Actinomycetota	Actinomycetia	Streptomycetales	Streptomycetaceae	Streptomyces	Streptomyces europaeiscabiei	Streptomyces europaeiscabiei ST1229
GCA_003595235.1_ASM359523v1_genomic	Bacteria	Actinomycetota	Actinomycetia	Streptomycetales	Streptomycetaceae	Streptomyces	Streptomyces griseorubiginosus	Streptomyces griseorubiginosus 3E-1
GCA_003595545.1_ASM359554v1_genomic	Bacteria	Actinomycetota	Actinomycetia	Streptomycetales	Streptomycetaceae	Streptomyces	Streptomyces violaceusniger_A	Streptomyces sp. 11-1-2
GCA_003610255.1_ASM361025v1_genomic	Bacteria	Actinomycetota	Actinomycetia	Streptomycetales	Streptomycetaceae	Kitasatospora	Kitasatospora sp003610255	Streptomyces sp. TLI_171
GCA_003610995.1_ASM361099v1_genomic	Bacteria	Actinomycetota	Actinomycetia	Streptomycetales	Streptomycetaceae	Streptomyces	Streptomyces sp003116725	Streptomyces griseus subsp. griseus
GCA_003626535.1_ASM362653v1_genomic	Bacteria	Actinomycetota	Actinomycetia	Streptomycetales	Streptomycetaceae	Streptomyces	Streptomyces hoynatensis	Streptomyces hoynatensis KCTC 29097
GCA_003626575.1_ASM362657v1_genomic	Bacteria	Actinomycetota	Actinomycetia	Streptomycetales	Streptomycetaceae	Streptomyces	Streptomyces radicis	Streptomyces radicis DS1-2
GCA_003626585.1_ASM362658v1_genomic	Bacteria	Actinomycetota	Actinomycetia	Streptomycetales	Streptomycetaceae	Streptomyces	Streptomyces radicis	Streptomyces radicis AZ1-7
GCA_003626645.1_ASM362664v1_genomic	Bacteria	Actinomycetota	Actinomycetia	Streptomycetales	Streptomycetaceae	Streptomyces	Streptomyces klenkii	Streptomyces klenkii KCTC 29202
GCA_003627815.1_ASM362781v1_genomic	Bacteria	Actinomycetota	Actinomycetia	Streptomycetales	Streptomycetaceae	Streptomyces	Streptomyces hundungensis	Streptomyces hundungensis BH38
GCA_003634815.1_ASM363481v1_genomic	Bacteria	Actinomycetota	Actinomycetia	Streptomycetales	Streptomycetaceae	Streptomyces	Streptomyces katrae_A	Streptomyces sp. 3211.6
GCA_003635085.1_ASM363508v1_genomic	Bacteria	Actinomycetota	Actinomycetia	Streptomycetales	Streptomycetaceae	Kitasatospora	Kitasatospora sp900199205	Streptomyces sp. 1114.5
GCA_003665095.1_ASM366509v1_genomic	Bacteria	Actinomycetota	Actinomycetia	Streptomycetales	Streptomycetaceae	Streptomyces	Streptomyces sp003665095	Streptomyces sp. Z26
GCA_003665435.1_ASM366543v1_genomic	Bacteria	Actinomycetota	Actinomycetia	Streptomycetales	Streptomycetaceae	Streptomyces	Streptomyces fungicidicus	Streptomyces fungicidicus TXX3120
GCA_003671675.1_ASM367167v1_genomic	Bacteria	Actinomycetota	Actinomycetia	Streptomycetales	Streptomycetaceae	Streptomyces	Streptomyces griseoincarnatus	Streptomyces sp. E2N171
GCA_003671685.1_ASM367168v1_genomic	Bacteria	Actinomycetota	Actinomycetia	Streptomycetales	Streptomycetaceae	Streptomyces	Streptomyces sp002939385	Streptomyces sp. E5N298
GCA_003671715.1_ASM367171v1_genomic	Bacteria	Actinomycetota	Actinomycetia	Streptomycetales	Streptomycetaceae	Streptomyces	Streptomyces sp003671715	Streptomyces sp. E2N166
GCA_003671735.1_ASM367173v1_genomic	Bacteria	Actinomycetota	Actinomycetia	Streptomycetales	Streptomycetaceae	Streptomyces	Streptomyces griseoincarnatus	Streptomyces sp. E1N211
GCA_003671755.1_ASM367175v1_genomic	Bacteria	Actinomycetota	Actinomycetia	Streptomycetales	Streptomycetaceae	Streptomyces	Streptomyces anthocyanicus	Streptomyces sp. E5N91
GCA_003674045.1_ASM367404v1_genomic	Bacteria	Actinomycetota	Actinomycetia	Streptomycetales	Streptomycetaceae	Streptomyces	Streptomyces griseocarneus_A	Streptomyces griseocarneus 132
GCA_003675325.1_ASM367532v1_genomic	Bacteria	Actinomycetota	Actinomycetia	Streptomycetales	Streptomycetaceae	Streptomyces	Streptomyces dangxiongensis	Streptomyces dangxiongensis Z022
GCA_003675345.1_ASM367534v1_genomic	Bacteria	Actinomycetota	Actinomycetia	Streptomycetales	Streptomycetaceae	Streptomyces	Streptomyces physcomitrii	Streptomyces albus ZD11
GCA_003675955.1_ASM367595v1_genomic	Bacteria	Actinomycetota	Actinomycetia	Streptomycetales	Streptomycetaceae	Streptomyces	Streptomyces rapamycinicus	Streptomyces rapamycinicus NRRL 5491 NRRL 5491
GCA_003675975.1_ASM367597v1_genomic	Bacteria	Actinomycetota	Actinomycetia	Streptomycetales	Streptomycetaceae	Streptomyces	Streptomyces cyaneofuscatus	Streptomyces sp. CBMAI 2042
GCA_003688995.1_ASM368899v1_genomic	Bacteria	Actinomycetota	Actinomycetia	Streptomycetales	Streptomycetaceae	Streptomyces	Streptomyces shenzhenensis_A	Streptomyces shenzhenensis 193
GCA_003696235.1_ASM369623v1_genomic	Bacteria	Actinomycetota	Actinomycetia	Streptomycetales	Streptomycetaceae	Streptomyces	Streptomyces triticirhizae	Streptomyces triticirhizae NEAU-YY642
GCA_003698085.1_ASM369808v1_genomic	Bacteria	Actinomycetota	Actinomycetia	Streptomycetales	Streptomycetaceae	Streptomyces	Streptomyces griseoincarnatus	Streptomyces sp. ZS0098
GCA_003709145.1_ASM370914v1_genomic	Bacteria	Actinomycetota	Actinomycetia	Streptomycetales	Streptomycetaceae	Streptomyces	Streptomyces sp003947455	Streptomyces sp. Tu 4128
GCA_003719395.1_ASM371939v1_genomic	Bacteria	Actinomycetota	Actinomycetia	Streptomycetales	Streptomycetaceae	Streptomyces	Streptomyces altiplanensis	Streptomyces altiplanensis HST21
GCA_003721215.1_ASM372121v1_genomic	Bacteria	Actinomycetota	Actinomycetia	Streptomycetales	Streptomycetaceae	Streptomyces	Streptomyces himastatinicus	Streptomyces botrytidirepellens NEAU-LD23
GCA_003721495.1_ASM372149v1_genomic	Bacteria	Actinomycetota	Actinomycetia	Streptomycetales	Streptomycetaceae	Streptomyces	Streptomyces goshikiensis	Streptomyces sp. ADI95-16
GCA_003725745.1_ASM372574v1_genomic	Bacteria	Actinomycetota	Actinomycetia	Streptomycetales	Streptomycetaceae	Streptomyces	Streptomyces sp003725745	Streptomyces sp. I6
GCA_003751425.1_ASM375142v1_genomic	Bacteria	Actinomycetota	Actinomycetia	Streptomycetales	Streptomycetaceae	Streptomyces	Streptomyces vinaceus	Streptomyces sp. 2132.2
GCA_003751445.1_ASM375144v1_genomic	Bacteria	Actinomycetota	Actinomycetia	Streptomycetales	Streptomycetaceae	Streptomyces	Streptomyces sp003751445	Streptomyces sp. 840.1
GCA_003751605.1_ASM375160v1_genomic	Bacteria	Actinomycetota	Actinomycetia	Streptomycetales	Streptomycetaceae	Kitasatospora	Kitasatospora cineracea	Kitasatospora cineracea DSM 44780
GCA_003751985.1_ASM375198v1_genomic	Bacteria	Actinomycetota	Actinomycetia	Streptomycetales	Streptomycetaceae	Streptomyces	Streptomyces sp900105245	Streptomyces sp. PanSC9
GCA_003752205.1_ASM375220v1_genomic	Bacteria	Actinomycetota	Actinomycetia	Streptomycetales	Streptomycetaceae	Streptomyces	Streptomyces litmocidini	Streptomyces sp. PanSC19
GCA_003752275.1_ASM375227v1_genomic	Bacteria	Actinomycetota	Actinomycetia	Streptomycetales	Streptomycetaceae	Streptomyces	Streptomyces laculatispora	Streptomyces sp. CEV 2-1
GCA_003814735.1_ASM381473v1_genomic	Bacteria	Actinomycetota	Actinomycetia	Streptomycetales	Streptomycetaceae	Streptomyces	Streptomyces katrae_A	Streptomyces sp. Ag109_G2-6
GCA_003814765.1_ASM381476v1_genomic	Bacteria	Actinomycetota	Actinomycetia	Streptomycetales	Streptomycetaceae	Streptomyces	Streptomyces sp000720765	Streptomyces sp. TLI_185
GCA_003814875.1_ASM381487v1_genomic	Bacteria	Actinomycetota	Actinomycetia	Streptomycetales	Streptomycetaceae	Streptomyces	Streptomyces sp003814875	Streptomyces sp. Ag109_O5-1
GCA_003814885.1_ASM381488v1_genomic	Bacteria	Actinomycetota	Actinomycetia	Streptomycetales	Streptomycetaceae	Kitasatospora	Kitasatospora cineracea	Kitasatospora cineracea DSM 44781
GCA_003846155.1_ASM384615v1_genomic	Bacteria	Actinomycetota	Actinomycetia	Streptomycetales	Streptomycetaceae	Streptomyces	Streptomyces silvae	Streptomyces sp. ADI93-02
GCA_003846165.1_ASM384616v1_genomic	Bacteria	Actinomycetota	Actinomycetia	Streptomycetales	Streptomycetaceae	Streptomyces	Streptomyces goshikiensis	Streptomyces sp. ADI91-18
GCA_003846175.1_ASM384617v1_genomic	Bacteria	Actinomycetota	Actinomycetia	Streptomycetales	Streptomycetaceae	Streptomyces	Streptomyces sp003846175	Streptomyces sp. ADI95-17
GCA_003846185.1_ASM384618v1_genomic	Bacteria	Actinomycetota	Actinomycetia	Streptomycetales	Streptomycetaceae	Streptomyces	Streptomyces sp003846185	Streptomyces sp. ADI96-02
GCA_003846195.1_ASM384619v1_genomic	Bacteria	Actinomycetota	Actinomycetia	Streptomycetales	Streptomycetaceae	Streptomyces	Streptomyces laculatispora	Streptomyces sp. ADI92-24
GCA_003846255.1_ASM384625v1_genomic	Bacteria	Actinomycetota	Actinomycetia	Streptomycetales	Streptomycetaceae	Streptomyces	Streptomyces anulatus_C	Streptomyces sp. ADI98-10
GCA_003846265.1_ASM384626v1_genomic	Bacteria	Actinomycetota	Actinomycetia	Streptomycetales	Streptomycetaceae	Streptomyces	Streptomyces albidoflavus	Streptomyces sp. ADI96-15
GCA_003846275.1_ASM384627v1_genomic	Bacteria	Actinomycetota	Actinomycetia	Streptomycetales	Streptomycetaceae	Streptomyces	Streptomyces clavifer	Streptomyces sp. ADI97-07
GCA_003846285.1_ASM384628v1_genomic	Bacteria	Actinomycetota	Actinomycetia	Streptomycetales	Streptomycetaceae	Streptomyces	Streptomyces diastaticus	Streptomyces sp. ADI98-12
GCA_003851625.1_ASM385162v1_genomic	Bacteria	Actinomycetota	Actinomycetia	Streptomycetales	Streptomycetaceae	Streptomyces	Streptomyces sp003851625	Streptomyces sp. NL15-2K
GCA_003851665.1_ASM385166v1_genomic	Bacteria	Actinomycetota	Actinomycetia	Streptomycetales	Streptomycetaceae	Streptomyces	Streptomyces albulus_C	Streptomyces noursei NBRC 14147
GCA_003865135.1_ASM386513v1_genomic	Bacteria	Actinomycetota	Actinomycetia	Streptomycetales	Streptomycetaceae	Streptomyces	Streptomyces chrestomyceticus	Streptomyces chrestomyceticus JCM 4735 NBRC 13444
GCA_003865155.1_ASM386515v1_genomic	Bacteria	Actinomycetota	Actinomycetia	Streptomycetales	Streptomycetaceae	Streptomyces	Streptomyces chrestomyceticus	Streptomyces paromomycinus NBRC 15454
GCA_003932715.1_ASM393271v1_genomic	Bacteria	Actinomycetota	Actinomycetia	Streptomycetales	Streptomycetaceae	Streptomyces	Streptomyces tsukubensis	Streptomyces tsukubensis NRRL 18488
GCA_003933295.1_ASM393329v1_genomic	Bacteria	Actinomycetota	Actinomycetia	Streptomycetales	Streptomycetaceae	Streptomyces	Streptomyces griseofuscus	Streptomyces griseofuscus 64
GCA_003933485.1_ASM393348v1_genomic	Bacteria	Actinomycetota	Actinomycetia	Streptomycetales	Streptomycetaceae	Streptomyces	Streptomyces griseofuscus	Streptomyces griseofuscus 199
GCA_003933965.1_ASM393396v1_genomic	Bacteria	Actinomycetota	Actinomycetia	Streptomycetales	Streptomycetaceae	Streptomyces	Streptomyces sp003933965	Streptomyces sp. RP5T
GCA_003935055.1_ASM393505v1_genomic	Bacteria	Actinomycetota	Actinomycetia	Streptomycetales	Streptomycetaceae	Streptomyces	Streptomyces alboflavus	Streptomyces alboflavus 313
GCA_003945505.1_ASM394550v1_genomic	Bacteria	Actinomycetota	Actinomycetia	Streptomycetales	Streptomycetaceae	Streptomyces	Streptomyces sp002847285	Streptomyces sp. WAC 06738
GCA_003945525.1_ASM394552v1_genomic	Bacteria	Actinomycetota	Actinomycetia	Streptomycetales	Streptomycetaceae	Streptomyces	Streptomyces speibonae	Streptomyces sp. WAC 01438
GCA_003945545.1_ASM394554v1_genomic	Bacteria	Actinomycetota	Actinomycetia	Streptomycetales	Streptomycetaceae	Streptomyces	Streptomyces sp003945545	Streptomyces sp. WAC 01529
GCA_003947265.2_ASM394726v2_genomic	Bacteria	Actinomycetota	Actinomycetia	Streptomycetales	Streptomycetaceae	Streptomyces	Streptomyces xinghaiensis	Streptomyces sp. WAC 00631
GCA_003947455.1_ASM394745v1_genomic	Bacteria	Actinomycetota	Actinomycetia	Streptomycetales	Streptomycetaceae	Streptomyces	Streptomyces sp003947455	Streptomyces sp. WAC 04229
GCA_003947555.1_ASM394755v1_genomic	Bacteria	Actinomycetota	Actinomycetia	Streptomycetales	Streptomycetaceae	Streptomyces	Streptomyces chartreusis	Streptomyces sp. WAC 05379
GCA_003947575.1_ASM394757v1_genomic	Bacteria	Actinomycetota	Actinomycetia	Streptomycetales	Streptomycetaceae	Streptomyces	Streptomyces rimosus	Streptomyces sp. WAC 06783
GCA_003947585.1_ASM394758v1_genomic	Bacteria	Actinomycetota	Actinomycetia	Streptomycetales	Streptomycetaceae	Streptomyces	Streptomyces rimosus	Streptomyces sp. WAC 06725
GCA_003949505.1_ASM394950v1_genomic	Bacteria	Actinomycetota	Actinomycetia	Streptomycetales	Streptomycetaceae	Streptomyces	Streptomyces thermodiastaticus	Streptomyces sp. WAC00469
GCA_003949535.1_ASM394953v1_genomic	Bacteria	Actinomycetota	Actinomycetia	Streptomycetales	Streptomycetaceae	Streptomyces	Streptomyces sp000158895	Streptomyces sp. WAC07061
GCA_003949665.1_ASM394966v1_genomic	Bacteria	Actinomycetota	Actinomycetia	Streptomycetales	Streptomycetaceae	Streptomyces	Streptomyces virginiae	Streptomyces sp. WAC05950
GCA_003949695.1_ASM394969v1_genomic	Bacteria	Actinomycetota	Actinomycetia	Streptomycetales	Streptomycetaceae	Streptomyces	Streptomyces antimycoticus	Streptomyces sp. WAC05858
GCA_003949795.1_ASM394979v1_genomic	Bacteria	Actinomycetota	Actinomycetia	Streptomycetales	Streptomycetaceae	Streptomyces	Streptomyces sp003949795	Streptomyces sp. WAC06614
GCA_003949805.1_ASM394980v1_genomic	Bacteria	Actinomycetota	Actinomycetia	Streptomycetales	Streptomycetaceae	Streptomyces	Streptomyces sp003949805	Streptomyces sp. WAC08241
GCA_003949835.1_ASM394983v1_genomic	Bacteria	Actinomycetota	Actinomycetia	Streptomycetales	Streptomycetaceae	Streptomyces	Streptomyces rochei	Streptomyces sp. WAC02707
GCA_003949845.1_ASM394984v1_genomic	Bacteria	Actinomycetota	Actinomycetia	Streptomycetales	Streptomycetaceae	Streptomyces	Streptomyces sp001426585	Streptomyces sp. WAC01280
GCA_003949875.1_ASM394987v1_genomic	Bacteria	Actinomycetota	Actinomycetia	Streptomycetales	Streptomycetaceae	Streptomyces	Streptomyces sp000158895	Streptomyces sp. WAC07149
GCA_003949895.1_ASM394989v1_genomic	Bacteria	Actinomycetota	Actinomycetia	Streptomycetales	Streptomycetaceae	Streptomyces	Streptomyces bacillaris	Streptomyces sp. WAC04770
GCA_003949905.1_ASM394990v1_genomic	Bacteria	Actinomycetota	Actinomycetia	Streptomycetales	Streptomycetaceae	Streptomyces	Streptomyces rochei	Streptomyces sp. WAC06273
GCA_003949955.1_ASM394995v1_genomic	Bacteria	Actinomycetota	Actinomycetia	Streptomycetales	Streptomycetaceae	Streptomyces	Streptomyces globosus	Streptomyces sp. WAC05292
GCA_003950035.1_ASM395003v1_genomic	Bacteria	Actinomycetota	Actinomycetia	Streptomycetales	Streptomycetaceae	Streptomyces	Streptomyces sp000158895	Streptomyces sp. W1SF4
GCA_003950055.1_ASM395005v1_genomic	Bacteria	Actinomycetota	Actinomycetia	Streptomycetales	Streptomycetaceae	Streptomyces	Streptomyces sp000772045	Streptomyces sp. KPB2
GCA_003955715.1_ASM395571v1_genomic	Bacteria	Actinomycetota	Actinomycetia	Streptomycetales	Streptomycetaceae	Streptomyces	Streptomyces aquilus	Streptomyces aquilus GGCR-6
GCA_003963535.1_ASM396353v1_genomic	Bacteria	Actinomycetota	Actinomycetia	Streptomycetales	Streptomycetaceae	Streptomyces	Streptomyces cyaneochromogenes	Streptomyces cyaneochromogenes MK-45
GCA_003967355.1_ASM396735v1_genomic	Bacteria	Actinomycetota	Actinomycetia	Streptomycetales	Streptomycetaceae	Embleya	Embleya hyalina	Embleya hyalina NBRC 13850
GCA_003970715.1_ASM397071v1_genomic	Bacteria	Actinomycetota	Actinomycetia	Streptomycetales	Streptomycetaceae	Streptomyces	Streptomyces abikoensis	Streptomyces luteoverticillatus CGMCC 15060
GCA_003977835.1_ASM397783v1_genomic	Bacteria	Actinomycetota	Actinomycetia	Streptomycetales	Streptomycetaceae	Streptomyces	Streptomyces speibonae	Streptomyces sp. WAC 01420
GCA_003977875.1_ASM397787v1_genomic	Bacteria	Actinomycetota	Actinomycetia	Streptomycetales	Streptomycetaceae	Streptomyces	Streptomyces chartreusis	Streptomyces sp. WAC 01325
GCA_003984785.1_ASM398478v1_genomic	Bacteria	Actinomycetota	Actinomycetia	Streptomycetales	Streptomycetaceae	Streptomyces	Streptomyces sp004353505	Streptomyces sp. WAC05374
GCA_003984905.1_ASM398490v1_genomic	Bacteria	Actinomycetota	Actinomycetia	Streptomycetales	Streptomycetaceae	Streptomyces	Streptomyces rochei	Streptomyces sp. WAC05458
GCA_003984925.1_ASM398492v1_genomic	Bacteria	Actinomycetota	Actinomycetia	Streptomycetales	Streptomycetaceae	Streptomyces	Streptomyces rochei	Streptomyces sp. WAC08401
GCA_003984935.1_ASM398493v1_genomic	Bacteria	Actinomycetota	Actinomycetia	Streptomycetales	Streptomycetaceae	Streptomyces	Streptomyces rochei	Streptomyces sp. WAC04189
GCA_003984965.1_ASM398496v1_genomic	Bacteria	Actinomycetota	Actinomycetia	Streptomycetales	Streptomycetaceae	Streptomyces	Streptomyces rochei	Streptomyces sp. WAC06128
GCA_003984975.1_ASM398497v1_genomic	Bacteria	Actinomycetota	Actinomycetia	Streptomycetales	Streptomycetaceae	Streptomyces	Streptomyces rochei	Streptomyces sp. WAC08452
GCA_003989035.1_ASM398903v1_genomic	Bacteria	Actinomycetota	Actinomycetia	Streptomycetales	Streptomycetaceae	Streptomyces	Streptomyces rubiginosohelvolus	Streptomyces sp. NP10
GCA_003994375.1_ASM399437v1_genomic	Bacteria	Actinomycetota	Actinomycetia	Streptomycetales	Streptomycetaceae	Streptomyces	Streptomyces libani	Streptomyces lydicus WYEC 108
GCA_003994395.1_ASM399439v1_genomic	Bacteria	Actinomycetota	Actinomycetia	Streptomycetales	Streptomycetaceae	Streptomyces	Streptomyces griseoviridis_A	Streptomyces griseoviridis F1-27
GCA_003999195.1_ASM399919v1_genomic	Bacteria	Actinomycetota	Actinomycetia	Streptomycetales	Streptomycetaceae	Streptomyces	Streptomyces sp003999195	Actinacidiphila soli LAM7114
GCA_004000405.1_ASM400040v1_genomic	Bacteria	Actinomycetota	Actinomycetia	Streptomycetales	Streptomycetaceae	Streptomyces	Streptomyces bacillaris	Streptomyces sp. B27
GCA_004005495.1_ASM400549v1_genomic	Bacteria	Actinomycetota	Actinomycetia	Streptomycetales	Streptomycetaceae	Streptomyces	Streptomyces sp004005495	Streptomyces antnestii San01
GCA_004010275.1_ASM401027v1_genomic	Bacteria	Actinomycetota	Actinomycetia	Streptomycetales	Streptomycetaceae	Streptomyces	Streptomyces huasconensis	Streptomyces huasconensis HST28
GCA_004023625.1_ASM402362v1_genomic	Bacteria	Actinomycetota	Actinomycetia	Streptomycetales	Streptomycetaceae	Streptomyces	Streptomyces cavernae	Streptomyces cavernae SYSU K10008
GCA_004028635.1_ASM402863v1_genomic	Bacteria	Actinomycetota	Actinomycetia	Streptomycetales	Streptomycetaceae	Streptomyces	Streptomyces cyaneus	Streptomyces cyaneus CGMCC 4.1671
GCA_004078575.1_ASM407857v1_genomic	Bacteria	Actinomycetota	Actinomycetia	Streptomycetales	Streptomycetaceae	Streptomyces	Streptomyces albidoflavus	Streptomyces albidoflavus BSII#1
GCA_004104485.1_ASM410448v1_genomic	Bacteria	Actinomycetota	Actinomycetia	Streptomycetales	Streptomycetaceae	Streptomyces	Streptomyces murinus	Streptomyces sp. endophyte_N2
GCA_004104505.1_ASM410450v1_genomic	Bacteria	Actinomycetota	Actinomycetia	Streptomycetales	Streptomycetaceae	Streptomyces	Streptomyces plumbidurans	Streptomyces sp. M2
GCA_004115015.1_ASM411501v1_genomic	Bacteria	Actinomycetota	Actinomycetia	Streptomycetales	Streptomycetaceae	Streptomyces	Streptomyces plumbidurans	Streptomyces sp. MG
GCA_004117935.1_ASM411793v1_genomic	Bacteria	Actinomycetota	Actinomycetia	Streptomycetales	Streptomycetaceae	Streptomyces	Streptomyces roseicoloratus	Streptomyces roseicoloratus TRM44457
GCA_004122735.1_ASM412273v1_genomic	Bacteria	Actinomycetota	Actinomycetia	Streptomycetales	Streptomycetaceae	Streptomyces	Streptomyces sioyaensis	Streptomyces sioyaensis DSM 40032
GCA_004122755.1_ASM412275v1_genomic	Bacteria	Actinomycetota	Actinomycetia	Streptomycetales	Streptomycetaceae	Streptomyces	Streptomyces sioyaensis	Streptomyces sp. TM32
GCA_004123705.1_ASM412370v1_genomic	Bacteria	Actinomycetota	Actinomycetia	Streptomycetales	Streptomycetaceae	Streptomyces	Streptomyces sp000213055	Streptomyces sp. GZWMJZ-114
GCA_004124325.1_ASM412432v1_genomic	Bacteria	Actinomycetota	Actinomycetia	Streptomycetales	Streptomycetaceae	Streptomyces	Streptomyces sp004124325	Streptomyces sp. L2
GCA_004124335.1_ASM412433v1_genomic	Bacteria	Actinomycetota	Actinomycetia	Streptomycetales	Streptomycetaceae	Streptomyces	Streptomyces albidoflavus	Streptomyces sp. N1
GCA_004125245.1_ASM412524v1_genomic	Bacteria	Actinomycetota	Actinomycetia	Streptomycetales	Streptomycetaceae	Streptomyces	Streptomyces lydicus	Streptomyces lydicus ATCC 25470
GCA_004125265.1_ASM412526v1_genomic	Bacteria	Actinomycetota	Actinomycetia	Streptomycetales	Streptomycetaceae	Streptomyces	Streptomyces lydicus_C	Streptomyces lydicus ATCC 31975
GCA_004125275.1_ASM412527v1_genomic	Bacteria	Actinomycetota	Actinomycetia	Streptomycetales	Streptomycetaceae	Streptomyces	Streptomyces libani	Streptomyces lydicus SW_ACT1
GCA_004125315.1_ASM412531v1_genomic	Bacteria	Actinomycetota	Actinomycetia	Streptomycetales	Streptomycetaceae	Streptomyces	Streptomyces silvae	Streptomyces sp. M3
GCA_004127445.1_ASM412744v1_genomic	Bacteria	Actinomycetota	Actinomycetia	Streptomycetales	Streptomycetaceae	Streptomyces	Streptomyces alfalfae	Streptomyces alfalfae XY25
GCA_004151105.1_ASM415110v1_genomic	Bacteria	Actinomycetota	Actinomycetia	Streptomycetales	Streptomycetaceae	Streptomyces	Streptomyces sp004151105	Streptomyces sp. L-9-10
GCA_004187715.1_ASM418771v1_genomic	Bacteria	Actinomycetota	Actinomycetia	Streptomycetales	Streptomycetaceae	Streptomyces	Streptomyces sp004187715	Streptomyces sp. F001
GCA_004193175.1_ASM419317v1_genomic	Bacteria	Actinomycetota	Actinomycetia	Streptomycetales	Streptomycetaceae	Streptomyces	Streptomyces sp004193175	Streptomyces sp. RFCAC02
GCA_004195735.1_ASM419573v1_genomic	Bacteria	Actinomycetota	Actinomycetia	Streptomycetales	Streptomycetaceae	Streptomyces	Streptomyces albidoflavus	Streptomyces albidoflavus DSM 40455
GCA_004195745.1_ASM419574v1_genomic	Bacteria	Actinomycetota	Actinomycetia	Streptomycetales	Streptomycetaceae	Streptomyces	Streptomyces albidoflavus	Streptomyces albidoflavus NBRC 100770
GCA_004195755.1_ASM419575v1_genomic	Bacteria	Actinomycetota	Actinomycetia	Streptomycetales	Streptomycetaceae	Streptomyces	Streptomyces albidoflavus	Streptomyces albidoflavus NBRC 13083
GCA_004195765.1_ASM419576v1_genomic	Bacteria	Actinomycetota	Actinomycetia	Streptomycetales	Streptomycetaceae	Streptomyces	Streptomyces albidoflavus	Streptomyces albidoflavus CGMCC 4.1677
GCA_004195775.1_ASM419577v1_genomic	Bacteria	Actinomycetota	Actinomycetia	Streptomycetales	Streptomycetaceae	Streptomyces	Streptomyces albidoflavus	Streptomyces albidoflavus DSM 40233
GCA_004195835.1_ASM419583v1_genomic	Bacteria	Actinomycetota	Actinomycetia	Streptomycetales	Streptomycetaceae	Streptomyces	Streptomyces albidoflavus	Streptomyces albidoflavus FXJ8.011
GCA_004195845.1_ASM419584v1_genomic	Bacteria	Actinomycetota	Actinomycetia	Streptomycetales	Streptomycetaceae	Streptomyces	Streptomyces albidoflavus	Streptomyces albidoflavus CGMCC 4.1681
GCA_004195855.1_ASM419585v1_genomic	Bacteria	Actinomycetota	Actinomycetia	Streptomycetales	Streptomycetaceae	Streptomyces	Streptomyces albidoflavus	Streptomyces albidoflavus FXJ.2339
GCA_004195885.1_ASM419588v1_genomic	Bacteria	Actinomycetota	Actinomycetia	Streptomycetales	Streptomycetaceae	Streptomyces	Streptomyces albidoflavus	Streptomyces albidoflavus NBRC 12790
GCA_004195895.1_ASM419589v1_genomic	Bacteria	Actinomycetota	Actinomycetia	Streptomycetales	Streptomycetaceae	Streptomyces	Streptomyces albidoflavus	Streptomyces albidoflavus Ma24
GCA_004195935.1_ASM419593v1_genomic	Bacteria	Actinomycetota	Actinomycetia	Streptomycetales	Streptomycetaceae	Streptomyces	Streptomyces albidoflavus	Streptomyces albidoflavus CR33
GCA_004195945.1_ASM419594v1_genomic	Bacteria	Actinomycetota	Actinomycetia	Streptomycetales	Streptomycetaceae	Streptomyces	Streptomyces albidoflavus	Streptomyces albidoflavus CR10
GCA_004195955.1_ASM419595v1_genomic	Bacteria	Actinomycetota	Actinomycetia	Streptomycetales	Streptomycetaceae	Streptomyces	Streptomyces albidoflavus	Streptomyces albidoflavus CR25
GCA_004195965.1_ASM419596v1_genomic	Bacteria	Actinomycetota	Actinomycetia	Streptomycetales	Streptomycetaceae	Streptomyces	Streptomyces albidoflavus	Streptomyces albidoflavus Ma1
GCA_004195995.1_ASM419599v1_genomic	Bacteria	Actinomycetota	Actinomycetia	Streptomycetales	Streptomycetaceae	Streptomyces	Streptomyces albidoflavus	Streptomyces albidoflavus CR47
GCA_004196035.1_ASM419603v1_genomic	Bacteria	Actinomycetota	Actinomycetia	Streptomycetales	Streptomycetaceae	Streptomyces	Streptomyces albidoflavus	Streptomyces albidoflavus CR19
GCA_004196045.1_ASM419604v1_genomic	Bacteria	Actinomycetota	Actinomycetia	Streptomycetales	Streptomycetaceae	Streptomyces	Streptomyces albidoflavus	Streptomyces albidoflavus CR46
GCA_004196055.1_ASM419605v1_genomic	Bacteria	Actinomycetota	Actinomycetia	Streptomycetales	Streptomycetaceae	Streptomyces	Streptomyces albidoflavus	Streptomyces albidoflavus CR16
GCA_004196095.1_ASM419609v1_genomic	Bacteria	Actinomycetota	Actinomycetia	Streptomycetales	Streptomycetaceae	Streptomyces	Streptomyces albidoflavus	Streptomyces albidoflavus CR15
GCA_004196115.1_ASM419611v1_genomic	Bacteria	Actinomycetota	Actinomycetia	Streptomycetales	Streptomycetaceae	Streptomyces	Streptomyces albidoflavus	Streptomyces albidoflavus FXJ8.008
GCA_004196125.1_ASM419612v1_genomic	Bacteria	Actinomycetota	Actinomycetia	Streptomycetales	Streptomycetaceae	Streptomyces	Streptomyces albidoflavus	Streptomyces albidoflavus CR13
GCA_004196135.1_ASM419613v1_genomic	Bacteria	Actinomycetota	Actinomycetia	Streptomycetales	Streptomycetaceae	Streptomyces	Streptomyces albidoflavus	Streptomyces albidoflavus D62
GCA_004196145.1_ASM419614v1_genomic	Bacteria	Actinomycetota	Actinomycetia	Streptomycetales	Streptomycetaceae	Streptomyces	Streptomyces albidoflavus	Streptomyces albidoflavus FXJ8.031
GCA_004196155.1_ASM419615v1_genomic	Bacteria	Actinomycetota	Actinomycetia	Streptomycetales	Streptomycetaceae	Streptomyces	Streptomyces albidoflavus	Streptomyces albidoflavus CGMCC 4.1615
GCA_004196215.1_ASM419621v1_genomic	Bacteria	Actinomycetota	Actinomycetia	Streptomycetales	Streptomycetaceae	Streptomyces	Streptomyces albidoflavus	Streptomyces albidoflavus FXJ6.189
GCA_004196225.1_ASM419622v1_genomic	Bacteria	Actinomycetota	Actinomycetia	Streptomycetales	Streptomycetaceae	Streptomyces	Streptomyces albidoflavus	Streptomyces sp. SCA2-2
GCA_004196335.1_ASM419633v1_genomic	Bacteria	Actinomycetota	Actinomycetia	Streptomycetales	Streptomycetaceae	Streptomyces	Streptomyces rimosus	Streptomyces rimosus M527
GCA_004212445.1_ASM421244v1_genomic	Bacteria	Actinomycetota	Actinomycetia	Streptomycetales	Streptomycetaceae	Streptomyces	Streptomyces alfalfae	Streptomyces alfalfae XY25
GCA_004217285.1_ASM421728v1_genomic	Bacteria	Actinomycetota	Actinomycetia	Streptomycetales	Streptomycetaceae	Streptomyces	Streptomyces sp004217285	Streptomyces sp. BK239
GCA_004217355.1_ASM421735v1_genomic	Bacteria	Actinomycetota	Actinomycetia	Streptomycetales	Streptomycetaceae	Streptomyces	Streptomyces griseoluteus	Streptomyces sp. BK022
GCA_004295505.1_ASM429550v1_genomic	Bacteria	Actinomycetota	Actinomycetia	Streptomycetales	Streptomycetaceae	Streptomyces	Streptomyces tsukubensis	Streptomyces tsukubensis VKM Ac-2618D
GCA_004305975.1_ASM430597v1_genomic	Bacteria	Actinomycetota	Actinomycetia	Streptomycetales	Streptomycetaceae	Streptomyces	Streptomyces otsuchiensis	Streptomyces otsuchiensis OTB305
GCA_004320085.1_ASM432008v1_genomic	Bacteria	Actinomycetota	Actinomycetia	Streptomycetales	Streptomycetaceae	Streptomyces	Streptomyces celluloflavus	Streptomyces kasugaensis AM-2504
GCA_004328625.1_ASM432862v1_genomic	Bacteria	Actinomycetota	Actinomycetia	Streptomycetales	Streptomycetaceae	Streptomyces	Streptomyces bauhiniae	Streptomyces seoulensis KCTC 9819
GCA_004334925.1_ASM433492v1_genomic	Bacteria	Actinomycetota	Actinomycetia	Streptomycetales	Streptomycetaceae	Streptomyces	Streptomyces bacillaris	Streptomyces sp. IBTA2
GCA_004337435.2_ASM433743v2_genomic	Bacteria	Actinomycetota	Actinomycetia	Streptomycetales	Streptomycetaceae	Streptomyces	Streptomyces acidicola	Streptomyces sp. KM273126
GCA_004341025.1_ASM434102v1_genomic	Bacteria	Actinomycetota	Actinomycetia	Streptomycetales	Streptomycetaceae	Streptomyces	Streptomyces griseorubiginosus	Streptomyces sp. BK205
GCA_004348315.1_ASM434831v1_genomic	Bacteria	Actinomycetota	Actinomycetia	Streptomycetales	Streptomycetaceae	Streptomyces	Streptomyces sp004348315	Streptomyces sp. 8K308
GCA_004348415.1_ASM434841v1_genomic	Bacteria	Actinomycetota	Actinomycetia	Streptomycetales	Streptomycetaceae	Streptomyces	Streptomyces hainanensis	Streptomyces hainanensis DSM 41900
GCA_004353505.1_ASM435350v1_genomic	Bacteria	Actinomycetota	Actinomycetia	Streptomycetales	Streptomycetaceae	Streptomyces	Streptomyces sp004353505	Streptomyces sp. WAC05374
GCA_004353545.1_ASM435354v1_genomic	Bacteria	Actinomycetota	Actinomycetia	Streptomycetales	Streptomycetaceae	Streptomyces	Streptomyces sp004353505	Streptomyces sp. WAC05374
GCA_004359235.1_ASM435923v1_genomic	Bacteria	Actinomycetota	Actinomycetia	Streptomycetales	Streptomycetaceae	Streptomyces	Streptomyces sp004353505	Streptomyces sp. WAC05374
GCA_004364245.1_ASM436424v1_genomic	Bacteria	Actinomycetota	Actinomycetia	Streptomycetales	Streptomycetaceae	Streptomyces	Streptomyces sp004364245	Streptomyces sp. BK208
GCA_004364395.1_ASM436439v1_genomic	Bacteria	Actinomycetota	Actinomycetia	Streptomycetales	Streptomycetaceae	Streptomyces	Streptomyces katrae_B	Streptomyces sp. KS 21
GCA_004365705.1_ASM436570v1_genomic	Bacteria	Actinomycetota	Actinomycetia	Streptomycetales	Streptomycetaceae	Streptacidiphilus	Streptacidiphilus sp004365705	Streptomyces sp. 846.5
GCA_004403015.1_ASM440301v1_genomic	Bacteria	Actinomycetota	Actinomycetia	Streptomycetales	Streptomycetaceae	Streptomyces	Streptomyces tirandamycinicus	Streptomyces sp. ICN441
GCA_004522685.1_ASM452268v1_genomic	Bacteria	Actinomycetota	Actinomycetia	Streptomycetales	Streptomycetaceae	Streptomyces	Streptomyces sp000772045	Streptomyces sp. H23
GCA_004524875.1_ASM452487v1_genomic	Bacteria	Actinomycetota	Actinomycetia	Streptomycetales	Streptomycetaceae	Streptomyces	Streptomyces papulosus	Streptomyces sp. S501
GCA_004563805.1_ASM456380v1_genomic	Bacteria	Actinomycetota	Actinomycetia	Streptomycetales	Streptomycetaceae	Streptomyces	Streptomyces niveus	Streptomyces sp. 4R-3d
GCA_004684775.1_ASM468477v1_genomic	Bacteria	Actinomycetota	Actinomycetia	Streptomycetales	Streptomycetaceae	Streptomyces	Streptomyces sp004684775	Streptomyces sp. MZ04
GCA_004684805.1_ASM468480v1_genomic	Bacteria	Actinomycetota	Actinomycetia	Streptomycetales	Streptomycetaceae	Streptomyces	Streptomyces palmae	Streptomyces palmae JCM 31289
GCA_004768505.1_ASM476850v1_genomic	Bacteria	Actinomycetota	Actinomycetia	Streptomycetales	Streptomycetaceae	Streptomyces	Streptomyces albus	Streptomyces albus DSM 40763
GCA_004784465.1_ASM478446v1_genomic	Bacteria	Actinomycetota	Actinomycetia	Streptomycetales	Streptomycetaceae	Streptomyces	Streptomyces griseoluteus	Streptomyces griseoluteus JCM 4765
GCA_004784475.1_ASM478447v1_genomic	Bacteria	Actinomycetota	Actinomycetia	Streptomycetales	Streptomycetaceae	Streptomyces	Streptomyces bauhiniae	Streptomyces bauhiniae Bv016
GCA_004794175.1_ASM479417v1_genomic	Bacteria	Actinomycetota	Actinomycetia	Streptomycetales	Streptomycetaceae	Streptomyces	Streptomyces bacillaris	Streptomyces rhizosphaericola 1AS2c
GCA_004794665.1_ASM479466v1_genomic	Bacteria	Actinomycetota	Actinomycetia	Streptomycetales	Streptomycetaceae	Streptomyces	Streptomyces murinus	Streptomyces sp. S816
GCA_004794975.1_ASM479497v1_genomic	Bacteria	Actinomycetota	Actinomycetia	Streptomycetales	Streptomycetaceae	Streptomyces	Streptomyces katrae_B	Streptomyces sp. A1547
GCA_004795015.1_ASM479501v1_genomic	Bacteria	Actinomycetota	Actinomycetia	Streptomycetales	Streptomycetaceae	Streptomyces	Streptomyces sp004795015	Streptomyces sp. A1277
GCA_004795035.1_ASM479503v1_genomic	Bacteria	Actinomycetota	Actinomycetia	Streptomycetales	Streptomycetaceae	Streptomyces	Streptomyces sp004795035	Streptomyces sp. A0958
GCA_004795055.1_ASM479505v1_genomic	Bacteria	Actinomycetota	Actinomycetia	Streptomycetales	Streptomycetaceae	Streptomyces	Streptomyces sp004795055	Streptomyces sp. A1136
GCA_004795105.1_ASM479510v1_genomic	Bacteria	Actinomycetota	Actinomycetia	Streptomycetales	Streptomycetaceae	Streptomyces	Streptomyces sp004795105	Streptomyces sp. A0642
GCA_004795115.1_ASM479511v1_genomic	Bacteria	Actinomycetota	Actinomycetia	Streptomycetales	Streptomycetaceae	Streptomyces	Streptomyces erythrochromogenes_A	Streptomyces sp. A0592
GCA_004795155.1_ASM479515v1_genomic	Bacteria	Actinomycetota	Actinomycetia	Streptomycetales	Streptomycetaceae	Streptomyces	Streptomyces anthocyanicus	Streptomyces sp. LRa12
GCA_004795255.1_ASM479525v1_genomic	Bacteria	Actinomycetota	Actinomycetia	Streptomycetales	Streptomycetaceae	Streptomyces	Streptomyces sp004795255	Streptomyces sp. RKND-216
GCA_004795715.1_ASM479571v1_genomic	Bacteria	Actinomycetota	Actinomycetia	Streptomycetales	Streptomycetaceae	Streptomyces	Streptomyces rochei	Streptomyces sp. SS52
GCA_004798565.1_ASM479856v1_genomic	Bacteria	Actinomycetota	Actinomycetia	Streptomycetales	Streptomycetaceae	Streptomyces	Streptomyces cellulosae	Streptomyces sp. Akac8
GCA_004798575.1_ASM479857v1_genomic	Bacteria	Actinomycetota	Actinomycetia	Streptomycetales	Streptomycetaceae	Streptomyces	Streptomyces alfalfae	Streptomyces sp. A1499
GCA_004803895.1_ASM480389v1_genomic	Bacteria	Actinomycetota	Actinomycetia	Streptomycetales	Streptomycetaceae	Streptomyces	Streptomyces hawaiiensis	Streptomyces hawaiiensis ATCC 12236
GCA_005047355.1_ASM504735v1_genomic	Bacteria	Actinomycetota	Actinomycetia	Streptomycetales	Streptomycetaceae	Streptomyces	Streptomyces oryziradicis	Actinacidiphila oryziradicis NEAU-C40
GCA_005048155.1_ASM504815v1_genomic	Bacteria	Actinomycetota	Actinomycetia	Streptomycetales	Streptomycetaceae	Streptomyces	Streptomyces piniterrae	Streptomyces piniterrae jys28
GCA_005222485.1_ASM522248v1_genomic	Bacteria	Actinomycetota	Actinomycetia	Streptomycetales	Streptomycetaceae	Streptomyces	Streptomyces griseoviridis_A	Streptomyces griseoviridis K61
GCA_005234185.1_ASM523418v1_genomic	Bacteria	Actinomycetota	Actinomycetia	Streptomycetales	Streptomycetaceae	Streptomyces	Streptomyces fimicarius	Streptomyces sp. BPSDS2
GCA_005280195.1_ASM528019v1_genomic	Bacteria	Actinomycetota	Actinomycetia	Streptomycetales	Streptomycetaceae	Streptomyces	Streptomyces galbus	Streptomyces galbus DSM 40089
GCA_005280215.1_ASM528021v1_genomic	Bacteria	Actinomycetota	Actinomycetia	Streptomycetales	Streptomycetaceae	Streptomyces	Streptomyces longwoodensis	Streptomyces lasalocidi X-537
GCA_005405925.1_ASM540592v1_genomic	Bacteria	Actinomycetota	Actinomycetia	Streptomycetales	Streptomycetaceae	Streptomyces	Streptomyces antimycoticus	Streptomyces antimycoticus NBRC 12839
GCA_005405945.1_ASM540594v1_genomic	Bacteria	Actinomycetota	Actinomycetia	Streptomycetales	Streptomycetaceae	Streptomyces	Streptomyces violaceusniger	Streptomyces violaceusniger NBRC 13459
GCA_005405965.1_ASM540596v1_genomic	Bacteria	Actinomycetota	Actinomycetia	Streptomycetales	Streptomycetaceae	Streptomyces	Streptomyces avermitilis	Streptomyces avermitilis NBRC 14893
GCA_005405985.1_ASM540598v1_genomic	Bacteria	Actinomycetota	Actinomycetia	Streptomycetales	Streptomycetaceae	Streptomyces	Streptomyces avermitilis	Streptomyces avermitilis ATCC 31267
GCA_005406005.1_ASM540600v1_genomic	Bacteria	Actinomycetota	Actinomycetia	Streptomycetales	Streptomycetaceae	Streptomyces	Streptomyces avermitilis	Streptomyces avermitilis cw2
GCA_005490965.1_ASM549096v1_genomic	Bacteria	Actinomycetota	Actinomycetia	Streptomycetales	Streptomycetaceae	Streptomyces	Streptomyces rochei	Streptomyces sp. SGAir0924
GCA_005517195.1_ASM551719v1_genomic	Bacteria	Actinomycetota	Actinomycetia	Streptomycetales	Streptomycetaceae	Streptomyces	Streptomyces exfoliatus_B	Streptomyces vilmorinianum YP1
GCA_005519465.1_ASM551946v1_genomic	Bacteria	Actinomycetota	Actinomycetia	Streptomycetales	Streptomycetaceae	Streptomyces	Streptomyces clavuligerus	Streptomyces clavuligerus ATCC 27064
GCA_005768555.2_ASM576855v2_genomic	Bacteria	Actinomycetota	Actinomycetia	Streptomycetales	Streptomycetaceae	Streptomyces	Streptomyces sporangiiformans	Streptomyces sporangiiformans NEAU-SSA 1
GCA_005786655.1_ASM578665v1_genomic	Bacteria	Actinomycetota	Actinomycetia	Streptomycetales	Streptomycetaceae	Streptomyces	Streptomyces sporangiiformans	Streptomyces montanus NEAU-C151
GCA_005795905.1_ASM579590v1_genomic	Bacteria	Actinomycetota	Actinomycetia	Streptomycetales	Streptomycetaceae	Streptomyces	Streptomyces marianii	Streptomyces marianii ICN19
GCA_005860785.2_ASM586078v2_genomic	Bacteria	Actinomycetota	Actinomycetia	Streptomycetales	Streptomycetaceae	Streptomyces	Streptomyces fildesensis	Streptomyces sp. So13.3
GCA_005869865.1_ASM586986v1_genomic	Bacteria	Actinomycetota	Actinomycetia	Streptomycetales	Streptomycetaceae	Streptomyces	Streptomyces tibetensis	Streptomyces tibetensis XZ 46
GCA_005938145.1_ASM593814v1_genomic	Bacteria	Actinomycetota	Actinomycetia	Streptomycetales	Streptomycetaceae	Streptomyces	Streptomyces asiaticus	Streptomyces sp. DASNCL29
GCA_005981925.1_ASM598192v1_genomic	Bacteria	Actinomycetota	Actinomycetia	Streptomycetales	Streptomycetaceae	Streptomyces	Streptomyces albidochromogenes	Streptomyces albidochromogenes DSM 41800
GCA_005981935.1_ASM598193v1_genomic	Bacteria	Actinomycetota	Actinomycetia	Streptomycetales	Streptomycetaceae	Streptomyces	Streptomyces chryseus	Streptomyces chryseus DSM 40420
GCA_005981965.1_ASM598196v1_genomic	Bacteria	Actinomycetota	Actinomycetia	Streptomycetales	Streptomycetaceae	Streptomyces	Streptomyces chryseus	Streptomyces chryseus DSM 40431
GCA_006088715.1_ASM608871v1_genomic	Bacteria	Actinomycetota	Actinomycetia	Streptomycetales	Streptomycetaceae	Streptomyces	Streptomyces sp006088715	Streptomyces sp. YIM 121038
GCA_006229535.1_ASM622953v1_genomic	Bacteria	Actinomycetota	Actinomycetia	Streptomycetales	Streptomycetaceae	Streptomyces	Streptomyces rimosus	Streptomyces rimosus WT5260
GCA_006334905.2_ASM633490v2_genomic	Bacteria	Actinomycetota	Actinomycetia	Streptomycetales	Streptomycetaceae	Streptomyces	Streptomyces triticirhizae	Streptomyces sp. 3MP-14
GCA_006334995.2_ASM633499v2_genomic	Bacteria	Actinomycetota	Actinomycetia	Streptomycetales	Streptomycetaceae	Streptomyces	Streptomyces triticirhizae	Streptomyces mimosae 3MP-10
GCA_006335015.1_ASM633501v1_genomic	Bacteria	Actinomycetota	Actinomycetia	Streptomycetales	Streptomycetaceae	Streptomyces	Streptomyces sedi	Streptomyces sedi JCM 16909
GCA_006378235.1_ASM637823v1_genomic	Bacteria	Actinomycetota	Actinomycetia	Streptomycetales	Streptomycetaceae	Streptomyces	Streptomyces albidoflavus	Streptomyces albidoflavus UYFA156
GCA_006516935.1_ASM651693v1_genomic	Bacteria	Actinomycetota	Actinomycetia	Streptomycetales	Streptomycetaceae	Streptomyces	Streptomyces griseorubiginosus	Streptomyces griseorubiginosus BTU6
GCA_006539165.1_ASM653916v1_genomic	Bacteria	Actinomycetota	Actinomycetia	Streptomycetales	Streptomycetaceae	Streptomyces	Streptomyces cacaoi	Streptomyces cacaoi NBRC 12748
GCA_006539185.1_ASM653918v1_genomic	Bacteria	Actinomycetota	Actinomycetia	Streptomycetales	Streptomycetaceae	Streptomyces	Streptomyces gardneri	Streptomyces gardneri NBRC 12865
GCA_006539505.1_ASM653950v1_genomic	Bacteria	Actinomycetota	Actinomycetia	Streptomycetales	Streptomycetaceae	Streptomyces	Streptomyces spinoverrucosus	Streptomyces spinoverrucosus NBRC 14228
GCA_006540305.1_ASM654030v1_genomic	Bacteria	Actinomycetota	Actinomycetia	Streptomycetales	Streptomycetaceae	Streptomyces	Streptomyces sp006540305	Streptomyces sp. 6-11-2
GCA_006547165.1_ASM654716v1_genomic	Bacteria	Actinomycetota	Actinomycetia	Streptomycetales	Streptomycetaceae	Streptomyces	Streptomyces ipomoeae	Streptomyces ipomoeae B12321
GCA_006547175.1_ASM654717v1_genomic	Bacteria	Actinomycetota	Actinomycetia	Streptomycetales	Streptomycetaceae	Streptomyces	Streptomyces ipomoeae	Streptomyces ipomoeae 78-51
GCA_006547185.1_ASM654718v1_genomic	Bacteria	Actinomycetota	Actinomycetia	Streptomycetales	Streptomycetaceae	Streptomyces	Streptomyces ipomoeae	Streptomyces ipomoeae 88-35
GCA_006636205.1_ASM663620v1_genomic	Bacteria	Actinomycetota	Actinomycetia	Streptomycetales	Streptomycetaceae	Kitasatospora	Kitasatospora acidiphila	Kitasatospora acidiphila MMS16-CNU292
GCA_006681775.1_ASM668177v1_genomic	Bacteria	Actinomycetota	Actinomycetia	Streptomycetales	Streptomycetaceae	Streptomyces	Streptomyces sp010548465	Streptomyces sp. 6(4)
GCA_006715185.1_ASM671518v1_genomic	Bacteria	Actinomycetota	Actinomycetia	Streptomycetales	Streptomycetaceae	Streptomyces	Streptomyces sp001298545	Streptomyces sp. SLBN-115
GCA_006715395.1_ASM671539v1_genomic	Bacteria	Actinomycetota	Actinomycetia	Streptomycetales	Streptomycetaceae	Streptomyces	Streptomyces sp006715395	Streptomyces sp. SLBN-31
GCA_006715635.1_ASM671563v1_genomic	Bacteria	Actinomycetota	Actinomycetia	Streptomycetales	Streptomycetaceae	Streptomyces	Streptomyces sp006715635	Streptomyces sp. SLBN-118
GCA_006715785.1_ASM671578v1_genomic	Bacteria	Actinomycetota	Actinomycetia	Streptomycetales	Streptomycetaceae	Streptomyces	Streptomyces puniciscabiei	Streptomyces puniciscabiei DSM 41929
GCA_006715925.1_ASM671592v1_genomic	Bacteria	Actinomycetota	Actinomycetia	Streptomycetales	Streptomycetaceae	Streptomyces	Streptomyces fungicidicus	Streptomyces sp. SLBN-134
GCA_006716135.1_ASM671613v1_genomic	Bacteria	Actinomycetota	Actinomycetia	Streptomycetales	Streptomycetaceae	Streptomyces	Streptomyces calvus	Streptomyces calvus DSM 41452
GCA_006782915.1_ASM678291v1_genomic	Bacteria	Actinomycetota	Actinomycetia	Streptomycetales	Streptomycetaceae	Streptomyces	Streptomyces calvus	Streptomyces calvus T3018
GCA_006788935.1_ASM678893v1_genomic	Bacteria	Actinomycetota	Actinomycetia	Streptomycetales	Streptomycetaceae	Streptomyces	Streptomyces bacillaris	Streptomyces cavourensis DSM 41795
GCA_006974005.1_ASM697400v1_genomic	Bacteria	Actinomycetota	Actinomycetia	Streptomycetales	Streptomycetaceae	Streptomyces	Streptomyces samsunensis	Streptomyces malaysiensis DSM 4137
GCA_007050945.1_ASM705094v1_genomic	Bacteria	Actinomycetota	Actinomycetia	Streptomycetales	Streptomycetaceae	Streptomyces	Streptomyces sp007050945	Streptomyces sp. IB201691-2A2
GCA_007096885.1_ASM709688v1_genomic	Bacteria	Actinomycetota	Actinomycetia	Streptomycetales	Streptomycetaceae	Streptomyces	Streptomyces sp007096885	Streptomyces sp. 130
GCA_007097205.2_ASM709720v2_genomic	Bacteria	Actinomycetota	Actinomycetia	Streptomycetales	Streptomycetaceae	Streptomyces	Streptomyces alkaliterrae	Streptomyces alkaliterrae OF1
GCA_007097665.2_ASM709766v2_genomic	Bacteria	Actinomycetota	Actinomycetia	Streptomycetales	Streptomycetaceae	Streptomyces	Streptomyces alkaliphilus	Streptomyces alkaliphilus IF17
GCA_007113405.2_ASM711340v2_genomic	Bacteria	Actinomycetota	Actinomycetia	Streptomycetales	Streptomycetaceae	Streptomyces	Streptomyces mirabilis	Streptomyces sp. RLB1-8
GCA_007113425.2_ASM711342v2_genomic	Bacteria	Actinomycetota	Actinomycetia	Streptomycetales	Streptomycetaceae	Streptomyces	Streptomyces mirabilis	Streptomyces sp. RLB3-17
GCA_007113445.1_ASM711344v1_genomic	Bacteria	Actinomycetota	Actinomycetia	Streptomycetales	Streptomycetaceae	Streptomyces	Streptomyces mirabilis	Streptomyces sp. RLB3-5
GCA_007113465.1_ASM711346v1_genomic	Bacteria	Actinomycetota	Actinomycetia	Streptomycetales	Streptomycetaceae	Streptomyces	Streptomyces mirabilis	Streptomyces sp. S1A1-3
GCA_007113485.2_ASM711348v2_genomic	Bacteria	Actinomycetota	Actinomycetia	Streptomycetales	Streptomycetaceae	Streptomyces	Streptomyces mirabilis	Streptomyces sp. S1D4-23
GCA_007113505.2_ASM711350v2_genomic	Bacteria	Actinomycetota	Actinomycetia	Streptomycetales	Streptomycetaceae	Streptomyces	Streptomyces mirabilis	Streptomyces sp. S1A1-8
GCA_007113525.2_ASM711352v2_genomic	Bacteria	Actinomycetota	Actinomycetia	Streptomycetales	Streptomycetaceae	Streptomyces	Streptomyces mirabilis	Streptomyces sp. RLB1-9
GCA_007113545.2_ASM711354v2_genomic	Bacteria	Actinomycetota	Actinomycetia	Streptomycetales	Streptomycetaceae	Streptomyces	Streptomyces mirabilis	Streptomyces sp. RLB3-6
GCA_007113565.2_ASM711356v2_genomic	Bacteria	Actinomycetota	Actinomycetia	Streptomycetales	Streptomycetaceae	Streptomyces	Streptomyces mirabilis	Streptomyces sp. S1A1-7
GCA_007113585.2_ASM711358v2_genomic	Bacteria	Actinomycetota	Actinomycetia	Streptomycetales	Streptomycetaceae	Streptomyces	Streptomyces mirabilis	Streptomyces sp. S1D4-20
GCA_007113665.2_ASM711366v2_genomic	Bacteria	Actinomycetota	Actinomycetia	Streptomycetales	Streptomycetaceae	Streptomyces	Streptomyces mirabilis	Streptomyces sp. S1D4-14
GCA_007176755.1_ASM717675v1_genomic	Bacteria	Actinomycetota	Actinomycetia	Streptomycetales	Streptomycetaceae	Streptomyces	Streptomyces sp007176755	Streptomyces sp. 1-11
GCA_007280575.1_ASM728057v1_genomic	Bacteria	Actinomycetota	Actinomycetia	Streptomycetales	Streptomycetaceae	Streptomyces	Streptomyces benahoarensis	Streptomyces benahoarensis MZ03-37
GCA_007280585.1_ASM728058v1_genomic	Bacteria	Actinomycetota	Actinomycetia	Streptomycetales	Streptomycetaceae	Streptomyces	Streptomyces benahoarensis	Streptomyces benahoarensis MZ03-48
GCA_007363395.1_ASM736339v1_genomic	Bacteria	Actinomycetota	Actinomycetia	Streptomycetales	Streptomycetaceae	Streptomyces	Streptomyces spectabilis	Streptomyces spectabilis NRRL 2792
GCA_007595705.1_ASM759570v1_genomic	Bacteria	Actinomycetota	Actinomycetia	Streptomycetales	Streptomycetaceae	Streptomyces	Streptomyces sp007595705	Streptomyces sp. SAJ15
GCA_007655005.1_ASM765500v1_genomic	Bacteria	Actinomycetota	Actinomycetia	Streptomycetales	Streptomycetaceae	Streptomyces	Streptomyces tibetensis	Streptomyces tibetensis XZ 46
GCA_007677905.1_ASM767790v1_genomic	Bacteria	Actinomycetota	Actinomycetia	Streptomycetales	Streptomycetaceae	Streptomyces	Streptomyces incarnatus_A	Streptomyces incarnatus DE0205
GCA_007679265.1_ASM767926v1_genomic	Bacteria	Actinomycetota	Actinomycetia	Streptomycetales	Streptomycetaceae	Streptomyces	Streptomyces incarnatus_A	Streptomyces collinus DE0114
GCA_007679425.1_ASM767942v1_genomic	Bacteria	Actinomycetota	Actinomycetia	Streptomycetales	Streptomycetaceae	Streptomyces	Streptomyces incarnatus_A	Streptomyces incarnatus DE0106
GCA_007679945.1_ASM767994v1_genomic	Bacteria	Actinomycetota	Actinomycetia	Streptomycetales	Streptomycetaceae	Streptomyces	Streptomyces bacillaris	Streptomyces sp. CFMR 7
GCA_007827595.1_ASM782759v1_genomic	Bacteria	Actinomycetota	Actinomycetia	Streptomycetales	Streptomycetaceae	Streptomyces	Streptomyces sp007827595	Streptomyces sp. BK340
GCA_007828695.1_ASM782869v1_genomic	Bacteria	Actinomycetota	Actinomycetia	Streptomycetales	Streptomycetaceae	Streptomyces	Streptomyces sp000527195	Streptomyces sp. T12
GCA_007828955.1_ASM782895v1_genomic	Bacteria	Actinomycetota	Actinomycetia	Streptomycetales	Streptomycetaceae	Kitasatospora	Kitasatospora atroaurantiaca	Kitasatospora atroaurantiaca DSM 41649
GCA_007829815.1_ASM782981v1_genomic	Bacteria	Actinomycetota	Actinomycetia	Streptomycetales	Streptomycetaceae	Kitasatospora	Kitasatospora viridis	Kitasatospora viridis DSM 44826
GCA_007829875.1_ASM782987v1_genomic	Bacteria	Actinomycetota	Actinomycetia	Streptomycetales	Streptomycetaceae	Streptomyces	Streptomyces capillispiralis	Streptomyces capillispiralis DSM 41695
GCA_007829885.1_ASM782988v1_genomic	Bacteria	Actinomycetota	Actinomycetia	Streptomycetales	Streptomycetaceae	Streptomyces	Streptomyces brevispora	Streptomyces brevispora DSM 42059
GCA_007856155.1_ASM785615v1_genomic	Bacteria	Actinomycetota	Actinomycetia	Streptomycetales	Streptomycetaceae	Streptomyces	Streptomyces qinzhouensis	Streptomyces qinzhouensis SSL-25
GCA_007896895.1_ASM789689v1_genomic	Bacteria	Actinomycetota	Actinomycetia	Streptomycetales	Streptomycetaceae	Streptomyces	Streptomyces misionensis_A	Streptomyces misionensis 66
GCA_007896905.1_ASM789690v1_genomic	Bacteria	Actinomycetota	Actinomycetia	Streptomycetales	Streptomycetaceae	Streptomyces	Streptomyces albidoflavus	Streptomyces albidoflavus 77
GCA_007994955.1_ASM799495v1_genomic	Bacteria	Actinomycetota	Actinomycetia	Streptomycetales	Streptomycetaceae	Streptomyces	Streptomyces sioyaensis	Streptomyces sp. ISID311
GCA_008016805.1_ASM801680v1_genomic	Bacteria	Actinomycetota	Actinomycetia	Streptomycetales	Streptomycetaceae	Streptomyces	Streptomyces sp003259585	Streptomyces lavendulae YAKB-15
GCA_008039505.1_ASM803950v1_genomic	Bacteria	Actinomycetota	Actinomycetia	Streptomycetales	Streptomycetaceae	Streptomyces	Streptomyces sp010384365	Streptomyces sp. IB2014 016-6
GCA_008042035.1_ASM804203v1_genomic	Bacteria	Actinomycetota	Actinomycetia	Streptomycetales	Streptomycetaceae	Streptomyces	Streptomyces sp008042035	Streptomyces sp. col6
GCA_008042045.1_ASM804204v1_genomic	Bacteria	Actinomycetota	Actinomycetia	Streptomycetales	Streptomycetaceae	Streptomyces	Streptomyces sp008042045	Streptomyces sp. t39
GCA_008042065.1_ASM804206v1_genomic	Bacteria	Actinomycetota	Actinomycetia	Streptomycetales	Streptomycetaceae	Streptomyces	Streptomyces silvae	Streptomyces sp. gb1(2016)
GCA_008042075.1_ASM804207v1_genomic	Bacteria	Actinomycetota	Actinomycetia	Streptomycetales	Streptomycetaceae	Streptomyces	Streptomyces sp008042075	Streptomyces sp. uw30
GCA_008042115.1_ASM804211v1_genomic	Bacteria	Actinomycetota	Actinomycetia	Streptomycetales	Streptomycetaceae	Streptomyces	Streptomyces sp008042115	Streptomyces sp. me109
GCA_008042125.1_ASM804212v1_genomic	Bacteria	Actinomycetota	Actinomycetia	Streptomycetales	Streptomycetaceae	Streptomyces	Streptomyces sp008042125	Streptomyces sp. ms191
GCA_008042145.1_ASM804214v1_genomic	Bacteria	Actinomycetota	Actinomycetia	Streptomycetales	Streptomycetaceae	Streptomyces	Streptomyces sp008042145	Streptomyces sp. adm13(2018)
GCA_008042155.1_ASM804215v1_genomic	Bacteria	Actinomycetota	Actinomycetia	Streptomycetales	Streptomycetaceae	Streptomyces	Streptomyces sp008042155	Streptomyces sp. wa22
GCA_008042275.1_ASM804227v1_genomic	Bacteria	Actinomycetota	Actinomycetia	Streptomycetales	Streptomycetaceae	Streptomyces	Streptomyces sp008042275	Streptomyces sp. or43
GCA_008064995.1_ASM806499v1_genomic	Bacteria	Actinomycetota	Actinomycetia	Streptomycetales	Streptomycetaceae	Streptomyces	Streptomyces griseofuscus	Streptomyces rochei 7434AN4
GCA_008086975.1_ASM808697v1_genomic	Bacteria	Actinomycetota	Actinomycetia	Streptomycetales	Streptomycetaceae	Streptomyces	Streptomyces virginiae	Streptomyces sp. WAC05950
GCA_008087005.1_ASM808700v1_genomic	Bacteria	Actinomycetota	Actinomycetia	Streptomycetales	Streptomycetaceae	Streptomyces	Streptomyces libani	Streptomyces sp. WAC01526
GCA_008107605.1_ASM810760v1_genomic	Bacteria	Actinomycetota	Actinomycetia	Streptomycetales	Streptomycetaceae	Kitasatospora	Kitasatospora sp002953255	Streptomyces sp. CB01881
GCA_008120935.1_ASM812093v1_genomic	Bacteria	Actinomycetota	Actinomycetia	Streptomycetales	Streptomycetaceae	Streptomyces	Streptomyces sp008120935	Streptomyces sp. sk2.1
GCA_008124905.1_ASM812490v1_genomic	Bacteria	Actinomycetota	Actinomycetia	Streptomycetales	Streptomycetaceae	Streptomyces	Streptomyces anthocyanicus	Streptomyces coelicolor A3(2) R4-mCherry-14
GCA_008124915.1_ASM812491v1_genomic	Bacteria	Actinomycetota	Actinomycetia	Streptomycetales	Streptomycetaceae	Streptomyces	Streptomyces anthocyanicus	Streptomyces coelicolor A3(2) ICSSB 1010
GCA_008124975.1_ASM812497v1_genomic	Bacteria	Actinomycetota	Actinomycetia	Streptomycetales	Streptomycetaceae	Streptomyces	Streptomyces anthocyanicus	Streptomyces coelicolor A3(2) R4-mCherry-17
GCA_008124985.1_ASM812498v1_genomic	Bacteria	Actinomycetota	Actinomycetia	Streptomycetales	Streptomycetaceae	Streptomyces	Streptomyces anthocyanicus	Streptomyces coelicolor A3(2) R4-mCherry-15
GCA_008125035.1_ASM812503v1_genomic	Bacteria	Actinomycetota	Actinomycetia	Streptomycetales	Streptomycetaceae	Streptomyces	Streptomyces anthocyanicus	Streptomyces coelicolor A3(2) R4-mCherry-18
GCA_008180165.1_ASM818016v1_genomic	Bacteria	Actinomycetota	Actinomycetia	Streptomycetales	Streptomycetaceae	Streptomyces	Streptomyces parvus	Streptomyces parvus C05
GCA_008271805.1_ASM827180v1_genomic	Bacteria	Actinomycetota	Actinomycetia	Streptomycetales	Streptomycetaceae	Streptomyces	Streptomyces sp008271805	Streptomyces sp. TRM49041
GCA_008312835.1_ASM831283v1_genomic	Bacteria	Actinomycetota	Actinomycetia	Streptomycetales	Streptomycetaceae	Streptomyces	Streptomyces marokkonensis	Streptomyces marokkonensis OANH409
GCA_008312845.1_ASM831284v1_genomic	Bacteria	Actinomycetota	Actinomycetia	Streptomycetales	Streptomycetaceae	Streptomyces	Streptomyces cacaoi	Streptomyces cacaoi OABC16
GCA_008369065.1_ASM836906v1_genomic	Bacteria	Actinomycetota	Actinomycetia	Streptomycetales	Streptomycetaceae	Streptomyces	Streptomyces apricus	Streptomyces apricus SUN51
GCA_008386495.1_ASM838649v1_genomic	Bacteria	Actinomycetota	Actinomycetia	Streptomycetales	Streptomycetaceae	Streptomyces	Streptomyces tailanensis	Streptomyces tailanensis TRM68348
GCA_008632535.1_ASM863253v1_genomic	Bacteria	Actinomycetota	Actinomycetia	Streptomycetales	Streptomycetaceae	Streptomyces	Streptomyces parvus	Streptomyces parvus NRRL B-1455
GCA_008632955.1_ASM863295v1_genomic	Bacteria	Actinomycetota	Actinomycetia	Streptomycetales	Streptomycetaceae	Streptomyces	Streptomyces sp000527195	Streptomyces tendae 139
GCA_008634015.1_ASM863401v1_genomic	Bacteria	Actinomycetota	Actinomycetia	Streptomycetales	Streptomycetaceae	Streptomyces	Streptomyces filamentosus	Streptomyces filamentosus ATCC 23958
GCA_008634025.1_ASM863402v1_genomic	Bacteria	Actinomycetota	Actinomycetia	Streptomycetales	Streptomycetaceae	Streptomyces	Streptomyces albofaciens	Streptomyces albofaciens JCM 4342 ATCC 23873
GCA_008639045.1_ASM863904v1_genomic	Bacteria	Actinomycetota	Actinomycetia	Streptomycetales	Streptomycetaceae	Streptomyces	Streptomyces venezuelae	Streptomyces venezuelae ATCC 21113
GCA_008639165.1_ASM863916v1_genomic	Bacteria	Actinomycetota	Actinomycetia	Streptomycetales	Streptomycetaceae	Streptomyces	Streptomyces venezuelae	Streptomyces venezuelae ATCC 10712 ATCC 10712
GCA_008642275.1_ASM864227v1_genomic	Bacteria	Actinomycetota	Actinomycetia	Streptomycetales	Streptomycetaceae	Streptomyces	Streptomyces venezuelae_E	Streptomyces venezuelae ATCC 21018
GCA_008642295.1_ASM864229v1_genomic	Bacteria	Actinomycetota	Actinomycetia	Streptomycetales	Streptomycetaceae	Streptomyces	Streptomyces venezuelae_C	Streptomyces venezuelae ATCC 21782
GCA_008642315.1_ASM864231v1_genomic	Bacteria	Actinomycetota	Actinomycetia	Streptomycetales	Streptomycetaceae	Streptomyces	Streptomyces venezuelae_D	Streptomyces venezuelae ATCC 14584
GCA_008642335.1_ASM864233v1_genomic	Bacteria	Actinomycetota	Actinomycetia	Streptomycetales	Streptomycetaceae	Streptomyces	Streptomyces venezuelae_F	Streptomyces venezuelae ATCC 14585
GCA_008642355.1_ASM864235v1_genomic	Bacteria	Actinomycetota	Actinomycetia	Streptomycetales	Streptomycetaceae	Streptomyces	Streptomyces venezuelae_B	Streptomyces venezuelae ATCC 14583
GCA_008642375.1_ASM864237v1_genomic	Bacteria	Actinomycetota	Actinomycetia	Streptomycetales	Streptomycetaceae	Streptomyces	Streptomyces narbonensis	Streptomyces venezuelae ATCC 15068
GCA_008704395.1_ASM870439v1_genomic	Bacteria	Actinomycetota	Actinomycetia	Streptomycetales	Streptomycetaceae	Streptomyces	Streptomyces alboniger	Streptomyces alboniger ATCC 12461
GCA_008704425.1_ASM870442v1_genomic	Bacteria	Actinomycetota	Actinomycetia	Streptomycetales	Streptomycetaceae	Streptomyces	Streptomyces fradiae	Streptomyces fradiae ATCC 10745 = DSM 40063 ATCC 10745
GCA_008704445.1_ASM870444v1_genomic	Bacteria	Actinomycetota	Actinomycetia	Streptomycetales	Streptomycetaceae	Streptomyces	Streptomyces prasinus	Streptomyces prasinus ATCC 13879
GCA_008704495.1_ASM870449v1_genomic	Bacteria	Actinomycetota	Actinomycetia	Streptomycetales	Streptomycetaceae	Streptomyces	Streptomyces kanamyceticus	Streptomyces kanamyceticus ATCC 12853
GCA_008704515.1_ASM870451v1_genomic	Bacteria	Actinomycetota	Actinomycetia	Streptomycetales	Streptomycetaceae	Streptomyces	Streptomyces viridosporus	Streptomyces viridosporus T7A ATCC 39115
GCA_008704535.1_ASM870453v1_genomic	Bacteria	Actinomycetota	Actinomycetia	Streptomycetales	Streptomycetaceae	Streptomyces	Streptomyces subrutilus	Streptomyces subrutilus ATCC 27467
GCA_008704555.1_ASM870455v1_genomic	Bacteria	Actinomycetota	Actinomycetia	Streptomycetales	Streptomycetaceae	Streptomyces	Streptomyces nitrosporeus	Streptomyces nitrosporeus ATCC 12769
GCA_008704575.1_ASM870457v1_genomic	Bacteria	Actinomycetota	Actinomycetia	Streptomycetales	Streptomycetaceae	Streptomyces	Streptomyces bobili	Streptomyces galilaeus ATCC 14969
GCA_008704655.1_ASM870465v1_genomic	Bacteria	Actinomycetota	Actinomycetia	Streptomycetales	Streptomycetaceae	Streptomyces	Streptomyces rimosus	Streptomyces rimosus ATCC 10970
GCA_008704715.1_ASM870471v1_genomic	Bacteria	Actinomycetota	Actinomycetia	Streptomycetales	Streptomycetaceae	Streptomyces	Streptomyces chartreusis	Streptomyces chartreusis ATCC 14922
GCA_008704795.1_ASM870479v1_genomic	Bacteria	Actinomycetota	Actinomycetia	Streptomycetales	Streptomycetaceae	Streptomyces	Streptomyces spectabilis	Streptomyces spectabilis ATCC 27465
GCA_008704855.1_ASM870485v1_genomic	Bacteria	Actinomycetota	Actinomycetia	Streptomycetales	Streptomycetaceae	Streptomyces	Streptomyces platensis	Streptomyces platensis ATCC 23948
GCA_008704935.1_ASM870493v1_genomic	Bacteria	Actinomycetota	Actinomycetia	Streptomycetales	Streptomycetaceae	Streptomyces	Streptomyces vinaceus	Streptomyces vinaceus ATCC 27476
GCA_008704995.1_ASM870499v1_genomic	Bacteria	Actinomycetota	Actinomycetia	Streptomycetales	Streptomycetaceae	Streptomyces	Streptomyces nodosus	Streptomyces nodosus ATCC 14899
GCA_008705135.1_ASM870513v1_genomic	Bacteria	Actinomycetota	Actinomycetia	Streptomycetales	Streptomycetaceae	Streptomyces	Streptomyces coeruleorubidus	Streptomyces coeruleorubidus ATCC 13740
GCA_008705255.1_ASM870525v1_genomic	Bacteria	Actinomycetota	Actinomycetia	Streptomycetales	Streptomycetaceae	Streptomyces	Streptomyces venezuelae	Streptomyces venezuelae ATCC 10595
GCA_008806595.1_ASM880659v1_genomic	Bacteria	Actinomycetota	Actinomycetia	Streptomycetales	Streptomycetaceae	Streptomyces	Streptomyces luteolifulvus	Streptomyces luteolifulvus HIT-DPA4
GCA_008868685.1_ASM886868v1_genomic	Bacteria	Actinomycetota	Actinomycetia	Streptomycetales	Streptomycetaceae	Streptomyces	Streptomyces populi	Streptomyces triticiradicis NEAU-H2
GCA_008905045.1_ASM890504v1_genomic	Bacteria	Actinomycetota	Actinomycetia	Streptomycetales	Streptomycetaceae	Streptomyces	Streptomyces albicerus	Streptomyces albicerus TRM68295
GCA_008931305.1_ASM893130v1_genomic	Bacteria	Actinomycetota	Actinomycetia	Streptomycetales	Streptomycetaceae	Streptomyces	Streptomyces anthocyanicus	Streptomyces coelicolor A3(2) CFB_NBC_0001
GCA_008932075.1_ASM893207v1_genomic	Bacteria	Actinomycetota	Actinomycetia	Streptomycetales	Streptomycetaceae	Streptomyces	Streptomyces cyaneofuscatus	Streptomyces arboris TRM68085
GCA_008973465.1_ASM897346v1_genomic	Bacteria	Actinomycetota	Actinomycetia	Streptomycetales	Streptomycetaceae	Streptomyces	Streptomyces sp008973465	Streptomyces sp. SS1-1
GCA_008974245.1_ASM897424v1_genomic	Bacteria	Actinomycetota	Actinomycetia	Streptomycetales	Streptomycetaceae	Streptomyces	Streptomyces abyssomicinicus	Streptomyces abyssomicinicus CHI39
GCA_009025935.1_ASM902593v1_genomic	Bacteria	Actinomycetota	Actinomycetia	Streptomycetales	Streptomycetaceae	Streptomyces	Streptomyces sp001865245	Streptomyces sp. C8S0
GCA_009176265.1_ASM917626v1_genomic	Bacteria	Actinomycetota	Actinomycetia	Streptomycetales	Streptomycetaceae	Streptomyces	Streptomyces angustmyceticus	Streptomyces angustmyceticus NBRC 3934
GCA_009184865.1_ASM918486v1_genomic	Bacteria	Actinomycetota	Actinomycetia	Streptomycetales	Streptomycetaceae	Streptomyces	Streptomyces phaeolivaceus	Streptomyces phaeolivaceus GY16
GCA_009208535.1_ASM920853v1_genomic	Bacteria	Actinomycetota	Actinomycetia	Streptomycetales	Streptomycetaceae	Streptomyces	Streptomyces mobaraensis	Streptomyces mobaraensis US-43
GCA_009296025.1_ASM929602v1_genomic	Bacteria	Actinomycetota	Actinomycetia	Streptomycetales	Streptomycetaceae	Streptomyces	Streptomyces tsukubensis_B	Streptomyces tsukubensis AT3
GCA_009299385.1_ASM929938v1_genomic	Bacteria	Actinomycetota	Actinomycetia	Streptomycetales	Streptomycetaceae	Streptomyces	Streptomyces bikiniensis	Streptomyces cinereoruber ATCC 19740
GCA_009377175.1_ASM937717v1_genomic	Bacteria	Actinomycetota	Actinomycetia	Streptomycetales	Streptomycetaceae	Streptomyces	Streptomyces adustus	Streptomyces adustus NBRC 109810
GCA_009377185.1_ASM937718v1_genomic	Bacteria	Actinomycetota	Actinomycetia	Streptomycetales	Streptomycetaceae	Streptomyces	Streptomyces spongiae	Streptomyces spongiae NBRC 106415
GCA_009377205.1_ASM937720v1_genomic	Bacteria	Actinomycetota	Actinomycetia	Streptomycetales	Streptomycetaceae	Streptomyces	Streptomyces phyllanthi	Streptomyces phyllanthi TISTR 2346
GCA_009377235.1_ASM937723v1_genomic	Bacteria	Actinomycetota	Actinomycetia	Streptomycetales	Streptomycetaceae	Streptomyces	Streptomyces acidicola	Streptomyces acidicola K1PN6
GCA_009495655.1_ASM949565v1_genomic	Bacteria	Actinomycetota	Actinomycetia	Streptomycetales	Streptomycetaceae	Streptomyces	Streptomyces coelicoflavus	Streptomyces sp. SYP-A7193
GCA_009498275.1_ASM949827v1_genomic	Bacteria	Actinomycetota	Actinomycetia	Streptomycetales	Streptomycetaceae	Streptomyces	Streptomyces fagopyri	Streptomyces fagopyri QMT-28
GCA_009569385.1_ASM956938v1_genomic	Bacteria	Actinomycetota	Actinomycetia	Streptomycetales	Streptomycetaceae	Kitasatospora	Kitasatospora kaniharaensis	Streptomyces kaniharaensis SF-557
GCA_009600885.1_ASM960088v1_genomic	Bacteria	Actinomycetota	Actinomycetia	Streptomycetales	Streptomycetaceae	Streptomyces	Streptomyces jumonjinensis_A	Streptomyces jumonjinensis NRRL 5741
GCA_009600895.1_ASM960089v1_genomic	Bacteria	Actinomycetota	Actinomycetia	Streptomycetales	Streptomycetaceae	Streptomyces	Streptomyces jumonjinensis_A	Streptomyces katsurahamanus T-272
GCA_009604385.1_ASM960438v1_genomic	Bacteria	Actinomycetota	Actinomycetia	Streptomycetales	Streptomycetaceae	Streptomyces	Streptomyces smaragdinus	Streptomyces smaragdinus RB5
GCA_009604455.1_ASM960445v1_genomic	Bacteria	Actinomycetota	Actinomycetia	Streptomycetales	Streptomycetaceae	Streptomyces	Streptomyces sp009604455	Streptomyces sp. RB17
GCA_009650765.1_ASM965076v1_genomic	Bacteria	Actinomycetota	Actinomycetia	Streptomycetales	Streptomycetaceae	Streptomyces	Streptomyces sp003259585	Streptomyces sp. SUK 48
GCA_009709555.1_ASM970955v1_genomic	Bacteria	Actinomycetota	Actinomycetia	Streptomycetales	Streptomycetaceae	Streptomyces	Streptomyces blattellae	Streptomyces blattellae TRM63209
GCA_009709575.1_ASM970957v1_genomic	Bacteria	Actinomycetota	Actinomycetia	Streptomycetales	Streptomycetaceae	Streptomyces	Streptomyces taklimakanensis	Streptomyces taklimakanensis TRM43335
GCA_009735685.1_ASM973568v1_genomic	Bacteria	Actinomycetota	Actinomycetia	Streptomycetales	Streptomycetaceae	Streptomyces	Streptomyces lycii	Streptomyces lycii TRM 66187
GCA_009739225.1_ASM973922v1_genomic	Bacteria	Actinomycetota	Actinomycetia	Streptomycetales	Streptomycetaceae	Streptomyces	Streptomyces griseoincarnatus	Streptomyces sp. Z38
GCA_009739905.1_ASM973990v1_genomic	Bacteria	Actinomycetota	Actinomycetia	Streptomycetales	Streptomycetaceae	Streptomyces	Streptomyces ficellus	Streptomyces ficellus NRRL 8067
GCA_009755605.1_ASM975560v1_genomic	Bacteria	Actinomycetota	Actinomycetia	Streptomycetales	Streptomycetaceae	Streptomyces	Streptomyces typhae	Streptomyces typhae p1417
GCA_009769735.1_ASM976973v1_genomic	Bacteria	Actinomycetota	Actinomycetia	Streptomycetales	Streptomycetaceae	Streptomyces	Streptomyces sp009769735	Streptomyces sp. BA2
GCA_009789635.1_ASM978963v1_genomic	Bacteria	Actinomycetota	Actinomycetia	Streptomycetales	Streptomycetaceae	Streptomyces	Streptomyces lateritius	Streptomyces sp. QHH-9511
GCA_009796285.1_ASM979628v1_genomic	Bacteria	Actinomycetota	Actinomycetia	Streptomycetales	Streptomycetaceae	Streptomyces	Streptomyces broussonetiae	Streptomyces broussonetiae T44
GCA_009811555.1_ASM981155v1_genomic	Bacteria	Actinomycetota	Actinomycetia	Streptomycetales	Streptomycetaceae	Streptomyces	Streptomyces caniferus	Streptomyces caniferus NBRC 15389
GCA_009811575.1_ASM981157v1_genomic	Bacteria	Actinomycetota	Actinomycetia	Streptomycetales	Streptomycetaceae	Streptomyces	Streptomyces platensis	Streptomyces glebosus NBRC 13786
GCA_009811595.1_ASM981159v1_genomic	Bacteria	Actinomycetota	Actinomycetia	Streptomycetales	Streptomycetaceae	Streptomyces	Streptomyces libani	Streptomyces libani subsp. libani
GCA_009811635.1_ASM981163v1_genomic	Bacteria	Actinomycetota	Actinomycetia	Streptomycetales	Streptomycetaceae	Streptomyces	Streptomyces tubercidicus	Streptomyces tubercidicus NBRC 13090
GCA_009823745.1_ASM982374v1_genomic	Bacteria	Actinomycetota	Actinomycetia	Streptomycetales	Streptomycetaceae	Streptomyces	Streptomyces sp003116725	Streptomyces sp. YIM 132580
GCA_009827025.1_ASM982702v1_genomic	Bacteria	Actinomycetota	Actinomycetia	Streptomycetales	Streptomycetaceae	Streptomyces	Streptomyces luteolifulvus	Streptomyces sp. HUCO-GS316
GCA_009829585.1_ASM982958v1_genomic	Bacteria	Actinomycetota	Actinomycetia	Streptomycetales	Streptomycetaceae	Streptomyces	Streptomyces tendae	Streptomyces tendae UTMC 3329
GCA_009831155.1_ASM983115v1_genomic	Bacteria	Actinomycetota	Actinomycetia	Streptomycetales	Streptomycetaceae	Streptomyces	Streptomyces cellulosae	Streptomyces sp. XHT-2
GCA_009832925.1_ASM983292v1_genomic	Bacteria	Actinomycetota	Actinomycetia	Streptomycetales	Streptomycetaceae	Streptomyces	Streptomyces sp009832925	Streptomyces sp. Tu 2975
GCA_009834105.1_ASM983410v1_genomic	Bacteria	Actinomycetota	Actinomycetia	Streptomycetales	Streptomycetaceae	Streptomyces	Streptomyces albidoflavus	Streptomyces sp. GF20
GCA_009834125.1_ASM983412v1_genomic	Bacteria	Actinomycetota	Actinomycetia	Streptomycetales	Streptomycetaceae	Streptomyces	Streptomyces sp009834125	Streptomyces sp. GS7
GCA_009834145.1_ASM983414v1_genomic	Bacteria	Actinomycetota	Actinomycetia	Streptomycetales	Streptomycetaceae	Streptomyces	Streptomyces incarnatus_A	Streptomyces sp. HF10
GCA_009834665.1_ASM983466v1_genomic	Bacteria	Actinomycetota	Actinomycetia	Streptomycetales	Streptomycetaceae	Streptomyces	Streptomyces fradiae	Streptomyces fradiae ATCC 10745 = DSM 40063 ATCC 10745
GCA_009846825.1_ASM984682v1_genomic	Bacteria	Actinomycetota	Actinomycetia	Streptomycetales	Streptomycetaceae	Streptomyces	Streptomyces albidoflavus	Streptomyces sp. FR-008
GCA_009852415.1_ASM985241v1_genomic	Bacteria	Actinomycetota	Actinomycetia	Streptomycetales	Streptomycetaceae	Streptomyces	Streptomyces sp009852415	Streptomyces sp. Tu 3180
GCA_009857135.1_ASM985713v1_genomic	Bacteria	Actinomycetota	Actinomycetia	Streptomycetales	Streptomycetaceae	Streptomyces	Streptomyces sp009857135	Streptomyces sp. HM190
GCA_009862025.1_ASM986202v1_genomic	Bacteria	Actinomycetota	Actinomycetia	Streptomycetales	Streptomycetaceae	Streptomyces	Streptomyces griseofuscus	Streptomyces sp. SID4946
GCA_009862035.1_ASM986203v1_genomic	Bacteria	Actinomycetota	Actinomycetia	Streptomycetales	Streptomycetaceae	Streptomyces	Streptomyces sp003259585	Streptomyces sp. SID8366
GCA_009862045.1_ASM986204v1_genomic	Bacteria	Actinomycetota	Actinomycetia	Streptomycetales	Streptomycetaceae	Streptomyces	Streptomyces sp000177195	Streptomyces sp. SID8360
GCA_009862055.1_ASM986205v1_genomic	Bacteria	Actinomycetota	Actinomycetia	Streptomycetales	Streptomycetaceae	Streptomyces	Streptomyces sp000177195	Streptomyces sp. SID8358
GCA_009862105.1_ASM986210v1_genomic	Bacteria	Actinomycetota	Actinomycetia	Streptomycetales	Streptomycetaceae	Streptomyces	Streptomyces sp000177195	Streptomyces sp. SID8357
GCA_009862115.1_ASM986211v1_genomic	Bacteria	Actinomycetota	Actinomycetia	Streptomycetales	Streptomycetaceae	Streptomyces	Streptomyces bacillaris	Streptomyces sp. SID8359
GCA_009862125.1_ASM986212v1_genomic	Bacteria	Actinomycetota	Actinomycetia	Streptomycetales	Streptomycetaceae	Streptomyces	Streptomyces sp009862125	Streptomyces sp. SID5910
GCA_009862145.1_ASM986214v1_genomic	Bacteria	Actinomycetota	Actinomycetia	Streptomycetales	Streptomycetaceae	Streptomyces	Streptomyces bacillaris	Streptomyces sp. SID8356
GCA_009862155.1_ASM986215v1_genomic	Bacteria	Actinomycetota	Actinomycetia	Streptomycetales	Streptomycetaceae	Streptomyces	Streptomyces samsunensis	Streptomyces sp. SID8361
GCA_009862205.1_ASM986220v1_genomic	Bacteria	Actinomycetota	Actinomycetia	Streptomycetales	Streptomycetaceae	Streptomyces	Streptomyces bacillaris	Streptomyces sp. SID8350
GCA_009862215.1_ASM986221v1_genomic	Bacteria	Actinomycetota	Actinomycetia	Streptomycetales	Streptomycetaceae	Streptomyces	Streptomyces venezuelae	Streptomyces sp. SID7814
GCA_009862225.1_ASM986222v1_genomic	Bacteria	Actinomycetota	Actinomycetia	Streptomycetales	Streptomycetaceae	Streptomyces	Streptomyces sp000373585	Streptomyces sp. SID8354
GCA_009862245.1_ASM986224v1_genomic	Bacteria	Actinomycetota	Actinomycetia	Streptomycetales	Streptomycetaceae	Streptomyces	Streptomyces griseus	Streptomyces sp. SID7816
GCA_009862265.1_ASM986226v1_genomic	Bacteria	Actinomycetota	Actinomycetia	Streptomycetales	Streptomycetaceae	Streptomyces	Streptomyces sp009862265	Streptomyces sp. SID8352
GCA_009862305.1_ASM986230v1_genomic	Bacteria	Actinomycetota	Actinomycetia	Streptomycetales	Streptomycetaceae	Streptomyces	Streptomyces sp003259365	Streptomyces sp. SID8367
GCA_009862315.1_ASM986231v1_genomic	Bacteria	Actinomycetota	Actinomycetia	Streptomycetales	Streptomycetaceae	Kitasatospora	Kitasatospora setae	Kitasatospora sp. SID7827
GCA_009862345.1_ASM986234v1_genomic	Bacteria	Actinomycetota	Actinomycetia	Streptomycetales	Streptomycetaceae	Streptomyces	Streptomyces albidoflavus	Streptomyces sp. SID7817
GCA_009862355.1_ASM986235v1_genomic	Bacteria	Actinomycetota	Actinomycetia	Streptomycetales	Streptomycetaceae	Streptomyces	Streptomyces papulosus	Streptomyces sp. SID7834
GCA_009862365.1_ASM986236v1_genomic	Bacteria	Actinomycetota	Actinomycetia	Streptomycetales	Streptomycetaceae	Streptomyces	Streptomyces papulosus	Streptomyces sp. SID7815
GCA_009862405.1_ASM986240v1_genomic	Bacteria	Actinomycetota	Actinomycetia	Streptomycetales	Streptomycetaceae	Streptomyces	Streptomyces sp000213055	Streptomyces sp. SID4945
GCA_009862415.1_ASM986241v1_genomic	Bacteria	Actinomycetota	Actinomycetia	Streptomycetales	Streptomycetaceae	Streptomyces	Streptomyces griseus	Streptomyces sp. SID8364
GCA_009862445.1_ASM986244v1_genomic	Bacteria	Actinomycetota	Actinomycetia	Streptomycetales	Streptomycetaceae	Streptomyces	Streptomyces anthocyanicus	Streptomyces sp. SID7813
GCA_009862465.1_ASM986246v1_genomic	Bacteria	Actinomycetota	Actinomycetia	Streptomycetales	Streptomycetaceae	Streptomyces	Streptomyces halstedii	Streptomyces sp. SID4941
GCA_009862475.1_ASM986247v1_genomic	Bacteria	Actinomycetota	Actinomycetia	Streptomycetales	Streptomycetaceae	Streptomyces	Streptomyces sp000177195	Streptomyces sp. SID4940
GCA_009862505.1_ASM986250v1_genomic	Bacteria	Actinomycetota	Actinomycetia	Streptomycetales	Streptomycetaceae	Streptomyces	Streptomyces celluloflavus	Streptomyces sp. SID7805
GCA_009862515.1_ASM986251v1_genomic	Bacteria	Actinomycetota	Actinomycetia	Streptomycetales	Streptomycetaceae	Streptomyces	Streptomyces calvus	Streptomyces sp. SID7804
GCA_009862565.1_ASM986256v1_genomic	Bacteria	Actinomycetota	Actinomycetia	Streptomycetales	Streptomycetaceae	Streptomyces	Streptomyces bacillaris	Streptomyces sp. SID4944
GCA_009862585.1_ASM986258v1_genomic	Bacteria	Actinomycetota	Actinomycetia	Streptomycetales	Streptomycetaceae	Streptomyces	Streptomyces roseus	Streptomyces sp. SID7760
GCA_009862625.1_ASM986262v1_genomic	Bacteria	Actinomycetota	Actinomycetia	Streptomycetales	Streptomycetaceae	Streptomyces	Streptomyces sp003259585	Streptomyces sp. SID69
GCA_009862635.1_ASM986263v1_genomic	Bacteria	Actinomycetota	Actinomycetia	Streptomycetales	Streptomycetaceae	Streptomyces	Streptomyces griseus	Streptomyces sp. SID724
GCA_009862665.1_ASM986266v1_genomic	Bacteria	Actinomycetota	Actinomycetia	Streptomycetales	Streptomycetaceae	Streptomyces	Streptomyces sennicomposti	Streptomyces sp. SID5998
GCA_009862675.1_ASM986267v1_genomic	Bacteria	Actinomycetota	Actinomycetia	Streptomycetales	Streptomycetaceae	Streptomyces	Streptomyces sp001654495	Streptomyces sp. SID625
GCA_009862685.1_ASM986268v1_genomic	Bacteria	Actinomycetota	Actinomycetia	Streptomycetales	Streptomycetaceae	Streptomyces	Streptomyces griseofuscus	Streptomyces sp. SID685
GCA_009862725.1_ASM986272v1_genomic	Bacteria	Actinomycetota	Actinomycetia	Streptomycetales	Streptomycetaceae	Streptomyces	Streptomyces rubrogriseus	Streptomyces sp. SID5926
GCA_009862765.1_ASM986276v1_genomic	Bacteria	Actinomycetota	Actinomycetia	Streptomycetales	Streptomycetaceae	Streptomyces	Streptomyces murinus	Streptomyces sp. SID6137
GCA_009862775.1_ASM986277v1_genomic	Bacteria	Actinomycetota	Actinomycetia	Streptomycetales	Streptomycetaceae	Streptomyces	Streptomyces sp008042145	Streptomyces sp. SID6041
GCA_009862825.1_ASM986282v1_genomic	Bacteria	Actinomycetota	Actinomycetia	Streptomycetales	Streptomycetaceae	Streptomyces	Streptomyces tsukubensis	Streptomyces sp. SID5473
GCA_009862865.1_ASM986286v1_genomic	Bacteria	Actinomycetota	Actinomycetia	Streptomycetales	Streptomycetaceae	Streptomyces	Streptomyces avermitilis	Streptomyces sp. SID5469
GCA_009862885.1_ASM986288v1_genomic	Bacteria	Actinomycetota	Actinomycetia	Streptomycetales	Streptomycetaceae	Streptomyces	Streptomyces cattleya	Streptomyces sp. SID5468
GCA_009862925.1_ASM986292v1_genomic	Bacteria	Actinomycetota	Actinomycetia	Streptomycetales	Streptomycetaceae	Streptomyces	Streptomyces sviceus	Streptomyces sp. SID5470
GCA_009862935.1_ASM986293v1_genomic	Bacteria	Actinomycetota	Actinomycetia	Streptomycetales	Streptomycetaceae	Streptomyces	Streptomyces rimosus	Streptomyces sp. SID5471
GCA_009862965.1_ASM986296v1_genomic	Bacteria	Actinomycetota	Actinomycetia	Streptomycetales	Streptomycetaceae	Streptomyces	Streptomyces parvus	Streptomyces sp. SID5466
GCA_009862985.1_ASM986298v1_genomic	Bacteria	Actinomycetota	Actinomycetia	Streptomycetales	Streptomycetaceae	Streptomyces	Streptomyces chartreusis_D	Streptomyces sp. SID5464
GCA_009863005.1_ASM986300v1_genomic	Bacteria	Actinomycetota	Actinomycetia	Streptomycetales	Streptomycetaceae	Streptomyces	Streptomyces cellulosae	Streptomyces sp. SID4956
GCA_009863025.1_ASM986302v1_genomic	Bacteria	Actinomycetota	Actinomycetia	Streptomycetales	Streptomycetaceae	Streptomyces	Streptomyces sp009863025	Streptomyces sp. SID4985
GCA_009863035.1_ASM986303v1_genomic	Bacteria	Actinomycetota	Actinomycetia	Streptomycetales	Streptomycetaceae	Streptomyces	Streptomyces sp019090105	Streptomyces sp. SID4982
GCA_009863045.1_ASM986304v1_genomic	Bacteria	Actinomycetota	Actinomycetia	Streptomycetales	Streptomycetaceae	Streptomyces	Streptomyces sp900091855	Streptomyces sp. SID4948
GCA_009863085.1_ASM986308v1_genomic	Bacteria	Actinomycetota	Actinomycetia	Streptomycetales	Streptomycetaceae	Streptomyces	Streptomyces libani	Streptomyces sp. SID4951
GCA_009863095.1_ASM986309v1_genomic	Bacteria	Actinomycetota	Actinomycetia	Streptomycetales	Streptomycetaceae	Streptomyces	Streptomyces sp900091845	Streptomyces sp. SID4950
GCA_009863125.1_ASM986312v1_genomic	Bacteria	Actinomycetota	Actinomycetia	Streptomycetales	Streptomycetaceae	Streptomyces	Streptomyces sp900091725	Streptomyces sp. SID4936
GCA_009863145.1_ASM986314v1_genomic	Bacteria	Actinomycetota	Actinomycetia	Streptomycetales	Streptomycetaceae	Streptomyces	Streptomyces sp003116725	Streptomyces sp. SID4937
GCA_009863155.1_ASM986315v1_genomic	Bacteria	Actinomycetota	Actinomycetia	Streptomycetales	Streptomycetaceae	Streptomyces	Streptomyces griseus	Streptomyces sp. SID4928
GCA_009863165.1_ASM986316v1_genomic	Bacteria	Actinomycetota	Actinomycetia	Streptomycetales	Streptomycetaceae	Streptomyces	Streptomyces sp000177195	Streptomyces sp. SID4939
GCA_009863175.1_ASM986317v1_genomic	Bacteria	Actinomycetota	Actinomycetia	Streptomycetales	Streptomycetaceae	Streptomyces	Streptomyces albidoflavus	Streptomyces sp. SID4934
GCA_009863225.1_ASM986322v1_genomic	Bacteria	Actinomycetota	Actinomycetia	Streptomycetales	Streptomycetaceae	Streptomyces	Streptomyces sp000213055	Streptomyces sp. SID4926
GCA_009863235.1_ASM986323v1_genomic	Bacteria	Actinomycetota	Actinomycetia	Streptomycetales	Streptomycetaceae	Streptomyces	Streptomyces halstedii	Streptomyces sp. SID4925
GCA_009863265.1_ASM986326v1_genomic	Bacteria	Actinomycetota	Actinomycetia	Streptomycetales	Streptomycetaceae	Streptomyces	Streptomyces sp001905735	Streptomyces sp. SID4923
GCA_009863275.1_ASM986327v1_genomic	Bacteria	Actinomycetota	Actinomycetia	Streptomycetales	Streptomycetaceae	Streptomyces	Streptomyces sp900105515	Streptomyces sp. SID4920
GCA_009863285.1_ASM986328v1_genomic	Bacteria	Actinomycetota	Actinomycetia	Streptomycetales	Streptomycetaceae	Streptomyces	Streptomyces silvae	Streptomyces sp. SID4921
GCA_009864805.1_ASM986480v1_genomic	Bacteria	Actinomycetota	Actinomycetia	Streptomycetales	Streptomycetaceae	Streptomyces	Streptomyces samsunensis	Streptomyces sp. SID8382
GCA_009864845.1_ASM986484v1_genomic	Bacteria	Actinomycetota	Actinomycetia	Streptomycetales	Streptomycetaceae	Streptomyces	Streptomyces sp000373565	Streptomyces sp. SID8379
GCA_009864855.1_ASM986485v1_genomic	Bacteria	Actinomycetota	Actinomycetia	Streptomycetales	Streptomycetaceae	Streptomyces	Streptomyces sp000213055	Streptomyces sp. SID8380
GCA_009864865.1_ASM986486v1_genomic	Bacteria	Actinomycetota	Actinomycetia	Streptomycetales	Streptomycetaceae	Streptomyces	Streptomyces sennicomposti	Streptomyces sp. SID8381
GCA_009864905.1_ASM986490v1_genomic	Bacteria	Actinomycetota	Actinomycetia	Streptomycetales	Streptomycetaceae	Streptomyces	Streptomyces parvus	Streptomyces sp. SID8378
GCA_009864915.1_ASM986491v1_genomic	Bacteria	Actinomycetota	Actinomycetia	Streptomycetales	Streptomycetaceae	Streptomyces	Streptomyces glauciniger	Streptomyces sp. SID8377
GCA_009864965.1_ASM986496v1_genomic	Bacteria	Actinomycetota	Actinomycetia	Streptomycetales	Streptomycetaceae	Streptomyces	Streptomyces sennicomposti	Streptomyces sp. SID89
GCA_009864985.1_ASM986498v1_genomic	Bacteria	Actinomycetota	Actinomycetia	Streptomycetales	Streptomycetaceae	Streptomyces	Streptomyces albidoflavus	Streptomyces sp. SID8385
GCA_009865025.1_ASM986502v1_genomic	Bacteria	Actinomycetota	Actinomycetia	Streptomycetales	Streptomycetaceae	Streptomyces	Streptomyces cellulosae	Streptomyces sp. SID8376
GCA_009865035.1_ASM986503v1_genomic	Bacteria	Actinomycetota	Actinomycetia	Streptomycetales	Streptomycetaceae	Streptomyces	Streptomyces libani	Streptomyces sp. SID8375
GCA_009865065.1_ASM986506v1_genomic	Bacteria	Actinomycetota	Actinomycetia	Streptomycetales	Streptomycetaceae	Streptomyces	Streptomyces sp900105515	Streptomyces sp. SID8373
GCA_009865075.1_ASM986507v1_genomic	Bacteria	Actinomycetota	Actinomycetia	Streptomycetales	Streptomycetaceae	Streptomyces	Streptomyces californicus	Streptomyces sp. SID8369
GCA_009865085.1_ASM986508v1_genomic	Bacteria	Actinomycetota	Actinomycetia	Streptomycetales	Streptomycetaceae	Streptomyces	Streptomyces albidoflavus	Streptomyces sp. SID8370
GCA_009865125.1_ASM986512v1_genomic	Bacteria	Actinomycetota	Actinomycetia	Streptomycetales	Streptomycetaceae	Streptomyces	Streptomyces albidoflavus	Streptomyces sp. SID8371
GCA_009865135.1_ASM986513v1_genomic	Bacteria	Actinomycetota	Actinomycetia	Streptomycetales	Streptomycetaceae	Streptomyces	Streptomyces sp003116725	Streptomyces sp. SID8374
GCA_009865165.1_ASM986516v1_genomic	Bacteria	Actinomycetota	Actinomycetia	Streptomycetales	Streptomycetaceae	Streptomyces	Streptomyces venezuelae_B	Streptomyces sp. SID335
GCA_009865175.1_ASM986517v1_genomic	Bacteria	Actinomycetota	Actinomycetia	Streptomycetales	Streptomycetaceae	Streptomyces	Streptomyces venezuelae_B	Streptomyces sp. SID337
GCA_009865205.1_ASM986520v1_genomic	Bacteria	Actinomycetota	Actinomycetia	Streptomycetales	Streptomycetaceae	Streptomyces	Streptomyces bauhiniae	Streptomyces sp. SID2999
GCA_009865215.1_ASM986521v1_genomic	Bacteria	Actinomycetota	Actinomycetia	Streptomycetales	Streptomycetaceae	Embleya	Embleya sp009865215	Streptomyces sp. SID3343
GCA_009865265.1_ASM986526v1_genomic	Bacteria	Actinomycetota	Actinomycetia	Streptomycetales	Streptomycetaceae	Streptomyces	Streptomyces sp900091995	Streptomyces sp. SID4917
GCA_009865275.1_ASM986527v1_genomic	Bacteria	Actinomycetota	Actinomycetia	Streptomycetales	Streptomycetaceae	Streptomyces	Streptomyces albidoflavus	Streptomyces sp. SID4915
GCA_009865305.1_ASM986530v1_genomic	Bacteria	Actinomycetota	Actinomycetia	Streptomycetales	Streptomycetaceae	Streptomyces	Streptomyces uncialis	Streptomyces sp. SID4919
GCA_009865325.1_ASM986532v1_genomic	Bacteria	Actinomycetota	Actinomycetia	Streptomycetales	Streptomycetaceae	Streptomyces	Streptomyces sp000373645	Streptomyces sp. SID4913
GCA_009865365.1_ASM986536v1_genomic	Bacteria	Actinomycetota	Actinomycetia	Streptomycetales	Streptomycetaceae	Streptomyces	Streptomyces halstedii	Streptomyces sp. SID4912
GCA_009865385.1_ASM986538v1_genomic	Bacteria	Actinomycetota	Actinomycetia	Streptomycetales	Streptomycetaceae	Streptomyces	Streptomyces sp009865385	Streptomyces sp. SID486
GCA_009865405.1_ASM986540v1_genomic	Bacteria	Actinomycetota	Actinomycetia	Streptomycetales	Streptomycetaceae	Streptomyces	Streptomyces sp009865405	Streptomyces sp. SID3212
GCA_009865415.1_ASM986541v1_genomic	Bacteria	Actinomycetota	Actinomycetia	Streptomycetales	Streptomycetaceae	Streptomyces	Streptomyces sp009865385	Streptomyces sp. SID2955
GCA_009865425.1_ASM986542v1_genomic	Bacteria	Actinomycetota	Actinomycetia	Streptomycetales	Streptomycetaceae	Streptomyces	Streptomyces sp000177195	Streptomyces sp. SID3915
GCA_009865465.1_ASM986546v1_genomic	Bacteria	Actinomycetota	Actinomycetia	Streptomycetales	Streptomycetaceae	Streptomyces	Streptomyces sp000177195	Streptomyces sp. SID1
GCA_009865475.1_ASM986547v1_genomic	Bacteria	Actinomycetota	Actinomycetia	Streptomycetales	Streptomycetaceae	Streptomyces	Streptomyces nodosus	Streptomyces sp. SID2888
GCA_009865505.1_ASM986550v1_genomic	Bacteria	Actinomycetota	Actinomycetia	Streptomycetales	Streptomycetaceae	Streptomyces	Streptomyces cyaneofuscatus	Streptomyces sp. SID2119
GCA_009865525.1_ASM986552v1_genomic	Bacteria	Actinomycetota	Actinomycetia	Streptomycetales	Streptomycetaceae	Streptomyces	Streptomyces sp003949805	Streptomyces sp. SID2131
GCA_009865545.1_ASM986554v1_genomic	Bacteria	Actinomycetota	Actinomycetia	Streptomycetales	Streptomycetaceae	Streptomyces	Streptomyces sp001905735	Streptomyces sp. SID2563
GCA_009865565.1_ASM986556v1_genomic	Bacteria	Actinomycetota	Actinomycetia	Streptomycetales	Streptomycetaceae	Streptomyces	Streptomyces virginiae_A	Streptomyces sp. SID1046
GCA_009865585.1_ASM986558v1_genomic	Bacteria	Actinomycetota	Actinomycetia	Streptomycetales	Streptomycetaceae	Streptomyces	Streptomyces sp009865385	Streptomyces sp. SID161
GCA_009865595.1_ASM986559v1_genomic	Bacteria	Actinomycetota	Actinomycetia	Streptomycetales	Streptomycetaceae	Streptomyces	Streptomyces griseoluteus	Streptomyces sp. SID1328
GCA_009865605.1_ASM986560v1_genomic	Bacteria	Actinomycetota	Actinomycetia	Streptomycetales	Streptomycetaceae	Streptomyces	Streptomyces xanthochromogenes	Streptomyces sp. SID1034
GCA_009866455.1_ASM986645v1_genomic	Bacteria	Actinomycetota	Actinomycetia	Streptomycetales	Streptomycetaceae	Streptomyces	Streptomyces griseus	Streptomyces griseus CGMCC 4.18
GCA_009867075.1_ASM986707v1_genomic	Bacteria	Actinomycetota	Actinomycetia	Streptomycetales	Streptomycetaceae	Streptomyces	Streptomyces cacaoi	Streptomyces sp. NHF165
GCA_009870065.1_ASM987006v1_genomic	Bacteria	Actinomycetota	Actinomycetia	Streptomycetales	Streptomycetaceae	Streptomyces	Streptomyces sp009870065	Streptomyces sp. SID5785
GCA_009870085.1_ASM987008v1_genomic	Bacteria	Actinomycetota	Actinomycetia	Streptomycetales	Streptomycetaceae	Streptomyces	Streptomyces bottropensis	Streptomyces sp. SID5476
GCA_009870095.1_ASM987009v1_genomic	Bacteria	Actinomycetota	Actinomycetia	Streptomycetales	Streptomycetaceae	Streptomyces	Streptomyces parvulus	Streptomyces sp. SID5606
GCA_009872515.1_ASM987251v1_genomic	Bacteria	Actinomycetota	Actinomycetia	Streptomycetales	Streptomycetaceae	Streptomyces	Streptomyces sp001280125	Streptomyces sp. SID5770
GCA_009872535.1_ASM987253v1_genomic	Bacteria	Actinomycetota	Actinomycetia	Streptomycetales	Streptomycetaceae	Streptomyces	Streptomyces sp003947455	Streptomyces sp. SID5789
GCA_009872555.1_ASM987255v1_genomic	Bacteria	Actinomycetota	Actinomycetia	Streptomycetales	Streptomycetaceae	Streptomyces	Streptomyces iakyrus	Streptomyces sp. SID5643
GCA_009872565.1_ASM987256v1_genomic	Bacteria	Actinomycetota	Actinomycetia	Streptomycetales	Streptomycetaceae	Streptomyces	Streptomyces rubiginosohelvolus	Streptomyces sp. SID5614
GCA_009872615.1_ASM987261v1_genomic	Bacteria	Actinomycetota	Actinomycetia	Streptomycetales	Streptomycetaceae	Streptomyces	Streptomyces cyaneofuscatus	Streptomyces sp. SID5594
GCA_009872645.1_ASM987264v1_genomic	Bacteria	Actinomycetota	Actinomycetia	Streptomycetales	Streptomycetaceae	Streptomyces	Streptomyces xinghaiensis	Streptomyces sp. SID5475
GCA_009908195.1_ASM990819v1_genomic	Bacteria	Actinomycetota	Actinomycetia	Streptomycetales	Streptomycetaceae	Streptomyces	Streptomyces boluensis	Streptomyces boluensis YC537
GCA_009916105.1_ASM991610v1_genomic	Bacteria	Actinomycetota	Actinomycetia	Streptomycetales	Streptomycetaceae	Streptomyces	Streptomyces sp009916105	Streptomyces sp. GC420
GCA_009936315.1_ASM993631v1_genomic	Bacteria	Actinomycetota	Actinomycetia	Streptomycetales	Streptomycetaceae	Streptomyces	Streptomyces antimycoticus	Streptomyces antimycoticus NBRC 100767
GCA_010119355.1_ASM1011935v1_genomic	Bacteria	Actinomycetota	Actinomycetia	Streptomycetales	Streptomycetaceae	Streptomyces	Streptomyces murinus	Streptomyces sp. TR1341
GCA_010384365.1_ASM1038436v1_genomic	Bacteria	Actinomycetota	Actinomycetia	Streptomycetales	Streptomycetaceae	Streptomyces	Streptomyces sp010384365	Streptomyces sp. S4.7
GCA_010523235.1_ASM1052323v1_genomic	Bacteria	Actinomycetota	Actinomycetia	Streptomycetales	Streptomycetaceae	Streptomyces	Streptomyces albidoflavus	Streptomyces sp. 604F
GCA_010548045.1_ASM1054804v1_genomic	Bacteria	Actinomycetota	Actinomycetia	Streptomycetales	Streptomycetaceae	Streptomyces	Streptomyces anulatus	Streptomyces anulatus SID10689
GCA_010548055.1_ASM1054805v1_genomic	Bacteria	Actinomycetota	Actinomycetia	Streptomycetales	Streptomycetaceae	Streptomyces	Streptomyces venezuelae_B	Streptomyces sp. SID10116
GCA_010548075.1_ASM1054807v1_genomic	Bacteria	Actinomycetota	Actinomycetia	Streptomycetales	Streptomycetaceae	Streptomyces	Streptomyces venezuelae_B	Streptomyces sp. SID10115
GCA_010548115.1_ASM1054811v1_genomic	Bacteria	Actinomycetota	Actinomycetia	Streptomycetales	Streptomycetaceae	Streptomyces	Streptomyces sp000772045	Streptomyces sp. SID10362
GCA_010548145.1_ASM1054814v1_genomic	Bacteria	Actinomycetota	Actinomycetia	Streptomycetales	Streptomycetaceae	Streptomyces	Streptomyces sp010548145	Streptomyces sp. SID10853
GCA_010548165.1_ASM1054816v1_genomic	Bacteria	Actinomycetota	Actinomycetia	Streptomycetales	Streptomycetaceae	Streptomyces	Streptomyces cyaneofuscatus	Streptomyces cyaneofuscatus SID10855
GCA_010548175.1_ASM1054817v1_genomic	Bacteria	Actinomycetota	Actinomycetia	Streptomycetales	Streptomycetaceae	Streptomyces	Streptomyces halstedii	Streptomyces halstedii SID11342
GCA_010548185.1_ASM1054818v1_genomic	Bacteria	Actinomycetota	Actinomycetia	Streptomycetales	Streptomycetaceae	Streptomyces	Streptomyces californicus	Streptomyces sp. SID10692
GCA_010548215.1_ASM1054821v1_genomic	Bacteria	Actinomycetota	Actinomycetia	Streptomycetales	Streptomycetaceae	Streptomyces	Streptomyces seoulensis_A	Streptomyces sp. SID10815
GCA_010548245.1_ASM1054824v1_genomic	Bacteria	Actinomycetota	Actinomycetia	Streptomycetales	Streptomycetaceae	Streptomyces	Streptomyces sp010548245	Streptomyces sp. SID11385
GCA_010548275.1_ASM1054827v1_genomic	Bacteria	Actinomycetota	Actinomycetia	Streptomycetales	Streptomycetaceae	Streptomyces	Streptomyces sp010548275	Streptomyces sp. SID12488
GCA_010548325.1_ASM1054832v1_genomic	Bacteria	Actinomycetota	Actinomycetia	Streptomycetales	Streptomycetaceae	Streptomyces	Streptomyces fildesensis	Streptomyces sp. SID13666
GCA_010548345.1_ASM1054834v1_genomic	Bacteria	Actinomycetota	Actinomycetia	Streptomycetales	Streptomycetaceae	Streptomyces	Streptomyces fildesensis	Streptomyces sp. SID13588
GCA_010548375.1_ASM1054837v1_genomic	Bacteria	Actinomycetota	Actinomycetia	Streptomycetales	Streptomycetaceae	Streptomyces	Streptomyces sp010548375	Streptomyces sp. SID13726
GCA_010548385.1_ASM1054838v1_genomic	Bacteria	Actinomycetota	Actinomycetia	Streptomycetales	Streptomycetaceae	Streptomyces	Streptomyces coelicoflavus	Streptomyces coelicoflavus SID14163
GCA_010548435.1_ASM1054843v1_genomic	Bacteria	Actinomycetota	Actinomycetia	Streptomycetales	Streptomycetaceae	Streptomyces	Streptomyces coelicoflavus	Streptomyces coelicoflavus SID14172
GCA_010548465.1_ASM1054846v1_genomic	Bacteria	Actinomycetota	Actinomycetia	Streptomycetales	Streptomycetaceae	Streptomyces	Streptomyces sp010548465	Streptomyces sp. SID14436
GCA_010548475.1_ASM1054847v1_genomic	Bacteria	Actinomycetota	Actinomycetia	Streptomycetales	Streptomycetaceae	Streptomyces	Streptomyces microflavus	Streptomyces microflavus SID14438
GCA_010548505.1_ASM1054850v1_genomic	Bacteria	Actinomycetota	Actinomycetia	Streptomycetales	Streptomycetaceae	Streptomyces	Streptomyces fimicarius	Streptomyces sp. SID14515
GCA_010548515.1_ASM1054851v1_genomic	Bacteria	Actinomycetota	Actinomycetia	Streptomycetales	Streptomycetaceae	Streptomyces	Streptomyces sp002078175	Streptomyces sp. SID14446
GCA_010548525.1_ASM1054852v1_genomic	Bacteria	Actinomycetota	Actinomycetia	Streptomycetales	Streptomycetaceae	Streptomyces	Streptomyces sp010548525	Streptomyces sp. SID14478
GCA_010548565.1_ASM1054856v1_genomic	Bacteria	Actinomycetota	Actinomycetia	Streptomycetales	Streptomycetaceae	Streptomyces	Streptomyces griseus	Streptomyces griseus SID164
GCA_010548575.1_ASM1054857v1_genomic	Bacteria	Actinomycetota	Actinomycetia	Streptomycetales	Streptomycetaceae	Streptomyces	Streptomyces venezuelae_B	Streptomyces sp. SID339
GCA_010548605.1_ASM1054860v1_genomic	Bacteria	Actinomycetota	Actinomycetia	Streptomycetales	Streptomycetaceae	Streptomyces	Streptomyces ardesiacus	Streptomyces diastaticus SID7513
GCA_010548615.1_ASM1054861v1_genomic	Bacteria	Actinomycetota	Actinomycetia	Streptomycetales	Streptomycetaceae	Streptomyces	Streptomyces anulatus	Streptomyces anulatus SID505
GCA_010548665.1_ASM1054866v1_genomic	Bacteria	Actinomycetota	Actinomycetia	Streptomycetales	Streptomycetaceae	Streptomyces	Streptomyces parvus	Streptomyces parvus SID7590
GCA_010548675.1_ASM1054867v1_genomic	Bacteria	Actinomycetota	Actinomycetia	Streptomycetales	Streptomycetaceae	Streptomyces	Streptomyces bauhiniae	Streptomyces bauhiniae SID7754
GCA_010548705.1_ASM1054870v1_genomic	Bacteria	Actinomycetota	Actinomycetia	Streptomycetales	Streptomycetaceae	Streptomyces	Streptomyces anulatus	Streptomyces anulatus SID7903
GCA_010548715.1_ASM1054871v1_genomic	Bacteria	Actinomycetota	Actinomycetia	Streptomycetales	Streptomycetaceae	Streptomyces	Streptomyces sp001905735	Streptomyces sp. SID7909
GCA_010548725.1_ASM1054872v1_genomic	Bacteria	Actinomycetota	Actinomycetia	Streptomycetales	Streptomycetaceae	Streptomyces	Streptomyces diastaticus	Streptomyces sp. SID8014
GCA_010550245.1_ASM1055024v1_genomic	Bacteria	Actinomycetota	Actinomycetia	Streptomycetales	Streptomycetaceae	Streptomyces	Streptomyces sp010550245	Streptomyces sp. SID12501
GCA_010550265.1_ASM1055026v1_genomic	Bacteria	Actinomycetota	Actinomycetia	Streptomycetales	Streptomycetaceae	Streptomyces	Streptomyces sp001905365	Streptomyces sp. SID11233
GCA_010550285.1_ASM1055028v1_genomic	Bacteria	Actinomycetota	Actinomycetia	Streptomycetales	Streptomycetaceae	Streptomyces	Streptomyces massasporeus	Streptomyces sp. SID7499
GCA_010550305.1_ASM1055030v1_genomic	Bacteria	Actinomycetota	Actinomycetia	Streptomycetales	Streptomycetaceae	Streptomyces	Streptomyces rubiginosohelvolus	Streptomyces sp. SID6648
GCA_010550325.1_ASM1055032v1_genomic	Bacteria	Actinomycetota	Actinomycetia	Streptomycetales	Streptomycetaceae	Streptomyces	Streptomyces rubrogriseus	Streptomyces rubrogriseus SID7739
GCA_010550345.1_ASM1055034v1_genomic	Bacteria	Actinomycetota	Actinomycetia	Streptomycetales	Streptomycetaceae	Streptomyces	Streptomyces diastaticus	Streptomyces sp. SID7982
GCA_010550365.1_ASM1055036v1_genomic	Bacteria	Actinomycetota	Actinomycetia	Streptomycetales	Streptomycetaceae	Streptomyces	Streptomyces sp010548465	Streptomyces sp. SID7958
GCA_010550375.1_ASM1055037v1_genomic	Bacteria	Actinomycetota	Actinomycetia	Streptomycetales	Streptomycetaceae	Streptomyces	Streptomyces californicus	Streptomyces sp. SID8016
GCA_010550405.1_ASM1055040v1_genomic	Bacteria	Actinomycetota	Actinomycetia	Streptomycetales	Streptomycetaceae	Streptomyces	Streptomyces rochei	Streptomyces rochei SID8161
GCA_010550435.1_ASM1055043v1_genomic	Bacteria	Actinomycetota	Actinomycetia	Streptomycetales	Streptomycetaceae	Streptomyces	Streptomyces sp010548465	Streptomyces sp. SID8111
GCA_010550505.1_ASM1055050v1_genomic	Bacteria	Actinomycetota	Actinomycetia	Streptomycetales	Streptomycetaceae	Streptomyces	Streptomyces sennicomposti	Streptomyces sp. SID8499
GCA_010550525.1_ASM1055052v1_genomic	Bacteria	Actinomycetota	Actinomycetia	Streptomycetales	Streptomycetaceae	Streptomyces	Streptomyces anulatus	Streptomyces anulatus SID9598
GCA_010550535.1_ASM1055053v1_genomic	Bacteria	Actinomycetota	Actinomycetia	Streptomycetales	Streptomycetaceae	Streptomyces	Streptomyces sp900105515	Streptomyces sp. SID9124
GCA_010550555.1_ASM1055055v1_genomic	Bacteria	Actinomycetota	Actinomycetia	Streptomycetales	Streptomycetaceae	Streptomyces	Streptomyces diastaticus	Streptomyces sp. SID8455
GCA_010550605.1_ASM1055060v1_genomic	Bacteria	Actinomycetota	Actinomycetia	Streptomycetales	Streptomycetaceae	Streptomyces	Streptomyces sp010550605	Streptomyces sp. SID9727
GCA_010550625.1_ASM1055062v1_genomic	Bacteria	Actinomycetota	Actinomycetia	Streptomycetales	Streptomycetaceae	Streptomyces	Streptomyces albidoflavus	Streptomyces albidoflavus SID9939
GCA_010550645.1_ASM1055064v1_genomic	Bacteria	Actinomycetota	Actinomycetia	Streptomycetales	Streptomycetaceae	Streptomyces	Streptomyces sp010548465	Streptomyces sp. SID9913
GCA_010550655.1_ASM1055065v1_genomic	Bacteria	Actinomycetota	Actinomycetia	Streptomycetales	Streptomycetaceae	Streptomyces	Streptomyces sennicomposti	Streptomyces sp. SID9944
GCA_010669165.1_ASM1066916v1_genomic	Bacteria	Actinomycetota	Actinomycetia	Streptomycetales	Streptomycetaceae	Streptomyces	Streptomyces lasiicapitis	Streptomyces aureoverticillatus HN6
GCA_010820575.1_ASM1082057v1_genomic	Bacteria	Actinomycetota	Actinomycetia	Streptomycetales	Streptomycetaceae	Streptomyces	Streptomyces tendae	Streptomyces tendae VITAKN
GCA_010892295.1_ASM1089229v1_genomic	Bacteria	Actinomycetota	Actinomycetia	Streptomycetales	Streptomycetaceae	Streptomyces	Streptomyces asiaticus	Streptomyces rhizosphaericus 0250
GCA_010993835.1_ASM1099383v1_genomic	Bacteria	Actinomycetota	Actinomycetia	Streptomycetales	Streptomycetaceae	Streptomyces	Streptomyces coelicoflavus	Streptomyces sp. OM5714
GCA_011006355.1_ASM1100635v1_genomic	Bacteria	Actinomycetota	Actinomycetia	Streptomycetales	Streptomycetaceae	Streptomyces	Streptomyces albus	Streptomyces albus CAS922
GCA_011007525.1_ASM1100752v1_genomic	Bacteria	Actinomycetota	Actinomycetia	Streptomycetales	Streptomycetaceae	Streptomyces	Streptomyces sp000772045	Streptomyces coelicoflavus F13
GCA_011008945.1_ASM1100894v1_genomic	Bacteria	Actinomycetota	Actinomycetia	Streptomycetales	Streptomycetaceae	Streptomyces	Streptomyces harenosi	Streptomyces harenosi PRKS01-65
GCA_011044975.1_ASM1104497v1_genomic	Bacteria	Actinomycetota	Actinomycetia	Streptomycetales	Streptomycetaceae	Streptomyces	Streptomyces coryli	Streptomyces coryli A7024
GCA_011044995.1_ASM1104499v1_genomic	Bacteria	Actinomycetota	Actinomycetia	Streptomycetales	Streptomycetaceae	Streptomyces	Streptomyces mesophilus	Streptomyces mesophilus YC504
GCA_011045015.1_ASM1104501v1_genomic	Bacteria	Actinomycetota	Actinomycetia	Streptomycetales	Streptomycetaceae	Streptomyces	Streptomyces scabichelini	Streptomyces scabichelini HC44
GCA_011045025.1_ASM1104502v1_genomic	Bacteria	Actinomycetota	Actinomycetia	Streptomycetales	Streptomycetaceae	Streptomyces	Streptomyces ureilyticus	Streptomyces ureilyticus YC419
GCA_011045075.1_ASM1104507v1_genomic	Bacteria	Actinomycetota	Actinomycetia	Streptomycetales	Streptomycetaceae	Streptomyces	Streptomyces boncukensis	Streptomyces boncukensis SB3404
GCA_011055525.1_ASM1105552v1_genomic	Bacteria	Actinomycetota	Actinomycetia	Streptomycetales	Streptomycetaceae	Streptomyces	Streptomyces bacillaris	Streptomyces sp. 196(2019)
GCA_011170105.1_ASM1117010v1_genomic	Bacteria	Actinomycetota	Actinomycetia	Streptomycetales	Streptomycetaceae	Streptomyces	Streptomyces diastaticus	Streptomyces rutgersensis NBRC 12819
GCA_011170125.1_ASM1117012v1_genomic	Bacteria	Actinomycetota	Actinomycetia	Streptomycetales	Streptomycetaceae	Streptomyces	Streptomyces diastaticus	Streptomyces diastaticus subsp. diastaticus
GCA_011170145.1_ASM1117014v1_genomic	Bacteria	Actinomycetota	Actinomycetia	Streptomycetales	Streptomycetaceae	Streptomyces	Streptomyces diastaticus	Streptomyces gougerotii NBRC 13043
GCA_011193355.1_ASM1119335v1_genomic	Bacteria	Actinomycetota	Actinomycetia	Streptomycetales	Streptomycetaceae	Streptomyces	Streptomyces sp011193355	Streptomyces sp. JB150
GCA_011290345.1_ASM1129034v1_genomic	Bacteria	Actinomycetota	Actinomycetia	Streptomycetales	Streptomycetaceae	Streptomyces	Streptomyces libani	Streptomyces sp. ID38640
GCA_011317205.1_ASM1131720v1_genomic	Bacteria	Actinomycetota	Actinomycetia	Streptomycetales	Streptomycetaceae	Streptomyces	Streptomyces coelicoflavus	Streptomyces sp. KO7888
GCA_011421595.1_ASM1142159v1_genomic	Bacteria	Actinomycetota	Actinomycetia	Streptomycetales	Streptomycetaceae	Streptomyces	Streptomyces sp011421595	Streptomyces sp. YIM 98790
GCA_011650445.1_ASM1165044v1_genomic	Bacteria	Actinomycetota	Actinomycetia	Streptomycetales	Streptomycetaceae	Streptomyces	Streptomyces olivaceus	Streptomyces sp. VN1
GCA_011694815.1_ASM1169481v1_genomic	Bacteria	Actinomycetota	Actinomycetia	Streptomycetales	Streptomycetaceae	Streptomyces	Streptomyces liangshanensis	Streptomyces liangshanensis QMT-12
GCA_011751035.2_ASM1175103v2_genomic	Bacteria	Actinomycetota	Actinomycetia	Streptomycetales	Streptomycetaceae	Streptomyces	Streptomyces xanthochromogenes	Streptomyces sp. MBT27
GCA_011758705.1_ASM1175870v1_genomic	Bacteria	Actinomycetota	Actinomycetia	Streptomycetales	Streptomycetaceae	Streptomyces	Streptomyces bikiniensis	Streptomyces cinereoruber DSM 41512
GCA_011765715.1_ASM1176571v1_genomic	Bacteria	Actinomycetota	Actinomycetia	Streptomycetales	Streptomycetaceae	Streptomyces	Streptomyces albogriseolus	Streptomyces sp. 2BBP-J2
GCA_011766325.1_ASM1176632v1_genomic	Bacteria	Actinomycetota	Actinomycetia	Streptomycetales	Streptomycetaceae	Streptomyces	Streptomyces sp011766325	Streptomyces pacificus CWH03
GCA_011800555.1_ASM1180055v1_genomic	Bacteria	Actinomycetota	Actinomycetia	Streptomycetales	Streptomycetaceae	Streptomyces	Streptomyces samsunensis	Streptomyces malaysiensis DSM 14702
GCA_011820545.1_ASM1182054v1_genomic	Bacteria	Actinomycetota	Actinomycetia	Streptomycetales	Streptomycetaceae	Streptomyces	Streptomyces eurythermus	Streptomyces sp. DSM 40868
GCA_012033735.1_ASM1203373v1_genomic	Bacteria	Actinomycetota	Actinomycetia	Streptomycetales	Streptomycetaceae	Streptomyces	Streptomyces lonarensis	Streptomyces lonarensis NCL716
GCA_012033785.1_ASM1203378v1_genomic	Bacteria	Actinomycetota	Actinomycetia	Streptomycetales	Streptomycetaceae	Streptomyces	Streptomyces bohaiensis	Streptomyces bohaiensis 11A07
GCA_012034175.1_ASM1203417v1_genomic	Bacteria	Actinomycetota	Actinomycetia	Streptomycetales	Streptomycetaceae	Streptomyces	Streptomyces epipremni	Actinacidiphila epipremni PRB2-1
GCA_012034205.1_ASM1203420v1_genomic	Bacteria	Actinomycetota	Actinomycetia	Streptomycetales	Streptomycetaceae	Streptomyces	Streptomyces sp012034205	Streptomyces composti SBST2-5
GCA_012034235.1_ASM1203423v1_genomic	Bacteria	Actinomycetota	Actinomycetia	Streptomycetales	Streptomycetaceae	Streptomyces	Streptomyces thermodiastaticus	Streptomyces thermoviolaceus subsp. thermoviolaceus
GCA_012034295.1_ASM1203429v1_genomic	Bacteria	Actinomycetota	Actinomycetia	Streptomycetales	Streptomycetaceae	Streptomyces	Streptomyces griseoaurantiacus	Streptomyces sp. C1-2
GCA_012034305.1_ASM1203430v1_genomic	Bacteria	Actinomycetota	Actinomycetia	Streptomycetales	Streptomycetaceae	Streptomyces	Streptomyces roseifaciens	Streptomyces telluris AA8
GCA_012034385.1_ASM1203438v1_genomic	Bacteria	Actinomycetota	Actinomycetia	Streptomycetales	Streptomycetaceae	Streptomyces	Streptomyces sp012034385	Streptomyces spiramenti 5675061
GCA_012034935.1_ASM1203493v1_genomic	Bacteria	Actinomycetota	Actinomycetia	Streptomycetales	Streptomycetaceae	Streptomyces	Streptomyces sp012034935	Streptomyces zingiberis PLAI 1-29
GCA_012044595.1_ASM1204459v1_genomic	Bacteria	Actinomycetota	Actinomycetia	Streptomycetales	Streptomycetaceae	Streptomyces	Streptomyces antibioticus_B	Streptomyces antibioticus DSM 41481
GCA_012184365.2_ASM1218436v2_genomic	Bacteria	Actinomycetota	Actinomycetia	Streptomycetales	Streptomycetaceae	Streptomyces	Streptomyces albidoflavus	Streptomyces sp. S-2
GCA_012273495.1_ASM1227349v1_genomic	Bacteria	Actinomycetota	Actinomycetia	Streptomycetales	Streptomycetaceae	Streptomyces	Streptomyces platensis	Streptomyces sp. RPA4-5
GCA_012273655.1_ASM1227365v1_genomic	Bacteria	Actinomycetota	Actinomycetia	Streptomycetales	Streptomycetaceae	Streptomyces	Streptomyces physcomitrii	Streptomyces physcomitrii LD120
GCA_012328665.1_ASM1232866v1_genomic	Bacteria	Actinomycetota	Actinomycetia	Streptomycetales	Streptomycetaceae	Streptomyces	Streptomyces galbus	Streptomyces galbus I339
GCA_012726235.1_ASM1272623v1_genomic	Bacteria	Actinomycetota	Actinomycetia	Streptomycetales	Streptomycetaceae	Streptomyces	Streptomyces sp012726235	Streptomyces sp. HNM0574
GCA_012726265.1_ASM1272626v1_genomic	Bacteria	Actinomycetota	Actinomycetia	Streptomycetales	Streptomycetaceae	Streptomyces	Streptomyces sp012726265	Streptomyces sp. HNM0575
GCA_012922115.1_ASM1292211v1_genomic	Bacteria	Actinomycetota	Actinomycetia	Streptomycetales	Streptomycetaceae	Streptomyces	Streptomyces mirabilis	Streptomyces sp. RLA2-12
GCA_012927225.1_ASM1292722v1_genomic	Bacteria	Actinomycetota	Actinomycetia	Streptomycetales	Streptomycetaceae	Streptomyces	Streptomyces sp012927245	Streptomyces sp. R301
GCA_012927245.1_ASM1292724v1_genomic	Bacteria	Actinomycetota	Actinomycetia	Streptomycetales	Streptomycetaceae	Streptomyces	Streptomyces sp012927245	Streptomyces sp. R302
GCA_012933395.1_ASM1293339v1_genomic	Bacteria	Actinomycetota	Actinomycetia	Streptomycetales	Streptomycetaceae	Streptomyces	Streptomyces sennicomposti	Streptomyces sp. GMY02
GCA_013004455.1_ASM1300445v1_genomic	Bacteria	Actinomycetota	Actinomycetia	Streptomycetales	Streptomycetaceae	Streptomyces	Streptomyces cacaoi	Streptomyces cacaoi DSM 40057
GCA_013009255.1_ASM1300925v1_genomic	Bacteria	Actinomycetota	Actinomycetia	Streptomycetales	Streptomycetaceae	Streptomyces	Streptomyces spinoverrucosus	Streptomyces sp. Z423-1
GCA_013010335.1_ASM1301033v1_genomic	Bacteria	Actinomycetota	Actinomycetia	Streptomycetales	Streptomycetaceae	Streptomyces	Streptomyces spinoverrucosus	Streptomyces sp. N502
GCA_013018355.1_ASM1301835v1_genomic	Bacteria	Actinomycetota	Actinomycetia	Streptomycetales	Streptomycetaceae	Streptomyces	Streptomyces tirandamycinicus	Streptomyces sp. PKU-MA01144
GCA_013030945.1_ASM1303094v1_genomic	Bacteria	Actinomycetota	Actinomycetia	Streptomycetales	Streptomycetaceae	Streptomyces	Streptomyces morookaensis	Streptomyces morookaense DSM 40503
GCA_013044505.1_ASM1304450v1_genomic	Bacteria	Actinomycetota	Actinomycetia	Streptomycetales	Streptomycetaceae	Streptomyces	Streptomyces sp013044505	Streptomyces sp. S3(2020)
GCA_013046785.1_ASM1304678v1_genomic	Bacteria	Actinomycetota	Actinomycetia	Streptomycetales	Streptomycetaceae	Streptomyces	Streptomyces spinosus	Streptomyces argyrophyllae Jing01
GCA_013055795.1_ASM1305579v1_genomic	Bacteria	Actinomycetota	Actinomycetia	Streptomycetales	Streptomycetaceae	Streptomyces	Streptomyces sp013055795	Streptomyces sp. I05A-00742
GCA_013085465.1_ASM1308546v1_genomic	Bacteria	Actinomycetota	Actinomycetia	Streptomycetales	Streptomycetaceae	Streptomyces	Streptomyces cacaoi_A	Streptomyces asoensis H2S5
GCA_013167895.1_ASM1316789v1_genomic	Bacteria	Actinomycetota	Actinomycetia	Streptomycetales	Streptomycetaceae	Streptomyces	Streptomyces fulvorobeus	Streptomyces fulvorobeus NBRC 15897
GCA_013167915.1_ASM1316791v1_genomic	Bacteria	Actinomycetota	Actinomycetia	Streptomycetales	Streptomycetaceae	Streptomyces	Streptomyces microflavus	Streptomyces microflavus NBRC 13062
GCA_013177615.1_ASM1317761v1_genomic	Bacteria	Actinomycetota	Actinomycetia	Streptomycetales	Streptomycetaceae	Streptomyces	Streptomyces sp006088715	Streptomyces sp. MNP-20
GCA_013302895.1_ASM1330289v1_genomic	Bacteria	Actinomycetota	Actinomycetia	Streptomycetales	Streptomycetaceae	Streptomyces	Streptomyces chlorinus	Streptomyces albus subsp. chlorinus
GCA_013307045.1_ASM1330704v1_genomic	Bacteria	Actinomycetota	Actinomycetia	Streptomycetales	Streptomycetaceae	Streptomyces	Streptomyces anthocyanicus	Streptomyces coelicolor M1154/pAMX4
GCA_013317105.1_ASM1331710v1_genomic	Bacteria	Actinomycetota	Actinomycetia	Streptomycetales	Streptomycetaceae	Streptomyces	Streptomyces anthocyanicus	Streptomyces coelicolor M1154/pAMX4/pGP1416
GCA_013345665.1_ASM1334566v1_genomic	Bacteria	Actinomycetota	Actinomycetia	Streptomycetales	Streptomycetaceae	Streptomyces	Streptomyces samsunensis	Streptomyces samsunensis SA31
GCA_013357925.1_ASM1335792v1_genomic	Bacteria	Actinomycetota	Actinomycetia	Streptomycetales	Streptomycetaceae	Streptomyces	Streptomyces lunaelactis	Streptomyces lunaelactis MMun143
GCA_013357935.1_ASM1335793v1_genomic	Bacteria	Actinomycetota	Actinomycetia	Streptomycetales	Streptomycetaceae	Streptomyces	Streptomyces lunaelactis	Streptomyces lunaelactis MM126
GCA_013357965.1_ASM1335796v1_genomic	Bacteria	Actinomycetota	Actinomycetia	Streptomycetales	Streptomycetaceae	Streptomyces	Streptomyces lunaelactis	Streptomyces lunaelactis MM115
GCA_013358025.1_ASM1335802v1_genomic	Bacteria	Actinomycetota	Actinomycetia	Streptomycetales	Streptomycetaceae	Streptomyces	Streptomyces lunaelactis	Streptomyces lunaelactis MM113
GCA_013358045.1_ASM1335804v1_genomic	Bacteria	Actinomycetota	Actinomycetia	Streptomycetales	Streptomycetaceae	Streptomyces	Streptomyces lunaelactis	Streptomyces lunaelactis MM103
GCA_013358055.1_ASM1335805v1_genomic	Bacteria	Actinomycetota	Actinomycetia	Streptomycetales	Streptomycetaceae	Streptomyces	Streptomyces lunaelactis	Streptomyces lunaelactis MM91
GCA_013358065.1_ASM1335806v1_genomic	Bacteria	Actinomycetota	Actinomycetia	Streptomycetales	Streptomycetaceae	Streptomyces	Streptomyces lunaelactis	Streptomyces lunaelactis MM31
GCA_013358105.1_ASM1335810v1_genomic	Bacteria	Actinomycetota	Actinomycetia	Streptomycetales	Streptomycetaceae	Streptomyces	Streptomyces lunaelactis	Streptomyces lunaelactis MM40
GCA_013358115.1_ASM1335811v1_genomic	Bacteria	Actinomycetota	Actinomycetia	Streptomycetales	Streptomycetaceae	Streptomyces	Streptomyces lunaelactis	Streptomyces lunaelactis MM29
GCA_013358135.1_ASM1335813v1_genomic	Bacteria	Actinomycetota	Actinomycetia	Streptomycetales	Streptomycetaceae	Streptomyces	Streptomyces lunaelactis	Streptomyces lunaelactis MM28
GCA_013358155.1_ASM1335815v1_genomic	Bacteria	Actinomycetota	Actinomycetia	Streptomycetales	Streptomycetaceae	Streptomyces	Streptomyces lunaelactis	Streptomyces lunaelactis MM25
GCA_013358165.1_ASM1335816v1_genomic	Bacteria	Actinomycetota	Actinomycetia	Streptomycetales	Streptomycetaceae	Streptomyces	Streptomyces lunaelactis	Streptomyces lunaelactis MM15
GCA_013358235.1_ASM1335823v1_genomic	Bacteria	Actinomycetota	Actinomycetia	Streptomycetales	Streptomycetaceae	Streptomyces	Streptomyces lunaelactis	Streptomyces lunaelactis MM78
GCA_013358245.1_ASM1335824v1_genomic	Bacteria	Actinomycetota	Actinomycetia	Streptomycetales	Streptomycetaceae	Streptomyces	Streptomyces lunaelactis	Streptomyces lunaelactis MM83
GCA_013358305.1_ASM1335830v1_genomic	Bacteria	Actinomycetota	Actinomycetia	Streptomycetales	Streptomycetaceae	Streptomyces	Streptomyces lunaelactis	Streptomyces lunaelactis MM37
GCA_013358325.1_ASM1335832v1_genomic	Bacteria	Actinomycetota	Actinomycetia	Streptomycetales	Streptomycetaceae	Streptomyces	Streptomyces lunaelactis	Streptomyces lunaelactis MM51
GCA_013358335.1_ASM1335833v1_genomic	Bacteria	Actinomycetota	Actinomycetia	Streptomycetales	Streptomycetaceae	Streptomyces	Streptomyces lunaelactis	Streptomyces lunaelactis MM22
GCA_013362995.1_ASM1336299v1_genomic	Bacteria	Actinomycetota	Actinomycetia	Streptomycetales	Streptomycetaceae	Streptomyces	Streptomyces sp013362995	Streptomyces sp. TRM64462
GCA_013363455.1_ASM1336345v1_genomic	Bacteria	Actinomycetota	Actinomycetia	Streptomycetales	Streptomycetaceae	Streptomyces	Streptomyces parvus	Streptomyces sp. CAI-121
GCA_013363465.1_ASM1336346v1_genomic	Bacteria	Actinomycetota	Actinomycetia	Streptomycetales	Streptomycetaceae	Streptomyces	Streptomyces albidoflavus	Streptomyces odorifer KAI-180
GCA_013363475.1_ASM1336347v1_genomic	Bacteria	Actinomycetota	Actinomycetia	Streptomycetales	Streptomycetaceae	Streptomyces	Streptomyces bacillaris	Streptomyces sp. KAI-26
GCA_013363485.1_ASM1336348v1_genomic	Bacteria	Actinomycetota	Actinomycetia	Streptomycetales	Streptomycetaceae	Streptomyces	Streptomyces albidoflavus	Streptomyces sp. KAI-27
GCA_013363555.1_ASM1336355v1_genomic	Bacteria	Actinomycetota	Actinomycetia	Streptomycetales	Streptomycetaceae	Streptomyces	Streptomyces albidoflavus	Streptomyces fungicidicus CAI-93
GCA_013363575.1_ASM1336357v1_genomic	Bacteria	Actinomycetota	Actinomycetia	Streptomycetales	Streptomycetaceae	Streptomyces	Streptomyces rochei	Streptomyces sp. KAI 90
GCA_013363585.1_ASM1336358v1_genomic	Bacteria	Actinomycetota	Actinomycetia	Streptomycetales	Streptomycetaceae	Streptomyces	Streptomyces albidoflavus	Streptomyces sp. CAI-78
GCA_013363655.1_ASM1336365v1_genomic	Bacteria	Actinomycetota	Actinomycetia	Streptomycetales	Streptomycetaceae	Streptomyces	Streptomyces parvus	Streptomyces sp. CAI 127
GCA_013363665.1_ASM1336366v1_genomic	Bacteria	Actinomycetota	Actinomycetia	Streptomycetales	Streptomycetaceae	Streptomyces	Streptomyces parvus	Streptomyces sp. CAI-68
GCA_013363675.1_ASM1336367v1_genomic	Bacteria	Actinomycetota	Actinomycetia	Streptomycetales	Streptomycetaceae	Streptomyces	Streptomyces bacillaris	Streptomyces sp. CAI-24
GCA_013363735.1_ASM1336373v1_genomic	Bacteria	Actinomycetota	Actinomycetia	Streptomycetales	Streptomycetaceae	Streptomyces	Streptomyces bacillaris	Streptomyces sp. CAI-155
GCA_013364095.1_ASM1336409v1_genomic	Bacteria	Actinomycetota	Actinomycetia	Streptomycetales	Streptomycetaceae	Streptomyces	Streptomyces harbinensis	Streptomyces harbinensis NA02264
GCA_013364155.1_ASM1336415v1_genomic	Bacteria	Actinomycetota	Actinomycetia	Streptomycetales	Streptomycetaceae	Streptomyces	Streptomyces sp013364155	Streptomyces sp. NA02950
GCA_013364175.1_ASM1336417v1_genomic	Bacteria	Actinomycetota	Actinomycetia	Streptomycetales	Streptomycetaceae	Streptomyces	Streptomyces fungicidicus	Streptomyces sp. NA02536
GCA_013364195.1_ASM1336419v1_genomic	Bacteria	Actinomycetota	Actinomycetia	Streptomycetales	Streptomycetaceae	Streptomyces	Streptomyces sp013364195	Streptomyces sp. NA04227
GCA_013364235.1_ASM1336423v1_genomic	Bacteria	Actinomycetota	Actinomycetia	Streptomycetales	Streptomycetaceae	Kitasatospora	Kitasatospora sp013364235	Kitasatospora sp. NA04385
GCA_013364255.1_ASM1336425v1_genomic	Bacteria	Actinomycetota	Actinomycetia	Streptomycetales	Streptomycetaceae	Streptomyces	Streptomyces seoulensis_A	Streptomyces seoulensis A01
GCA_013364315.1_ASM1336431v1_genomic	Bacteria	Actinomycetota	Actinomycetia	Streptomycetales	Streptomycetaceae	Streptomyces	Streptomyces microflavus	Streptomyces microflavus NA06532
GCA_013364335.1_ASM1336433v1_genomic	Bacteria	Actinomycetota	Actinomycetia	Streptomycetales	Streptomycetaceae	Streptomyces	Streptomyces buecherae	Streptomyces buecherae NA00687
GCA_013364375.1_ASM1336437v1_genomic	Bacteria	Actinomycetota	Actinomycetia	Streptomycetales	Streptomycetaceae	Streptomyces	Streptomyces sp000772045	Streptomyces sp. NA03103
GCA_013371965.1_ASM1337196v1_genomic	Bacteria	Actinomycetota	Actinomycetia	Streptomycetales	Streptomycetaceae	Streptomyces	Streptomyces albidoflavus	Streptomyces sp. CAI-17
GCA_013375055.1_ASM1337505v1_genomic	Bacteria	Actinomycetota	Actinomycetia	Streptomycetales	Streptomycetaceae	Streptomyces	Streptomyces chartreusis	Streptomyces chartreusis NA02069
GCA_013376795.1_ASM1337679v1_genomic	Bacteria	Actinomycetota	Actinomycetia	Streptomycetales	Streptomycetaceae	Streptomyces	Streptomyces albidoflavus	Streptomyces violascens YIM 100212
GCA_013387495.1_ASM1338749v1_genomic	Bacteria	Actinomycetota	Actinomycetia	Streptomycetales	Streptomycetaceae	Streptomyces	Streptomyces sp013387495	Streptomyces sp. PKU-EA00015
GCA_013394065.1_ASM1339406v1_genomic	Bacteria	Actinomycetota	Actinomycetia	Streptomycetales	Streptomycetaceae	Streptomyces	Streptomyces roseifaciens	Streptomyces rectiverticillatus B15-08
GCA_013401435.1_ASM1340143v1_genomic	Bacteria	Actinomycetota	Actinomycetia	Streptomycetales	Streptomycetaceae	Streptomyces	Streptomyces sp013401435	Streptomyces sp. BR123
GCA_013401535.1_ASM1340153v1_genomic	Bacteria	Actinomycetota	Actinomycetia	Streptomycetales	Streptomycetaceae	Streptomyces	Streptomyces californicus	Streptomyces sp. CB04723
GCA_013407765.1_ASM1340776v1_genomic	Bacteria	Actinomycetota	Actinomycetia	Streptomycetales	Streptomycetaceae	Allostreptomyces	Allostreptomyces psammosilenae	Allostreptomyces psammosilenae DSM 42178
GCA_013409565.1_ASM1340956v1_genomic	Bacteria	Actinomycetota	Actinomycetia	Streptomycetales	Streptomycetaceae	Streptomyces	Streptomyces fulvorobeus	Streptomyces fulvorobeus DSM 41455
GCA_013414305.1_ASM1341430v1_genomic	Bacteria	Actinomycetota	Actinomycetia	Streptomycetales	Streptomycetaceae	Streptomyces	Streptomyces himastatinicus	Streptomyces sp. Rer75
GCA_013414815.1_ASM1341481v1_genomic	Bacteria	Actinomycetota	Actinomycetia	Streptomycetales	Streptomycetaceae	Streptomyces	Streptomyces sp003116725	Streptomyces sp. SJ1-7
GCA_013421635.1_ASM1342163v1_genomic	Bacteria	Actinomycetota	Actinomycetia	Streptomycetales	Streptomycetaceae	Streptomyces	Streptomyces abyssomicinicus	Streptomyces sp. UH6
GCA_013423905.1_ASM1342390v1_genomic	Bacteria	Actinomycetota	Actinomycetia	Streptomycetales	Streptomycetaceae	Streptomyces	Streptomyces misionensis	Streptomyces sp. NEAU-sy36
GCA_013433285.1_ASM1343328v1_genomic	Bacteria	Actinomycetota	Actinomycetia	Streptomycetales	Streptomycetaceae	Streptomyces	Streptomyces spinoverrucosus	Streptomyces gossypiisoli TRM 44567
GCA_013450295.1_ASM1345029v1_genomic	Bacteria	Actinomycetota	Actinomycetia	Streptomycetales	Streptomycetaceae	Streptomyces	Streptomyces sp013450295	Streptomyces sp. AJS327
GCA_013618515.1_ASM1361851v1_genomic	Bacteria	Actinomycetota	Actinomycetia	Streptomycetales	Streptomycetaceae	Streptomyces	Streptomyces alkaliterrae	Streptomyces alkaliterrae OF3
GCA_013618545.1_ASM1361854v1_genomic	Bacteria	Actinomycetota	Actinomycetia	Streptomycetales	Streptomycetaceae	Streptomyces	Streptomyces alkaliterrae	Streptomyces alkaliterrae OF8
GCA_013693715.1_ASM1369371v1_genomic	Bacteria	Actinomycetota	Actinomycetia	Streptomycetales	Streptomycetaceae	Streptomyces	Streptomyces albidoflavus	Streptomyces albidoflavus J1074/R2
GCA_013778455.1_ASM1377845v1_genomic	Bacteria	Actinomycetota	Actinomycetia	Streptomycetales	Streptomycetaceae	Streptomyces	Streptomyces himalayensis	Streptomyces himalayensis subsp. himalayensis
GCA_013870495.1_ASM1387049v1_genomic	Bacteria	Actinomycetota	Actinomycetia	Streptomycetales	Streptomycetaceae	Streptomyces	Streptomyces shenzhenensis	Streptomyces shenzhenensis subsp. oryzicola
GCA_013870515.1_ASM1387051v1_genomic	Bacteria	Actinomycetota	Actinomycetia	Streptomycetales	Streptomycetaceae	Streptomyces	Streptomyces albidus	Streptomyces albidus (ex Kaewkla and Franco 2022) CAP215
GCA_013870535.1_ASM1387053v1_genomic	Bacteria	Actinomycetota	Actinomycetia	Streptomycetales	Streptomycetaceae	Streptomyces	Streptomyces sp013870535	Streptomyces phytophilus PIP175
GCA_013870595.1_ASM1387059v1_genomic	Bacteria	Actinomycetota	Actinomycetia	Streptomycetales	Streptomycetaceae	Streptomyces	Streptomyces sp013870595	Streptomyces sp. WELS2
GCA_013912435.1_ASM1391243v1_genomic	Bacteria	Actinomycetota	Actinomycetia	Streptomycetales	Streptomycetaceae	Streptomyces	Streptomyces himalayensis	Streptomyces himalayensis subsp. aureolus
GCA_013913525.1_ASM1391352v1_genomic	Bacteria	Actinomycetota	Actinomycetia	Streptomycetales	Streptomycetaceae	Streptomyces	Streptomyces griseoaurantiacus	Streptomyces griseoaurantiacus MBK6
GCA_014070435.1_ASM1407043v1_genomic	Bacteria	Actinomycetota	Actinomycetia	Streptomycetales	Streptomycetaceae	Streptomyces	Streptomyces pristinaespiralis	Streptomyces pristinaespiralis PR11
GCA_014076605.1_ASM1407660v1_genomic	Bacteria	Actinomycetota	Actinomycetia	Streptomycetales	Streptomycetaceae	Streptomyces	Streptomyces asiaticus	Streptomyces sp. GMR22
GCA_014083905.1_ASM1408390v1_genomic	Bacteria	Actinomycetota	Actinomycetia	Streptomycetales	Streptomycetaceae	Streptomyces	Streptomyces lincolnensis	Streptomyces lincolnensis B48
GCA_014083985.1_ASM1408398v1_genomic	Bacteria	Actinomycetota	Actinomycetia	Streptomycetales	Streptomycetaceae	SCUT-3	SCUT-3 sp014083985	Streptomyces sp. SCUT-3
GCA_014084105.1_ASM1408410v1_genomic	Bacteria	Actinomycetota	Actinomycetia	Streptomycetales	Streptomycetaceae	Streptacidiphilus	Streptacidiphilus sp014084105	Streptacidiphilus sp. P02-A3a
GCA_014084125.1_ASM1408412v1_genomic	Bacteria	Actinomycetota	Actinomycetia	Streptomycetales	Streptomycetaceae	Streptacidiphilus	Streptacidiphilus sp014084125	Streptacidiphilus sp. PB12-B1b
GCA_014138545.1_ASM1413854v1_genomic	Bacteria	Actinomycetota	Actinomycetia	Streptomycetales	Streptomycetaceae	Streptomyces	Streptomyces calvus	Streptomyces calvus DSM 41692
GCA_014138735.1_ASM1413873v1_genomic	Bacteria	Actinomycetota	Actinomycetia	Streptomycetales	Streptomycetaceae	Streptomyces	Streptomyces calvus	Streptomyces calvus CECT 3271
GCA_014138855.1_ASM1413885v1_genomic	Bacteria	Actinomycetota	Actinomycetia	Streptomycetales	Streptomycetaceae	Streptomyces	Streptomyces murinus	Streptomyces murinus DSM 41827
GCA_014138905.1_ASM1413890v1_genomic	Bacteria	Actinomycetota	Actinomycetia	Streptomycetales	Streptomycetaceae	Streptomyces	Streptomyces griseofuscus	Streptomyces murinus DSM 40710
GCA_014141525.1_ASM1414152v1_genomic	Bacteria	Actinomycetota	Actinomycetia	Streptomycetales	Streptomycetaceae	Streptomyces	Streptomyces calidiresistens	Streptomyces calidiresistens DSM 42108
GCA_014141535.1_ASM1414153v1_genomic	Bacteria	Actinomycetota	Actinomycetia	Streptomycetales	Streptomycetaceae	Streptomyces	Streptomyces alkaliphilus	Streptomyces alkaliphilus DSM 42118
GCA_014156695.1_ASM1415669v1_genomic	Bacteria	Actinomycetota	Actinomycetia	Streptomycetales	Streptomycetaceae	Streptomyces	Streptomyces durbertensis	Streptomyces durbertensis DSM 104538
GCA_014170455.1_ASM1417045v1_genomic	Bacteria	Actinomycetota	Actinomycetia	Streptomycetales	Streptomycetaceae	Streptomyces	Streptomyces yangpuensis	Streptomyces sp. gCLA4
GCA_014191845.1_ASM1419184v1_genomic	Bacteria	Actinomycetota	Actinomycetia	Streptomycetales	Streptomycetaceae	Streptomyces	Streptomyces violaceus	Streptomyces violarus CECT 3237
GCA_014197485.1_ASM1419748v1_genomic	Bacteria	Actinomycetota	Actinomycetia	Streptomycetales	Streptomycetaceae	Streptomyces	Streptomyces bikiniensis	Streptomyces cinereoruber NRRL ISP-5012
GCA_014202475.1_ASM1420247v1_genomic	Bacteria	Actinomycetota	Actinomycetia	Streptomycetales	Streptomycetaceae	Streptomyces	Streptomyces paradoxus	Streptomyces paradoxus DSM 43350
GCA_014203475.1_ASM1420347v1_genomic	Bacteria	Actinomycetota	Actinomycetia	Streptomycetales	Streptomycetaceae	Streptomyces	Streptomyces spectabilis	Streptomyces spectabilis CECT 3146
GCA_014203495.1_ASM1420349v1_genomic	Bacteria	Actinomycetota	Actinomycetia	Streptomycetales	Streptomycetaceae	Streptomyces	Streptomyces griseoloalbus	Streptomyces albaduncus CECT 3226
GCA_014203505.1_ASM1420350v1_genomic	Bacteria	Actinomycetota	Actinomycetia	Streptomycetales	Streptomycetaceae	Streptomyces	Streptomyces eurocidicus	Streptomyces eurocidicus CECT 3259
GCA_014203535.1_ASM1420353v1_genomic	Bacteria	Actinomycetota	Actinomycetia	Streptomycetales	Streptomycetaceae	Streptomyces	Streptomyces griseostramineus	Streptomyces griseomycini CECT 3273
GCA_014203545.1_ASM1420354v1_genomic	Bacteria	Actinomycetota	Actinomycetia	Streptomycetales	Streptomycetaceae	Streptomyces	Streptomyces netropsis	Streptomyces netropsis CECT 3265
GCA_014203555.1_ASM1420355v1_genomic	Bacteria	Actinomycetota	Actinomycetia	Streptomycetales	Streptomycetaceae	Streptomyces	Streptomyces olivoverticillatus	Streptomyces olivoverticillatus CECT 3266
GCA_014203595.1_ASM1420359v1_genomic	Bacteria	Actinomycetota	Actinomycetia	Streptomycetales	Streptomycetaceae	Streptomyces	Streptomyces echinatus	Streptomyces echinatus CECT 3313
GCA_014203645.1_ASM1420364v1_genomic	Bacteria	Actinomycetota	Actinomycetia	Streptomycetales	Streptomycetaceae	Streptomyces	Streptomyces zagrosensis	Streptomyces zagrosensis CECT 8305
GCA_014203705.1_ASM1420370v1_genomic	Bacteria	Actinomycetota	Actinomycetia	Streptomycetales	Streptomycetaceae	Kitasatospora	Kitasatospora gansuensis	Kitasatospora gansuensis DSM 44786
GCA_014203855.1_ASM1420385v1_genomic	Bacteria	Actinomycetota	Actinomycetia	Streptomycetales	Streptomycetaceae	Kitasatospora	Kitasatospora kifunensis	Kitasatospora kifunensis DSM 41654
GCA_014203895.1_ASM1420389v1_genomic	Bacteria	Actinomycetota	Actinomycetia	Streptomycetales	Streptomycetaceae	Streptomyces	Streptomyces nymphaeiformis	Streptomyces nymphaeiformis SFB5A
GCA_014205035.1_ASM1420503v1_genomic	Bacteria	Actinomycetota	Actinomycetia	Streptomycetales	Streptomycetaceae	Streptomyces	Streptomyces nodosus	Streptomyces nodosus DSM 40109
GCA_014205055.1_ASM1420505v1_genomic	Bacteria	Actinomycetota	Actinomycetia	Streptomycetales	Streptomycetaceae	Streptomyces	Streptomyces luteogriseus	Streptomyces luteogriseus DSM 40483
GCA_014205255.1_ASM1420525v1_genomic	Bacteria	Actinomycetota	Actinomycetia	Streptomycetales	Streptomycetaceae	Streptomyces	Streptomyces caelestis	Streptomyces caelestis DSM 40084
GCA_014205315.1_ASM1420531v1_genomic	Bacteria	Actinomycetota	Actinomycetia	Streptomycetales	Streptomycetaceae	Streptomyces	Streptomyces rapamycinicus	Streptomyces rapamycinicus DSM 41530
GCA_014207295.1_ASM1420729v1_genomic	Bacteria	Actinomycetota	Actinomycetia	Streptomycetales	Streptomycetaceae	Streptomyces	Streptomyces massasporeus	Streptomyces sp. AK010
GCA_014207445.1_ASM1420744v1_genomic	Bacteria	Actinomycetota	Actinomycetia	Streptomycetales	Streptomycetaceae	Streptomyces	Streptomyces candidus	Streptomyces candidus DSM 40141
GCA_014216315.1_ASM1421631v1_genomic	Bacteria	Actinomycetota	Actinomycetia	Streptomycetales	Streptomycetaceae	Streptomyces	Streptomyces finlayi_A	Streptomyces finlayi NBSH44
GCA_014216335.1_ASM1421633v1_genomic	Bacteria	Actinomycetota	Actinomycetia	Streptomycetales	Streptomycetaceae	Streptomyces	Streptomyces diastaticus	Streptomyces rutgersensis NBH77
GCA_014217585.1_ASM1421758v1_genomic	Bacteria	Actinomycetota	Actinomycetia	Streptomycetales	Streptomycetaceae	Streptomyces	Streptomyces virginiae	Streptomyces sp. INR7
GCA_014252945.1_ASM1425294v1_genomic	Bacteria	Actinomycetota	Actinomycetia	Streptomycetales	Streptomycetaceae	Streptomyces	Streptomyces mexicanus	Streptomyces mexicanus Marseille-Q0842
GCA_014253015.1_ASM1425301v1_genomic	Bacteria	Actinomycetota	Actinomycetia	Streptomycetales	Streptomycetaceae	Streptomyces	Streptomyces sp014253015	Streptomyces sp. TYQ1024
GCA_014257025.1_ASM1425702v1_genomic	Bacteria	Actinomycetota	Actinomycetia	Streptomycetales	Streptomycetaceae	Streptomyces	Streptomyces sp014257025	Streptomyces cupreus PSKA01
GCA_014280945.1_ASM1428094v1_genomic	Bacteria	Actinomycetota	Actinomycetia	Streptomycetales	Streptomycetaceae	Streptomyces	Streptomyces sp000772045	Streptomyces salinarius SS06011
GCA_014280995.1_ASM1428099v1_genomic	Bacteria	Actinomycetota	Actinomycetia	Streptomycetales	Streptomycetaceae	Streptomyces	Streptomyces albidoflavus	Streptomyces sp. CBG33
GCA_014281035.1_ASM1428103v1_genomic	Bacteria	Actinomycetota	Actinomycetia	Streptomycetales	Streptomycetaceae	Streptomyces	Streptomyces bacillaris	Streptomyces sp. CBG31
GCA_014281095.1_ASM1428109v1_genomic	Bacteria	Actinomycetota	Actinomycetia	Streptomycetales	Streptomycetaceae	Streptomyces	Streptomyces albidoflavus	Streptomyces sp. CBG9
GCA_014284355.1_ASM1428435v1_genomic	Bacteria	Actinomycetota	Actinomycetia	Streptomycetales	Streptomycetaceae	Streptomyces	Streptomyces buecherae	Streptomyces buecherae AC536
GCA_014284425.1_ASM1428442v1_genomic	Bacteria	Actinomycetota	Actinomycetia	Streptomycetales	Streptomycetaceae	Streptomyces	Streptomyces buecherae	Streptomyces buecherae AC563
GCA_014295035.1_ASM1429503v1_genomic	Bacteria	Actinomycetota	Actinomycetia	Streptomycetales	Streptomycetaceae	Streptomyces	Streptomyces buecherae	Streptomyces buecherae AC541
GCA_014451325.2_ASM1445132v2_genomic	Bacteria	Actinomycetota	Actinomycetia	Streptomycetales	Streptomycetaceae	Streptomyces	Streptomyces sp014451325	Streptomyces sp. CB02980
GCA_014489615.1_ASM1448961v1_genomic	Bacteria	Actinomycetota	Actinomycetia	Streptomycetales	Streptomycetaceae	Streptomyces	Streptomyces genisteinicus	Streptomyces genisteinicus CRPJ-33
GCA_014489635.1_ASM1448963v1_genomic	Bacteria	Actinomycetota	Actinomycetia	Streptomycetales	Streptomycetaceae	Streptomyces	Streptomyces roseirectus	Streptomyces roseirectus CRXT-G-22
GCA_014493765.1_ASM1449376v1_genomic	Bacteria	Actinomycetota	Actinomycetia	Streptomycetales	Streptomycetaceae	Streptomyces	Streptomyces polyasparticus	Streptomyces polyasparticus TRM66268-LWL
GCA_014495685.1_ASM1449568v1_genomic	Bacteria	Actinomycetota	Actinomycetia	Streptomycetales	Streptomycetaceae	Streptomyces	Streptomyces sp014495685	Streptomyces sp. TRM68367
GCA_014495705.1_ASM1449570v1_genomic	Bacteria	Actinomycetota	Actinomycetia	Streptomycetales	Streptomycetaceae	Streptomyces	Streptomyces anulatus	Streptomyces sp. CB00271
GCA_014534645.1_ASM1453464v1_genomic	Bacteria	Actinomycetota	Actinomycetia	Streptomycetales	Streptomycetaceae	Streptomyces	Streptomyces grisecoloratus	Streptomyces griseicoloratus TRM S81-3
GCA_014596445.1_ASM1459644v1_genomic	Bacteria	Actinomycetota	Actinomycetia	Streptomycetales	Streptomycetaceae	Streptomyces	Streptomyces sp014596445	Streptomyces sp. CBMA29
GCA_014596465.1_ASM1459646v1_genomic	Bacteria	Actinomycetota	Actinomycetia	Streptomycetales	Streptomycetaceae	Kitasatospora	Kitasatospora sp014596465	Streptomyces sp. CBMA123
GCA_014596475.1_ASM1459647v1_genomic	Bacteria	Actinomycetota	Actinomycetia	Streptomycetales	Streptomycetaceae	Streptomyces	Streptomyces sp014596475	Streptomyces sp. CBMA152
GCA_014596505.1_ASM1459650v1_genomic	Bacteria	Actinomycetota	Actinomycetia	Streptomycetales	Streptomycetaceae	Streptomyces	Streptomyces sp014596525	Streptomyces sp. CBMA370
GCA_014596515.1_ASM1459651v1_genomic	Bacteria	Actinomycetota	Actinomycetia	Streptomycetales	Streptomycetaceae	Kitasatospora	Kitasatospora sp014596515	Streptomyces sp. CBMA156
GCA_014596525.1_ASM1459652v1_genomic	Bacteria	Actinomycetota	Actinomycetia	Streptomycetales	Streptomycetaceae	Streptomyces	Streptomyces sp014596525	Streptomyces sp. CBMA291
GCA_014596915.1_ASM1459691v1_genomic	Bacteria	Actinomycetota	Actinomycetia	Streptomycetales	Streptomycetaceae	Streptomyces	Streptomyces sp014596915	Streptomyces sp. TRM68416
GCA_014621695.1_ASM1462169v1_genomic	Bacteria	Actinomycetota	Actinomycetia	Streptomycetales	Streptomycetaceae	Streptomyces	Streptomyces xanthii	Streptomyces xanthii CRXT-Y-14
GCA_014645815.1_ASM1464581v1_genomic	Bacteria	Actinomycetota	Actinomycetia	Streptomycetales	Streptomycetaceae	Streptomyces	Streptomyces fuscichromogenes	Streptomyces fuscichromogenes CGMCC 4.7110
GCA_014645835.1_ASM1464583v1_genomic	Bacteria	Actinomycetota	Actinomycetia	Streptomycetales	Streptomycetaceae	Streptomyces	Streptomyces albiflavescens	Streptomyces albiflavescens CGMCC 4.7111
GCA_014645895.1_ASM1464589v1_genomic	Bacteria	Actinomycetota	Actinomycetia	Streptomycetales	Streptomycetaceae	Streptomyces	Streptomyces daqingensis	Streptomyces daqingensis CGMCC 4.7178
GCA_014646055.1_ASM1464605v1_genomic	Bacteria	Actinomycetota	Actinomycetia	Streptomycetales	Streptomycetaceae	Streptomyces_A	Streptomyces_A tyrosinilyticus	Wenjunlia tyrosinilytica CGMCC 4.7201
GCA_014646095.1_ASM1464609v1_genomic	Bacteria	Actinomycetota	Actinomycetia	Streptomycetales	Streptomycetaceae	Streptomyces	Streptomyces lacrimifluminis	Streptomyces lacrimifluminis CGMCC 4.7272
GCA_014646115.1_ASM1464611v1_genomic	Bacteria	Actinomycetota	Actinomycetia	Streptomycetales	Streptomycetaceae	Streptomyces	Streptomyces camponoticapitis	Streptomyces camponoticapitis CGMCC 4.7275
GCA_014646275.1_ASM1464627v1_genomic	Bacteria	Actinomycetota	Actinomycetia	Streptomycetales	Streptomycetaceae	Streptomyces	Streptomyces kronopolitis	Streptomyces kronopolitis CGMCC 4.7323
GCA_014646335.1_ASM1464633v1_genomic	Bacteria	Actinomycetota	Actinomycetia	Streptomycetales	Streptomycetaceae	Streptomyces	Streptomyces lasiicapitis	Streptomyces lasiicapitis CGMCC 4.7349
GCA_014647675.1_ASM1464767v1_genomic	Bacteria	Actinomycetota	Actinomycetia	Streptomycetales	Streptomycetaceae	Streptomyces	Streptomyces flaveus	Streptomyces flaveus JCM 3035
GCA_014647695.1_ASM1464769v1_genomic	Bacteria	Actinomycetota	Actinomycetia	Streptomycetales	Streptomycetaceae	Streptomyces	Streptomyces anthocyanicus	Streptomyces anthocyanicus JCM 3037
GCA_014647875.1_ASM1464787v1_genomic	Bacteria	Actinomycetota	Actinomycetia	Streptomycetales	Streptomycetaceae	Streptomyces	Streptomyces brasiliensis	Streptomyces brasiliensis JCM 3086
GCA_014647975.1_ASM1464797v1_genomic	Bacteria	Actinomycetota	Actinomycetia	Streptomycetales	Streptomycetaceae	Streptomyces	Streptomyces fumigatiscleroticus	Streptomyces fumigatiscleroticus JCM 3101
GCA_014648075.1_ASM1464807v1_genomic	Bacteria	Actinomycetota	Actinomycetia	Streptomycetales	Streptomycetaceae	Streptomyces	Streptomyces ruber	Streptomyces ruber JCM 3131
GCA_014648195.1_ASM1464819v1_genomic	Bacteria	Actinomycetota	Actinomycetia	Streptomycetales	Streptomycetaceae	Streptomyces	Streptomyces purpureus	Streptomyces purpureus JCM 3172
GCA_014648555.1_ASM1464855v1_genomic	Bacteria	Actinomycetota	Actinomycetia	Streptomycetales	Streptomycetaceae	Kitasatospora	Kitasatospora griseola	Kitasatospora griseola JCM 3339
GCA_014648615.1_ASM1464861v1_genomic	Bacteria	Actinomycetota	Actinomycetia	Streptomycetales	Streptomycetaceae	Streptomyces	Streptomyces nojiriensis	Streptomyces nojiriensis JCM 3382
GCA_014648635.1_ASM1464863v1_genomic	Bacteria	Actinomycetota	Actinomycetia	Streptomycetales	Streptomycetaceae	Streptomyces	Streptomyces cinerochromogenes	Streptomyces cinerochromogenes JCM 3385
GCA_014648655.1_ASM1464865v1_genomic	Bacteria	Actinomycetota	Actinomycetia	Streptomycetales	Streptomycetaceae	Streptomyces	Streptomyces atratus	Streptomyces atratus JCM 3386
GCA_014648695.1_ASM1464869v1_genomic	Bacteria	Actinomycetota	Actinomycetia	Streptomycetales	Streptomycetaceae	Streptomyces	Streptomyces albospinus	Streptomyces albospinus JCM 3399
GCA_014648775.1_ASM1464877v1_genomic	Bacteria	Actinomycetota	Actinomycetia	Streptomycetales	Streptomycetaceae	Streptomyces	Streptomyces abikoensis	Streptomyces abikoensis JCM 4002
GCA_014648795.1_ASM1464879v1_genomic	Bacteria	Actinomycetota	Actinomycetia	Streptomycetales	Streptomycetaceae	Streptomyces	Streptomyces virginiae	Streptomyces virginiae JCM 4019
GCA_014648815.1_ASM1464881v1_genomic	Bacteria	Actinomycetota	Actinomycetia	Streptomycetales	Streptomycetaceae	Streptomyces	Streptomyces flaveolus	Streptomyces flaveolus JCM 4032
GCA_014648835.1_ASM1464883v1_genomic	Bacteria	Actinomycetota	Actinomycetia	Streptomycetales	Streptomycetaceae	Streptomyces	Streptomyces netropsis	Streptomyces netropsis JCM 4063
GCA_014648855.1_ASM1464885v1_genomic	Bacteria	Actinomycetota	Actinomycetia	Streptomycetales	Streptomycetaceae	Streptomyces	Streptomyces parvulus	Streptomyces parvulus JCM 4068
GCA_014648875.1_ASM1464887v1_genomic	Bacteria	Actinomycetota	Actinomycetia	Streptomycetales	Streptomycetaceae	Streptomyces	Streptomyces parvus	Streptomyces parvus JCM 4069
GCA_014648895.1_ASM1464889v1_genomic	Bacteria	Actinomycetota	Actinomycetia	Streptomycetales	Streptomycetaceae	Streptomyces	Streptomyces tanashiensis	Streptomyces tanashiensis JCM 4086
GCA_014648915.1_ASM1464891v1_genomic	Bacteria	Actinomycetota	Actinomycetia	Streptomycetales	Streptomycetaceae	Streptomyces	Streptomyces phaeofaciens	Streptomyces phaeofaciens JCM 4125
GCA_014648935.1_ASM1464893v1_genomic	Bacteria	Actinomycetota	Actinomycetia	Streptomycetales	Streptomycetaceae	Streptomyces	Streptomyces diastaticus	Streptomyces diastaticus subsp. diastaticus
GCA_014648955.1_ASM1464895v1_genomic	Bacteria	Actinomycetota	Actinomycetia	Streptomycetales	Streptomycetaceae	Streptomyces	Streptomyces diastaticus	Streptomyces gougerotii JCM 4136
GCA_014648975.1_ASM1464897v1_genomic	Bacteria	Actinomycetota	Actinomycetia	Streptomycetales	Streptomycetaceae	Kitasatospora	Kitasatospora herbaricolor	Kitasatospora herbaricolor JCM 4138
GCA_014648995.1_ASM1464899v1_genomic	Bacteria	Actinomycetota	Actinomycetia	Streptomycetales	Streptomycetaceae	Streptomyces	Streptomyces massasporeus	Streptomyces massasporeus JCM 4139
GCA_014649015.1_ASM1464901v1_genomic	Bacteria	Actinomycetota	Actinomycetia	Streptomycetales	Streptomycetaceae	Streptomyces	Streptomyces narbonensis	Streptomyces narbonensis JCM 4147
GCA_014649035.1_ASM1464903v1_genomic	Bacteria	Actinomycetota	Actinomycetia	Streptomycetales	Streptomycetaceae	Streptomyces	Streptomyces sindenensis	Streptomyces sindenensis JCM 4164
GCA_014649055.1_ASM1464905v1_genomic	Bacteria	Actinomycetota	Actinomycetia	Streptomycetales	Streptomycetaceae	Streptomyces	Streptomyces pseudogriseolus	Streptomyces gancidicus JCM 4171
GCA_014649075.1_ASM1464907v1_genomic	Bacteria	Actinomycetota	Actinomycetia	Streptomycetales	Streptomycetaceae	Streptomyces	Streptomyces asoensis	Streptomyces asoensis JCM 4185
GCA_014649095.1_ASM1464909v1_genomic	Bacteria	Actinomycetota	Actinomycetia	Streptomycetales	Streptomycetaceae	Streptomyces	Streptomyces bikiniensis	Streptomyces cinereoruber JCM 4205
GCA_014649115.1_ASM1464911v1_genomic	Bacteria	Actinomycetota	Actinomycetia	Streptomycetales	Streptomycetaceae	Streptomyces	Streptomyces eurythermus	Streptomyces eurythermus JCM 4206
GCA_014649135.1_ASM1464913v1_genomic	Bacteria	Actinomycetota	Actinomycetia	Streptomycetales	Streptomycetaceae	Streptomyces	Streptomyces griseoviridis	Streptomyces niveoruber JCM 4234
GCA_014649195.1_ASM1464919v1_genomic	Bacteria	Actinomycetota	Actinomycetia	Streptomycetales	Streptomycetaceae	Streptomyces	Streptomyces coeruleorubidus	Streptomyces coeruleorubidus JCM 4292
GCA_014649215.1_ASM1464921v1_genomic	Bacteria	Actinomycetota	Actinomycetia	Streptomycetales	Streptomycetaceae	Streptomyces	Streptomyces bacillaris	Streptomyces cavourensis JCM 4298
GCA_014649235.1_ASM1464923v1_genomic	Bacteria	Actinomycetota	Actinomycetia	Streptomycetales	Streptomycetaceae	Streptomyces	Streptomyces spectabilis	Streptomyces spectabilis JCM 4308
GCA_014649255.1_ASM1464925v1_genomic	Bacteria	Actinomycetota	Actinomycetia	Streptomycetales	Streptomycetaceae	Streptomyces	Streptomyces thermodiastaticus	Streptomyces thermoviolaceus subsp. apingens
GCA_014649275.1_ASM1464927v1_genomic	Bacteria	Actinomycetota	Actinomycetia	Streptomycetales	Streptomycetaceae	Streptomyces	Streptomyces libani	Streptomyces libani subsp. libani
GCA_014649315.1_ASM1464931v1_genomic	Bacteria	Actinomycetota	Actinomycetia	Streptomycetales	Streptomycetaceae	Streptomyces	Streptomyces calvus	Streptomyces calvus JCM 4326
GCA_014649335.1_ASM1464933v1_genomic	Bacteria	Actinomycetota	Actinomycetia	Streptomycetales	Streptomycetaceae	Streptomyces	Streptomyces roseolilacinus	Streptomyces roseolilacinus JCM 4335
GCA_014649375.1_ASM1464937v1_genomic	Bacteria	Actinomycetota	Actinomycetia	Streptomycetales	Streptomycetaceae	Streptomyces	Streptomyces aurantiogriseus	Streptomyces aurantiogriseus JCM 4346
GCA_014649395.1_ASM1464939v1_genomic	Bacteria	Actinomycetota	Actinomycetia	Streptomycetales	Streptomycetaceae	Streptomyces	Streptomyces aureoverticillatus	Streptomyces aureoverticillatus JCM 4347
GCA_014649415.1_ASM1464941v1_genomic	Bacteria	Actinomycetota	Actinomycetia	Streptomycetales	Streptomycetaceae	Streptomyces	Streptomyces sindenensis	Streptomyces badius JCM 4350
GCA_014649435.1_ASM1464943v1_genomic	Bacteria	Actinomycetota	Actinomycetia	Streptomycetales	Streptomycetaceae	Streptomyces	Streptomyces chromofuscus	Streptomyces chromofuscus JCM 4354
GCA_014649455.1_ASM1464945v1_genomic	Bacteria	Actinomycetota	Actinomycetia	Streptomycetales	Streptomycetaceae	Streptomyces	Streptomyces coeruleorubidus	Streptomyces coeruleorubidus JCM 4359
GCA_014649475.1_ASM1464947v1_genomic	Bacteria	Actinomycetota	Actinomycetia	Streptomycetales	Streptomycetaceae	Streptomyces	Streptomyces griseoviridis	Streptomyces daghestanicus JCM 4365
GCA_014649495.1_ASM1464949v1_genomic	Bacteria	Actinomycetota	Actinomycetia	Streptomycetales	Streptomycetaceae	Streptomyces	Streptomyces filipinensis	Streptomyces filipinensis JCM 4369
GCA_014649515.1_ASM1464951v1_genomic	Bacteria	Actinomycetota	Actinomycetia	Streptomycetales	Streptomycetaceae	Streptomyces	Streptomyces pilosus	Streptomyces pilosus JCM 4372
GCA_014649535.1_ASM1464953v1_genomic	Bacteria	Actinomycetota	Actinomycetia	Streptomycetales	Streptomycetaceae	Streptomyces	Streptomyces gelaticus	Streptomyces gelaticus JCM 4376
GCA_014649595.1_ASM1464959v1_genomic	Bacteria	Actinomycetota	Actinomycetia	Streptomycetales	Streptomycetaceae	Streptomyces	Streptomyces griseostramineus	Streptomyces griseomycini JCM 4382
GCA_014649635.1_ASM1464963v1_genomic	Bacteria	Actinomycetota	Actinomycetia	Streptomycetales	Streptomycetaceae	Streptomyces	Streptomyces griseostramineus	Streptomyces griseomycini JCM 4385
GCA_014649655.1_ASM1464965v1_genomic	Bacteria	Actinomycetota	Actinomycetia	Streptomycetales	Streptomycetaceae	Streptomyces	Streptomyces humidus	Streptomyces humidus JCM 4386
GCA_014649675.1_ASM1464967v1_genomic	Bacteria	Actinomycetota	Actinomycetia	Streptomycetales	Streptomycetaceae	Streptomyces	Streptomyces violaceus	Streptomyces janthinus JCM 4387
GCA_014649695.1_ASM1464969v1_genomic	Bacteria	Actinomycetota	Actinomycetia	Streptomycetales	Streptomycetaceae	Streptomyces	Streptomyces kurssanovii	Streptomyces kurssanovii JCM 4388
GCA_014649715.1_ASM1464971v1_genomic	Bacteria	Actinomycetota	Actinomycetia	Streptomycetales	Streptomycetaceae	Streptomyces	Streptomyces lateritius	Streptomyces lateritius JCM 4389
GCA_014649735.1_ASM1464973v1_genomic	Bacteria	Actinomycetota	Actinomycetia	Streptomycetales	Streptomycetaceae	Streptomyces	Streptomyces lavendofoliae	Streptomyces lavendofoliae JCM 4391
GCA_014649755.1_ASM1464975v1_genomic	Bacteria	Actinomycetota	Actinomycetia	Streptomycetales	Streptomycetaceae	Streptomyces	Streptomyces litmocidini	Streptomyces litmocidini JCM 4394
GCA_014649775.1_ASM1464977v1_genomic	Bacteria	Actinomycetota	Actinomycetia	Streptomycetales	Streptomycetaceae	Streptomyces	Streptomyces longisporoflavus	Streptomyces longisporoflavus JCM 4396
GCA_014649795.1_ASM1464979v1_genomic	Bacteria	Actinomycetota	Actinomycetia	Streptomycetales	Streptomycetaceae	Streptomyces	Streptomyces melanogenes	Streptomyces melanogenes JCM 4398
GCA_014649815.1_ASM1464981v1_genomic	Bacteria	Actinomycetota	Actinomycetia	Streptomycetales	Streptomycetaceae	Streptomyces	Streptomyces mutabilis	Streptomyces mutabilis JCM 4400
GCA_014649835.1_ASM1464983v1_genomic	Bacteria	Actinomycetota	Actinomycetia	Streptomycetales	Streptomycetaceae	Streptomyces	Streptomyces pilosus	Streptomyces pilosus JCM 4403
GCA_014649855.1_ASM1464985v1_genomic	Bacteria	Actinomycetota	Actinomycetia	Streptomycetales	Streptomycetaceae	Streptomyces	Streptomyces roseolus	Streptomyces roseolus JCM 4411
GCA_014649875.1_ASM1464987v1_genomic	Bacteria	Actinomycetota	Actinomycetia	Streptomycetales	Streptomycetaceae	Streptomyces	Streptomyces rubiginosohelvolus	Streptomyces rubiginosohelvolus JCM 4415
GCA_014649895.1_ASM1464989v1_genomic	Bacteria	Actinomycetota	Actinomycetia	Streptomycetales	Streptomycetaceae	Streptomyces	Streptomyces pseudogriseolus	Streptomyces rubiginosus JCM 4416
GCA_014649915.1_ASM1464991v1_genomic	Bacteria	Actinomycetota	Actinomycetia	Streptomycetales	Streptomycetaceae	Streptomyces	Streptomyces toxytricini	Streptomyces toxytricini JCM 4421
GCA_014649935.1_ASM1464993v1_genomic	Bacteria	Actinomycetota	Actinomycetia	Streptomycetales	Streptomycetaceae	Streptomyces	Streptomyces griseoincarnatus	Streptomyces variabilis JCM 4422
GCA_014649955.1_ASM1464995v1_genomic	Bacteria	Actinomycetota	Actinomycetia	Streptomycetales	Streptomycetaceae	Streptomyces	Streptomyces violascens	Streptomyces violascens JCM 4424
GCA_014649975.1_ASM1464997v1_genomic	Bacteria	Actinomycetota	Actinomycetia	Streptomycetales	Streptomycetaceae	Kitasatospora	Kitasatospora aureofaciens	Kitasatospora aureofaciens JCM 4434
GCA_014649995.1_ASM1464999v1_genomic	Bacteria	Actinomycetota	Actinomycetia	Streptomycetales	Streptomycetaceae	Streptomyces	Streptomyces griseoflavus	Streptomyces griseoflavus JCM 4479
GCA_014650035.1_ASM1465003v1_genomic	Bacteria	Actinomycetota	Actinomycetia	Streptomycetales	Streptomycetaceae	Streptomyces	Streptomyces lucensis	Streptomyces lucensis JCM 4490 JCM 4490
GCA_014650055.1_ASM1465005v1_genomic	Bacteria	Actinomycetota	Actinomycetia	Streptomycetales	Streptomycetaceae	Streptomyces	Streptomyces malachitofuscus	Streptomyces malachitofuscus JCM 4493
GCA_014650075.1_ASM1465007v1_genomic	Bacteria	Actinomycetota	Actinomycetia	Streptomycetales	Streptomycetaceae	Streptomyces	Streptomyces microflavus	Streptomyces microflavus JCM 4496
GCA_014650095.1_ASM1465009v1_genomic	Bacteria	Actinomycetota	Actinomycetia	Streptomycetales	Streptomycetaceae	Streptomyces	Streptomyces tanashiensis	Streptomyces tanashiensis JCM 4498
GCA_014650115.1_ASM1465011v1_genomic	Bacteria	Actinomycetota	Actinomycetia	Streptomycetales	Streptomycetaceae	Streptomyces	Streptomyces olivaceoviridis	Streptomyces olivaceoviridis JCM 4499
GCA_014650135.1_ASM1465013v1_genomic	Bacteria	Actinomycetota	Actinomycetia	Streptomycetales	Streptomycetaceae	Streptomyces	Streptomyces rochei	Streptomyces plicatus JCM 4504
GCA_014650155.1_ASM1465015v1_genomic	Bacteria	Actinomycetota	Actinomycetia	Streptomycetales	Streptomycetaceae	Streptomyces	Streptomyces violaceus	Streptomyces purpurascens JCM 4509
GCA_014650175.1_ASM1465017v1_genomic	Bacteria	Actinomycetota	Actinomycetia	Streptomycetales	Streptomycetaceae	Streptomyces	Streptomyces termitum	Streptomyces termitum JCM 4518
GCA_014650195.1_ASM1465019v1_genomic	Bacteria	Actinomycetota	Actinomycetia	Streptomycetales	Streptomycetaceae	Streptomyces	Streptomyces phaeochromogenes	Streptomyces umbrinus JCM 4521
GCA_014650215.1_ASM1465021v1_genomic	Bacteria	Actinomycetota	Actinomycetia	Streptomycetales	Streptomycetaceae	Streptomyces	Streptomyces rochei	Streptomyces vinaceusdrappus JCM 4529
GCA_014650235.1_ASM1465023v1_genomic	Bacteria	Actinomycetota	Actinomycetia	Streptomycetales	Streptomycetaceae	Streptomyces	Streptomyces collinus	Streptomyces violaceochromogenes JCM 4530
GCA_014650255.1_ASM1465025v1_genomic	Bacteria	Actinomycetota	Actinomycetia	Streptomycetales	Streptomycetaceae	Streptomyces	Streptomyces violaceus	Streptomyces violarus JCM 4534
GCA_014650275.1_ASM1465027v1_genomic	Bacteria	Actinomycetota	Actinomycetia	Streptomycetales	Streptomycetaceae	Streptomyces	Streptomyces mirabilis	Streptomyces mirabilis JCM 4551
GCA_014650295.1_ASM1465029v1_genomic	Bacteria	Actinomycetota	Actinomycetia	Streptomycetales	Streptomycetaceae	Streptomyces	Streptomyces caelestis	Streptomyces caelestis JCM 4566
GCA_014650315.1_ASM1465031v1_genomic	Bacteria	Actinomycetota	Actinomycetia	Streptomycetales	Streptomycetaceae	Streptomyces	Streptomyces chartreusis	Streptomyces chartreusis JCM 4570
GCA_014650335.1_ASM1465033v1_genomic	Bacteria	Actinomycetota	Actinomycetia	Streptomycetales	Streptomycetaceae	Streptomyces	Streptomyces hiroshimensis	Streptomyces hiroshimensis JCM 4586
GCA_014650355.1_ASM1465035v1_genomic	Bacteria	Actinomycetota	Actinomycetia	Streptomycetales	Streptomycetaceae	Streptomyces	Streptomyces xanthochromogenes	Streptomyces xanthochromogenes JCM 4594
GCA_014650375.1_ASM1465037v1_genomic	Bacteria	Actinomycetota	Actinomycetia	Streptomycetales	Streptomycetaceae	Streptomyces	Streptomyces nitrosporeus	Streptomyces nitrosporeus JCM 4598
GCA_014650395.1_ASM1465039v1_genomic	Bacteria	Actinomycetota	Actinomycetia	Streptomycetales	Streptomycetaceae	Streptomyces	Streptomyces rubiginosohelvolus	Streptomyces pluricolorescens JCM 4602
GCA_014650435.1_ASM1465043v1_genomic	Bacteria	Actinomycetota	Actinomycetia	Streptomycetales	Streptomycetaceae	Streptomyces	Streptomyces tendae	Streptomyces tendae JCM 4610
GCA_014650455.1_ASM1465045v1_genomic	Bacteria	Actinomycetota	Actinomycetia	Streptomycetales	Streptomycetaceae	Streptomyces	Streptomyces xanthochromogenes	Streptomyces xanthochromogenes JCM 4612
GCA_014650495.1_ASM1465049v1_genomic	Bacteria	Actinomycetota	Actinomycetia	Streptomycetales	Streptomycetaceae	Streptomyces	Streptomyces cinnamoneus	Streptomyces cinnamoneus JCM 4633
GCA_014650515.1_ASM1465051v1_genomic	Bacteria	Actinomycetota	Actinomycetia	Streptomycetales	Streptomycetaceae	Streptomyces	Streptomyces spiroverticillatus	Streptomyces finlayi JCM 4637
GCA_014650535.1_ASM1465053v1_genomic	Bacteria	Actinomycetota	Actinomycetia	Streptomycetales	Streptomycetaceae	Streptomyces	Streptomyces galbus	Streptomyces galbus JCM 4639
GCA_014650555.1_ASM1465055v1_genomic	Bacteria	Actinomycetota	Actinomycetia	Streptomycetales	Streptomycetaceae	Streptomyces	Streptomyces goshikiensis	Streptomyces goshikiensis JCM 4640
GCA_014650575.1_ASM1465057v1_genomic	Bacteria	Actinomycetota	Actinomycetia	Streptomycetales	Streptomycetaceae	Streptomyces	Streptomyces naganishii	Streptomyces naganishii JCM 4654 JCM 4654
GCA_014650595.1_ASM1465059v1_genomic	Bacteria	Actinomycetota	Actinomycetia	Streptomycetales	Streptomycetaceae	Streptomyces	Streptomyces alanosinicus	Streptomyces alanosinicus JCM 4714
GCA_014650615.1_ASM1465061v1_genomic	Bacteria	Actinomycetota	Actinomycetia	Streptomycetales	Streptomycetaceae	Streptomyces	Streptomyces griseoloalbus	Streptomyces albaduncus JCM 4715
GCA_014650635.1_ASM1465063v1_genomic	Bacteria	Actinomycetota	Actinomycetia	Streptomycetales	Streptomycetaceae	Streptomyces	Streptomyces noursei	Streptomyces noursei JCM 4718
GCA_014650655.1_ASM1465065v1_genomic	Bacteria	Actinomycetota	Actinomycetia	Streptomycetales	Streptomycetaceae	Streptomyces	Streptomyces anandii	Streptomyces anandii JCM 4720 JCM 4720
GCA_014650675.1_ASM1465067v1_genomic	Bacteria	Actinomycetota	Actinomycetia	Streptomycetales	Streptomycetaceae	Streptomyces	Streptomyces anulatus	Streptomyces anulatus JCM 4721
GCA_014650695.1_ASM1465069v1_genomic	Bacteria	Actinomycetota	Actinomycetia	Streptomycetales	Streptomycetaceae	Streptomyces	Streptomyces avidinii	Streptomyces avidinii JCM 4726
GCA_014650715.1_ASM1465071v1_genomic	Bacteria	Actinomycetota	Actinomycetia	Streptomycetales	Streptomycetaceae	Streptomyces	Streptomyces bluensis	Streptomyces bluensis JCM 4729
GCA_014650735.1_ASM1465073v1_genomic	Bacteria	Actinomycetota	Actinomycetia	Streptomycetales	Streptomycetaceae	Streptomyces	Streptomyces olivaceoviridis	Streptomyces canarius JCM 4733
GCA_014650755.1_ASM1465075v1_genomic	Bacteria	Actinomycetota	Actinomycetia	Streptomycetales	Streptomycetaceae	Streptomyces	Streptomyces chryseus	Streptomyces chryseus JCM 4737
GCA_014650775.1_ASM1465077v1_genomic	Bacteria	Actinomycetota	Actinomycetia	Streptomycetales	Streptomycetaceae	Streptomyces	Streptomyces cirratus	Streptomyces cirratus JCM 4738
GCA_014650795.1_ASM1465079v1_genomic	Bacteria	Actinomycetota	Actinomycetia	Streptomycetales	Streptomycetaceae	Streptomyces	Streptomyces anthocyanicus	Streptomyces anthocyanicus JCM 4739
GCA_014650815.1_ASM1465081v1_genomic	Bacteria	Actinomycetota	Actinomycetia	Streptomycetales	Streptomycetaceae	Streptomyces	Streptomyces flavofungini	Streptomyces flavofungini JCM 4753
GCA_014650835.1_ASM1465083v1_genomic	Bacteria	Actinomycetota	Actinomycetia	Streptomycetales	Streptomycetaceae	Streptomyces	Streptomyces bobili	Streptomyces galilaeus JCM 4757
GCA_014650855.1_ASM1465085v1_genomic	Bacteria	Actinomycetota	Actinomycetia	Streptomycetales	Streptomycetaceae	Streptomyces	Streptomyces chryseus	Streptomyces chryseus JCM 4768
GCA_014650875.1_ASM1465087v1_genomic	Bacteria	Actinomycetota	Actinomycetia	Streptomycetales	Streptomycetaceae	Streptomyces	Streptomyces minutiscleroticus	Streptomyces minutiscleroticus JCM 4790
GCA_014650895.1_ASM1465089v1_genomic	Bacteria	Actinomycetota	Actinomycetia	Streptomycetales	Streptomycetaceae	Streptomyces	Streptomyces omiyaensis	Streptomyces omiyaensis JCM 4806
GCA_014650915.1_ASM1465091v1_genomic	Bacteria	Actinomycetota	Actinomycetia	Streptomycetales	Streptomycetaceae	Streptomyces	Streptomyces poonensis	Streptomyces poonensis JCM 4815
GCA_014650935.1_ASM1465093v1_genomic	Bacteria	Actinomycetota	Actinomycetia	Streptomycetales	Streptomycetaceae	Streptomyces	Streptomyces subrutilus	Streptomyces subrutilus JCM 4834
GCA_014650955.1_ASM1465095v1_genomic	Bacteria	Actinomycetota	Actinomycetia	Streptomycetales	Streptomycetaceae	Streptomyces	Streptomyces tauricus	Streptomyces tauricus JCM 4837
GCA_014650975.1_ASM1465097v1_genomic	Bacteria	Actinomycetota	Actinomycetia	Streptomycetales	Streptomycetaceae	Streptomyces	Streptomyces thermodiastaticus	Streptomyces thermoviolaceus subsp. thermoviolaceus
GCA_014650995.1_ASM1465099v1_genomic	Bacteria	Actinomycetota	Actinomycetia	Streptomycetales	Streptomycetaceae	Streptomyces	Streptomyces viridiviolaceus	Streptomyces viridiviolaceus JCM 4855
GCA_014651015.1_ASM1465101v1_genomic	Bacteria	Actinomycetota	Actinomycetia	Streptomycetales	Streptomycetaceae	Streptomyces	Streptomyces xantholiticus	Streptomyces xantholiticus JCM 4863
GCA_014651035.1_ASM1465103v1_genomic	Bacteria	Actinomycetota	Actinomycetia	Streptomycetales	Streptomycetaceae	Streptomyces	Streptomyces lomondensis	Streptomyces lomondensis JCM 4866
GCA_014651055.1_ASM1465105v1_genomic	Bacteria	Actinomycetota	Actinomycetia	Streptomycetales	Streptomycetaceae	Streptomyces	Streptomyces fructofermentans	Streptomyces fructofermentans JCM 4956
GCA_014651075.1_ASM1465107v1_genomic	Bacteria	Actinomycetota	Actinomycetia	Streptomycetales	Streptomycetaceae	Streptomyces	Streptomyces djakartensis	Streptomyces djakartensis JCM 4957
GCA_014651095.1_ASM1465109v1_genomic	Bacteria	Actinomycetota	Actinomycetia	Streptomycetales	Streptomycetaceae	Streptomyces	Streptomyces rochei	Streptomyces geysiriensis JCM 4962
GCA_014651115.1_ASM1465111v1_genomic	Bacteria	Actinomycetota	Actinomycetia	Streptomycetales	Streptomycetaceae	Streptomyces	Streptomyces inusitatus	Streptomyces inusitatus JCM 4988
GCA_014651135.1_ASM1465113v1_genomic	Bacteria	Actinomycetota	Actinomycetia	Streptomycetales	Streptomycetaceae	Streptomyces	Streptomyces echinoruber	Streptomyces echinoruber JCM 5016
GCA_014651155.1_ASM1465115v1_genomic	Bacteria	Actinomycetota	Actinomycetia	Streptomycetales	Streptomycetaceae	Streptomyces	Streptomyces anthocyanicus	Streptomyces anthocyanicus JCM 5058
GCA_014651175.1_ASM1465117v1_genomic	Bacteria	Actinomycetota	Actinomycetia	Streptomycetales	Streptomycetaceae	Streptomyces	Streptomyces clavifer	Streptomyces clavifer JCM 5059
GCA_014651195.1_ASM1465119v1_genomic	Bacteria	Actinomycetota	Actinomycetia	Streptomycetales	Streptomycetaceae	Streptomyces	Streptomyces spinoverrucosus	Streptomyces spinoverrucosus JCM 5077
GCA_014653855.1_ASM1465385v1_genomic	Bacteria	Actinomycetota	Actinomycetia	Streptomycetales	Streptomycetaceae	Streptomyces	Streptomyces capitiformicae	Streptomyces capitiformicae CGMCC 4.7403
GCA_014654675.1_ASM1465467v1_genomic	Bacteria	Actinomycetota	Actinomycetia	Streptomycetales	Streptomycetaceae	Streptomyces	Streptomyces spiralis	Streptomyces spiralis JCM 3302
GCA_014654785.1_ASM1465478v1_genomic	Bacteria	Actinomycetota	Actinomycetia	Streptomycetales	Streptomycetaceae	Streptomyces	Streptomyces mashuensis	Streptomyces mashuensis JCM 4059
GCA_014654895.1_ASM1465489v1_genomic	Bacteria	Actinomycetota	Actinomycetia	Streptomycetales	Streptomycetaceae	Streptomyces	Streptomyces filamentosus	Streptomyces filamentosus JCM 4122
GCA_014654935.1_ASM1465493v1_genomic	Bacteria	Actinomycetota	Actinomycetia	Streptomycetales	Streptomycetaceae	Streptomyces	Streptomyces capoamus	Streptomyces capoamus JCM 4253
GCA_014655085.1_ASM1465508v1_genomic	Bacteria	Actinomycetota	Actinomycetia	Streptomycetales	Streptomycetaceae	Streptomyces	Streptomyces gardneri	Streptomyces gardneri JCM 4375
GCA_014655295.1_ASM1465529v1_genomic	Bacteria	Actinomycetota	Actinomycetia	Streptomycetales	Streptomycetaceae	Streptomyces	Streptomyces fumanus	Streptomyces fumanus JCM 4477
GCA_014655335.1_ASM1465533v1_genomic	Bacteria	Actinomycetota	Actinomycetia	Streptomycetales	Streptomycetaceae	Streptomyces	Streptomyces fimicarius	Streptomyces griseus JCM 4516
GCA_014655475.1_ASM1465547v1_genomic	Bacteria	Actinomycetota	Actinomycetia	Streptomycetales	Streptomycetaceae	Streptomyces	Streptomyces albogriseolus	Streptomyces albogriseolus JCM 4536
GCA_014655595.1_ASM1465559v1_genomic	Bacteria	Actinomycetota	Actinomycetia	Streptomycetales	Streptomycetaceae	Streptomyces	Streptomyces griseocarneus	Streptomyces griseocarneus JCM 4580
GCA_014655715.1_ASM1465571v1_genomic	Bacteria	Actinomycetota	Actinomycetia	Streptomycetales	Streptomycetaceae	Streptomyces	Streptomyces lanatus	Streptomyces lanatus JCM 4588
GCA_014655855.1_ASM1465585v1_genomic	Bacteria	Actinomycetota	Actinomycetia	Streptomycetales	Streptomycetaceae	Streptomyces	Streptomyces candidus	Streptomyces candidus JCM 4629
GCA_014655955.1_ASM1465595v1_genomic	Bacteria	Actinomycetota	Actinomycetia	Streptomycetales	Streptomycetaceae	Kitasatospora	Kitasatospora indigofera	Kitasatospora indigofera JCM 4646
GCA_014656035.1_ASM1465603v1_genomic	Bacteria	Actinomycetota	Actinomycetia	Streptomycetales	Streptomycetaceae	Streptomyces	Streptomyces griseoluteus	Streptomyces griseoluteus JCM 4765
GCA_014656055.1_ASM1465605v1_genomic	Bacteria	Actinomycetota	Actinomycetia	Streptomycetales	Streptomycetaceae	Streptomyces	Streptomyces griseosporeus	Streptomyces griseosporeus JCM 4766
GCA_014656075.1_ASM1465607v1_genomic	Bacteria	Actinomycetota	Actinomycetia	Streptomycetales	Streptomycetaceae	Streptomyces	Streptomyces hydrogenans	Streptomyces hydrogenans JCM 4771
GCA_014656095.1_ASM1465609v1_genomic	Bacteria	Actinomycetota	Actinomycetia	Streptomycetales	Streptomycetaceae	Streptomyces	Streptomyces longispororuber	Streptomyces longispororuber JCM 4784
GCA_014656115.1_ASM1465611v1_genomic	Bacteria	Actinomycetota	Actinomycetia	Streptomycetales	Streptomycetaceae	Streptomyces	Streptomyces morookaensis	Streptomyces morookaense JCM 4793
GCA_014656135.1_ASM1465613v1_genomic	Bacteria	Actinomycetota	Actinomycetia	Streptomycetales	Streptomycetaceae	Streptomyces	Streptomyces thermodiastaticus	Streptomyces thermodiastaticus JCM 4840
GCA_014656155.1_ASM1465615v1_genomic	Bacteria	Actinomycetota	Actinomycetia	Streptomycetales	Streptomycetaceae	Streptomyces	Streptomyces vinaceus	Streptomyces vinaceus JCM 4849
GCA_014656195.1_ASM1465619v1_genomic	Bacteria	Actinomycetota	Actinomycetia	Streptomycetales	Streptomycetaceae	Kitasatospora	Kitasatospora xanthocidica	Kitasatospora xanthocidica JCM 4862
GCA_014656215.1_ASM1465621v1_genomic	Bacteria	Actinomycetota	Actinomycetia	Streptomycetales	Streptomycetaceae	Streptomyces	Streptomyces zaomyceticus	Streptomyces zaomyceticus JCM 4864
GCA_014656235.1_ASM1465623v1_genomic	Bacteria	Actinomycetota	Actinomycetia	Streptomycetales	Streptomycetaceae	Streptomyces	Streptomyces platensis	Streptomyces glebosus JCM 4954
GCA_014656255.1_ASM1465625v1_genomic	Bacteria	Actinomycetota	Actinomycetia	Streptomycetales	Streptomycetaceae	Streptomyces	Streptomyces rubradiris	Streptomyces rubradiris JCM 4955
GCA_014656275.1_ASM1465627v1_genomic	Bacteria	Actinomycetota	Actinomycetia	Streptomycetales	Streptomycetaceae	Streptomyces	Streptomyces phaeochromogenes	Streptomyces umbrinus JCM 4958
GCA_014656295.1_ASM1465629v1_genomic	Bacteria	Actinomycetota	Actinomycetia	Streptomycetales	Streptomycetaceae	Streptomyces	Streptomyces sulfonofaciens	Streptomyces sulfonofaciens JCM 5069
GCA_014656315.1_ASM1465631v1_genomic	Bacteria	Actinomycetota	Actinomycetia	Streptomycetales	Streptomycetaceae	Streptomyces	Streptomyces capillispiralis	Streptomyces capillispiralis JCM 5075
GCA_014673495.1_ASM1467349v1_genomic	Bacteria	Actinomycetota	Actinomycetia	Streptomycetales	Streptomycetaceae	Streptomyces	Streptomyces griseofuscus	Streptomyces griseofuscus DSM 40191
GCA_014697945.1_ASM1469794v1_genomic	Bacteria	Actinomycetota	Actinomycetia	Streptomycetales	Streptomycetaceae	Streptomyces	Streptomyces papulosus	Streptomyces pratensis SFW
GCA_014701095.1_ASM1470109v1_genomic	Bacteria	Actinomycetota	Actinomycetia	Streptomycetales	Streptomycetaceae	Streptomyces	Streptomyces massasporeus	Streptomyces tuirus JCM 4255
GCA_014701115.1_ASM1470111v1_genomic	Bacteria	Actinomycetota	Actinomycetia	Streptomycetales	Streptomycetaceae	Streptomyces	Streptomyces aurantiacus	Streptomyces aurantiacus JCM 4677
GCA_014712245.1_ASM1471224v1_genomic	Bacteria	Actinomycetota	Actinomycetia	Streptomycetales	Streptomycetaceae	Streptomyces	Streptomyces violaceusniger	Streptomyces sp. 5-10
GCA_014748265.1_ASM1474826v1_genomic	Bacteria	Actinomycetota	Actinomycetia	Streptomycetales	Streptomycetaceae	Streptomyces	Streptomyces californicus	Streptomyces sp. JV180
GCA_014748275.1_ASM1474827v1_genomic	Bacteria	Actinomycetota	Actinomycetia	Streptomycetales	Streptomycetaceae	Streptomyces	Streptomyces californicus	Streptomyces sp. SP18CM02
GCA_014748315.1_ASM1474831v1_genomic	Bacteria	Actinomycetota	Actinomycetia	Streptomycetales	Streptomycetaceae	Streptomyces	Streptomyces toxytricini	Streptomyces sp. KD18
GCA_014779715.1_ASM1477971v1_genomic	Bacteria	Actinomycetota	Actinomycetia	Streptomycetales	Streptomycetaceae	Streptomyces	Streptomyces chumphonensis	Streptomyces chumphonensis KK1-2
GCA_014852565.2_ASM1485256v2_genomic	Bacteria	Actinomycetota	Actinomycetia	Streptomycetales	Streptomycetaceae	Streptomyces	Streptomyces caniscabiei	Streptomyces caniscabiei ID03-3A
GCA_014852645.1_ASM1485264v1_genomic	Bacteria	Actinomycetota	Actinomycetia	Streptomycetales	Streptomycetaceae	Streptomyces	Streptomyces sp010548465	Streptomyces sp. H28
GCA_014852655.1_ASM1485265v1_genomic	Bacteria	Actinomycetota	Actinomycetia	Streptomycetales	Streptomycetaceae	Streptomyces	Streptomyces caniscabiei	Streptomyces caniscabiei ID01-6.2a
GCA_014854025.1_ASM1485402v1_genomic	Bacteria	Actinomycetota	Actinomycetia	Streptomycetales	Streptomycetaceae	Streptomyces	Streptomyces rochei	Streptomyces sp. VITNK9
GCA_014873495.1_ASM1487349v1_genomic	Bacteria	Actinomycetota	Actinomycetia	Streptomycetales	Streptomycetaceae	Streptomyces	Streptomyces stelliscabiei	Streptomyces stelliscabiei DSM 41803
GCA_014905535.1_ASM1490553v1_genomic	Bacteria	Actinomycetota	Actinomycetia	Streptomycetales	Streptomycetaceae	Streptomyces	Streptomyces hydrogenans	Streptomyces sp. NE5-10
GCA_014905555.1_ASM1490555v1_genomic	Bacteria	Actinomycetota	Actinomycetia	Streptomycetales	Streptomycetaceae	Streptomyces	Streptomyces sp014905555	Streptomyces sp. Y2F8-2
GCA_014930355.1_ASM1493035v1_genomic	Bacteria	Actinomycetota	Actinomycetia	Streptomycetales	Streptomycetaceae	Streptomyces	Streptomyces caniscabiei	Streptomyces caniscabiei ND05-3B
GCA_014930365.1_ASM1493036v1_genomic	Bacteria	Actinomycetota	Actinomycetia	Streptomycetales	Streptomycetaceae	Streptomyces	Streptomyces caniscabiei	Streptomyces caniscabiei NE06-02D
GCA_014930395.1_ASM1493039v1_genomic	Bacteria	Actinomycetota	Actinomycetia	Streptomycetales	Streptomycetaceae	Streptomyces	Streptomyces caniscabiei	Streptomyces caniscabiei ND05-01C
GCA_014930405.1_ASM1493040v1_genomic	Bacteria	Actinomycetota	Actinomycetia	Streptomycetales	Streptomycetaceae	Streptomyces	Streptomyces caniscabiei	Streptomyces caniscabiei NE06-02F
GCA_014930415.1_ASM1493041v1_genomic	Bacteria	Actinomycetota	Actinomycetia	Streptomycetales	Streptomycetaceae	Streptomyces	Streptomyces caniscabiei	Streptomyces caniscabiei ND05-13A
GCA_015160855.1_ASM1516085v1_genomic	Bacteria	Actinomycetota	Actinomycetia	Streptomycetales	Streptomycetaceae	Streptomyces	Streptomyces ferrugineus	Streptomyces ferrugineus CCTCC AA2014009
GCA_015160875.1_ASM1516087v1_genomic	Bacteria	Actinomycetota	Actinomycetia	Streptomycetales	Streptomycetaceae	Streptomyces	Streptomyces chromofuscus	Streptomyces chromofuscus DSM 40273
GCA_015163075.1_ASM1516307v1_genomic	Bacteria	Actinomycetota	Actinomycetia	Streptomycetales	Streptomycetaceae	Streptomyces	Streptomyces justiciae	Streptomyces justiciae 3R004
GCA_015244315.1_ASM1524431v1_genomic	Bacteria	Actinomycetota	Actinomycetia	Streptomycetales	Streptomycetaceae	Streptomyces	Streptomyces olivaceus	Streptomyces olivaceus SCSIO T05
GCA_015321285.1_ASM1532128v1_genomic	Bacteria	Actinomycetota	Actinomycetia	Streptomycetales	Streptomycetaceae	Streptomyces	Streptomyces albidoflavus	Streptomyces albidoflavus ANT_B131
GCA_015475835.1_ASM1547583v1_genomic	Bacteria	Actinomycetota	Actinomycetia	Streptomycetales	Streptomycetaceae	Streptomyces	Streptomyces klenkii	Streptomyces sp. NRRL B-1677
GCA_015475845.1_ASM1547584v1_genomic	Bacteria	Actinomycetota	Actinomycetia	Streptomycetales	Streptomycetaceae	Streptomyces	Streptomyces eurocidicus	Streptomyces eurocidicus NRRL ISP-5604
GCA_015601545.1_ASM1560154v1_genomic	Bacteria	Actinomycetota	Actinomycetia	Streptomycetales	Streptomycetaceae	Streptomyces	Streptomyces albidoflavus	Streptomyces albidoflavus W68
GCA_015645455.1_ASM1564545v1_genomic	Bacteria	Actinomycetota	Actinomycetia	Streptomycetales	Streptomycetaceae	Streptomyces	Streptomyces olivaceus	Streptomyces olivaceus NRRL B-3009
GCA_015680775.2_ASM1568077v2_genomic	Bacteria	Actinomycetota	Actinomycetia	Streptomycetales	Streptomycetaceae	Streptomyces	Streptomyces diastaticus	Streptomyces sp. BRB081
GCA_015689475.1_ASM1568947v1_genomic	Bacteria	Actinomycetota	Actinomycetia	Streptomycetales	Streptomycetaceae	Streptomyces	Streptomyces samsunensis	Streptomyces solisilvae HNM0141
GCA_015690355.1_ASM1569035v1_genomic	Bacteria	Actinomycetota	Actinomycetia	Streptomycetales	Streptomycetaceae	Streptacidiphilus	Streptacidiphilus fuscans	Streptacidiphilus fuscans NEAU-YB345
GCA_015708605.1_ASM1570860v1_genomic	Bacteria	Actinomycetota	Actinomycetia	Streptomycetales	Streptomycetaceae	Streptomyces	Streptomyces clavuligerus	Streptomyces clavuligerus ATCC 27064
GCA_015710995.1_ASM1571099v1_genomic	Bacteria	Actinomycetota	Actinomycetia	Streptomycetales	Streptomycetaceae	Streptomyces	Streptomyces gardneri	Streptomyces gardneri ATCC 15439
GCA_015712165.1_ASM1571216v1_genomic	Bacteria	Actinomycetota	Actinomycetia	Streptomycetales	Streptomycetaceae	Streptomyces	Streptomyces spinoverrucosus_A	Streptomyces spinoverrucosus SNB-032
GCA_015767735.1_ASM1576773v1_genomic	Bacteria	Actinomycetota	Actinomycetia	Streptomycetales	Streptomycetaceae	Streptomyces	Streptomyces clavuligerus	Streptomyces clavuligerus F1D1
GCA_015767755.1_ASM1576775v1_genomic	Bacteria	Actinomycetota	Actinomycetia	Streptomycetales	Streptomycetaceae	Streptomyces	Streptomyces clavuligerus	Streptomyces clavuligerus F1D4
GCA_015767775.1_ASM1576777v1_genomic	Bacteria	Actinomycetota	Actinomycetia	Streptomycetales	Streptomycetaceae	Streptomyces	Streptomyces clavuligerus	Streptomyces clavuligerus F1D7
GCA_015767795.1_ASM1576779v1_genomic	Bacteria	Actinomycetota	Actinomycetia	Streptomycetales	Streptomycetaceae	Streptomyces	Streptomyces clavuligerus	Streptomyces clavuligerus F1D10
GCA_015767815.1_ASM1576781v1_genomic	Bacteria	Actinomycetota	Actinomycetia	Streptomycetales	Streptomycetaceae	Streptomyces	Streptomyces clavuligerus	Streptomyces clavuligerus F1D14
GCA_015767835.1_ASM1576783v1_genomic	Bacteria	Actinomycetota	Actinomycetia	Streptomycetales	Streptomycetaceae	Streptomyces	Streptomyces clavuligerus	Streptomyces clavuligerus F1D25
GCA_015767855.1_ASM1576785v1_genomic	Bacteria	Actinomycetota	Actinomycetia	Streptomycetales	Streptomycetaceae	Streptomyces	Streptomyces clavuligerus	Streptomyces clavuligerus F1D18
GCA_015767875.1_ASM1576787v1_genomic	Bacteria	Actinomycetota	Actinomycetia	Streptomycetales	Streptomycetaceae	Streptomyces	Streptomyces clavuligerus	Streptomyces clavuligerus F1D26
GCA_015767895.1_ASM1576789v1_genomic	Bacteria	Actinomycetota	Actinomycetia	Streptomycetales	Streptomycetaceae	Streptomyces	Streptomyces clavuligerus	Streptomyces clavuligerus F1D31
GCA_015767915.1_ASM1576791v1_genomic	Bacteria	Actinomycetota	Actinomycetia	Streptomycetales	Streptomycetaceae	Streptomyces	Streptomyces clavuligerus	Streptomyces clavuligerus F1D35
GCA_015767935.1_ASM1576793v1_genomic	Bacteria	Actinomycetota	Actinomycetia	Streptomycetales	Streptomycetaceae	Streptomyces	Streptomyces clavuligerus	Streptomyces clavuligerus F1D28
GCA_015770475.1_ASM1577047v1_genomic	Bacteria	Actinomycetota	Actinomycetia	Streptomycetales	Streptomycetaceae	Streptomyces	Streptomyces flaveolus_A	Streptomyces sp. MC1
GCA_015776785.2_ASM1577678v2_genomic	Bacteria	Actinomycetota	Actinomycetia	Streptomycetales	Streptomycetaceae	Kitasatospora	Kitasatospora sp015776785	Kitasatospora sp. SUK 42
GCA_015910445.1_ASM1591044v1_genomic	Bacteria	Actinomycetota	Actinomycetia	Streptomycetales	Streptomycetaceae	Streptomyces	Streptomyces bathyalis	Streptomyces bathyalis ASO4wet
GCA_015912395.1_ASM1591239v1_genomic	Bacteria	Actinomycetota	Actinomycetia	Streptomycetales	Streptomycetaceae	Streptomyces	Streptomyces clavuligerus	Streptomyces clavuligerus ATCC 27064
GCA_015912435.1_ASM1591243v1_genomic	Bacteria	Actinomycetota	Actinomycetia	Streptomycetales	Streptomycetaceae	Streptomyces	Streptomyces clavuligerus	Streptomyces clavuligerus NCIMB 14335
GCA_015912455.1_ASM1591245v1_genomic	Bacteria	Actinomycetota	Actinomycetia	Streptomycetales	Streptomycetaceae	Streptomyces	Streptomyces clavuligerus	Streptomyces clavuligerus BW0219
GCA_015912465.1_ASM1591246v1_genomic	Bacteria	Actinomycetota	Actinomycetia	Streptomycetales	Streptomycetaceae	Streptomyces	Streptomyces clavuligerus	Streptomyces clavuligerus BW0220
GCA_015912875.1_ASM1591287v1_genomic	Bacteria	Actinomycetota	Actinomycetia	Streptomycetales	Streptomycetaceae	Streptomyces	Streptomyces clavuligerus	Streptomyces clavuligerus DSM 738
GCA_015912895.1_ASM1591289v1_genomic	Bacteria	Actinomycetota	Actinomycetia	Streptomycetales	Streptomycetaceae	Streptomyces	Streptomyces clavuligerus	Streptomyces clavuligerus NRRL 3585
GCA_015912925.1_ASM1591292v1_genomic	Bacteria	Actinomycetota	Actinomycetia	Streptomycetales	Streptomycetaceae	Streptomyces	Streptomyces clavuligerus	Streptomyces clavuligerus ATCC 27064
GCA_015912945.1_ASM1591294v1_genomic	Bacteria	Actinomycetota	Actinomycetia	Streptomycetales	Streptomycetaceae	Streptomyces	Streptomyces clavuligerus	Streptomyces clavuligerus NCIMB 12785
GCA_015912975.1_ASM1591297v1_genomic	Bacteria	Actinomycetota	Actinomycetia	Streptomycetales	Streptomycetaceae	Streptomyces	Streptomyces clavuligerus	Streptomyces clavuligerus BW0218
GCA_015912985.1_ASM1591298v1_genomic	Bacteria	Actinomycetota	Actinomycetia	Streptomycetales	Streptomycetaceae	Streptomyces	Streptomyces clavuligerus	Streptomyces clavuligerus BW0217
GCA_015912995.1_ASM1591299v1_genomic	Bacteria	Actinomycetota	Actinomycetia	Streptomycetales	Streptomycetaceae	Streptomyces	Streptomyces clavuligerus	Streptomyces clavuligerus BW0216
GCA_015999245.1_ASM1599924v1_genomic	Bacteria	Actinomycetota	Actinomycetia	Streptomycetales	Streptomycetaceae	Streptomyces	Streptomyces sp015999245	Streptomyces sp. AV19
GCA_016017415.1_ASM1601741v1_genomic	Bacteria	Actinomycetota	Actinomycetia	Streptomycetales	Streptomycetaceae	Streptomyces	Streptomyces sp000772045	Streptomyces sp. HB-N217
GCA_016031615.1_ASM1603161v1_genomic	Bacteria	Actinomycetota	Actinomycetia	Streptomycetales	Streptomycetaceae	Streptomyces	Streptomyces pactum	Streptomyces pactum ATCC 27456
GCA_016103465.1_ASM1610346v1_genomic	Bacteria	Actinomycetota	Actinomycetia	Streptomycetales	Streptomycetaceae	Streptomyces	Streptomyces sabulosicollis	Streptomyces sabulosicollis PRKS01-29
GCA_016103485.1_ASM1610348v1_genomic	Bacteria	Actinomycetota	Actinomycetia	Streptomycetales	Streptomycetaceae	Streptomyces	Streptomyces asiaticus	Streptomyces albiflaviniger DSM 42598
GCA_016103505.1_ASM1610350v1_genomic	Bacteria	Actinomycetota	Actinomycetia	Streptomycetales	Streptomycetaceae	Streptomyces	Streptomyces asiaticus	Streptomyces javensis DSM 41764
GCA_016107395.1_INACH3013-01_genomic	Bacteria	Actinomycetota	Actinomycetia	Streptomycetales	Streptomycetaceae	Streptomyces	Streptomyces fildesensis	Streptomyces fildesensis INACH3013
GCA_016128295.1_ASM1612829v1_genomic	Bacteria	Actinomycetota	Actinomycetia	Streptomycetales	Streptomycetaceae	Streptomyces	Streptomyces alfalfae	Streptomyces alfalfae Men-myco-93-63
GCA_016411765.1_ASM1641176v1_genomic	Bacteria	Actinomycetota	Actinomycetia	Streptomycetales	Streptomycetaceae	Streptomyces	Streptomyces flavofungini	Streptomyces flavofungini JCM 4753
GCA_016432665.1_ASM1643266v1_genomic	Bacteria	Actinomycetota	Actinomycetia	Streptomycetales	Streptomycetaceae	Streptomyces	Streptomyces griseoincarnatus	Streptomyces sp. BSE7-9
GCA_016432675.1_ASM1643267v1_genomic	Bacteria	Actinomycetota	Actinomycetia	Streptomycetales	Streptomycetaceae	Streptomyces	Streptomyces griseoincarnatus	Streptomyces sp. I3(2020)
GCA_016432685.1_ASM1643268v1_genomic	Bacteria	Actinomycetota	Actinomycetia	Streptomycetales	Streptomycetaceae	Streptomyces	Streptomyces griseoincarnatus	Streptomyces sp. I4(2020)
GCA_016432725.1_ASM1643272v1_genomic	Bacteria	Actinomycetota	Actinomycetia	Streptomycetales	Streptomycetaceae	Streptomyces	Streptomyces sp016432725	Streptomyces sp. DHE7-1
GCA_016432735.1_ASM1643273v1_genomic	Bacteria	Actinomycetota	Actinomycetia	Streptomycetales	Streptomycetaceae	Streptomyces	Streptomyces griseoincarnatus	Streptomyces sp. I5
GCA_016432765.1_ASM1643276v1_genomic	Bacteria	Actinomycetota	Actinomycetia	Streptomycetales	Streptomycetaceae	Streptomyces	Streptomyces rochei	Streptomyces sp. DHE17-7
GCA_016457305.1_ASM1645730v1_genomic	Bacteria	Actinomycetota	Actinomycetia	Streptomycetales	Streptomycetaceae	Streptomyces	Streptomyces griseofuscus	Streptomyces sp. CRPSP2-6A1
GCA_016464295.1_ASM1646429v1_genomic	Bacteria	Actinomycetota	Actinomycetia	Streptomycetales	Streptomycetaceae	Streptomyces	Streptomyces mesophilus	Streptomyces sp. N35
GCA_016467295.1_ASM1646729v1_genomic	Bacteria	Actinomycetota	Actinomycetia	Streptomycetales	Streptomycetaceae	Streptomyces	Streptomyces murinus	Streptomyces murinus Am1
GCA_016482685.1_ASM1648268v1_genomic	Bacteria	Actinomycetota	Actinomycetia	Streptomycetales	Streptomycetaceae	Streptomyces	Streptomyces sp016482685	Streptomyces sp. DSM 110735
GCA_016491645.1_ASM1649164v1_genomic	Bacteria	Actinomycetota	Actinomycetia	Streptomycetales	Streptomycetaceae	Streptomyces	Streptomyces rochei	Streptomyces sp. CRB46
GCA_016521585.1_ASM1652158v1_genomic	Bacteria	Actinomycetota	Actinomycetia	Streptomycetales	Streptomycetaceae	Streptomyces	Streptomyces californicus	Streptomyces sp. RB110-2
GCA_016598475.1_ASM1659847v1_genomic	Bacteria	Actinomycetota	Actinomycetia	Streptomycetales	Streptomycetaceae	Streptomyces	Streptomyces adelaidensis	Streptomyces adelaidensis CAP261
GCA_016598575.1_ASM1659857v1_genomic	Bacteria	Actinomycetota	Actinomycetia	Streptomycetales	Streptomycetaceae	Streptomyces	Streptomyces sp016598575	Streptomyces sp. HSG2
GCA_016598615.1_ASM1659861v1_genomic	Bacteria	Actinomycetota	Actinomycetia	Streptomycetales	Streptomycetaceae	Streptomyces	Streptomyces liliifuscus	Streptomyces liliifuscus ZYC-3
GCA_016605905.1_ASM1660590v1_genomic	Bacteria	Actinomycetota	Actinomycetia	Streptomycetales	Streptomycetaceae	Streptomyces	Streptomyces xiamenensis	Streptomyces sp. XC 2026
GCA_016612545.1_ASM1661254v1_genomic	Bacteria	Actinomycetota	Actinomycetia	Streptomycetales	Streptomycetaceae	Streptomyces	Streptomyces sp016612545	Streptomyces sp. MBT65
GCA_016612575.1_ASM1661257v1_genomic	Bacteria	Actinomycetota	Actinomycetia	Streptomycetales	Streptomycetaceae	Streptomyces	Streptomyces rubiginosohelvolus	Streptomyces sp. MBT67
GCA_016612605.1_ASM1661260v1_genomic	Bacteria	Actinomycetota	Actinomycetia	Streptomycetales	Streptomycetaceae	Streptomyces	Streptomyces rubiginosohelvolus	Streptomyces sp. MBT72
GCA_016612625.1_ASM1661262v1_genomic	Bacteria	Actinomycetota	Actinomycetia	Streptomycetales	Streptomycetaceae	Streptomyces	Streptomyces sp016654115	Streptomyces sp. MBT62
GCA_016612645.1_ASM1661264v1_genomic	Bacteria	Actinomycetota	Actinomycetia	Streptomycetales	Streptomycetaceae	Streptomyces	Streptomyces rubiginosohelvolus	Streptomyces sp. MBT61
GCA_016612655.1_ASM1661265v1_genomic	Bacteria	Actinomycetota	Actinomycetia	Streptomycetales	Streptomycetaceae	Streptomyces	Streptomyces eurythermus	Streptomyces sp. MBT70
GCA_016612665.1_ASM1661266v1_genomic	Bacteria	Actinomycetota	Actinomycetia	Streptomycetales	Streptomycetaceae	Streptomyces	Streptomyces rubiginosohelvolus	Streptomyces sp. MBT60
GCA_016612705.1_ASM1661270v1_genomic	Bacteria	Actinomycetota	Actinomycetia	Streptomycetales	Streptomycetaceae	Streptomyces	Streptomyces globisporus	Streptomyces sp. MBT56
GCA_016612725.1_ASM1661272v1_genomic	Bacteria	Actinomycetota	Actinomycetia	Streptomycetales	Streptomycetaceae	Streptomyces	Streptomyces globisporus	Streptomyces sp. MBT54
GCA_016612735.1_ASM1661273v1_genomic	Bacteria	Actinomycetota	Actinomycetia	Streptomycetales	Streptomycetaceae	Streptomyces	Streptomyces microflavus	Streptomyces sp. MBT57
GCA_016612755.1_ASM1661275v1_genomic	Bacteria	Actinomycetota	Actinomycetia	Streptomycetales	Streptomycetaceae	Streptomyces	Streptomyces sp000177195	Streptomyces sp. MBT51
GCA_016612775.1_ASM1661277v1_genomic	Bacteria	Actinomycetota	Actinomycetia	Streptomycetales	Streptomycetaceae	Streptomyces	Streptomyces globisporus	Streptomyces sp. MBT98
GCA_016612805.1_ASM1661280v1_genomic	Bacteria	Actinomycetota	Actinomycetia	Streptomycetales	Streptomycetaceae	Streptomyces	Streptomyces asoensis	Streptomyces sp. MBT97
GCA_016612825.1_ASM1661282v1_genomic	Bacteria	Actinomycetota	Actinomycetia	Streptomycetales	Streptomycetaceae	Streptomyces	Streptomyces asoensis	Streptomyces sp. MBT49
GCA_016612855.1_ASM1661285v1_genomic	Bacteria	Actinomycetota	Actinomycetia	Streptomycetales	Streptomycetaceae	Streptomyces	Streptomyces sp006715395	Streptomyces sp. MBT33
GCA_016613285.1_ASM1661328v1_genomic	Bacteria	Actinomycetota	Actinomycetia	Streptomycetales	Streptomycetaceae	Streptomyces	Streptomyces albidoflavus	Streptomyces sp. DEF1AK
GCA_016613335.1_ASM1661333v1_genomic	Bacteria	Actinomycetota	Actinomycetia	Streptomycetales	Streptomycetaceae	Streptomyces	Streptomyces albidoflavus	Streptomyces sp. DEF147AK
GCA_016624005.1_ASM1662400v1_genomic	Bacteria	Actinomycetota	Actinomycetia	Streptomycetales	Streptomycetaceae	Streptomyces	Streptomyces californicus	Streptomyces sp. RB110-1
GCA_016653995.1_ASM1665399v1_genomic	Bacteria	Actinomycetota	Actinomycetia	Streptomycetales	Streptomycetaceae	Streptomyces	Streptomyces microflavus	Streptomyces sp. MBT58
GCA_016654055.1_ASM1665405v1_genomic	Bacteria	Actinomycetota	Actinomycetia	Streptomycetales	Streptomycetaceae	Streptomyces	Streptomyces globisporus	Streptomyces sp. MBT55
GCA_016654065.1_ASM1665406v1_genomic	Bacteria	Actinomycetota	Actinomycetia	Streptomycetales	Streptomycetaceae	Streptomyces	Streptomyces rubiginosohelvolus	Streptomyces sp. MBT59
GCA_016654115.1_ASM1665411v1_genomic	Bacteria	Actinomycetota	Actinomycetia	Streptomycetales	Streptomycetaceae	Streptomyces	Streptomyces sp016654115	Streptomyces sp. MBT53
GCA_016734825.1_ASM1673482v1_genomic	Bacteria	Actinomycetota	Actinomycetia	Streptomycetales	Streptomycetaceae	Streptomyces	Streptomyces albidoflavus	Streptomyces albidoflavus BT4
GCA_016734865.1_ASM1673486v1_genomic	Bacteria	Actinomycetota	Actinomycetia	Streptomycetales	Streptomycetaceae	Streptomyces	Streptomyces albidoflavus	Streptomyces albidoflavus BT3
GCA_016741775.1_ASM1674177v1_genomic	Bacteria	Actinomycetota	Actinomycetia	Streptomycetales	Streptomycetaceae	Streptomyces	Streptomyces actinomycinicus	Streptomyces actinomycinicus RCU-197
GCA_016741785.1_ASM1674178v1_genomic	Bacteria	Actinomycetota	Actinomycetia	Streptomycetales	Streptomycetaceae	Streptomyces	Streptomyces sp016741785	Streptomyces sp. 7-21
GCA_016741825.1_ASM1674182v1_genomic	Bacteria	Actinomycetota	Actinomycetia	Streptomycetales	Streptomycetaceae	Streptomyces	Streptomyces sp000720175	Streptomyces siderophoricus CH9-7
GCA_016741855.1_ASM1674185v1_genomic	Bacteria	Actinomycetota	Actinomycetia	Streptomycetales	Streptomycetaceae	Streptomyces	Streptomyces musisoli	Streptomyces musisoli CH5-8
GCA_016741875.1_ASM1674187v1_genomic	Bacteria	Actinomycetota	Actinomycetia	Streptomycetales	Streptomycetaceae	Streptomyces	Streptomyces coffeae	Streptomyces coffeae CA1R205
GCA_016741935.1_ASM1674193v1_genomic	Bacteria	Actinomycetota	Actinomycetia	Streptomycetales	Streptomycetaceae	Streptomyces	Streptomyces endocoffeicus	Streptomyces endocoffeicus CA3R110
GCA_016745505.1_ASM1674550v1_genomic	Bacteria	Actinomycetota	Actinomycetia	Streptomycetales	Streptomycetaceae	Streptomyces	Streptomyces silvae	Streptomyces silvae For3
GCA_016755835.1_ASM1675583v1_genomic	Bacteria	Actinomycetota	Actinomycetia	Streptomycetales	Streptomycetaceae	Streptomyces	Streptomyces virginiae	Streptomyces virginiae NBRC 15873
GCA_016755855.1_ASM1675585v1_genomic	Bacteria	Actinomycetota	Actinomycetia	Streptomycetales	Streptomycetaceae	Streptomyces	Streptomyces nojiriensis	Streptomyces nojiriensis NBRC 13794
GCA_016755875.1_ASM1675587v1_genomic	Bacteria	Actinomycetota	Actinomycetia	Streptomycetales	Streptomycetaceae	Streptomyces	Streptomyces spororaveus	Streptomyces spororaveus NBRC 15456
GCA_016755895.1_ASM1675589v1_genomic	Bacteria	Actinomycetota	Actinomycetia	Streptomycetales	Streptomycetaceae	Streptomyces	Streptomyces xanthophaeus	Streptomyces xanthophaeus NBRC 12829
GCA_016756395.1_ASM1675639v1_genomic	Bacteria	Actinomycetota	Actinomycetia	Streptomycetales	Streptomycetaceae	Streptomyces	Streptomyces sp016756395	Actinacidiphila reveromycinica SN-593
GCA_016757295.1_ASM1675729v1_genomic	Bacteria	Actinomycetota	Actinomycetia	Streptomycetales	Streptomycetaceae	Streptomyces	Streptomyces sp003143855	Streptomyces sp. M2CJ-2
GCA_016772455.1_ASM1677245v1_genomic	Bacteria	Actinomycetota	Actinomycetia	Streptomycetales	Streptomycetaceae	Streptomyces	Streptomyces microflavus	Streptomyces microflavus DF
GCA_016803985.1_ASM1680398v1_genomic	Bacteria	Actinomycetota	Actinomycetia	Streptomycetales	Streptomycetaceae	Streptomyces	Streptomyces albidoflavus	Streptomyces koyangensis SCSIO 5802
GCA_016804005.1_ASM1680400v1_genomic	Bacteria	Actinomycetota	Actinomycetia	Streptomycetales	Streptomycetaceae	Streptomyces	Streptomyces pratensis_A	Streptomyces pratensis S10
GCA_016834575.1_ASM1683457v1_genomic	Bacteria	Actinomycetota	Actinomycetia	Streptomycetales	Streptomycetaceae	Streptomyces	Streptomyces pseudogriseolus	Streptomyces sp. S-9
GCA_016860525.1_ASM1686052v1_genomic	Bacteria	Actinomycetota	Actinomycetia	Streptomycetales	Streptomycetaceae	Streptomyces	Streptomyces rubradiris	Streptomyces rubradiris NBRC 14000
GCA_016860545.1_ASM1686054v1_genomic	Bacteria	Actinomycetota	Actinomycetia	Streptomycetales	Streptomycetaceae	Streptomyces	Streptomyces asoensis	Streptomyces asoensis NBRC 13813
GCA_016876065.1_ASM1687606v1_genomic	Bacteria	Actinomycetota	Actinomycetia	Streptomycetales	Streptomycetaceae	Streptomyces	Streptomyces sioyaensis	Streptomyces sioyaensis B-5408
GCA_016901035.1_ASM1690103v1_genomic	Bacteria	Actinomycetota	Actinomycetia	Streptomycetales	Streptomycetaceae	Streptomyces	Streptomyces durocortorensis	Streptomyces durocortorensis RHZ10
GCA_016905445.1_ASM1690544v1_genomic	Bacteria	Actinomycetota	Actinomycetia	Streptomycetales	Streptomycetaceae	Streptomyces	Streptomyces sp016905445	Streptomyces sp. G44
GCA_016906185.1_ASM1690618v1_genomic	Bacteria	Actinomycetota	Actinomycetia	Streptomycetales	Streptomycetaceae	Streptomyces	Streptomyces californicus	Streptomyces californicus FDAARGOS_1209
GCA_016906205.1_ASM1690620v1_genomic	Bacteria	Actinomycetota	Actinomycetia	Streptomycetales	Streptomycetaceae	Streptomyces	Streptomyces californicus	Streptomyces californicus FDAARGOS_1212
GCA_016906225.1_ASM1690622v1_genomic	Bacteria	Actinomycetota	Actinomycetia	Streptomycetales	Streptomycetaceae	Streptomyces	Streptomyces californicus	Streptomyces californicus FDAARGOS_1211
GCA_016906245.1_ASM1690624v1_genomic	Bacteria	Actinomycetota	Actinomycetia	Streptomycetales	Streptomycetaceae	Streptomyces	Streptomyces californicus	Streptomyces californicus FDAARGOS_1213
GCA_016906265.1_ASM1690626v1_genomic	Bacteria	Actinomycetota	Actinomycetia	Streptomycetales	Streptomycetaceae	Streptomyces	Streptomyces californicus	Streptomyces californicus FDAARGOS_1210
GCA_016909575.1_ASM1690957v1_genomic	Bacteria	Actinomycetota	Actinomycetia	Streptomycetales	Streptomycetaceae	Streptomyces	Streptomyces sp016909575	Streptomyces sp. HB132
GCA_016916835.1_ASM1691683v1_genomic	Bacteria	Actinomycetota	Actinomycetia	Streptomycetales	Streptomycetaceae	Streptomyces	Streptomyces bryophytorum	Actinacidiphila bryophytorum DSM 42138
GCA_016917755.1_ASM1691775v1_genomic	Bacteria	Actinomycetota	Actinomycetia	Streptomycetales	Streptomycetaceae	Streptomyces	Streptomyces yunnanensis	Streptomyces noursei A-2-1
GCA_016918855.1_ASM1691885v1_genomic	Bacteria	Actinomycetota	Actinomycetia	Streptomycetales	Streptomycetaceae	Streptomyces	Streptomyces acididurans	Actinacidiphila acididurans KK5PA1
GCA_016919245.1_ASM1691924v1_genomic	Bacteria	Actinomycetota	Actinomycetia	Streptomycetales	Streptomycetaceae	Streptomyces	Streptomyces zhihengii	Streptomyces zhihengii YIM T102
GCA_016919685.1_ASM1691968v1_genomic	Bacteria	Actinomycetota	Actinomycetia	Streptomycetales	Streptomycetaceae	Streptomyces	Streptomyces tsukubensis	Streptomyces tsukubensis L20
GCA_016921115.1_ASM1692111v1_genomic	Bacteria	Actinomycetota	Actinomycetia	Streptomycetales	Streptomycetaceae	Streptomyces	Streptomyces actuosus_A	Streptomyces actuosus VRA1
GCA_017114865.1_ASM1711486v1_genomic	Bacteria	Actinomycetota	Actinomycetia	Streptomycetales	Streptomycetaceae	Streptomyces	Streptomyces verrucosisporus	Streptomyces verrucosisporus CPB1-1
GCA_017164735.1_ASM1716473v1_genomic	Bacteria	Actinomycetota	Actinomycetia	Streptomycetales	Streptomycetaceae	Streptomyces	Streptomyces bryophytorum	Actinacidiphila bryophytorum DSM 42138
GCA_017168205.1_ASM1716820v1_genomic	Bacteria	Actinomycetota	Actinomycetia	Streptomycetales	Streptomycetaceae	Streptomyces	Streptomyces chrestomyceticus	Streptomyces chrestomyceticus TBRC 1925
GCA_017311125.1_ASM1731112v1_genomic	Bacteria	Actinomycetota	Actinomycetia	Streptomycetales	Streptomycetaceae	Streptomyces	Streptomyces californicus	Streptomyces sp. M54
GCA_017315755.1_ASM1731575v1_genomic	Bacteria	Actinomycetota	Actinomycetia	Streptomycetales	Streptomycetaceae	Streptomyces	Streptomyces beijiangensis	Streptomyces beijiangensis DSM 41794
GCA_017349075.1_ASM1734907v1_genomic	Bacteria	Actinomycetota	Actinomycetia	Streptomycetales	Streptomycetaceae	Streptomyces	Streptomyces triculaminicus_A	Streptomyces triculaminicus JCM 4242
GCA_017352335.1_ASM1735233v1_genomic	Bacteria	Actinomycetota	Actinomycetia	Streptomycetales	Streptomycetaceae	Streptomyces	Streptomyces nodosus	Streptomyces nodosus ZJB2016050
GCA_017353455.1_ASM1735345v1_genomic	Bacteria	Actinomycetota	Actinomycetia	Streptomycetales	Streptomycetaceae	Streptomyces	Streptomyces laculatispora	Streptomyces laculatispora NRRL B-24909
GCA_017356985.1_ASM1735698v1_genomic	Bacteria	Actinomycetota	Actinomycetia	Streptomycetales	Streptomycetaceae	Streptomyces	Streptomyces triculaminicus_A	Streptomyces griseocarneus KCC S-1010
GCA_017358145.1_ASM1735814v1_genomic	Bacteria	Actinomycetota	Actinomycetia	Streptomycetales	Streptomycetaceae	Streptomyces	Streptomyces microflavus	Streptomyces sp. CA-256286
GCA_017377775.1_ASM1737777v1_genomic	Bacteria	Actinomycetota	Actinomycetia	Streptomycetales	Streptomycetaceae	Streptomyces	Streptomyces sp017377775	Streptomyces sp. VRA16 Mangrove soil
GCA_017427025.1_ASM1742702v1_genomic	Bacteria	Actinomycetota	Actinomycetia	Streptomycetales	Streptomycetaceae	Kitasatospora	Kitasatospora sp017427025	Streptomyces sp. FH025
GCA_017526105.1_ASM1752610v1_genomic	Bacteria	Actinomycetota	Actinomycetia	Streptomycetales	Streptomycetaceae	Streptomyces	Streptomyces cyanogenus	Streptomyces cyanogenus S136
GCA_017592595.1_ASM1759259v1_genomic	Bacteria	Actinomycetota	Actinomycetia	Streptomycetales	Streptomycetaceae	Streptomyces	Streptomyces violaceusniger_A	Streptomyces sp. NEAU-YJ-81
GCA_017614965.1_ASM1761496v1_genomic	Bacteria	Actinomycetota	Actinomycetia	Streptomycetales	Streptomycetaceae	Streptomyces	Streptomyces griseorubiginosus_B	Streptomyces griseorubiginosus MPMI3
GCA_017639205.1_ASM1763920v1_genomic	Bacteria	Actinomycetota	Actinomycetia	Streptomycetales	Streptomycetaceae	Streptomyces	Streptomyces nojiriensis	Streptomyces nojiriensis JCM 3382
GCA_017676345.1_ASM1767634v1_genomic	Bacteria	Actinomycetota	Actinomycetia	Streptomycetales	Streptomycetaceae	Streptomyces	Streptomyces smyrnaeus	Streptomyces smyrnaeus DSM 42105
GCA_017676365.1_ASM1767636v1_genomic	Bacteria	Actinomycetota	Actinomycetia	Streptomycetales	Streptomycetaceae	Streptomyces	Streptomyces oryzae	Streptomyces oryzae S16-07
GCA_017676385.1_ASM1767638v1_genomic	Bacteria	Actinomycetota	Actinomycetia	Streptomycetales	Streptomycetaceae	Streptomyces	Streptomyces spirodelae	Streptomyces spirodelae DW4-2
GCA_017751265.1_ASM1775126v1_genomic	Bacteria	Actinomycetota	Actinomycetia	Streptomycetales	Streptomycetaceae	Streptomyces	Streptomyces rimosus	Streptomyces rimosus subsp. rimosus
GCA_017813245.1_ASM1781324v1_genomic	Bacteria	Actinomycetota	Actinomycetia	Streptomycetales	Streptomycetaceae	Streptomyces	Streptomyces montanisoli	Streptomyces montanisoli MMS17-BM035
GCA_017813315.1_ASM1781331v1_genomic	Bacteria	Actinomycetota	Actinomycetia	Streptomycetales	Streptomycetaceae	Kitasatospora	Kitasatospora sp002953255	Kitasatospora sp. RG8
GCA_017825375.1_ASM1782537v1_genomic	Bacteria	Actinomycetota	Actinomycetia	Streptomycetales	Streptomycetaceae	Streptomyces	Streptomyces goshikiensis	Streptomyces sp. KCTC 0041BP
GCA_017874495.1_ASM1787449v1_genomic	Bacteria	Actinomycetota	Actinomycetia	Streptomycetales	Streptomycetaceae	Streptomyces	Streptomyces griseochromogenes	Streptomyces griseochromogenes DSM 40499
GCA_017874515.1_ASM1787451v1_genomic	Bacteria	Actinomycetota	Actinomycetia	Streptomycetales	Streptomycetaceae	Streptomyces	Streptomyces avidinii	Streptomyces avidinii DSM 40526
GCA_017874715.1_ASM1787471v1_genomic	Bacteria	Actinomycetota	Actinomycetia	Streptomycetales	Streptomycetaceae	Streptomyces	Streptomyces iranensis	Streptomyces iranensis DSM 41954
GCA_017876235.1_ASM1787623v1_genomic	Bacteria	Actinomycetota	Actinomycetia	Streptomycetales	Streptomycetaceae	Streptomyces	Streptomyces virginiae	Streptomyces virginiae DSM 40803
GCA_017876255.1_ASM1787625v1_genomic	Bacteria	Actinomycetota	Actinomycetia	Streptomycetales	Streptomycetaceae	Streptomyces	Streptomyces clavifer	Streptomyces clavifer DSM 40843
GCA_017876625.1_ASM1787662v1_genomic	Bacteria	Actinomycetota	Actinomycetia	Streptomycetales	Streptomycetaceae	Streptomyces	Streptomyces syringium	Streptomyces syringium DSM 41480
GCA_017877015.1_ASM1787701v1_genomic	Bacteria	Actinomycetota	Actinomycetia	Streptomycetales	Streptomycetaceae	Streptomyces	Streptomyces sp001905825	Streptomyces sp. PvR006
GCA_017916255.1_ASM1791625v1_genomic	Bacteria	Actinomycetota	Actinomycetia	Streptomycetales	Streptomycetaceae	Streptomyces	Streptomyces mobaraensis	Streptomyces mobaraensis NBRC 13819 = DSM 40847 DSM 40847
GCA_017933115.1_ASM1793311v1_genomic	Bacteria	Actinomycetota	Actinomycetia	Streptomycetales	Streptomycetaceae	Streptomyces	Streptomyces scabiei	Streptomyces sp. LBUM 1482
GCA_017933235.1_ASM1793323v1_genomic	Bacteria	Actinomycetota	Actinomycetia	Streptomycetales	Streptomycetaceae	Streptomyces	Streptomyces scabiei	Streptomyces sp. LBUM 1480
GCA_017933255.1_ASM1793325v1_genomic	Bacteria	Actinomycetota	Actinomycetia	Streptomycetales	Streptomycetaceae	Streptomyces	Streptomyces scabiei	Streptomyces sp. LBUM 1475
GCA_017942185.1_ASM1794218v1_genomic	Bacteria	Actinomycetota	Actinomycetia	Streptomycetales	Streptomycetaceae	Streptomyces	Streptomyces asiaticus	Streptomyces rhizosphaericus DSM 41760
GCA_017948455.1_ASM1794845v1_genomic	Bacteria	Actinomycetota	Actinomycetia	Streptomycetales	Streptomycetaceae	Streptomyces	Streptomyces sp017948455	Streptomyces sp. GESEQ-4
GCA_017948485.1_ASM1794848v1_genomic	Bacteria	Actinomycetota	Actinomycetia	Streptomycetales	Streptomycetaceae	Streptomyces	Streptomyces sp017948485	Streptomyces sp. GESEQ-35
GCA_017948495.1_ASM1794849v1_genomic	Bacteria	Actinomycetota	Actinomycetia	Streptomycetales	Streptomycetaceae	Streptomyces	Streptomyces cellulosae	Streptomyces sp. GESEQ-13
GCA_017968905.1_ASM1796890v1_genomic	Bacteria	Actinomycetota	Actinomycetia	Streptomycetales	Streptomycetaceae	Streptomyces	Streptomyces scabiei	Streptomyces sp. LBUM 1487
GCA_017968925.1_ASM1796892v1_genomic	Bacteria	Actinomycetota	Actinomycetia	Streptomycetales	Streptomycetaceae	Streptomyces	Streptomyces scabiei	Streptomyces sp. LBUM 1485
GCA_017968935.1_ASM1796893v1_genomic	Bacteria	Actinomycetota	Actinomycetia	Streptomycetales	Streptomycetaceae	Streptomyces	Streptomyces scabiei	Streptomyces sp. LBUM 1488
GCA_017968965.1_ASM1796896v1_genomic	Bacteria	Actinomycetota	Actinomycetia	Streptomycetales	Streptomycetaceae	Streptomyces	Streptomyces scabiei	Streptomyces sp. LBUM 1486
GCA_017968985.1_ASM1796898v1_genomic	Bacteria	Actinomycetota	Actinomycetia	Streptomycetales	Streptomycetaceae	Streptomyces	Streptomyces scabiei	Streptomyces sp. LBUM 1484
GCA_017969005.1_ASM1796900v1_genomic	Bacteria	Actinomycetota	Actinomycetia	Streptomycetales	Streptomycetaceae	Streptomyces	Streptomyces scabiei	Streptomyces sp. LBUM 1483
GCA_017969025.1_ASM1796902v1_genomic	Bacteria	Actinomycetota	Actinomycetia	Streptomycetales	Streptomycetaceae	Streptomyces	Streptomyces scabiei	Streptomyces sp. LBUM 1481
GCA_017969045.1_ASM1796904v1_genomic	Bacteria	Actinomycetota	Actinomycetia	Streptomycetales	Streptomycetaceae	Streptomyces	Streptomyces scabiei	Streptomyces sp. LBUM 1477
GCA_017969065.1_ASM1796906v1_genomic	Bacteria	Actinomycetota	Actinomycetia	Streptomycetales	Streptomycetaceae	Streptomyces	Streptomyces scabiei	Streptomyces sp. LBUM 1478
GCA_017969075.1_ASM1796907v1_genomic	Bacteria	Actinomycetota	Actinomycetia	Streptomycetales	Streptomycetaceae	Streptomyces	Streptomyces scabiei	Streptomyces sp. LBUM 1479
GCA_017969125.1_ASM1796912v1_genomic	Bacteria	Actinomycetota	Actinomycetia	Streptomycetales	Streptomycetaceae	Streptomyces	Streptomyces acidiscabies	Streptomyces sp. LBUM 1476
GCA_017979945.1_ASM1797994v1_genomic	Bacteria	Actinomycetota	Actinomycetia	Streptomycetales	Streptomycetaceae	Streptomyces	Streptomyces albidoflavus	Streptomyces sp. 604F
GCA_018035285.1_ASM1803528v1_genomic	Bacteria	Actinomycetota	Actinomycetia	Streptomycetales	Streptomycetaceae	Streptomyces	Streptomyces asiaticus	Streptomyces sp. MK37H
GCA_018069565.1_ASM1806956v1_genomic	Bacteria	Actinomycetota	Actinomycetia	Streptomycetales	Streptomycetaceae	Streptomyces	Streptomyces sp018069565	Streptomyces tagetis RG38
GCA_018069625.1_ASM1806962v1_genomic	Bacteria	Actinomycetota	Actinomycetia	Streptomycetales	Streptomycetaceae	Streptomyces	Streptomyces yatensis	Streptomyces yatensis DSM 41771
GCA_018070025.1_ASM1807002v1_genomic	Bacteria	Actinomycetota	Actinomycetia	Streptomycetales	Streptomycetaceae	Streptomyces	Streptomyces liliiviolaceus	Streptomyces liliiviolaceus BH-SS-21
GCA_018070055.1_ASM1807005v1_genomic	Bacteria	Actinomycetota	Actinomycetia	Streptomycetales	Streptomycetaceae	Streptomyces	Streptomyces rochei	Streptomyces sp. RT42
GCA_018070125.1_ASM1807012v1_genomic	Bacteria	Actinomycetota	Actinomycetia	Streptomycetales	Streptomycetaceae	Streptomyces	Streptomyces rochei	Streptomyces sp. RM99
GCA_018070145.1_ASM1807014v1_genomic	Bacteria	Actinomycetota	Actinomycetia	Streptomycetales	Streptomycetaceae	Streptomyces	Streptomyces anthocyanicus	Streptomyces sp. RK76
GCA_018070165.1_ASM1807016v1_genomic	Bacteria	Actinomycetota	Actinomycetia	Streptomycetales	Streptomycetaceae	Streptomyces	Streptomyces smyrnaeus	Streptomyces sp. RK75
GCA_018070175.1_ASM1807017v1_genomic	Bacteria	Actinomycetota	Actinomycetia	Streptomycetales	Streptomycetaceae	Streptomyces	Streptomyces tendae	Streptomyces sp. RK74B
GCA_018070205.1_ASM1807020v1_genomic	Bacteria	Actinomycetota	Actinomycetia	Streptomycetales	Streptomycetaceae	Streptomyces	Streptomyces sp002939385	Streptomyces sp. RM72
GCA_018070225.1_ASM1807022v1_genomic	Bacteria	Actinomycetota	Actinomycetia	Streptomycetales	Streptomycetaceae	Streptomyces	Streptomyces griseoincarnatus	Streptomyces sp. RK31
GCA_018070255.1_ASM1807025v1_genomic	Bacteria	Actinomycetota	Actinomycetia	Streptomycetales	Streptomycetaceae	Streptomyces	Streptomyces nigra	Streptomyces sp. RK62
GCA_018070265.1_ASM1807026v1_genomic	Bacteria	Actinomycetota	Actinomycetia	Streptomycetales	Streptomycetaceae	Streptomyces	Streptomyces tendae	Streptomyces sp. RK23
GCA_018070345.1_ASM1807034v1_genomic	Bacteria	Actinomycetota	Actinomycetia	Streptomycetales	Streptomycetaceae	Streptomyces	Streptomyces sp018070345	Streptomyces sp. F63
GCA_018070535.1_ASM1807053v1_genomic	Bacteria	Actinomycetota	Actinomycetia	Streptomycetales	Streptomycetaceae	Streptomyces	Streptomyces sp003671715	Streptomyces sp. b94
GCA_018070565.1_ASM1807056v1_genomic	Bacteria	Actinomycetota	Actinomycetia	Streptomycetales	Streptomycetaceae	Streptomyces	Streptomyces sp018070565	Streptomyces sp. B93
GCA_018070605.1_ASM1807060v1_genomic	Bacteria	Actinomycetota	Actinomycetia	Streptomycetales	Streptomycetaceae	Streptomyces	Streptomyces smyrnaeus	Streptomyces sp. B15
GCA_018070645.1_ASM1807064v1_genomic	Bacteria	Actinomycetota	Actinomycetia	Streptomycetales	Streptomycetaceae	Streptomyces	Streptomyces smyrnaeus	Streptomyces sp. A73
GCA_018070665.1_ASM1807066v1_genomic	Bacteria	Actinomycetota	Actinomycetia	Streptomycetales	Streptomycetaceae	Streptomyces	Streptomyces anulatus	Streptomyces sp. 404i
GCA_018070745.1_ASM1807074v1_genomic	Bacteria	Actinomycetota	Actinomycetia	Streptomycetales	Streptomycetaceae	Streptomyces	Streptomyces anulatus	Streptomyces sp. C3-3
GCA_018101125.2_ASM1810112v2_genomic	Bacteria	Actinomycetota	Actinomycetia	Streptomycetales	Streptomycetaceae	Streptomyces	Streptomyces tardus	Streptomyces tardus P38-E01
GCA_018114805.1_ASM1811480v1_genomic	Bacteria	Actinomycetota	Actinomycetia	Streptomycetales	Streptomycetaceae	Streptomyces	Streptomyces philanthi	Candidatus Streptomyces philanthi 23Af2
GCA_018128905.1_ASM1812890v1_genomic	Bacteria	Actinomycetota	Actinomycetia	Streptomycetales	Streptomycetaceae	Streptomyces	Streptomyces sp003814525	Streptomyces sp. A2-16
GCA_018138425.1_ASM1813842v1_genomic	Bacteria	Actinomycetota	Actinomycetia	Streptomycetales	Streptomycetaceae	Streptomyces	Streptomyces sp.	Streptomyces daliensis DSM 42095
GCA_018138705.1_ASM1813870v1_genomic	Bacteria	Actinomycetota	Actinomycetia	Streptomycetales	Streptomycetaceae	Streptomyces	Streptomyces asiaticus	Streptomyces indonesiensis DSM 41759
GCA_018138715.1_ASM1813871v1_genomic	Bacteria	Actinomycetota	Actinomycetia	Streptomycetales	Streptomycetaceae	Streptomyces	Streptomyces asiaticus	Streptomyces asiaticus DSM 41761
GCA_018141485.1_ASM1814148v1_genomic	Bacteria	Actinomycetota	Actinomycetia	Streptomycetales	Streptomycetaceae	Streptomyces	Streptomyces alfalfae	Streptomyces alfalfae XN-04
GCA_018255875.1_ASM1825587v1_genomic	Bacteria	Actinomycetota	Actinomycetia	Streptomycetales	Streptomycetaceae	Streptomyces	Streptomyces lavendulae_C	Streptomyces lavendulae subsp. lavendulae
GCA_018310535.1_ASM1831053v1_genomic	Bacteria	Actinomycetota	Actinomycetia	Streptomycetales	Streptomycetaceae	Streptomyces	Streptomyces sp002846625	Streptomyces mirabilis P16B-1
GCA_018310575.1_ASM1831057v1_genomic	Bacteria	Actinomycetota	Actinomycetia	Streptomycetales	Streptomycetaceae	Streptomyces	Streptomyces sp000772045	Streptomyces sp. V17-9
GCA_018327685.1_ASM1832768v1_genomic	Bacteria	Actinomycetota	Actinomycetia	Streptomycetales	Streptomycetaceae	Streptomyces	Streptomyces sp018327685	Streptomyces sp. TS71-3
GCA_018530775.1_ASM1853077v1_genomic	Bacteria	Actinomycetota	Actinomycetia	Streptomycetales	Streptomycetaceae	Streptomyces	Streptomyces chartreusis	Streptomyces sp. Tu102
GCA_018530825.1_ASM1853082v1_genomic	Bacteria	Actinomycetota	Actinomycetia	Streptomycetales	Streptomycetaceae	Streptomyces	Streptomyces anulatus	Streptomyces sp. Tu10
GCA_018555775.1_ASM1855577v1_genomic	Bacteria	Actinomycetota	Actinomycetia	Streptomycetales	Streptomycetaceae	Streptomyces	Streptomyces goshikiensis	Streptomyces sp. CJ_13
GCA_018596355.1_ASM1859635v1_genomic	Bacteria	Actinomycetota	Actinomycetia	Streptomycetales	Streptomycetaceae	Streptomyces	Streptomyces chartreusis	Streptomyces sp. JCM17656
GCA_018604545.1_ASM1860454v1_genomic	Bacteria	Actinomycetota	Actinomycetia	Streptomycetales	Streptomycetaceae	Streptomyces	Streptomyces sp018604545	Streptomyces koelreuteriae MG62
GCA_018614005.1_ASM1861400v1_genomic	Bacteria	Actinomycetota	Actinomycetia	Streptomycetales	Streptomycetaceae	Streptomyces	Streptomyces flavidovirens	Streptomyces sp. ISL-99
GCA_018614035.1_ASM1861403v1_genomic	Bacteria	Actinomycetota	Actinomycetia	Streptomycetales	Streptomycetaceae	Streptomyces	Streptomyces sp018614035	Streptomyces sp. ISL-96
GCA_018614055.1_ASM1861405v1_genomic	Bacteria	Actinomycetota	Actinomycetia	Streptomycetales	Streptomycetaceae	Streptomyces	Streptomyces sp018614055	Streptomyces sp. ISL-98
GCA_018614075.1_ASM1861407v1_genomic	Bacteria	Actinomycetota	Actinomycetia	Streptomycetales	Streptomycetaceae	Streptomyces	Streptomyces sp018614075	Streptomyces sp. ISL-94
GCA_018614095.1_ASM1861409v1_genomic	Bacteria	Actinomycetota	Actinomycetia	Streptomycetales	Streptomycetaceae	Streptomyces	Streptomyces sp018614095	Streptomyces sp. ISL-87
GCA_018614105.1_ASM1861410v1_genomic	Bacteria	Actinomycetota	Actinomycetia	Streptomycetales	Streptomycetaceae	Streptomyces	Streptomyces sp018614095	Streptomyces sp. ISL-86
GCA_018614135.1_ASM1861413v1_genomic	Bacteria	Actinomycetota	Actinomycetia	Streptomycetales	Streptomycetaceae	Streptomyces	Streptomyces sp018614135	Streptomyces sp. ISL-66
GCA_018614155.1_ASM1861415v1_genomic	Bacteria	Actinomycetota	Actinomycetia	Streptomycetales	Streptomycetaceae	Streptomyces	Streptomyces sp018614155	Streptomyces sp. ISL-44
GCA_018614175.1_ASM1861417v1_genomic	Bacteria	Actinomycetota	Actinomycetia	Streptomycetales	Streptomycetaceae	Streptomyces	Streptomyces sp001905595	Streptomyces sp. ISL-63
GCA_018614185.1_ASM1861418v1_genomic	Bacteria	Actinomycetota	Actinomycetia	Streptomycetales	Streptomycetaceae	Streptomyces	Streptomyces curacoi	Streptomyces sp. ISL-24
GCA_018614195.1_ASM1861419v1_genomic	Bacteria	Actinomycetota	Actinomycetia	Streptomycetales	Streptomycetaceae	Streptomyces	Streptomyces sp018614195	Streptomyces sp. ISL-43
GCA_018614205.1_ASM1861420v1_genomic	Bacteria	Actinomycetota	Actinomycetia	Streptomycetales	Streptomycetaceae	Streptomyces	Streptomyces sp018614205	Streptomyces sp. ISL-36
GCA_018614355.1_ASM1861435v1_genomic	Bacteria	Actinomycetota	Actinomycetia	Streptomycetales	Streptomycetaceae	Streptomyces	Streptomyces curacoi	Streptomyces sp. ISL-22
GCA_018614415.1_ASM1861441v1_genomic	Bacteria	Actinomycetota	Actinomycetia	Streptomycetales	Streptomycetaceae	Streptomyces	Streptomyces sp018614415	Streptomyces sp. ISL-12
GCA_018614445.1_ASM1861444v1_genomic	Bacteria	Actinomycetota	Actinomycetia	Streptomycetales	Streptomycetaceae	Streptomyces	Streptomyces sp001905595	Streptomyces sp. ISL-112
GCA_018614475.1_ASM1861447v1_genomic	Bacteria	Actinomycetota	Actinomycetia	Streptomycetales	Streptomycetaceae	Streptomyces	Streptomyces sp018614095	Streptomyces sp. ISL-21
GCA_018614515.1_ASM1861451v1_genomic	Bacteria	Actinomycetota	Actinomycetia	Streptomycetales	Streptomycetaceae	Streptomyces	Streptomyces sp001905595	Streptomyces sp. ISL-111
GCA_018614525.1_ASM1861452v1_genomic	Bacteria	Actinomycetota	Actinomycetia	Streptomycetales	Streptomycetaceae	Streptomyces	Streptomyces sp018614525	Streptomyces sp. ISL-11
GCA_018614575.1_ASM1861457v1_genomic	Bacteria	Actinomycetota	Actinomycetia	Streptomycetales	Streptomycetaceae	Streptomyces	Streptomyces sp018614575	Streptomyces sp. ISL-10
GCA_018614615.1_ASM1861461v1_genomic	Bacteria	Actinomycetota	Actinomycetia	Streptomycetales	Streptomycetaceae	Streptomyces	Streptomyces sp018614615	Streptomyces sp. ISL-100
GCA_018619135.1_ASM1861913v1_genomic	Bacteria	Actinomycetota	Actinomycetia	Streptomycetales	Streptomycetaceae	Streptomyces	Streptomyces cellulosae	Streptomyces sp. McG7
GCA_018619155.1_ASM1861915v1_genomic	Bacteria	Actinomycetota	Actinomycetia	Streptomycetales	Streptomycetaceae	Streptomyces	Streptomyces cellulosae	Streptomyces sp. McG8
GCA_018619165.1_ASM1861916v1_genomic	Bacteria	Actinomycetota	Actinomycetia	Streptomycetales	Streptomycetaceae	Streptomyces	Streptomyces albidoflavus	Streptomyces sp. McG6
GCA_018619185.1_ASM1861918v1_genomic	Bacteria	Actinomycetota	Actinomycetia	Streptomycetales	Streptomycetaceae	Streptomyces	Streptomyces sp018619185	Streptomyces sp. McG3
GCA_018619195.1_ASM1861919v1_genomic	Bacteria	Actinomycetota	Actinomycetia	Streptomycetales	Streptomycetaceae	Streptomyces	Streptomyces albidoflavus	Streptomyces sp. McG5
GCA_018619235.1_ASM1861923v1_genomic	Bacteria	Actinomycetota	Actinomycetia	Streptomycetales	Streptomycetaceae	Streptomyces	Streptomyces albidoflavus	Streptomyces sp. McG2
GCA_018619495.1_ASM1861949v1_genomic	Bacteria	Actinomycetota	Actinomycetia	Streptomycetales	Streptomycetaceae	Streptomyces	Streptomyces bacillaris	Streptomyces sp. COG21
GCA_018619515.1_ASM1861951v1_genomic	Bacteria	Actinomycetota	Actinomycetia	Streptomycetales	Streptomycetaceae	Streptomyces	Streptomyces bacillaris	Streptomyces sp. CYG21
GCA_018619535.1_ASM1861953v1_genomic	Bacteria	Actinomycetota	Actinomycetia	Streptomycetales	Streptomycetaceae	Streptomyces	Streptomyces bacillaris	Streptomyces sp. CYG20
GCA_018619555.1_ASM1861955v1_genomic	Bacteria	Actinomycetota	Actinomycetia	Streptomycetales	Streptomycetaceae	Streptomyces	Streptomyces bacillaris	Streptomyces sp. COG19
GCA_018619575.1_ASM1861957v1_genomic	Bacteria	Actinomycetota	Actinomycetia	Streptomycetales	Streptomycetaceae	Streptomyces	Streptomyces bacillaris	Streptomyces sp. CBG30
GCA_018619585.1_ASM1861958v1_genomic	Bacteria	Actinomycetota	Actinomycetia	Streptomycetales	Streptomycetaceae	Streptomyces	Streptomyces bacillaris	Streptomyces sp. COG20
GCA_018728545.1_ASM1872854v1_genomic	Bacteria	Actinomycetota	Actinomycetia	Streptomycetales	Streptomycetaceae	Streptomyces	Streptomyces sp020982545	Streptomyces sp. ATCC 21386
GCA_018866325.1_ASM1886632v1_genomic	Bacteria	Actinomycetota	Actinomycetia	Streptomycetales	Streptomycetaceae	Streptomyces	Streptomyces sp001895105	Streptomyces sp. YPW6
GCA_018883605.1_ASM1888360v1_genomic	Bacteria	Actinomycetota	Actinomycetia	Streptomycetales	Streptomycetaceae	Streptomyces	Streptomyces sp018883605	Streptomyces niphimycinicus 4503
GCA_018927715.1_ASM1892771v1_genomic	Bacteria	Actinomycetota	Actinomycetia	Streptomycetales	Streptomycetaceae	Streptomyces	Streptomyces brasiliscabiei	Streptomyces brasiliscabiei IBSBF 2867
GCA_018966745.1_ASM1896674v1_genomic	Bacteria	Actinomycetota	Actinomycetia	Streptomycetales	Streptomycetaceae	Streptomyces	Streptomyces griseoincarnatus	Streptomyces sp. PAM3C
GCA_018982965.1_UPLB_Strep_A108_genomic	Bacteria	Actinomycetota	Actinomycetia	Streptomycetales	Streptomycetaceae	Streptomyces	Streptomyces sp018982965	Streptomyces sp. A108
GCA_019029485.1_ASM1902948v1_genomic	Bacteria	Actinomycetota	Actinomycetia	Streptomycetales	Streptomycetaceae	Streptomyces	Streptomyces rochei	Streptomyces sp. Babs14
GCA_019029505.1_ASM1902950v1_genomic	Bacteria	Actinomycetota	Actinomycetia	Streptomycetales	Streptomycetaceae	Streptomyces	Streptomyces rochei	Streptomyces sp. Osf17
GCA_019038555.1_ASM1903855v1_genomic	Bacteria	Actinomycetota	Actinomycetia	Streptomycetales	Streptomycetaceae	Streptomyces	Streptomyces ardesiacus	Streptomyces sp. NBU2966
GCA_019049085.1_ASM1904908v1_genomic	Bacteria	Actinomycetota	Actinomycetia	Streptomycetales	Streptomycetaceae	Streptomyces	Streptomyces buecherae	Streptomyces buecherae AC628_RSS909
GCA_019049125.1_ASM1904912v1_genomic	Bacteria	Actinomycetota	Actinomycetia	Streptomycetales	Streptomycetaceae	Streptomyces	Streptomyces sp001905385	Streptomyces sp. AC602_WCS936
GCA_019049165.1_ASM1904916v1_genomic	Bacteria	Actinomycetota	Actinomycetia	Streptomycetales	Streptomycetaceae	Streptomyces	Streptomyces sp.	Streptomyces sp. AC627_RSS907
GCA_019049185.1_ASM1904918v1_genomic	Bacteria	Actinomycetota	Actinomycetia	Streptomycetales	Streptomycetaceae	Streptomyces	Streptomyces anulatus	Streptomyces anulatus AC569_RSS891
GCA_019049205.1_ASM1904920v1_genomic	Bacteria	Actinomycetota	Actinomycetia	Streptomycetales	Streptomycetaceae	Streptomyces	Streptomyces buecherae	Streptomyces buecherae AC563_RSS885
GCA_019049225.1_ASM1904922v1_genomic	Bacteria	Actinomycetota	Actinomycetia	Streptomycetales	Streptomycetaceae	Streptomyces	Streptomyces buecherae	Streptomyces buecherae AC564_RSS886
GCA_019049245.1_ASM1904924v1_genomic	Bacteria	Actinomycetota	Actinomycetia	Streptomycetales	Streptomycetaceae	Streptomyces	Streptomyces sp019049245	Streptomyces sp. AC555_RSS877
GCA_019049255.1_ASM1904925v1_genomic	Bacteria	Actinomycetota	Actinomycetia	Streptomycetales	Streptomycetaceae	Streptomyces	Streptomyces sp019049255	Streptomyces sp. AC558_RSS880
GCA_019049285.1_ASM1904928v1_genomic	Bacteria	Actinomycetota	Actinomycetia	Streptomycetales	Streptomycetaceae	Streptomyces	Streptomyces sp019049285	Streptomyces sp. AC550_RSS872
GCA_019049305.1_ASM1904930v1_genomic	Bacteria	Actinomycetota	Actinomycetia	Streptomycetales	Streptomycetaceae	Streptomyces	Streptomyces buecherae	Streptomyces buecherae AC536_RSS858
GCA_019049325.1_ASM1904932v1_genomic	Bacteria	Actinomycetota	Actinomycetia	Streptomycetales	Streptomycetaceae	Streptomyces	Streptomyces sp019049325	Streptomyces sp. AC512_CC834
GCA_019056675.1_ASM1905667v1_genomic	Bacteria	Actinomycetota	Actinomycetia	Streptomycetales	Streptomycetaceae	Streptomyces	Streptomyces odonnellii	Streptomyces sp. GMY02
GCA_019059395.1_ASM1905939v1_genomic	Bacteria	Actinomycetota	Actinomycetia	Streptomycetales	Streptomycetaceae	Streptomyces	Streptomyces asiaticus	Streptomyces cangkringensis DSM 41769
GCA_019067045.1_ASM1906704v1_genomic	Bacteria	Actinomycetota	Actinomycetia	Streptomycetales	Streptomycetaceae	Streptomyces	Streptomyces albidoflavus	Streptomyces sp. NK08203
GCA_019090105.1_ASM1909010v1_genomic	Bacteria	Actinomycetota	Actinomycetia	Streptomycetales	Streptomycetaceae	Streptomyces	Streptomyces sp019090105	Streptomyces sp. BV129
GCA_019090125.1_ASM1909012v1_genomic	Bacteria	Actinomycetota	Actinomycetia	Streptomycetales	Streptomycetaceae	Streptomyces	Streptomyces albidoflavus	Streptomyces sp. BV333
GCA_019090165.1_ASM1909016v1_genomic	Bacteria	Actinomycetota	Actinomycetia	Streptomycetales	Streptomycetaceae	Streptomyces	Streptomyces sp019090165	Streptomyces sp. BV286
GCA_019091445.1_ASM1909144v1_genomic	Bacteria	Actinomycetota	Actinomycetia	Streptomycetales	Streptomycetaceae	Streptomyces	Streptomyces mirabilis	Streptomyces sp. GbtcB7
GCA_019091475.1_ASM1909147v1_genomic	Bacteria	Actinomycetota	Actinomycetia	Streptomycetales	Streptomycetaceae	Streptomyces	Streptomyces hyaluromycini	Streptomyces sp. GbtcB6
GCA_019104725.1_ASM1910472v1_genomic	Bacteria	Actinomycetota	Actinomycetia	Streptomycetales	Streptomycetaceae	Streptomyces	Streptomyces corallincola	Streptomyces corallincola J2-1
GCA_019192735.1_ASM1919273v1_genomic	Bacteria	Actinomycetota	Actinomycetia	Streptomycetales	Streptomycetaceae	Kitasatospora	Kitasatospora aureofaciens_A	Kitasatospora aureofaciens CPD02
GCA_019203225.1_ASM1920322v1_genomic	Bacteria	Actinomycetota	Actinomycetia	Streptomycetales	Streptomycetaceae	Streptomyces	Streptomyces fimicarius	Streptomyces sp. MW-W600-10
GCA_019219635.1_ASM1921963v1_genomic	Bacteria	Actinomycetota	Actinomycetia	Streptomycetales	Streptomycetaceae	Streptomyces	Streptomyces halstedii	Streptomyces halstedii LGO-A4
GCA_019219645.1_ASM1921964v1_genomic	Bacteria	Actinomycetota	Actinomycetia	Streptomycetales	Streptomycetaceae	Streptomyces	Streptomyces albidoflavus	Streptomyces albidoflavus LGO-A3
GCA_019219685.1_ASM1921968v1_genomic	Bacteria	Actinomycetota	Actinomycetia	Streptomycetales	Streptomycetaceae	Streptomyces	Streptomyces albidoflavus	Streptomyces albidoflavus LGO-A19
GCA_019219825.1_ASM1921982v1_genomic	Bacteria	Actinomycetota	Actinomycetia	Streptomycetales	Streptomycetaceae	Streptomyces	Streptomyces sp019219825	Streptomyces sp. TRM70350
GCA_019243445.1_ASM1924344v1_genomic	Bacteria	Actinomycetota	Actinomycetia	Streptomycetales	Streptomycetaceae	Streptomyces	Streptomyces sp019243445	Streptomycetaceae bacterium CP_BM_RX_5
GCA_019286195.1_ASM1928619v1_genomic	Bacteria	Actinomycetota	Actinomycetia	Streptomycetales	Streptomycetaceae	Streptomyces	Streptomyces albidoflavus	Streptomyces albidoflavus LGO-A16
GCA_019286295.1_ASM1928629v1_genomic	Bacteria	Actinomycetota	Actinomycetia	Streptomycetales	Streptomycetaceae	Streptomyces	Streptomyces albidoflavus	Streptomyces albidoflavus LGO-A23
GCA_019287315.1_ASM1928731v1_genomic	Bacteria	Actinomycetota	Actinomycetia	Streptomycetales	Streptomycetaceae	Streptomyces	Streptomyces fimicarius	Streptomyces sp. WY228
GCA_019303475.1_ASM1930347v1_genomic	Bacteria	Actinomycetota	Actinomycetia	Streptomycetales	Streptomycetaceae	Streptomyces	Streptomyces sp019303475	Streptomyces sp. JJ38
GCA_019303495.1_ASM1930349v1_genomic	Bacteria	Actinomycetota	Actinomycetia	Streptomycetales	Streptomycetaceae	Streptomyces	Streptomyces sp019303495	Streptomyces sp. JJ66
GCA_019336385.1_ASM1933638v1_genomic	Bacteria	Actinomycetota	Actinomycetia	Streptomycetales	Streptomycetaceae	Streptomyces	Streptomyces microflavus	Streptomyces sp. 09ZI22
GCA_019350955.1_ASM1935095v1_genomic	Bacteria	Actinomycetota	Actinomycetia	Streptomycetales	Streptomycetaceae	Streptomyces	Streptomyces griseus	Streptomyces griseus 50b
GCA_019378935.1_ASM1937893v1_genomic	Bacteria	Actinomycetota	Actinomycetia	Streptomycetales	Streptomycetaceae	Streptomyces	Streptomyces anulatus	Streptomyces anulatus VUW1
GCA_019389735.1_ASM1938973v1_genomic	Bacteria	Actinomycetota	Actinomycetia	Streptomycetales	Streptomycetaceae	Streptomyces	Streptomyces griseus	Streptomyces griseus subsp. griseus
GCA_019389775.1_ASM1938977v1_genomic	Bacteria	Actinomycetota	Actinomycetia	Streptomycetales	Streptomycetaceae	Streptomyces	Streptomyces griseus	Streptomyces griseus subsp. griseus
GCA_019389795.1_ASM1938979v1_genomic	Bacteria	Actinomycetota	Actinomycetia	Streptomycetales	Streptomycetaceae	Streptomyces	Streptomyces griseus	Streptomyces griseus subsp. griseus
GCA_019389835.1_ASM1938983v1_genomic	Bacteria	Actinomycetota	Actinomycetia	Streptomycetales	Streptomycetaceae	Streptomyces	Streptomyces griseus	Streptomyces griseus subsp. griseus
GCA_019399205.1_ASM1939920v1_genomic	Bacteria	Actinomycetota	Actinomycetia	Streptomycetales	Streptomycetaceae	Streptomyces	Streptomyces poriferorum	Streptomyces poriferorum P01-F02
GCA_019399235.1_ASM1939923v1_genomic	Bacteria	Actinomycetota	Actinomycetia	Streptomycetales	Streptomycetaceae	Streptomyces	Streptomyces poriferorum	Streptomyces poriferorum P01-B04
GCA_019400875.1_ASM1940087v1_genomic	Bacteria	Actinomycetota	Actinomycetia	Streptomycetales	Streptomycetaceae	Streptomyces	Streptomyces sp003945545	Streptomyces anatolicus BG9H
GCA_019400985.1_ASM1940098v1_genomic	Bacteria	Actinomycetota	Actinomycetia	Streptomycetales	Streptomycetaceae	Streptomyces	Streptomyces bambusae_A	Streptomyces bambusae SK60
GCA_019456635.1_ASM1945663v1_genomic	Bacteria	Actinomycetota	Actinomycetia	Streptomycetales	Streptomycetaceae	Streptomyces	Streptomyces hygroscopicus	Streptomyces hygroscopicus subsp. hygroscopicus
GCA_019505165.1_ASM1950516v1_genomic	Bacteria	Actinomycetota	Actinomycetia	Streptomycetales	Streptomycetaceae	Streptomyces	Streptomyces sp001507435	Streptomyces sp. MBT84
GCA_019599145.1_ASM1959914v1_genomic	Bacteria	Actinomycetota	Actinomycetia	Streptomycetales	Streptomycetaceae	Streptomyces	Streptomyces galbus_A	Streptomyces akebiae MG28
GCA_019641555.1_ASM1964155v1_genomic	Bacteria	Actinomycetota	Actinomycetia	Streptomycetales	Streptomycetaceae	Streptomyces	Streptomyces rochei	Streptomyces geysiriensis S19
GCA_019703895.1_ASM1970389v1_genomic	Bacteria	Actinomycetota	Actinomycetia	Streptomycetales	Streptomycetaceae	Streptomyces	Streptomyces tricolor	Streptomyces sp. EAS-AB2608
GCA_019710745.1_ASM1971074v1_genomic	Bacteria	Actinomycetota	Actinomycetia	Streptomycetales	Streptomycetaceae	Streptomyces	Streptomyces sp019710745	Streptomyces beigongshangae REN17
GCA_019733235.1_ASM1973323v1_genomic	Bacteria	Actinomycetota	Actinomycetia	Streptomycetales	Streptomycetaceae	Streptomyces	Streptomyces spinoverrucosus	Streptomyces sp. TRM72054
GCA_019733245.1_ASM1973324v1_genomic	Bacteria	Actinomycetota	Actinomycetia	Streptomycetales	Streptomycetaceae	Streptomyces	Streptomyces massasporeus	Streptomyces sp. WAC04114
GCA_019733325.1_ASM1973332v1_genomic	Bacteria	Actinomycetota	Actinomycetia	Streptomycetales	Streptomycetaceae	Streptomyces	Streptomyces sp001905665	Streptomyces lateritius Z1-26
GCA_019774615.1_ASM1977461v1_genomic	Bacteria	Actinomycetota	Actinomycetia	Streptomycetales	Streptomycetaceae	Streptomyces	Streptomyces sp019774615	Streptomyces sp. BHT-5-2
GCA_019798105.1_ASM1979810v1_genomic	Bacteria	Actinomycetota	Actinomycetia	Streptomycetales	Streptomycetaceae	Streptomyces	Streptomyces bacillaris	Streptomyces cavourensis A54
GCA_019831915.1_ASM1983191v1_genomic	Bacteria	Actinomycetota	Actinomycetia	Streptomycetales	Streptomycetaceae	Streptomyces	Streptomyces clavuligerus	Streptomyces clavuligerus K4567
GCA_019857225.1_ASM1985722v1_genomic	Bacteria	Actinomycetota	Actinomycetia	Streptomycetales	Streptomycetaceae	Streptomyces	Streptomyces plumbidurans	Streptomyces plumbidurans KC 17012
GCA_019880305.1_ASM1988030v1_genomic	Bacteria	Actinomycetota	Actinomycetia	Streptomycetales	Streptomycetaceae	Streptomyces	Streptomyces decoyicus	Streptomyces decoyicus NRRL 2666
GCA_019880525.1_ASM1988052v1_genomic	Bacteria	Actinomycetota	Actinomycetia	Streptomycetales	Streptomycetaceae	Streptomyces	Streptomyces bikiniensis	Streptomyces cinereoruber JCM4205
GCA_019890615.1_ASM1989061v1_genomic	Bacteria	Actinomycetota	Actinomycetia	Streptomycetales	Streptomycetaceae	Streptomyces	Streptomyces parmotrematis	Streptantibioticus parmotrematis Ptm05
GCA_019890635.1_ASM1989063v1_genomic	Bacteria	Actinomycetota	Actinomycetia	Streptomycetales	Streptomycetaceae	Streptomyces	Streptomyces sennicomposti	Streptomyces sennicomposti RCPT1-4
GCA_019890645.1_ASM1989064v1_genomic	Bacteria	Actinomycetota	Actinomycetia	Streptomycetales	Streptomycetaceae	Streptomyces	Streptomyces musisoli	Streptomyces sp. SP2-10
GCA_019890725.1_ASM1989072v1_genomic	Bacteria	Actinomycetota	Actinomycetia	Streptomycetales	Streptomycetaceae	Streptomyces	Streptomyces sp019890725	Actinacidiphila acidipaludis PLK6-54
GCA_019933235.1_ASM1993323v1_genomic	Bacteria	Actinomycetota	Actinomycetia	Streptomycetales	Streptomycetaceae	Streptomyces	Streptomyces angustmyceticus	Streptomyces angustmyceticus JCM 4053
GCA_019976195.1_ASM1997619v1_genomic	Bacteria	Actinomycetota	Actinomycetia	Streptomycetales	Streptomycetaceae	Streptomyces	Streptomyces albidoflavus	Streptomyces sp. L06
GCA_020010905.1_ASM2001090v1_genomic	Bacteria	Actinomycetota	Actinomycetia	Streptomycetales	Streptomycetaceae	Streptomyces	Streptomyces acidiscabies	Streptomyces acidiscabies NRRL B-16521
GCA_020010925.1_ASM2001092v1_genomic	Bacteria	Actinomycetota	Actinomycetia	Streptomycetales	Streptomycetaceae	Streptomyces	Streptomyces brasiliscabiei	Streptomyces griseiscabiei NRRL B-2795
GCA_020024005.1_ASM2002400v1_genomic	Bacteria	Actinomycetota	Actinomycetia	Streptomycetales	Streptomycetaceae	Streptomyces	Streptomyces violens	Streptomyces purpurogeneiscleroticus DSM 43156
GCA_020026305.1_ASM2002630v1_genomic	Bacteria	Actinomycetota	Actinomycetia	Streptomycetales	Streptomycetaceae	Streptomyces	Streptomyces sp020026305	Streptomyces sp. 135
GCA_020037025.1_ASM2003702v1_genomic	Bacteria	Actinomycetota	Actinomycetia	Streptomycetales	Streptomycetaceae	Streptomyces	Streptomyces huiliensis	Streptomyces huiliensis SCA2-4
GCA_020092025.1_ASM2009202v1_genomic	Bacteria	Actinomycetota	Actinomycetia	Streptomycetales	Streptomycetaceae	Streptomyces	Streptomyces olivaceus	Streptomyces olivaceus FXJ8.101
GCA_020092035.1_ASM2009203v1_genomic	Bacteria	Actinomycetota	Actinomycetia	Streptomycetales	Streptomycetaceae	Streptomyces	Streptomyces olivaceus	Streptomyces olivaceus FXJ7-4
GCA_020092045.1_ASM2009204v1_genomic	Bacteria	Actinomycetota	Actinomycetia	Streptomycetales	Streptomycetaceae	Streptomyces	Streptomyces olivaceus	Streptomyces olivaceus FXJ8.063
GCA_020092085.1_ASM2009208v1_genomic	Bacteria	Actinomycetota	Actinomycetia	Streptomycetales	Streptomycetaceae	Streptomyces	Streptomyces olivaceus	Streptomyces olivaceus FXJ8.012
GCA_020092095.1_ASM2009209v1_genomic	Bacteria	Actinomycetota	Actinomycetia	Streptomycetales	Streptomycetaceae	Streptomyces	Streptomyces olivaceus	Streptomyces olivaceus FXJ8.006
GCA_020092125.1_ASM2009212v1_genomic	Bacteria	Actinomycetota	Actinomycetia	Streptomycetales	Streptomycetaceae	Streptomyces	Streptomyces olivaceus	Streptomyces olivaceus FXJ7.023
GCA_020092145.1_ASM2009214v1_genomic	Bacteria	Actinomycetota	Actinomycetia	Streptomycetales	Streptomycetaceae	Streptomyces	Streptomyces olivaceus	Streptomyces olivaceus FXJ6.020
GCA_020092165.1_ASM2009216v1_genomic	Bacteria	Actinomycetota	Actinomycetia	Streptomycetales	Streptomycetaceae	Streptomyces	Streptomyces olivaceus	Streptomyces olivaceus FXJ7.105
GCA_020092175.1_ASM2009217v1_genomic	Bacteria	Actinomycetota	Actinomycetia	Streptomycetales	Streptomycetaceae	Streptomyces	Streptomyces olivaceus	Streptomyces olivaceus FXJ6.027
GCA_020092205.1_ASM2009220v1_genomic	Bacteria	Actinomycetota	Actinomycetia	Streptomycetales	Streptomycetaceae	Streptomyces	Streptomyces olivaceus	Streptomyces olivaceus FXJ7.129
GCA_020092225.1_ASM2009222v1_genomic	Bacteria	Actinomycetota	Actinomycetia	Streptomycetales	Streptomycetaceae	Streptomyces	Streptomyces olivaceus	Streptomyces olivaceus KLBMP 1036
GCA_020092245.1_ASM2009224v1_genomic	Bacteria	Actinomycetota	Actinomycetia	Streptomycetales	Streptomycetaceae	Streptomyces	Streptomyces olivaceus	Streptomyces olivaceus xian7
GCA_020092255.1_ASM2009225v1_genomic	Bacteria	Actinomycetota	Actinomycetia	Streptomycetales	Streptomycetaceae	Streptomyces	Streptomyces olivaceus	Streptomyces olivaceus MM1-7
GCA_020092265.1_ASM2009226v1_genomic	Bacteria	Actinomycetota	Actinomycetia	Streptomycetales	Streptomycetaceae	Streptomyces	Streptomyces olivaceus	Streptomyces olivaceus xian20
GCA_020092305.1_ASM2009230v1_genomic	Bacteria	Actinomycetota	Actinomycetia	Streptomycetales	Streptomycetaceae	Streptomyces	Streptomyces olivaceus	Streptomyces olivaceus CGMCC 4.1369
GCA_020092325.1_ASM2009232v1_genomic	Bacteria	Actinomycetota	Actinomycetia	Streptomycetales	Streptomycetaceae	Streptomyces	Streptomyces olivaceus	Streptomyces olivaceus MM5-2
GCA_020092345.1_ASM2009234v1_genomic	Bacteria	Actinomycetota	Actinomycetia	Streptomycetales	Streptomycetaceae	Streptomyces	Streptomyces olivaceus	Streptomyces olivaceus MM1-13
GCA_020092355.1_ASM2009235v1_genomic	Bacteria	Actinomycetota	Actinomycetia	Streptomycetales	Streptomycetaceae	Streptomyces	Streptomyces olivaceus	Streptomyces olivaceus FXJ3.001
GCA_020092365.1_ASM2009236v1_genomic	Bacteria	Actinomycetota	Actinomycetia	Streptomycetales	Streptomycetaceae	Streptomyces	Streptomyces olivaceus	Streptomyces olivaceus TRM81-6
GCA_020092375.1_ASM2009237v1_genomic	Bacteria	Actinomycetota	Actinomycetia	Streptomycetales	Streptomycetaceae	Streptomyces	Streptomyces olivaceus	Streptomyces olivaceus FXJ2.420
GCA_020092425.1_ASM2009242v1_genomic	Bacteria	Actinomycetota	Actinomycetia	Streptomycetales	Streptomycetaceae	Streptomyces	Streptomyces olivaceus	Streptomyces olivaceus FXJ2.418
GCA_020092445.1_ASM2009244v1_genomic	Bacteria	Actinomycetota	Actinomycetia	Streptomycetales	Streptomycetaceae	Streptomyces	Streptomyces olivaceus	Streptomyces olivaceus FXJ2.411
GCA_020092465.1_ASM2009246v1_genomic	Bacteria	Actinomycetota	Actinomycetia	Streptomycetales	Streptomycetaceae	Streptomyces	Streptomyces olivaceus	Streptomyces olivaceus FXJ2.410
GCA_020092485.1_ASM2009248v1_genomic	Bacteria	Actinomycetota	Actinomycetia	Streptomycetales	Streptomycetaceae	Streptomyces	Streptomyces olivaceus	Streptomyces olivaceus FXJ2.409
GCA_020092505.1_ASM2009250v1_genomic	Bacteria	Actinomycetota	Actinomycetia	Streptomycetales	Streptomycetaceae	Streptomyces	Streptomyces olivaceus	Streptomyces olivaceus FXJ2.417
GCA_020092525.1_ASM2009252v1_genomic	Bacteria	Actinomycetota	Actinomycetia	Streptomycetales	Streptomycetaceae	Streptomyces	Streptomyces olivaceus	Streptomyces olivaceus FXJ1.268
GCA_020092545.1_ASM2009254v1_genomic	Bacteria	Actinomycetota	Actinomycetia	Streptomycetales	Streptomycetaceae	Streptomyces	Streptomyces olivaceus	Streptomyces olivaceus FXJ1.066
GCA_020092565.1_ASM2009256v1_genomic	Bacteria	Actinomycetota	Actinomycetia	Streptomycetales	Streptomycetaceae	Streptomyces	Streptomyces olivaceus	Streptomyces olivaceus CR27
GCA_020092585.1_ASM2009258v1_genomic	Bacteria	Actinomycetota	Actinomycetia	Streptomycetales	Streptomycetaceae	Streptomyces	Streptomyces olivaceus	Streptomyces olivaceus FXJ1.045
GCA_020092605.1_ASM2009260v1_genomic	Bacteria	Actinomycetota	Actinomycetia	Streptomycetales	Streptomycetaceae	Streptomyces	Streptomyces olivaceus	Streptomyces olivaceus CR24
GCA_020092625.1_ASM2009262v1_genomic	Bacteria	Actinomycetota	Actinomycetia	Streptomycetales	Streptomycetaceae	Streptomyces	Streptomyces olivaceus	Streptomyces olivaceus CR22
GCA_020092645.1_ASM2009264v1_genomic	Bacteria	Actinomycetota	Actinomycetia	Streptomycetales	Streptomycetaceae	Streptomyces	Streptomyces olivaceus	Streptomyces olivaceus CR8
GCA_020092665.1_ASM2009266v1_genomic	Bacteria	Actinomycetota	Actinomycetia	Streptomycetales	Streptomycetaceae	Streptomyces	Streptomyces olivaceus	Streptomyces olivaceus CR18
GCA_020092675.1_ASM2009267v1_genomic	Bacteria	Actinomycetota	Actinomycetia	Streptomycetales	Streptomycetaceae	Streptomyces	Streptomyces olivaceus	Streptomyces olivaceus CR2
GCA_020092695.1_ASM2009269v1_genomic	Bacteria	Actinomycetota	Actinomycetia	Streptomycetales	Streptomycetaceae	Streptomyces	Streptomyces olivaceus	Streptomyces olivaceus CR12
GCA_020092725.1_ASM2009272v1_genomic	Bacteria	Actinomycetota	Actinomycetia	Streptomycetales	Streptomycetaceae	Streptomyces	Streptomyces olivaceus	Streptomyces olivaceus CR3
GCA_020093395.1_ASM2009339v1_genomic	Bacteria	Actinomycetota	Actinomycetia	Streptomycetales	Streptomycetaceae	Streptomyces	Streptomyces griseocarneus	Streptomyces griseocarneus CGMCC4.1088
GCA_020099395.1_ASM2009939v1_genomic	Bacteria	Actinomycetota	Actinomycetia	Streptomycetales	Streptomycetaceae	Streptomyces	Streptomyces sp014253015	Streptomyces mobaraensis DSM 40587
GCA_020103755.1_ASM2010375v1_genomic	Bacteria	Actinomycetota	Actinomycetia	Streptomycetales	Streptomycetaceae	Kitasatospora	Kitasatospora sp020103755	Streptomyces sp. LS1784
GCA_020166595.1_ASM2016659v1_genomic	Bacteria	Actinomycetota	Actinomycetia	Streptomycetales	Streptomycetaceae	Streptomyces	Streptomyces sp004187715	Streptomyces sp. PSKA30
GCA_020176795.1_ASM2017679v1_genomic	Bacteria	Actinomycetota	Actinomycetia	Streptomycetales	Streptomycetaceae	Streptomyces	Streptomyces sp020176795	Streptomyces sp. 8L
GCA_020177475.1_ASM2017747v1_genomic	Bacteria	Actinomycetota	Actinomycetia	Streptomycetales	Streptomycetaceae	Streptomyces	Streptomyces rubiginosohelvolus	Streptomyces sp. 7G
GCA_020180955.1_ASM2018095v1_genomic	Bacteria	Actinomycetota	Actinomycetia	Streptomycetales	Streptomycetaceae	Streptomyces	Streptomyces sp006540305	Streptomyces sp. CoT10
GCA_020181035.1_ASM2018103v1_genomic	Bacteria	Actinomycetota	Actinomycetia	Streptomycetales	Streptomycetaceae	Streptomyces	Streptomyces sp020181035	Streptomyces sp. CoH27
GCA_020312145.1_ASM2031214v1_genomic	Bacteria	Actinomycetota	Actinomycetia	Streptomycetales	Streptomycetaceae	Streptomyces	Streptomyces werraensis	Streptomyces werraensis O57
GCA_020312175.1_ASM2031217v1_genomic	Bacteria	Actinomycetota	Actinomycetia	Streptomycetales	Streptomycetaceae	Streptomyces	Streptomyces flaveolus	Streptomyces solaniscabiei FS75
GCA_020312215.1_ASM2031221v1_genomic	Bacteria	Actinomycetota	Actinomycetia	Streptomycetales	Streptomycetaceae	Streptomyces	Streptomyces flaveolus	Streptomyces solaniscabiei FS66
GCA_020312235.1_ASM2031223v1_genomic	Bacteria	Actinomycetota	Actinomycetia	Streptomycetales	Streptomycetaceae	Streptomyces	Streptomyces pseudogriseolus	Streptomyces pseudogriseolus N92
GCA_020312255.1_ASM2031225v1_genomic	Bacteria	Actinomycetota	Actinomycetia	Streptomycetales	Streptomycetaceae	Streptomyces	Streptomyces pseudogriseolus	Streptomyces pseudogriseolus FS94
GCA_020312265.1_ASM2031226v1_genomic	Bacteria	Actinomycetota	Actinomycetia	Streptomycetales	Streptomycetaceae	Streptomyces	Streptomyces flaveolus	Streptomyces solaniscabiei N26
GCA_020312275.1_ASM2031227v1_genomic	Bacteria	Actinomycetota	Actinomycetia	Streptomycetales	Streptomycetaceae	Streptomyces	Streptomyces werraensis	Streptomyces werraensis FS97
GCA_020312315.1_ASM2031231v1_genomic	Bacteria	Actinomycetota	Actinomycetia	Streptomycetales	Streptomycetaceae	Streptomyces	Streptomyces flaveolus	Streptomyces solaniscabiei FS70
GCA_020328095.1_ASM2032809v1_genomic	Bacteria	Actinomycetota	Actinomycetia	Streptomycetales	Streptomycetaceae	Streptomyces	Streptomyces cinnamoneus	Streptomyces sichuanensis SCA3-4
GCA_020341595.1_ASM2034159v1_genomic	Bacteria	Actinomycetota	Actinomycetia	Streptomycetales	Streptomycetaceae	Streptomyces	Streptomyces parvus	Streptomyces sp. WA6-1-16
GCA_020400585.1_ASM2040058v1_genomic	Bacteria	Actinomycetota	Actinomycetia	Streptomycetales	Streptomycetaceae	Streptomyces	Streptomyces sp020400585	Streptomyces sp. NK08204
GCA_020400605.1_ASM2040060v1_genomic	Bacteria	Actinomycetota	Actinomycetia	Streptomycetales	Streptomycetaceae	Streptomyces	Streptomyces sp020400605	Streptomyces aculeolatus DSM 41644
GCA_020400645.1_ASM2040064v1_genomic	Bacteria	Actinomycetota	Actinomycetia	Streptomycetales	Streptomycetaceae	Streptomyces	Streptomyces albus	Streptomyces sp. PHES57
GCA_020400655.1_ASM2040065v1_genomic	Bacteria	Actinomycetota	Actinomycetia	Streptomycetales	Streptomycetaceae	Streptomyces	Streptomyces spinosus	Streptomyces spinosus SBTS01
GCA_020400685.1_ASM2040068v1_genomic	Bacteria	Actinomycetota	Actinomycetia	Streptomycetales	Streptomycetaceae	Streptomyces	Streptomyces echinatus	Streptomyces echinatus JCM4574
GCA_020400725.1_ASM2040072v1_genomic	Bacteria	Actinomycetota	Actinomycetia	Streptomycetales	Streptomycetaceae	Streptomyces	Streptomyces sp020400725	Streptomyces sp. NK15101
GCA_020400825.1_ASM2040082v1_genomic	Bacteria	Actinomycetota	Actinomycetia	Streptomycetales	Streptomycetaceae	Streptomyces	Streptomyces sp020400825	Streptomyces sp. HPF1205
GCA_020404845.1_ASM2040484v1_genomic	Bacteria	Actinomycetota	Actinomycetia	Streptomycetales	Streptomycetaceae	Streptomyces	Streptomyces hyderabadensis	Streptomyces hyderabadensis JCM 17657
GCA_020410765.1_ASM2041076v1_genomic	Bacteria	Actinomycetota	Actinomycetia	Streptomycetales	Streptomycetaceae	Streptomyces	Streptomyces marincola	Streptomyces marincola SCSIO 64649
GCA_020515735.1_ASM2051573v1_genomic	Bacteria	Actinomycetota	Actinomycetia	Streptomycetales	Streptomycetaceae	Streptomyces	Streptomyces parvulus	Streptomyces parvulus LP03
GCA_020521255.1_ASM2052125v1_genomic	Bacteria	Actinomycetota	Actinomycetia	Streptomycetales	Streptomycetaceae	Streptomyces	Streptomyces hydrogenans	Streptomyces hydrogenans NBRC 13475
GCA_020521275.1_ASM2052127v1_genomic	Bacteria	Actinomycetota	Actinomycetia	Streptomycetales	Streptomycetaceae	Streptomyces	Streptomyces griseoviridis	Streptomyces daghestanicus NBRC 12762
GCA_020521295.1_ASM2052129v1_genomic	Bacteria	Actinomycetota	Actinomycetia	Streptomycetales	Streptomycetaceae	Streptomyces	Streptomyces violascens	Streptomyces violascens NBRC 12920
GCA_020521315.1_ASM2052131v1_genomic	Bacteria	Actinomycetota	Actinomycetia	Streptomycetales	Streptomycetaceae	Streptomyces	Streptomyces albidoflavus	Streptomyces albidoflavus NBRC 12854
GCA_020532625.1_ASM2053262v1_genomic	Bacteria	Actinomycetota	Actinomycetia	Streptomycetales	Streptomycetaceae	Streptomyces	Streptomyces sp020532625	Streptomyces antimicrobicus SMC 277
GCA_020532645.1_ASM2053264v1_genomic	Bacteria	Actinomycetota	Actinomycetia	Streptomycetales	Streptomycetaceae	Streptomyces	Streptomyces bambusae	Streptomyces bambusae T110
GCA_020535385.1_ASM2053538v1_genomic	Bacteria	Actinomycetota	Actinomycetia	Streptomycetales	Streptomycetaceae	Streptomyces	Streptomyces albidoflavus	Streptomyces sp. WA1-19
GCA_020564935.1_ASM2056493v1_genomic	Bacteria	Actinomycetota	Actinomycetia	Streptomycetales	Streptomycetaceae	Streptomyces	Streptomyces pinistramenti	Streptomyces pinistramenti SF28
GCA_020616555.1_ASM2061655v1_genomic	Bacteria	Actinomycetota	Actinomycetia	Streptomycetales	Streptomycetaceae	Streptomyces	Streptomyces sp003403055	Streptomyces longhuiensis BH-MK-02
GCA_020639365.1_ASM2063936v1_genomic	Bacteria	Actinomycetota	Actinomycetia	Streptomycetales	Streptomycetaceae	Streptomyces	Streptomyces flavotricini	Streptomyces flavotricini NGL1
GCA_020640855.1_ASM2064085v1_genomic	Bacteria	Actinomycetota	Actinomycetia	Streptomycetales	Streptomycetaceae	Streptomyces	Streptomyces californicus	Streptomyces californicus TBG-201
GCA_020685565.1_ASM2068556v1_genomic	Bacteria	Actinomycetota	Actinomycetia	Streptomycetales	Streptomycetaceae	Streptomyces	Streptomyces morookaensis	Streptomyces sp. ET3-23
GCA_020685665.1_ASM2068566v1_genomic	Bacteria	Actinomycetota	Actinomycetia	Streptomycetales	Streptomycetaceae	Streptomyces	Streptomyces olivaceus	Streptomyces sp. CT1-17
GCA_020739505.1_ASM2073950v1_genomic	Bacteria	Actinomycetota	Actinomycetia	Streptomycetales	Streptomycetaceae	Streptomyces	Streptomyces xinghaiensis	Streptomyces sp. S07_1.15
GCA_020740535.1_ASM2074053v1_genomic	Bacteria	Actinomycetota	Actinomycetia	Streptomycetales	Streptomycetaceae	Streptomyces	Streptomyces sp020740535	Streptomyces profundus MA3_2.13
GCA_020740835.1_ASM2074083v1_genomic	Bacteria	Actinomycetota	Actinomycetia	Streptomycetales	Streptomycetaceae	Streptomyces	Streptomyces sp020740835	Streptomyces sp. UNOC14_S4
GCA_020740895.1_ASM2074089v1_genomic	Bacteria	Actinomycetota	Actinomycetia	Streptomycetales	Streptomycetaceae	Streptomyces	Streptomyces sp020740895	Streptomyces sp. UNOB3_S3
GCA_020741675.1_ASM2074167v1_genomic	Bacteria	Actinomycetota	Actinomycetia	Streptomycetales	Streptomycetaceae	Kitasatospora	Kitasatospora aureofaciens	Kitasatospora aureofaciens ChiBjej1-411
GCA_020783455.1_ASM2078345v1_genomic	Bacteria	Actinomycetota	Actinomycetia	Streptomycetales	Streptomycetaceae	Streptomyces	Streptomyces anulatus	Streptomyces anulatus YINM00001
GCA_020783515.1_ASM2078351v1_genomic	Bacteria	Actinomycetota	Actinomycetia	Streptomycetales	Streptomycetaceae	Streptomyces	Streptomyces fungicidicus	Streptomyces fungicidicus F10
GCA_020783535.1_ASM2078353v1_genomic	Bacteria	Actinomycetota	Actinomycetia	Streptomycetales	Streptomycetaceae	Streptomyces	Streptomyces fungicidicus	Streptomyces fungicidicus F9
GCA_020783555.1_ASM2078355v1_genomic	Bacteria	Actinomycetota	Actinomycetia	Streptomycetales	Streptomycetaceae	Streptomyces	Streptomyces fungicidicus	Streptomyces fungicidicus F8
GCA_020783575.1_ASM2078357v1_genomic	Bacteria	Actinomycetota	Actinomycetia	Streptomycetales	Streptomycetaceae	Streptomyces	Streptomyces fungicidicus	Streptomyces fungicidicus ATCC 21013
GCA_020783595.1_ASM2078359v1_genomic	Bacteria	Actinomycetota	Actinomycetia	Streptomycetales	Streptomycetaceae	Streptomyces	Streptomyces fungicidicus	Streptomyces fungicidicus F2
GCA_020783615.1_ASM2078361v1_genomic	Bacteria	Actinomycetota	Actinomycetia	Streptomycetales	Streptomycetaceae	Streptomyces	Streptomyces fungicidicus	Streptomyces fungicidicus F1
GCA_020783635.1_ASM2078363v1_genomic	Bacteria	Actinomycetota	Actinomycetia	Streptomycetales	Streptomycetaceae	Streptomyces	Streptomyces fungicidicus	Streptomyces fungicidicus F7
GCA_020790115.1_ASM2079011v1_genomic	Bacteria	Actinomycetota	Actinomycetia	Streptomycetales	Streptomycetaceae	Streptomyces	Streptomyces lydicus	Streptomyces lydicus M01
GCA_020819595.1_ASM2081959v1_genomic	Bacteria	Actinomycetota	Actinomycetia	Streptomycetales	Streptomycetaceae	Streptomyces	Streptomyces barringtoniae	Streptomyces barringtoniae JA03
GCA_020861705.1_ASM2086170v1_genomic	Bacteria	Actinomycetota	Actinomycetia	Streptomycetales	Streptomycetaceae	Streptomyces	Streptomyces sp000772045	Streptomyces sp. R1
GCA_020873815.1_ASM2087381v1_genomic	Bacteria	Actinomycetota	Actinomycetia	Streptomycetales	Streptomycetaceae	Streptomyces	Streptomyces albogriseolus	Streptomyces sp. DH20
GCA_020873855.1_ASM2087385v1_genomic	Bacteria	Actinomycetota	Actinomycetia	Streptomycetales	Streptomycetaceae	Streptomyces	Streptomyces rochei	Streptomyces sp. DH1
GCA_020873925.1_ASM2087392v1_genomic	Bacteria	Actinomycetota	Actinomycetia	Streptomycetales	Streptomycetaceae	Streptomyces	Streptomyces anulatus	Streptomyces sp. DH7
GCA_020881015.1_ASM2088101v1_genomic	Bacteria	Actinomycetota	Actinomycetia	Streptomycetales	Streptomycetaceae	Streptomyces	Streptomyces rochei	Streptomyces rochei NS1
GCA_020881855.1_ASM2088185v1_genomic	Bacteria	Actinomycetota	Actinomycetia	Streptomycetales	Streptomycetaceae	Streptomyces	Streptomyces albidoflavus	Streptomyces sp. OUCMDZ-3434
GCA_020907265.1_ASM2090726v1_genomic	Bacteria	Actinomycetota	Actinomycetia	Streptomycetales	Streptomycetaceae	Streptomyces	Streptomyces parvulus	Streptomyces parvulus SX6
GCA_020907985.1_ASM2090798v1_genomic	Bacteria	Actinomycetota	Actinomycetia	Streptomycetales	Streptomycetaceae	Kitasatospora	Kitasatospora humi	Kitasatospora humi RB6PN24
GCA_020982485.1_ASM2098248v1_genomic	Bacteria	Actinomycetota	Actinomycetia	Streptomycetales	Streptomycetaceae	Streptomyces	Streptomyces althioticus	Streptomyces sp. MNU103
GCA_020982505.1_ASM2098250v1_genomic	Bacteria	Actinomycetota	Actinomycetia	Streptomycetales	Streptomycetaceae	Streptomyces	Streptomyces xinghaiensis	Streptomyces sp. MNU89
GCA_020982545.1_ASM2098254v1_genomic	Bacteria	Actinomycetota	Actinomycetia	Streptomycetales	Streptomycetaceae	Streptomyces	Streptomyces sp020982545	Streptomyces sp. MNU76
GCA_020991365.1_ASM2099136v1_genomic	Bacteria	Actinomycetota	Actinomycetia	Streptomycetales	Streptomycetaceae	Streptomyces_D	Streptomyces_D sp020991365	Streptacidiphilus sp. ASG 303
GCA_021028635.1_ASM2102863v1_genomic	Bacteria	Actinomycetota	Actinomycetia	Streptomycetales	Streptomycetaceae	Streptomyces	Streptomyces huasconensis	Streptomyces huasconensis D23
GCA_021029465.1_ASM2102946v1_genomic	Bacteria	Actinomycetota	Actinomycetia	Streptomycetales	Streptomycetaceae	Streptomyces	Streptomyces cinerochromogenes	Streptomyces sp. Go40/10
GCA_021044745.1_ASM2104474v1_genomic	Bacteria	Actinomycetota	Actinomycetia	Streptomycetales	Streptomycetaceae	Streptomyces	Streptomyces sp001905825	Streptomyces sp. MBT42
GCA_021083325.1_ASM2108332v1_genomic	Bacteria	Actinomycetota	Actinomycetia	Streptomycetales	Streptomycetaceae	Streptomyces	Streptomyces sp000527195	Streptomyces sp. CNZ748
GCA_021165735.1_ASM2116573v1_genomic	Bacteria	Actinomycetota	Actinomycetia	Streptomycetales	Streptomycetaceae	Yinghuangia	Yinghuangia sp021165735	Yinghuangia sp. ASG 101
GCA_021173675.1_ASM2117367v1_genomic	Bacteria	Actinomycetota	Actinomycetia	Streptomycetales	Streptomycetaceae	Streptomyces	Streptomyces lincolnensis_A	Streptomyces lincolnensis L4
GCA_021216675.1_ASM2121667v1_genomic	Bacteria	Actinomycetota	Actinomycetia	Streptomycetales	Streptomycetaceae	Streptomyces	Streptomyces gobiensis	Streptomyces gobiensis 1_25
GCA_021228115.1_ASM2122811v1_genomic	Bacteria	Actinomycetota	Actinomycetia	Streptomycetales	Streptomycetaceae	Streptomyces	Streptomyces albireticuli	Streptomyces albireticuli NRRL B1670 type C
GCA_021228125.1_ASM2122812v1_genomic	Bacteria	Actinomycetota	Actinomycetia	Streptomycetales	Streptomycetaceae	Streptomyces	Streptomyces albireticuli	Streptomyces albireticuli NRRL B1670
GCA_021228305.1_ASM2122830v1_genomic	Bacteria	Actinomycetota	Actinomycetia	Streptomycetales	Streptomycetaceae	Streptomyces	Streptomyces albireticuli	Streptomyces albireticuli NRRL B1670 type B
GCA_021233395.1_ASM2123339v1_genomic	Bacteria	Actinomycetota	Actinomycetia	Streptomycetales	Streptomycetaceae	Streptomyces	Streptomyces samsunensis	Streptomyces sp. HNM0561
GCA_021246025.1_ASM2124602v1_genomic	Bacteria	Actinomycetota	Actinomycetia	Streptomycetales	Streptomycetaceae	Streptomyces	Streptomyces samsunensis	Streptomyces sp. 8ZJF_21
GCA_021261325.1_ASM2126132v1_genomic	Bacteria	Actinomycetota	Actinomycetia	Streptomycetales	Streptomycetaceae	Streptomyces	Streptomyces sp021261325	Streptomyces guryensis NR30
GCA_021261405.1_ASM2126140v1_genomic	Bacteria	Actinomycetota	Actinomycetia	Streptomycetales	Streptomycetaceae	Streptomyces	Streptomyces cyaneofuscatus	Streptomyces sp. MT29
GCA_021300715.1_ASM2130071v1_genomic	Bacteria	Actinomycetota	Actinomycetia	Streptomycetales	Streptomycetaceae	Streptomyces	Streptomyces murinus	Streptomyces sp. CMSTAAHL-2
GCA_021366495.1_ASM2136649v1_genomic	Bacteria	Actinomycetota	Actinomycetia	Streptomycetales	Streptomycetaceae	Streptomyces	Streptomyces albulus_C	Streptomyces noursei DS30.6
GCA_021383925.1_ASM2138392v1_genomic	Bacteria	Actinomycetota	Actinomycetia	Streptomycetales	Streptomycetaceae	Streptomyces	Streptomyces sp000772045	Streptomyces sp. BSE6.1
GCA_021390235.1_ASM2139023v1_genomic	Bacteria	Actinomycetota	Actinomycetia	Streptomycetales	Streptomycetaceae	Streptomyces	Streptomyces violaceus	Streptomyces purpurascens DSM 40310
GCA_021390475.1_ASM2139047v1_genomic	Bacteria	Actinomycetota	Actinomycetia	Streptomycetales	Streptomycetaceae	Streptomyces	Streptomyces sp021390475	Streptomyces sp. ST2-7A
GCA_021390895.1_ASM2139089v1_genomic	Bacteria	Actinomycetota	Actinomycetia	Streptomycetales	Streptomycetaceae	Streptomyces	Streptomyces sp001865245	Streptomyces sp. CC210A
GCA_021390935.1_ASM2139093v1_genomic	Bacteria	Actinomycetota	Actinomycetia	Streptomycetales	Streptomycetaceae	Streptomyces	Streptomyces sp021390935	Streptomyces sp. CC228A
GCA_021394475.1_ASM2139447v1_genomic	Bacteria	Actinomycetota	Actinomycetia	Streptomycetales	Streptomycetaceae	Streptomyces	Streptomyces parvulus	Streptomyces parvulus VCCM 22513
GCA_021394575.1_ASM2139457v1_genomic	Bacteria	Actinomycetota	Actinomycetia	Streptomycetales	Streptomycetaceae	Streptomyces	Streptomyces thermodiastaticus	Streptomyces thermodiastaticus DSM 40573
GCA_021432205.1_ASM2143220v1_genomic	Bacteria	Actinomycetota	Actinomycetia	Streptomycetales	Streptomycetaceae	Streptomyces	Streptomyces venezuelae	Streptomyces venezuelae SS-292-2
GCA_021432215.1_ASM2143221v1_genomic	Bacteria	Actinomycetota	Actinomycetia	Streptomycetales	Streptomycetaceae	Streptomyces	Streptomyces venezuelae	Streptomyces venezuelae ATCC 10712 ATCC 10712
GCA_021432225.1_ASM2143222v1_genomic	Bacteria	Actinomycetota	Actinomycetia	Streptomycetales	Streptomycetaceae	Streptomyces	Streptomyces venezuelae	Streptomyces venezuelae NRRL B-65442
GCA_021432285.1_ASM2143228v1_genomic	Bacteria	Actinomycetota	Actinomycetia	Streptomycetales	Streptomycetaceae	Streptomyces	Streptomyces venezuelae	Streptomyces venezuelae SS-292-1
GCA_021440105.1_ASM2144010v1_genomic	Bacteria	Actinomycetota	Actinomycetia	Streptomycetales	Streptomycetaceae	Streptomyces	Streptomyces lomondensis	Streptomyces lomondensis DSM 41428
GCA_021441825.1_ASM2144182v1_genomic	Bacteria	Actinomycetota	Actinomycetia	Streptomycetales	Streptomycetaceae	Streptomyces	Streptomyces plumbidurans	Streptomyces spinosirectus CRSS-Y-16
GCA_021442405.1_ASM2144240v1_genomic	Bacteria	Actinomycetota	Actinomycetia	Streptomycetales	Streptomycetaceae	Streptomyces	Streptomyces griseoaurantiacus	Streptomyces sp. MH192
GCA_021462265.1_ASM2146226v1_genomic	Bacteria	Actinomycetota	Actinomycetia	Streptomycetales	Streptomycetaceae	Streptomyces	Streptomyces shenzhenensis	Streptomyces shenzhenensis DSM 42034
GCA_021462825.1_ASM2146282v1_genomic	Bacteria	Actinomycetota	Actinomycetia	Streptomycetales	Streptomycetaceae	Streptomyces	Streptomyces glomeratus	Streptomyces glomeratus DSM 41457
GCA_021474405.1_ASM2147440v1_genomic	Bacteria	Actinomycetota	Actinomycetia	Streptomycetales	Streptomycetaceae	Streptomyces	Streptomyces indiaensis	Streptomyces indiaensis DSM 43803
GCA_021474425.1_ASM2147442v1_genomic	Bacteria	Actinomycetota	Actinomycetia	Streptomycetales	Streptomycetaceae	Streptomyces	Streptomyces muensis	Streptomyces muensis DSM 103493
GCA_021491675.1_ASM2149167v1_genomic	Bacteria	Actinomycetota	Actinomycetia	Streptomycetales	Streptomycetaceae	Streptomyces	Streptomyces globisporus	Streptomyces sp. R527F
GCA_021496465.1_ASM2149646v1_genomic	Bacteria	Actinomycetota	Actinomycetia	Streptomycetales	Streptomycetaceae	Streptomyces	Streptomyces collinus_A	Streptomyces collinus SQ
GCA_021496485.1_ASM2149648v1_genomic	Bacteria	Actinomycetota	Actinomycetia	Streptomycetales	Streptomycetaceae	Streptomyces	Streptomyces collinus_A	Streptomyces collinus L2
GCA_021496785.1_ASM2149678v1_genomic	Bacteria	Actinomycetota	Actinomycetia	Streptomycetales	Streptomycetaceae	Streptomyces	Streptomyces yunnanensis	Streptomyces sp. A1-5
GCA_021502675.1_ASM2150267v1_genomic	Bacteria	Actinomycetota	Actinomycetia	Streptomycetales	Streptomycetaceae	Yinghuangia	Yinghuangia sp021502675	Yinghuangia soli KLBMP 8922
GCA_021502685.1_ASM2150268v1_genomic	Bacteria	Actinomycetota	Actinomycetia	Streptomycetales	Streptomycetaceae	Streptomyces	Streptomyces nigra	Streptomyces sp. FB2
GCA_021538775.1_ASM2153877v1_genomic	Bacteria	Actinomycetota	Actinomycetia	Streptomycetales	Streptomycetaceae	Streptomyces	Streptomyces roseoverticillatus	Streptomyces roseoverticillatus A47
GCA_021538815.1_ASM2153881v1_genomic	Bacteria	Actinomycetota	Actinomycetia	Streptomycetales	Streptomycetaceae	Streptomyces	Streptomyces sioyaensis	Streptomyces sioyaensis A5
GCA_021538835.1_ASM2153883v1_genomic	Bacteria	Actinomycetota	Actinomycetia	Streptomycetales	Streptomycetaceae	Streptomyces	Streptomyces platensis	Streptomyces platensis A26
GCA_021538875.1_ASM2153887v1_genomic	Bacteria	Actinomycetota	Actinomycetia	Streptomycetales	Streptomycetaceae	Streptomyces	Streptomyces californicus	Streptomyces violaceoruber A36
GCA_021538895.1_ASM2153889v1_genomic	Bacteria	Actinomycetota	Actinomycetia	Streptomycetales	Streptomycetaceae	Streptomyces	Streptomyces olivochromogenes_A	Streptomyces olivochromogenes A53
GCA_021556455.1_ASM2155645v1_genomic	Bacteria	Actinomycetota	Actinomycetia	Streptomycetales	Streptomycetaceae	Streptomyces	Streptomyces fuscigenes	Streptomyces fuscigenes JBL-20
GCA_021568835.1_ASM2156883v1_genomic	Bacteria	Actinomycetota	Actinomycetia	Streptomycetales	Streptomycetaceae	Streptomyces	Streptomyces sp021568835	Streptomyces sp. Tue 6430
GCA_021600165.1_ASM2160016v1_genomic	Bacteria	Actinomycetota	Actinomycetia	Streptomycetales	Streptomycetaceae	Streptomyces	Streptomyces hygroscopicus	Streptomyces hygroscopicus N11-34
GCA_021665875.1_ASM2166587v1_genomic	Bacteria	Actinomycetota	Actinomycetia	Streptomycetales	Streptomycetaceae	Streptomyces	Streptomyces caniscabiei	Streptomyces sp. AMCC400023
GCA_021696945.1_ASM2169694v1_genomic	Bacteria	Actinomycetota	Actinomycetia	Streptomycetales	Streptomycetaceae	Streptomyces	Streptomyces sp021696945	Streptomyces sp. JJ36
GCA_021890875.1_ASM2189087v1_genomic	Bacteria	Actinomycetota	Actinomycetia	Streptomycetales	Streptomycetaceae	Streptomyces	Streptomyces yatensis	Streptomyces sp. PSAA01
GCA_021892415.1_ASM2189241v1_genomic	Bacteria	Actinomycetota	Actinomycetia	Streptomycetales	Streptomycetaceae	Streptomyces	Streptomyces tricolor	Streptomyces tricolor DSM 41685
GCA_022015835.1_ASM2201583v1_genomic	Bacteria	Actinomycetota	Actinomycetia	Streptomycetales	Streptomycetaceae	Streptomyces	Streptomyces verrucosisporus	Streptomyces sp. ICN903
GCA_022026295.1_ASM2202629v1_genomic	Bacteria	Actinomycetota	Actinomycetia	Streptomycetales	Streptomycetaceae	Streptomyces	Streptomyces albidoflavus	Streptomyces sp. NBU3104
GCA_022213265.1_ASM2221326v1_genomic	Bacteria	Actinomycetota	Actinomycetia	Streptomycetales	Streptomycetaceae	Streptomyces	Streptomyces albidoflavus	Streptomyces sp. T7(2022)
GCA_022220465.1_ASM2222046v1_genomic	Bacteria	Actinomycetota	Actinomycetia	Streptomycetales	Streptomycetaceae	Streptomyces	Streptomyces sp014253015	Streptomyces sp. TYQ1024
GCA_022221585.1_ASM2222158v1_genomic	Bacteria	Actinomycetota	Actinomycetia	Streptomycetales	Streptomycetaceae	Streptomyces	Streptomyces inhibens	Streptomyces inhibens NRRL30439
GCA_022271435.1_ASM2227143v1_genomic	Bacteria	Actinomycetota	Actinomycetia	Streptomycetales	Streptomycetaceae	Streptomyces	Streptomyces monomycini	Streptomyces monomycini NRRL B-24309
GCA_022288725.1_ASM2228872v1_genomic	Bacteria	Actinomycetota	Actinomycetia	Streptomycetales	Streptomycetaceae	Kitasatospora	Kitasatospora sp022288725	Kitasatospora sp. A2-31
GCA_022343545.1_ASM2234354v1_genomic	Bacteria	Actinomycetota	Actinomycetia	Streptomycetales	Streptomycetaceae	Streptomyces	Streptomyces humi	Streptomyces arenae DSM 40737
GCA_022347745.1_ASM2234774v1_genomic	Bacteria	Actinomycetota	Actinomycetia	Streptomycetales	Streptomycetaceae	Streptomyces	Streptomyces sp022347745	Streptomyces sp. OfavH-34-F
GCA_022385335.1_ASM2238533v1_genomic	Bacteria	Actinomycetota	Actinomycetia	Streptomycetales	Streptomycetaceae	Streptomyces	Streptomyces deccanensis	Streptomyces deccanensis KCTC 19241
GCA_022392825.1_ASM2239282v1_genomic	Bacteria	Actinomycetota	Actinomycetia	Streptomycetales	Streptomycetaceae	Streptomyces	Streptomyces flaveolus	Streptomyces sp. CL12-4
GCA_022399465.1_ASM2239946v1_genomic	Bacteria	Actinomycetota	Actinomycetia	Streptomycetales	Streptomycetaceae	Streptomyces	Streptomyces albidoflavus	Streptomyces sp. CBG33
GCA_022399475.1_ASM2239947v1_genomic	Bacteria	Actinomycetota	Actinomycetia	Streptomycetales	Streptomycetaceae	Streptomyces	Streptomyces bacillaris	Streptomyces sp. CYG21
GCA_022399485.1_ASM2239948v1_genomic	Bacteria	Actinomycetota	Actinomycetia	Streptomycetales	Streptomycetaceae	Streptomyces	Streptomyces bacillaris	Streptomyces sp. COG21
GCA_022399495.1_ASM2239949v1_genomic	Bacteria	Actinomycetota	Actinomycetia	Streptomycetales	Streptomycetaceae	Streptomyces	Streptomyces albidoflavus	Streptomyces sp. CBG31
GCA_022399545.1_ASM2239954v1_genomic	Bacteria	Actinomycetota	Actinomycetia	Streptomycetales	Streptomycetaceae	Streptomyces	Streptomyces bacillaris	Streptomyces sp. COG20
GCA_022399585.1_ASM2239958v1_genomic	Bacteria	Actinomycetota	Actinomycetia	Streptomycetales	Streptomycetaceae	Streptomyces	Streptomyces albidoflavus	Streptomyces sp. CBG9
GCA_022414535.1_ASM2241453v1_genomic	Bacteria	Actinomycetota	Actinomycetia	Streptomycetales	Streptomycetaceae	Streptomyces	Streptomyces sp022414535	Streptomyces sp. MUM 2J
GCA_022414595.1_ASM2241459v1_genomic	Bacteria	Actinomycetota	Actinomycetia	Streptomycetales	Streptomycetaceae	Streptomyces	Streptomyces sp022414595	Streptomyces sp. MUM 203J
GCA_022414615.1_ASM2241461v1_genomic	Bacteria	Actinomycetota	Actinomycetia	Streptomycetales	Streptomycetaceae	Streptomyces	Streptomyces pluripotens	Streptomyces sp. MUM 16J
GCA_022414635.1_ASM2241463v1_genomic	Bacteria	Actinomycetota	Actinomycetia	Streptomycetales	Streptomycetaceae	Streptomyces	Streptomyces sp022414535	Streptomyces sp. MUM 136J
GCA_022513565.1_ASM2251356v1_genomic	Bacteria	Actinomycetota	Actinomycetia	Streptomycetales	Streptomycetaceae	Streptomyces	Streptomyces sp022513565	Streptomyces sp. CME 23
GCA_022524345.1_ASM2252434v1_genomic	Bacteria	Actinomycetota	Actinomycetia	Streptomycetales	Streptomycetaceae	Streptomyces	Streptomyces sp022524345	Streptomyces marispadix M600PL45_2
GCA_022614595.1_ASM2261459v1_genomic	Bacteria	Actinomycetota	Actinomycetia	Streptomycetales	Streptomycetaceae	Streptomyces	Streptomyces sp022614595	Streptomyces sp. CNQ085
GCA_022647665.1_ASM2264766v1_genomic	Bacteria	Actinomycetota	Actinomycetia	Streptomycetales	Streptomycetaceae	Streptomyces	Streptomyces formicae	Streptomyces formicae 1H-GS9
GCA_022695595.1_ASM2269559v1_genomic	Bacteria	Actinomycetota	Actinomycetia	Streptomycetales	Streptomycetaceae	Streptomyces	Streptomyces sp022695595	Streptomyces sp. MST-110588
GCA_022695635.1_ASM2269563v1_genomic	Bacteria	Actinomycetota	Actinomycetia	Streptomycetales	Streptomycetaceae	Streptomyces	Streptomyces albidoflavus	Streptomyces sp. A10(2020)
GCA_022695985.1_ASM2269598v1_genomic	Bacteria	Actinomycetota	Actinomycetia	Streptomycetales	Streptomycetaceae	Streptomyces	Streptomyces sp022695985	Streptomyces sp. NP-1717
GCA_022696125.1_ASM2269612v1_genomic	Bacteria	Actinomycetota	Actinomycetia	Streptomycetales	Streptomycetaceae	Streptomyces	Streptomyces werraensis	Streptomyces sp. GB4-14
GCA_022698145.1_ASM2269814v1_genomic	Bacteria	Actinomycetota	Actinomycetia	Streptomycetales	Streptomycetaceae	Streptomyces	Streptomyces sp000411315	Streptomyces spinosisporus 7R016
GCA_022698165.1_ASM2269816v1_genomic	Bacteria	Actinomycetota	Actinomycetia	Streptomycetales	Streptomycetaceae	Streptomyces	Streptomyces sp022698165	Streptomyces cylindrosporus 7R015
GCA_022698285.1_ASM2269828v1_genomic	Bacteria	Actinomycetota	Actinomycetia	Streptomycetales	Streptomycetaceae	Streptomyces	Streptomyces sp006088715	Streptomyces sp. AN091965
GCA_022698305.1_ASM2269830v1_genomic	Bacteria	Actinomycetota	Actinomycetia	Streptomycetales	Streptomycetaceae	Streptomyces	Streptomyces spectabilis	Streptomyces spectabilis KCTC9218
GCA_022699385.1_ASM2269938v1_genomic	Bacteria	Actinomycetota	Actinomycetia	Streptomycetales	Streptomycetaceae	Streptomyces	Streptomyces diacarni	Streptomyces tubbatahanensis DSD3025
GCA_022747965.1_ASM2274796v1_genomic	Bacteria	Actinomycetota	Actinomycetia	Streptomycetales	Streptomycetaceae	Streptomyces	Streptomyces virginiae	Streptomyces sp. MMS21 TC-5
GCA_022748185.1_ASM2274818v1_genomic	Bacteria	Actinomycetota	Actinomycetia	Streptomycetales	Streptomycetaceae	Streptomyces	Streptomyces pseudogriseolus	Streptomyces sp. MMS20-AI2-20
GCA_022748615.1_ASM2274861v1_genomic	Bacteria	Actinomycetota	Actinomycetia	Streptomycetales	Streptomycetaceae	Streptomyces	Streptomyces fimicarius	Streptomyces sp. TRM75563
GCA_022759525.1_ASM2275952v1_genomic	Bacteria	Actinomycetota	Actinomycetia	Streptomycetales	Streptomycetaceae	Streptomyces	Streptomyces sp014253015	Streptomyces mobaraensis DSM 40587
GCA_022760195.1_ASM2276019v1_genomic	Bacteria	Actinomycetota	Actinomycetia	Streptomycetales	Streptomycetaceae	Streptomyces	Streptomyces rimosus	Streptomyces rimosus subsp. rimosus
GCA_022760275.1_ASM2276027v1_genomic	Bacteria	Actinomycetota	Actinomycetia	Streptomycetales	Streptomycetaceae	Streptomyces	Streptomyces spirodelae	Streptomyces sp. 891-h
GCA_022807935.1_ASM2280793v1_genomic	Bacteria	Actinomycetota	Actinomycetia	Streptomycetales	Streptomycetaceae	Streptomyces	Streptomyces afghaniensis	Streptomyces sp. HP-A2021
GCA_022808175.1_ASM2280817v1_genomic	Bacteria	Actinomycetota	Actinomycetia	Streptomycetales	Streptomycetaceae	Streptomyces	Streptomyces sp022808175	Streptomyces sp. AP-93
GCA_022809335.1_ASM2280933v1_genomic	Bacteria	Actinomycetota	Actinomycetia	Streptomycetales	Streptomycetaceae	Streptomyces	Streptomyces globisporus_A	Streptomyces sp. PBSH9
GCA_022815725.1_ASM2281572v1_genomic	Bacteria	Actinomycetota	Actinomycetia	Streptomycetales	Streptomycetaceae	Streptomyces	Streptomyces sp022815725	Streptomyces sp. APSN-46.1
GCA_022827705.1_ASM2282770v1_genomic	Bacteria	Actinomycetota	Actinomycetia	Streptomycetales	Streptomycetaceae	Streptomyces	Streptomyces olivaceus	Streptomyces sp. CB09030
GCA_022846655.1_ASM2284665v1_genomic	Bacteria	Actinomycetota	Actinomycetia	Streptomycetales	Streptomycetaceae	Streptomyces	Streptomyces sp019090105	Streptomyces seoulensis HEK131
GCA_022846675.1_ASM2284667v1_genomic	Bacteria	Actinomycetota	Actinomycetia	Streptomycetales	Streptomycetaceae	Streptomyces	Streptomyces decoyicus	Streptomyces hygroscopicus HOK021
GCA_022869105.1_ASM2286910v1_genomic	Bacteria	Actinomycetota	Actinomycetia	Streptomycetales	Streptomycetaceae	Streptomyces	Streptomyces griseoincarnatus	Streptomyces sp. BJ20
GCA_023072595.1_ASM2307259v1_genomic	Bacteria	Actinomycetota	Actinomycetia	Streptomycetales	Streptomycetaceae	Streptomyces	Streptomyces sp023072595	Streptomyces sp. XM4193
GCA_023072675.1_ASM2307267v1_genomic	Bacteria	Actinomycetota	Actinomycetia	Streptomycetales	Streptomycetaceae	Streptomyces	Streptomyces sp023072675	Streptomyces sp. XM83C
GCA_023072755.1_ASM2307275v1_genomic	Bacteria	Actinomycetota	Actinomycetia	Streptomycetales	Streptomycetaceae	Streptomyces	Streptomyces harbinensis	Streptomyces sp. XM4011
GCA_023096395.1_ASM2309639v1_genomic	Bacteria	Actinomycetota	Actinomycetia	Streptomycetales	Streptomycetaceae	Streptomyces	Streptomyces albidoflavus	Streptomyces sp. WAC00276
GCA_023155275.1_ASM2315527v1_genomic	Bacteria	Actinomycetota	Actinomycetia	Streptomycetales	Streptomycetaceae	Streptomyces	Streptomyces sp023155275	Streptomyces rhizoryzae RS10V-4
GCA_023168305.1_ASM2316830v1_genomic	Bacteria	Actinomycetota	Actinomycetia	Streptomycetales	Streptomycetaceae	Streptomyces	Streptomyces albidoflavus	Streptomyces albus G153
GCA_023168385.1_ASM2316838v1_genomic	Bacteria	Actinomycetota	Actinomycetia	Streptomycetales	Streptomycetaceae	Streptomyces	Streptomyces albidoflavus	Streptomyces sp. PLM4
GCA_023184515.1_ASM2318451v1_genomic	Bacteria	Actinomycetota	Actinomycetia	Streptomycetales	Streptomycetaceae	Streptomyces	Streptomyces sp023184515	Streptomyces sp. D2-8
GCA_023210535.1_ASM2321053v1_genomic	Bacteria	Actinomycetota	Actinomycetia	Streptomycetales	Streptomycetaceae	Streptomyces	Streptomyces anulatus	Streptomyces sp. WAC00303
GCA_023218175.1_ASM2321817v1_genomic	Bacteria	Actinomycetota	Actinomycetia	Streptomycetales	Streptomycetaceae	Streptomyces	Streptomyces lichenis	Streptomyces lichenis LCR6-01
GCA_023273835.1_ASM2327383v1_genomic	Bacteria	Actinomycetota	Actinomycetia	Streptomycetales	Streptomycetaceae	Streptomyces	Streptomyces tauricus	Streptomyces sp. LRE541
GCA_023277745.1_ASM2327774v1_genomic	Bacteria	Actinomycetota	Actinomycetia	Streptomycetales	Streptomycetaceae	Streptomyces	Streptomyces sp023277745	Streptomyces halobius 3_2
GCA_023277965.1_ASM2327796v1_genomic	Bacteria	Actinomycetota	Actinomycetia	Streptomycetales	Streptomycetaceae	Streptomyces	Streptomyces bacillaris	Streptomyces sp. HNA39
GCA_023330645.1_ASM2333064v1_genomic	Bacteria	Actinomycetota	Actinomycetia	Streptomycetales	Streptomycetaceae	Streptomyces	Streptomyces albireticuli_B	Streptomyces sp. HU2014
GCA_023370675.1_ASM2337067v1_genomic	Bacteria	Actinomycetota	Actinomycetia	Streptomycetales	Streptomycetaceae	Streptomyces	Streptomyces eurythermus	Streptomyces lavenduligriseus GA1-1
GCA_023376055.1_ASM2337605v1_genomic	Bacteria	Actinomycetota	Actinomycetia	Streptomycetales	Streptomycetaceae	Streptomyces	Streptomyces fradiae	Streptomyces fradiae ZXY017
GCA_023498005.1_ASM2349800v1_genomic	Bacteria	Actinomycetota	Actinomycetia	Streptomycetales	Streptomycetaceae	Streptomyces	Streptomyces durmitorensis	Streptomyces durmitorensis MS405
GCA_023501965.1_ASM2350196v1_genomic	Bacteria	Actinomycetota	Actinomycetia	Streptomycetales	Streptomycetaceae	Streptomyces	Streptomyces fimicarius	Streptomyces sp. 43Y-GA-1
GCA_023502025.1_ASM2350202v1_genomic	Bacteria	Actinomycetota	Actinomycetia	Streptomycetales	Streptomycetaceae	Streptomyces	Streptomyces kronopolitis	Streptomyces kronopolitis 6G-OA-10
GCA_023502165.1_ASM2350216v1_genomic	Bacteria	Actinomycetota	Actinomycetia	Streptomycetales	Streptomycetaceae	Streptomyces	Streptomyces albidoflavus	Streptomyces albidoflavus 220
GCA_023515955.1_ASM2351595v1_genomic	Bacteria	Actinomycetota	Actinomycetia	Streptomycetales	Streptomycetaceae	Streptomyces	Streptomyces sp023515955	Streptomyces sp. RerS4
GCA_023516595.1_ASM2351659v1_genomic	Bacteria	Actinomycetota	Actinomycetia	Streptomycetales	Streptomycetaceae	Streptomyces	Streptomyces neyagawaensis	Streptomyces neyagawaensis JCM 4796
GCA_023516615.1_ASM2351661v1_genomic	Bacteria	Actinomycetota	Actinomycetia	Streptomycetales	Streptomycetaceae	Streptomyces	Streptomyces panaciradicis	Streptomyces panaciradicis NBRC 109811
GCA_023534745.1_ASM2353474v1_genomic	Bacteria	Actinomycetota	Actinomycetia	Streptomycetales	Streptomycetaceae	Streptomyces	Streptomyces sp023534745	Streptomyces sp. 35G-GA-8
GCA_023534765.1_ASM2353476v1_genomic	Bacteria	Actinomycetota	Actinomycetia	Streptomycetales	Streptomycetaceae	Streptomyces	Streptomyces ardesiacus	Streptomyces ardesiacus 6G-OA-21
GCA_023544665.1_ASM2354466v1_genomic	Bacteria	Actinomycetota	Actinomycetia	Streptomycetales	Streptomycetaceae	Streptomyces	Streptomyces sp023544665	Streptomyces sp. YS415
GCA_023544705.1_ASM2354470v1_genomic	Bacteria	Actinomycetota	Actinomycetia	Streptomycetales	Streptomycetaceae	Streptomyces	Streptomyces decoyicus	Streptomyces sp. MCA2
GCA_023554615.1_ASM2355461v1_genomic	Bacteria	Actinomycetota	Actinomycetia	Streptomycetales	Streptomycetaceae	Streptomyces	Streptomyces cyaneochromogenes	Streptomyces sp. AS02
GCA_023614235.1_ASM2361423v1_genomic	Bacteria	Actinomycetota	Actinomycetia	Streptomycetales	Streptomycetaceae	Streptomyces	Streptomyces sp023614235	Streptomyces sp. MRC013
GCA_023614315.1_ASM2361431v1_genomic	Bacteria	Actinomycetota	Actinomycetia	Streptomycetales	Streptomycetaceae	Streptomyces	Streptomyces sudanensis	Streptomyces sudanensis SD 504
GCA_023630175.1_ASM2363017v1_genomic	Bacteria	Actinomycetota	Actinomycetia	Streptomycetales	Streptomycetaceae	Streptomyces	Streptomyces cellostaticus_A	Streptomyces cellostaticus GX14503
GCA_023630275.1_ASM2363027v1_genomic	Bacteria	Actinomycetota	Actinomycetia	Streptomycetales	Streptomycetaceae	Streptomyces	Streptomyces violaceusniger	Streptomyces sp. 5-6(2022)
GCA_023667545.1_WA-IsoG_MSC1_001_genomic	Bacteria	Actinomycetota	Actinomycetia	Streptomycetales	Streptomycetaceae	Streptomyces	Streptomyces sp001905665	Streptomyces sp. MSC1_001
GCA_023669545.1_ASM2366954v1_genomic	Bacteria	Actinomycetota	Actinomycetia	Streptomycetales	Streptomycetaceae	Streptomyces	Streptomyces hydrogenans	Streptomyces sp. G2
GCA_023669605.1_ASM2366960v1_genomic	Bacteria	Actinomycetota	Actinomycetia	Streptomycetales	Streptomycetaceae	Streptomyces	Streptomyces sp000772045	Streptomyces sp. G3
GCA_023701525.1_ASM2370152v1_genomic	Bacteria	Actinomycetota	Actinomycetia	Streptomycetales	Streptomycetaceae	Streptomyces	Streptomyces sp023701525	Streptomyces albipurpureus CWNU-1
GCA_023701695.1_ASM2370169v1_genomic	Bacteria	Actinomycetota	Actinomycetia	Streptomycetales	Streptomycetaceae	Streptomyces	Streptomyces sp023701695	Streptomyces sp. RKAG290
GCA_023701715.1_ASM2370171v1_genomic	Bacteria	Actinomycetota	Actinomycetia	Streptomycetales	Streptomycetaceae	Streptomyces	Streptomyces fildesensis	Streptomyces sp. RKAG337
GCA_023701745.1_ASM2370174v1_genomic	Bacteria	Actinomycetota	Actinomycetia	Streptomycetales	Streptomycetaceae	Streptomyces	Streptomyces fildesensis	Streptomyces sp. RKAG293
GCA_023702105.1_ASM2370210v1_genomic	Bacteria	Actinomycetota	Actinomycetia	Streptomycetales	Streptomycetaceae	Streptomyces	Streptomyces platensis	Streptomyces lydicamycinicus MMS22-DDSA8
GCA_023702435.1_ASM2370243v1_genomic	Bacteria	Actinomycetota	Actinomycetia	Streptomycetales	Streptomycetaceae	Streptomyces	Streptomyces griseoincarnatus	Streptomyces griseoincarnatus RB7AG
GCA_023702655.1_ASM2370265v1_genomic	Bacteria	Actinomycetota	Actinomycetia	Streptomycetales	Streptomycetaceae	Streptomyces	Streptomyces musisoli	Streptomyces sp. Caat 7-52
GCA_023703325.1_ASM2370332v1_genomic	Bacteria	Actinomycetota	Actinomycetia	Streptomycetales	Streptomycetaceae	Streptomyces	Streptomyces sp023703325	Streptomyces meridianus MTZ3.1
GCA_023713605.1_ASM2371360v1_genomic	Bacteria	Actinomycetota	Actinomycetia	Streptomycetales	Streptomycetaceae	Streptomyces	Streptomyces thermodiastaticus	Streptomyces thermoviolaceus MER 196A
GCA_023716005.1_ASM2371600v1_genomic	Bacteria	Actinomycetota	Actinomycetia	Streptomycetales	Streptomycetaceae	Streptomyces	Streptomyces parvus	Streptomyces filamentosus L30
GCA_023717205.1_ASM2371720v1_genomic	Bacteria	Actinomycetota	Actinomycetia	Streptomycetales	Streptomycetaceae	Streptomyces	Streptomyces albidoflavus	Streptomyces sp. DR3-1
GCA_023717255.1_ASM2371725v1_genomic	Bacteria	Actinomycetota	Actinomycetia	Streptomycetales	Streptomycetaceae	Streptomyces	Streptomyces samsunensis	Streptomyces sp. DR7-3
GCA_023805375.1_ASM2380537v1_genomic	Bacteria	Actinomycetota	Actinomycetia	Streptomycetales	Streptomycetaceae	Streptomyces	Streptomyces olivaceus	Streptomyces sp. STCH 565 A
GCA_023838445.1_ASM2383844v1_genomic	Bacteria	Actinomycetota	Actinomycetia	Streptomycetales	Streptomycetaceae	Streptomyces	Streptomyces spororaveus	Streptomyces spororaveus SC263
GCA_023887685.1_ASM2388768v1_genomic	Bacteria	Actinomycetota	Actinomycetia	Streptomycetales	Streptomycetaceae	Streptomyces	Streptomyces sp023887685	Streptomyces macrolidinus RY43-2
GCA_023923245.1_ASM2392324v1_genomic	Bacteria	Actinomycetota	Actinomycetia	Streptomycetales	Streptomycetaceae	Streptomyces	Streptomyces phaeoluteigriseus	Streptomyces phaeoluteigriseus Qhu-M197
GCA_023930305.1_ASM2393030v1_genomic	Bacteria	Actinomycetota	Actinomycetia	Streptomycetales	Streptomycetaceae	Streptomyces	Streptomyces sp000527195	Streptomyces sp. RO-S4
GCA_024138375.1_ASM2413837v1_genomic	Bacteria	Actinomycetota	Actinomycetia	Streptomycetales	Streptomycetaceae	Streptomyces	Streptomyces hygroscopicus	Streptomyces sp. RKCA744
GCA_024172095.1_ASM2417209v1_genomic	Bacteria	Actinomycetota	Actinomycetia	Streptomycetales	Streptomycetaceae	Kitasatospora	Kitasatospora paracochleata	Kitasatospora paracochleata DSM 41656
GCA_024213005.1_ASM2421300v1_genomic	Bacteria	Actinomycetota	Actinomycetia	Streptomycetales	Streptomycetaceae	Streptomyces	Streptomyces prasinus	Streptomyces sp. MAR25Y5
GCA_024213195.1_ASM2421319v1_genomic	Bacteria	Actinomycetota	Actinomycetia	Streptomycetales	Streptomycetaceae	Streptomyces	Streptomyces sp024213195	Streptomyces sp. TBY4
GCA_024213665.1_ASM2421366v1_genomic	Bacteria	Actinomycetota	Actinomycetia	Streptomycetales	Streptomycetaceae	Streptomyces	Streptomyces sp024213665	Streptomyces sp. A3M-1-3
GCA_024218735.1_ASM2421873v1_genomic	Bacteria	Actinomycetota	Actinomycetia	Streptomycetales	Streptomycetaceae	Streptomyces	Streptomyces rimosus	Streptomyces rimosus subsp. rimosus
GCA_024223055.1_ASM2422305v1_genomic	Bacteria	Actinomycetota	Actinomycetia	Streptomycetales	Streptomycetaceae	Streptomyces	Streptomyces rimosus	Streptomyces rimosus subsp. rimosus
GCA_024268275.1_ASM2426827v1_genomic	Bacteria	Actinomycetota	Actinomycetia	Streptomycetales	Streptomycetaceae	Streptomyces	Streptomyces cellulosae	Streptomyces sp. AC04842
GCA_024295805.1_ASM2429580v1_genomic	Bacteria	Actinomycetota	Actinomycetia	Streptomycetales	Streptomycetaceae	Streptomyces	Streptomyces sp024295805	Streptomyces sp. NEAU-Y11
GCA_024297125.1_ASM2429712v1_genomic	Bacteria	Actinomycetota	Actinomycetia	Streptomycetales	Streptomycetaceae	Streptomyces	Streptomyces bacillaris	Streptomyces cavourensis 2BA6PG
GCA_024298965.1_ASM2429896v1_genomic	Bacteria	Actinomycetota	Actinomycetia	Streptomycetales	Streptomycetaceae	Streptomyces	Streptomyces rapamycinicus	Streptomyces rapamycinicus NRRL 5491 NRRL 5491
GCA_024298985.1_ASM2429898v1_genomic	Bacteria	Actinomycetota	Actinomycetia	Streptomycetales	Streptomycetaceae	Streptomyces	Streptomyces rapamycinicus	Streptomyces rapamycinicus SRMK07
GCA_024349065.1_ASM2434906v1_genomic	Bacteria	Actinomycetota	Actinomycetia	Streptomycetales	Streptomycetaceae	Streptomyces	Streptomyces sudanensis	Streptomyces sudanensis MRC017
GCA_024349085.1_ASM2434908v1_genomic	Bacteria	Actinomycetota	Actinomycetia	Streptomycetales	Streptomycetaceae	Streptomyces	Streptomyces somaliensis	Streptomyces somaliensis MRC016
GCA_024349145.1_ASM2434914v1_genomic	Bacteria	Actinomycetota	Actinomycetia	Streptomycetales	Streptomycetaceae	Streptomyces	Streptomyces sudanensis	Streptomyces sudanensis MRC007
GCA_024349165.1_ASM2434916v1_genomic	Bacteria	Actinomycetota	Actinomycetia	Streptomycetales	Streptomycetaceae	Streptomyces	Streptomyces sudanensis	Streptomyces sudanensis MRC006
GCA_024349285.1_ASM2434928v1_genomic	Bacteria	Actinomycetota	Actinomycetia	Streptomycetales	Streptomycetaceae	Streptomyces	Streptomyces somaliensis	Streptomyces somaliensis DSM 40738 DSM 40738
GCA_024349765.1_ASM2434976v1_genomic	Bacteria	Actinomycetota	Actinomycetia	Streptomycetales	Streptomycetaceae	Streptomyces	Streptomyces nigrescens	Streptomyces nigrescens HEK616
GCA_024365045.1_ASM2436504v1_genomic	Bacteria	Actinomycetota	Actinomycetia	Streptomycetales	Streptomycetaceae	Streptomyces	Streptomyces bacillaris	Streptomyces cavourensis F2
GCA_024380135.1_ASM2438013v1_genomic	Bacteria	Actinomycetota	Actinomycetia	Streptomycetales	Streptomycetaceae	Streptomyces	Streptomyces parvus	Streptomyces parvus PH33
GCA_024435335.1_ASM2443533v1_genomic	Bacteria	Actinomycetota	Actinomycetia	Streptomycetales	Streptomycetaceae	Streptomyces	Streptomyces sp002982015	Streptomyces sp. ODS05-4
GCA_024435355.1_ASM2443535v1_genomic	Bacteria	Actinomycetota	Actinomycetia	Streptomycetales	Streptomycetaceae	Streptomyces	Streptomyces sp024435355	Streptomyces odontomachi ODS25
GCA_024436035.1_ASM2443603v1_genomic	Bacteria	Actinomycetota	Actinomycetia	Streptomycetales	Streptomycetaceae	Streptomyces	Streptomyces sp024436035	Streptomyces humicola RB6PN25
GCA_024436055.1_ASM2443605v1_genomic	Bacteria	Actinomycetota	Actinomycetia	Streptomycetales	Streptomycetaceae	Streptomyces	Streptomyces rubrisoli	Streptantibioticus rubrisoli DSM 42083
GCA_024442315.1_ASM2444231v1_genomic	Bacteria	Actinomycetota	Actinomycetia	Streptomycetales	Streptomycetaceae	Streptomyces	Streptomyces sp018604545	Streptomyces koelreuteriae CRLD-Y-1
GCA_024442335.1_ASM2444233v1_genomic	Bacteria	Actinomycetota	Actinomycetia	Streptomycetales	Streptomycetaceae	Streptomyces	Streptomyces sp018604545	Streptomyces sp. CRCS-T-1
GCA_024448155.1_ASM2444815v1_genomic	Bacteria	Actinomycetota	Actinomycetia	Streptomycetales	Streptomycetaceae	Streptomyces	Streptomyces sp000772045	Streptomyces coelicoflavus DBR11
GCA_024448165.1_ASM2444816v1_genomic	Bacteria	Actinomycetota	Actinomycetia	Streptomycetales	Streptomycetaceae	Streptomyces	Streptomyces longispororuber_A	Streptomyces longispororuber PBR1
GCA_024448175.1_ASM2444817v1_genomic	Bacteria	Actinomycetota	Actinomycetia	Streptomycetales	Streptomycetaceae	Streptomyces	Streptomyces parvulus	Streptomyces parvulus PBR36
GCA_024497955.1_ASM2449795v1_genomic	Bacteria	Actinomycetota	Actinomycetia	Streptomycetales	Streptomycetaceae	Streptomyces	Streptomyces sp024497955	Streptomyces sp. C10-9-1
GCA_024505145.1_ASM2450514v1_genomic	Bacteria	Actinomycetota	Actinomycetia	Streptomycetales	Streptomycetaceae	Streptomyces	Streptomyces sp024505145	Streptomyces rugosispiralis RCU-064
GCA_024505305.1_ASM2450530v1_genomic	Bacteria	Actinomycetota	Actinomycetia	Streptomycetales	Streptomycetaceae	Streptomyces	Streptomyces murinus	Streptomyces murinus THV12
GCA_024508375.2_ASM2450837v2_genomic	Bacteria	Actinomycetota	Actinomycetia	Streptomycetales	Streptomycetaceae	Streptomyces	Streptomyces justiciae	Streptomyces justiciae RA-WS2
GCA_024519315.1_ASM2451931v1_genomic	Bacteria	Actinomycetota	Actinomycetia	Streptomycetales	Streptomycetaceae	Streptomyces	Streptomyces samsunensis	Streptomyces samsunensis DSM 42010
GCA_024519335.1_ASM2451933v1_genomic	Bacteria	Actinomycetota	Actinomycetia	Streptomycetales	Streptomycetaceae	Streptomyces	Streptomyces roseifaciens	Streptomyces telluris AA8
GCA_024519455.1_ASM2451945v1_genomic	Bacteria	Actinomycetota	Actinomycetia	Streptomycetales	Streptomycetaceae	Streptomyces	Streptomyces sp024519455	Streptomyces sp. STR69
GCA_024539675.1_ASM2453967v1_genomic	Bacteria	Actinomycetota	Actinomycetia	Streptomycetales	Streptomycetaceae	Streptomyces	Streptomyces sp024539675	Streptomyces hilarionis IBSBF 2807
GCA_024584805.1_ASM2458480v1_genomic	Bacteria	Actinomycetota	Actinomycetia	Streptomycetales	Streptomycetaceae	Streptomyces	Streptomyces sp024584805	Streptomyces sp. FIT100
GCA_024586905.1_ASM2458690v1_genomic	Bacteria	Actinomycetota	Actinomycetia	Streptomycetales	Streptomycetaceae	Streptomyces	Streptomyces albidoflavus	Streptomyces sp. BSP1
GCA_024592655.1_ASM2459265v1_genomic	Bacteria	Actinomycetota	Actinomycetia	Streptomycetales	Streptomycetaceae	Streptomyces	Streptomyces albidoflavus	Streptomyces albidoflavus VIP_1
GCA_024600715.1_ASM2460071v1_genomic	Bacteria	Actinomycetota	Actinomycetia	Streptomycetales	Streptomycetaceae	Streptomyces	Streptomyces kanasensis	Streptomyces changanensis HL-66
GCA_024611995.1_ASM2461199v1_genomic	Bacteria	Actinomycetota	Actinomycetia	Streptomycetales	Streptomycetaceae	Streptomyces	Streptomyces sp018614155	Streptomyces sp. NBC_00162
GCA_024612015.1_ASM2461201v1_genomic	Bacteria	Actinomycetota	Actinomycetia	Streptomycetales	Streptomycetaceae	Streptomyces	Streptomyces sp024612015	Streptomyces sp. CA-210063
GCA_024612035.1_ASM2461203v1_genomic	Bacteria	Actinomycetota	Actinomycetia	Streptomycetales	Streptomycetaceae	Streptomyces	Streptomyces sp024612035	Streptomyces sp. DSM 40750
GCA_024648905.1_ASM2464890v1_genomic	Bacteria	Actinomycetota	Actinomycetia	Streptomycetales	Streptomycetaceae	Streptomyces	Streptomyces phaeochromogenes	Streptomyces umbrinus CECT 3212
GCA_024666385.1_ASM2466638v1_genomic	Bacteria	Actinomycetota	Actinomycetia	Streptomycetales	Streptomycetaceae	Streptomyces	Streptomyces yangpuensis	Streptomyces yangpuensis CM253
GCA_024701375.2_ASM2470137v2_genomic	Bacteria	Actinomycetota	Actinomycetia	Streptomycetales	Streptomycetaceae	Streptomyces	Streptomyces sp024701375	Streptomyces sp. KMM 9044
GCA_024721315.2_ASM2472131v2_genomic	Bacteria	Actinomycetota	Actinomycetia	Streptomycetales	Streptomycetaceae	Streptomyces	Streptomyces sp.	Streptomyces sp. Isolate_45
GCA_024721345.1_ASM2472134v1_genomic	Bacteria	Actinomycetota	Actinomycetia	Streptomycetales	Streptomycetaceae	Streptomyces	Streptomyces libani	Streptomyces sp. Isolate_219
GCA_024742195.1_ASM2474219v1_genomic	Bacteria	Actinomycetota	Actinomycetia	Streptomycetales	Streptomycetaceae	Streptomyces	Streptomyces bacillaris	Streptomyces sp. OUCMDZ-4982
GCA_024752535.1_ASM2475253v1_genomic	Bacteria	Actinomycetota	Actinomycetia	Streptomycetales	Streptomycetaceae	Streptomyces	Streptomyces albus	Streptomyces albus DSM 40763
GCA_024753135.1_ASM2475313v1_genomic	Bacteria	Actinomycetota	Actinomycetia	Streptomycetales	Streptomycetaceae	Streptomyces	Streptomyces sp024753135	Streptomyces pyxinicus LP11
GCA_024756275.1_ASM2475627v1_genomic	Bacteria	Actinomycetota	Actinomycetia	Streptomycetales	Streptomycetaceae	Streptomyces	Streptomyces sp024756275	Streptomyces pyxinae LP05-1
GCA_024760485.1_ASM2476048v1_genomic	Bacteria	Actinomycetota	Actinomycetia	Streptomycetales	Streptomycetaceae	Streptomyces	Streptomyces cellulosae	Streptomyces thermocarboxydus K155
GCA_024761905.1_ASM2476190v1_genomic	Bacteria	Actinomycetota	Actinomycetia	Streptomycetales	Streptomycetaceae	Streptomyces	Streptomyces harbinensis	Streptomyces ginkgonis KM-1-2
GCA_024927965.1_ASM2492796v1_genomic	Bacteria	Actinomycetota	Actinomycetia	Streptomycetales	Streptomycetaceae	Streptomyces	Streptomyces bryophytorum	Actinacidiphila bryophytorum DS3
GCA_025153975.1_ASM2515397v1_genomic	Bacteria	Actinomycetota	Actinomycetia	Streptomycetales	Streptomycetaceae	Streptomyces	Streptomyces sp003846175	Streptomyces atratus PY-1
GCA_025163575.1_ASM2516357v1_genomic	Bacteria	Actinomycetota	Actinomycetia	Streptomycetales	Streptomycetaceae	Streptomyces	Streptomyces albulus_C	Streptomyces noursei IFO14147
GCA_025165795.1_ASM2516579v1_genomic	Bacteria	Actinomycetota	Actinomycetia	Streptomycetales	Streptomycetaceae	Streptomyces	Streptomyces sp.	Streptomyces gossypii N2-109
GCA_025195125.1_ASM2519512v1_genomic	Bacteria	Actinomycetota	Actinomycetia	Streptomycetales	Streptomycetaceae	Streptomyces	Streptomyces sp.	Streptomyces sp. Je 1-79
GCA_025231465.1_ASM2523146v1_genomic	Bacteria	Actinomycetota	Actinomycetia	Streptomycetales	Streptomycetaceae	Streptomyces	Streptomyces murinus	Streptomyces murinus CR-43
GCA_025252265.1_ASM2525226v1_genomic	Bacteria	Actinomycetota	Actinomycetia	Streptomycetales	Streptomycetaceae	Streptomyces	Streptomyces angustmyceticus	Streptomyces angustmyceticus CQUSa03
GCA_025271315.1_ASM2527131v1_genomic	Bacteria	Actinomycetota	Actinomycetia	Streptomycetales	Streptomycetaceae	Streptomyces	Streptomyces rubiginosohelvolus	Streptomyces sp. CS-7
GCA_025290915.1_ASM2529091v1_genomic	Bacteria	Actinomycetota	Actinomycetia	Streptomycetales	Streptomycetaceae	Streptomyces	Streptomyces sp.	Streptomyces sp. 15-116A
GCA_025398775.1_ASM2539877v1_genomic	Bacteria	Actinomycetota	Actinomycetia	Streptomycetales	Streptomycetaceae	Streptomyces	Streptomyces rochei	Streptomyces vinaceusdrappus AC-40
GCA_025399755.1_ASM2539975v1_genomic	Bacteria	Actinomycetota	Actinomycetia	Streptomycetales	Streptomycetaceae	Streptomyces	Streptomyces violaceus	Streptomyces violarus ASQP_29
GCA_025399765.1_ASM2539976v1_genomic	Bacteria	Actinomycetota	Actinomycetia	Streptomycetales	Streptomycetaceae	Streptomyces	Streptomyces olivochromogenes	Streptomyces mirabilis ASQP_98
GCA_025399775.1_ASM2539977v1_genomic	Bacteria	Actinomycetota	Actinomycetia	Streptomycetales	Streptomycetaceae	Streptomyces	Streptomyces fulvoviolaceus	Streptomyces fulvoviolaceus ASQP_80
GCA_025399795.1_ASM2539979v1_genomic	Bacteria	Actinomycetota	Actinomycetia	Streptomycetales	Streptomycetaceae	Streptomyces	Streptomyces sp.	Streptomyces rhizosphaerihabitans ASQP_78
GCA_025399895.1_ASM2539989v1_genomic	Bacteria	Actinomycetota	Actinomycetia	Streptomycetales	Streptomycetaceae	Streptomyces	Streptomyces sp.	Streptomyces sp. ASQP_92
GCA_025402955.1_ASM2540295v1_genomic	Bacteria	Actinomycetota	Actinomycetia	Streptomycetales	Streptomycetaceae	Streptomyces	Streptomyces sp900091315	Streptomyces sp. FZ201
GCA_025427835.1_ASM2542783v1_genomic	Bacteria	Actinomycetota	Actinomycetia	Streptomycetales	Streptomycetaceae	Streptomyces	Streptomyces althioticus	Streptomyces lusitanus FZ202
GCA_025517595.1_ASM2551759v1_genomic	Bacteria	Actinomycetota	Actinomycetia	Streptomycetales	Streptomycetaceae	Streptomyces	Streptomyces xiamenensis	Streptomyces sp. G-5
GCA_025568765.1_ASM2556876v1_genomic	Bacteria	Actinomycetota	Actinomycetia	Streptomycetales	Streptomycetaceae	Streptomyces	Streptomyces sp.	Streptomyces sp. NEAU-383
GCA_025630915.1_ASM2563091v1_genomic	Bacteria	Actinomycetota	Actinomycetia	Streptomycetales	Streptomycetaceae	Streptomyces	Streptomyces albidoflavus	Streptomyces albidoflavus Q
GCA_025642135.1_ASM2564213v1_genomic	Bacteria	Actinomycetota	Actinomycetia	Streptomycetales	Streptomycetaceae	Streptomyces	Streptomyces sp014905555	Streptomyces cynarae HUAS 13-4
GCA_025642155.1_ASM2564215v1_genomic	Bacteria	Actinomycetota	Actinomycetia	Streptomycetales	Streptomycetaceae	Streptomyces	Streptomyces sp.	Streptomyces sp. HUAS 15-9
GCA_025642175.1_ASM2564217v1_genomic	Bacteria	Actinomycetota	Actinomycetia	Streptomycetales	Streptomycetaceae	Streptomyces	Streptomyces sp900105245	Streptomyces albidocamelliae HUAS 14-6
GCA_025643355.1_ASM2564335v1_genomic	Bacteria	Actinomycetota	Actinomycetia	Streptomycetales	Streptomycetaceae	Streptomyces	Streptomyces physcomitrii	Streptomyces sp. SCSIO ZS0520
GCA_025655475.1_ASM2565547v1_genomic	Bacteria	Actinomycetota	Actinomycetia	Streptomycetales	Streptomycetaceae	Kitasatospora	Kitasatospora sp.	Kitasatospora sp. DSM 101779
GCA_025656915.1_ASM2565691v1_genomic	Bacteria	Actinomycetota	Actinomycetia	Streptomycetales	Streptomycetaceae	Streptomyces	Streptomyces olivaceus	Streptomyces sp. A13(2022)
GCA_025665295.1_ASM2566529v1_genomic	Bacteria	Actinomycetota	Actinomycetia	Streptomycetales	Streptomycetaceae	Streptomyces	Streptomyces libani	Streptomyces sp. Je 1-4
GCA_025716995.1_ASM2571699v1_genomic	Bacteria	Actinomycetota	Actinomycetia	Streptomycetales	Streptomycetaceae	Streptomyces	Streptomyces sp000772045	Streptomyces sp. ICN988
GCA_025854275.1_ASM2585427v1_genomic	Bacteria	Actinomycetota	Actinomycetia	Streptomycetales	Streptomycetaceae	Streptomyces	Streptomyces sp.	Streptomyces peucetius NA0869
GCA_025908395.1_ASM2590839v1_genomic	Bacteria	Actinomycetota	Actinomycetia	Streptomycetales	Streptomycetaceae	Streptomyces	Streptomyces milbemycinicus	Streptomyces milbemycinicus SIPI-054
GCA_025909865.1_ASM2590986v1_genomic	Bacteria	Actinomycetota	Actinomycetia	Streptomycetales	Streptomycetaceae	Streptomyces	Streptomyces tendae	Streptomyces sp. RS2
GCA_025957665.1_ASM2595766v1_genomic	Bacteria	Actinomycetota	Actinomycetia	Streptomycetales	Streptomycetaceae	Streptomyces	Streptomyces albidoflavus	Streptomyces sp. BI87
GCA_026008495.1_ASM2600849v1_genomic	Bacteria	Actinomycetota	Actinomycetia	Streptomycetales	Streptomycetaceae	Streptomyces	Streptomyces sp.	Streptomyces sp. A012304
GCA_026126445.1_ASM2612644v1_genomic	Bacteria	Actinomycetota	Actinomycetia	Streptomycetales	Streptomycetaceae	Streptomyces	Streptomyces sp009862265	Streptomyces sp. SHP 1-2
GCA_026153355.1_ASM2615335v1_genomic	Bacteria	Actinomycetota	Actinomycetia	Streptomycetales	Streptomycetaceae	Streptomyces	Streptomyces nigrescens	Streptomyces endophytica HNM0140
GCA_026162525.1_ASM2616252v1_genomic	Bacteria	Actinomycetota	Actinomycetia	Streptomycetales	Streptomycetaceae	Streptomyces	Streptomyces misionensis	Streptomyces sp. NEAU-H33
GCA_026167665.1_ASM2616766v1_genomic	Bacteria	Actinomycetota	Actinomycetia	Streptomycetales	Streptomycetaceae	Streptomyces	Streptomyces sp001905735	Streptomyces drozdowiczii MDA8-470
GCA_026168105.1_ASM2616810v1_genomic	Bacteria	Actinomycetota	Actinomycetia	Streptomycetales	Streptomycetaceae	Streptomyces	Streptomyces sp.	Streptomyces hygroscopicus ATCC 21589
GCA_026183975.1_ASM2618397v1_genomic	Bacteria	Actinomycetota	Actinomycetia	Streptomycetales	Streptomycetaceae	Streptomyces	Streptomyces tauricus	Streptomyces tauricus Act25
GCA_026184015.1_ASM2618401v1_genomic	Bacteria	Actinomycetota	Actinomycetia	Streptomycetales	Streptomycetaceae	Streptomyces	Streptomyces anthocyanicus	Streptomyces anthocyanicus IPS92w
GCA_026191925.1_ASM2619192v1_genomic	Bacteria	Actinomycetota	Actinomycetia	Streptomycetales	Streptomycetaceae	Streptomyces	Streptomyces halstedii	Streptomyces griseolus S63
GCA_026210455.1_ASM2621045v1_genomic	Bacteria	Actinomycetota	Actinomycetia	Streptomycetales	Streptomycetaceae	Streptomyces	Streptomyces albidoflavus	Streptomyces sp. GBA 94-10 4N24
GCA_026229605.1_ASM2622960v1_genomic	Bacteria	Actinomycetota	Actinomycetia	Streptomycetales	Streptomycetaceae	Streptomyces	Streptomyces sp001905735	Streptomyces drozdowiczii TW167
GCA_026239515.1_ASM2623951v1_genomic	Bacteria	Actinomycetota	Actinomycetia	Streptomycetales	Streptomycetaceae	Streptomyces	Streptomyces libani	Streptomyces sp. Je 1-4 4N24
GCA_026239535.1_ASM2623953v1_genomic	Bacteria	Actinomycetota	Actinomycetia	Streptomycetales	Streptomycetaceae	Streptomyces	Streptomyces libani	Streptomyces sp. Je 1-4 4N24_ara
GCA_026242095.1_ASM2624209v1_genomic	Bacteria	Actinomycetota	Actinomycetia	Streptomycetales	Streptomycetaceae	Streptomyces	Streptomyces sp000829695	Streptomyces sp. NEAU-W12
GCA_026262575.1_ASM2626257v1_genomic	Bacteria	Actinomycetota	Actinomycetia	Streptomycetales	Streptomycetaceae	Streptomyces	Streptomyces sp.	Streptomyces sp. JHD 1
GCA_026274175.1_ASM2627417v1_genomic	Bacteria	Actinomycetota	Actinomycetia	Streptomycetales	Streptomycetaceae	Streptomyces	Streptomyces sp.	Streptomyces beihaiensis GXMU-J5
GCA_026275385.1_ASM2627538v1_genomic	Bacteria	Actinomycetota	Actinomycetia	Streptomycetales	Streptomycetaceae	Streptomyces	Streptomyces luteogriseus	Streptomyces sp. NEAU-H22
GCA_026339475.1_ASM2633947v1_genomic	Bacteria	Actinomycetota	Actinomycetia	Streptomycetales	Streptomycetaceae	Streptomyces	Streptomyces sp008042035	Streptomyces sp. NBC_01789
GCA_026339515.1_ASM2633951v1_genomic	Bacteria	Actinomycetota	Actinomycetia	Streptomycetales	Streptomycetaceae	Streptomyces	Streptomyces sp003846175	Streptomyces sp. NBC_01767
GCA_026339555.1_ASM2633955v1_genomic	Bacteria	Actinomycetota	Actinomycetia	Streptomycetales	Streptomycetaceae	Streptomyces	Streptomyces sp.	Streptomyces sp. NBC_01764
GCA_026339575.1_ASM2633957v1_genomic	Bacteria	Actinomycetota	Actinomycetia	Streptomycetales	Streptomycetaceae	Streptomyces	Streptomyces mirabilis	Streptomyces mirabilis NBC_01741
GCA_026339595.1_ASM2633959v1_genomic	Bacteria	Actinomycetota	Actinomycetia	Streptomycetales	Streptomycetaceae	Streptomyces	Streptomyces papulosus	Kitasatospora papulosa NBC_01721
GCA_026339615.1_ASM2633961v1_genomic	Bacteria	Actinomycetota	Actinomycetia	Streptomycetales	Streptomycetaceae	Streptomyces	Streptomyces sp.	Streptomyces sp. NBC_01728
GCA_026339635.1_ASM2633963v1_genomic	Bacteria	Actinomycetota	Actinomycetia	Streptomycetales	Streptomycetaceae	Streptomyces	Streptomyces olivochromogenes	Streptomyces mirabilis NBC_01697
GCA_026339655.1_ASM2633965v1_genomic	Bacteria	Actinomycetota	Actinomycetia	Streptomycetales	Streptomycetaceae	Streptomyces	Streptomyces sp.	Streptomyces sp. NBC_01719
GCA_026339675.1_ASM2633967v1_genomic	Bacteria	Actinomycetota	Actinomycetia	Streptomycetales	Streptomycetaceae	Streptomyces	Streptomyces albidoflavus	Streptomyces albidoflavus NBC_01691
GCA_026339695.1_ASM2633969v1_genomic	Bacteria	Actinomycetota	Actinomycetia	Streptomycetales	Streptomycetaceae	Streptomyces	Streptomyces albidoflavus	Streptomyces albidoflavus NBC_01670
GCA_026339705.1_ASM2633970v1_genomic	Bacteria	Actinomycetota	Actinomycetia	Streptomycetales	Streptomycetaceae	Streptomyces	Streptomyces cellulosae	Streptomyces cellulosae NBC_01681
GCA_026339735.1_ASM2633973v1_genomic	Bacteria	Actinomycetota	Actinomycetia	Streptomycetales	Streptomycetaceae	Streptomyces	Streptomyces sp.	Streptomyces sp. NBC_01669
GCA_026339775.1_ASM2633977v1_genomic	Bacteria	Actinomycetota	Actinomycetia	Streptomycetales	Streptomycetaceae	Streptomyces	Streptomyces anulatus	Streptomyces anulatus NBC_01645
GCA_026339795.1_ASM2633979v1_genomic	Bacteria	Actinomycetota	Actinomycetia	Streptomycetales	Streptomycetaceae	Streptomyces	Streptomyces anulatus	Streptomyces anulatus NBC_01623
GCA_026339815.1_ASM2633981v1_genomic	Bacteria	Actinomycetota	Actinomycetia	Streptomycetales	Streptomycetaceae	Streptomyces	Streptomyces anulatus	Streptomyces anulatus NBC_01634
GCA_026339835.1_ASM2633983v1_genomic	Bacteria	Actinomycetota	Actinomycetia	Streptomycetales	Streptomycetaceae	Streptomyces	Streptomyces sp.	Streptomyces sp. NBC_01619
GCA_026339875.1_ASM2633987v1_genomic	Bacteria	Actinomycetota	Actinomycetia	Streptomycetales	Streptomycetaceae	Streptomyces	Streptomyces sp.	Streptomyces sp. NBC_01571
GCA_026339895.1_ASM2633989v1_genomic	Bacteria	Actinomycetota	Actinomycetia	Streptomycetales	Streptomycetaceae	Streptomyces	Streptomyces albogriseolus	Streptomyces albogriseolus NBC_01548
GCA_026339915.1_ASM2633991v1_genomic	Bacteria	Actinomycetota	Actinomycetia	Streptomycetales	Streptomycetaceae	Streptomyces	Streptomyces sp.	Streptomyces sp. NBC_01565
GCA_026339935.1_ASM2633993v1_genomic	Bacteria	Actinomycetota	Actinomycetia	Streptomycetales	Streptomycetaceae	Streptomyces	Streptomyces sp.	Streptomyces sp. NBC_01551
GCA_026339955.1_ASM2633995v1_genomic	Bacteria	Actinomycetota	Actinomycetia	Streptomycetales	Streptomycetaceae	Streptomyces	Streptomyces sp.	Streptomyces sp. NBC_01549
GCA_026339975.1_ASM2633997v1_genomic	Bacteria	Actinomycetota	Actinomycetia	Streptomycetales	Streptomycetaceae	Streptomyces	Streptomyces sp940670765	Streptomyces sp. NBC_01500
GCA_026339995.1_ASM2633999v1_genomic	Bacteria	Actinomycetota	Actinomycetia	Streptomycetales	Streptomycetaceae	Streptomyces	Streptomyces sp.	Streptomyces sp. NBC_01481
GCA_026340005.1_ASM2634000v1_genomic	Bacteria	Actinomycetota	Actinomycetia	Streptomycetales	Streptomycetaceae	Streptomyces	Streptomyces mirabilis	Streptomyces mirabilis NBC_01472
GCA_026340025.1_ASM2634002v1_genomic	Bacteria	Actinomycetota	Actinomycetia	Streptomycetales	Streptomycetaceae	Streptomyces	Streptomyces albogriseolus	Streptomyces albogriseolus NBC_01458
GCA_026340055.1_ASM2634005v1_genomic	Bacteria	Actinomycetota	Actinomycetia	Streptomycetales	Streptomycetaceae	Streptomyces	Streptomyces anulatus	Streptomyces anulatus NBC_01464
GCA_026340075.1_ASM2634007v1_genomic	Bacteria	Actinomycetota	Actinomycetia	Streptomycetales	Streptomycetaceae	Streptomyces	Streptomyces sp.	Streptomyces sp. NBC_01443
GCA_026340095.1_ASM2634009v1_genomic	Bacteria	Actinomycetota	Actinomycetia	Streptomycetales	Streptomycetaceae	Streptomyces	Streptomyces sp.	Streptomyces sp. NBC_01446
GCA_026340105.1_ASM2634010v1_genomic	Bacteria	Actinomycetota	Actinomycetia	Streptomycetales	Streptomycetaceae	Streptomyces	Streptomyces sp001905125	Streptomyces sp. NBC_01433
GCA_026340135.1_ASM2634013v1_genomic	Bacteria	Actinomycetota	Actinomycetia	Streptomycetales	Streptomycetaceae	Streptomyces	Streptomyces microflavus	Streptomyces microflavus NBC_01424
GCA_026340175.1_ASM2634017v1_genomic	Bacteria	Actinomycetota	Actinomycetia	Streptomycetales	Streptomycetaceae	Streptomyces	Streptomyces platensis	Streptomyces platensis NBC_01457
GCA_026340255.1_ASM2634025v1_genomic	Bacteria	Actinomycetota	Actinomycetia	Streptomycetales	Streptomycetaceae	Streptomyces	Streptomyces sp.	Streptomyces sp. NBC_01408
GCA_026340265.1_ASM2634026v1_genomic	Bacteria	Actinomycetota	Actinomycetia	Streptomycetales	Streptomycetaceae	Kitasatospora	Kitasatospora purpeofusca	Kitasatospora purpeofusca NBC_01416
GCA_026340285.1_ASM2634028v1_genomic	Bacteria	Actinomycetota	Actinomycetia	Streptomycetales	Streptomycetaceae	Streptomyces	Streptomyces uncialis	Streptomyces uncialis NBC_01379
GCA_026340305.1_ASM2634030v1_genomic	Bacteria	Actinomycetota	Actinomycetia	Streptomycetales	Streptomycetaceae	Streptomyces	Streptomyces sp.	Streptomyces sp. NBC_01381
GCA_026340395.1_ASM2634039v1_genomic	Bacteria	Actinomycetota	Actinomycetia	Streptomycetales	Streptomycetaceae	Streptomyces	Streptomyces sp.	Streptomyces sp. NBC_01373
GCA_026340455.1_ASM2634045v1_genomic	Bacteria	Actinomycetota	Actinomycetia	Streptomycetales	Streptomycetaceae	Streptomyces	Streptomyces fimicarius	Streptomyces griseus NBC_01345
GCA_026340465.1_ASM2634046v1_genomic	Bacteria	Actinomycetota	Actinomycetia	Streptomycetales	Streptomycetaceae	Streptomyces	Streptomyces sp.	Streptomyces sp. NBC_01306
GCA_026340475.1_ASM2634047v1_genomic	Bacteria	Actinomycetota	Actinomycetia	Streptomycetales	Streptomycetaceae	Streptomyces	Streptomyces virginiae_A	Streptomyces virginiae NBC_01311
GCA_026340565.1_ASM2634056v1_genomic	Bacteria	Actinomycetota	Actinomycetia	Streptomycetales	Streptomycetaceae	Kitasatospora	Kitasatospora sp.	Kitasatospora sp. NBC_01287
GCA_026340595.1_ASM2634059v1_genomic	Bacteria	Actinomycetota	Actinomycetia	Streptomycetales	Streptomycetaceae	Streptomyces	Streptomyces sp.	Streptomyces sp. NBC_01363
GCA_026340655.1_ASM2634065v1_genomic	Bacteria	Actinomycetota	Actinomycetia	Streptomycetales	Streptomycetaceae	Streptomyces	Streptomyces sp.	Streptomyces sp. NBC_01275
GCA_026340665.1_ASM2634066v1_genomic	Bacteria	Actinomycetota	Actinomycetia	Streptomycetales	Streptomycetaceae	Streptomyces	Streptomyces antibioticus_B	Streptomyces antibioticus NBC_01273
GCA_026340675.1_ASM2634067v1_genomic	Bacteria	Actinomycetota	Actinomycetia	Streptomycetales	Streptomycetaceae	Streptomyces	Streptomyces sp.	Streptomyces sp. NBC_01264
GCA_026340775.1_ASM2634077v1_genomic	Bacteria	Actinomycetota	Actinomycetia	Streptomycetales	Streptomycetaceae	Kitasatospora	Kitasatospora purpeofusca	Kitasatospora purpeofusca NBC_01263
GCA_026340815.1_ASM2634081v1_genomic	Bacteria	Actinomycetota	Actinomycetia	Streptomycetales	Streptomycetaceae	Streptomyces	Streptomyces sp016893485	Streptomyces sp. NBC_01239
GCA_026340825.1_ASM2634082v1_genomic	Bacteria	Actinomycetota	Actinomycetia	Streptomycetales	Streptomycetaceae	Streptomyces	Streptomyces laculatispora	Streptomyces sp. NBC_01285
GCA_026340885.1_ASM2634088v1_genomic	Bacteria	Actinomycetota	Actinomycetia	Streptomycetales	Streptomycetaceae	Streptomyces	Streptomyces sp.	Streptomyces sp. NBC_01242
GCA_026340925.1_ASM2634092v1_genomic	Bacteria	Actinomycetota	Actinomycetia	Streptomycetales	Streptomycetaceae	Streptomyces	Streptomyces sp.	Streptomyces sp. NBC_01221
GCA_026340975.1_ASM2634097v1_genomic	Bacteria	Actinomycetota	Actinomycetia	Streptomycetales	Streptomycetaceae	Streptomyces	Streptomyces sp.	Streptomyces sp. NBC_01214
GCA_026341035.1_ASM2634103v1_genomic	Bacteria	Actinomycetota	Actinomycetia	Streptomycetales	Streptomycetaceae	Streptomyces	Streptomyces sp.	Streptomyces sp. NBC_01016
GCA_026341115.1_ASM2634111v1_genomic	Bacteria	Actinomycetota	Actinomycetia	Streptomycetales	Streptomycetaceae	Streptomyces	Streptomyces sp003846175	Streptomyces sp. NBC_00906
GCA_026341125.1_ASM2634112v1_genomic	Bacteria	Actinomycetota	Actinomycetia	Streptomycetales	Streptomycetaceae	Streptomyces	Streptomyces sp.	Streptomyces sp. NBC_01142
GCA_026341135.1_ASM2634113v1_genomic	Bacteria	Actinomycetota	Actinomycetia	Streptomycetales	Streptomycetaceae	Streptomyces	Streptomyces canus	Streptomyces canus NBC_00994
GCA_026341275.1_ASM2634127v1_genomic	Bacteria	Actinomycetota	Actinomycetia	Streptomycetales	Streptomycetaceae	Streptomyces	Streptomyces sp.	Streptomyces ortus A15ISP2-DRY2
GCA_026341295.1_ASM2634129v1_genomic	Bacteria	Actinomycetota	Actinomycetia	Streptomycetales	Streptomycetaceae	Streptomyces	Streptomyces sp003846175	Streptomyces sp. NBC_00893
GCA_026341425.1_ASM2634142v1_genomic	Bacteria	Actinomycetota	Actinomycetia	Streptomycetales	Streptomycetaceae	Streptomyces	Streptomyces albidoflavus	Streptomyces sp. FT1
GCA_026341515.1_ASM2634151v1_genomic	Bacteria	Actinomycetota	Actinomycetia	Streptomycetales	Streptomycetaceae	Streptomyces	Streptomyces sp.	Streptomyces sp. NBC_00878
GCA_026341545.1_ASM2634154v1_genomic	Bacteria	Actinomycetota	Actinomycetia	Streptomycetales	Streptomycetaceae	Streptomyces	Streptomyces sp003846175	Streptomyces sp. NBC_00892
GCA_026341595.1_ASM2634159v1_genomic	Bacteria	Actinomycetota	Actinomycetia	Streptomycetales	Streptomycetaceae	Streptomyces	Streptomyces sp.	Streptomyces sp. NBC_00847
GCA_026341695.1_ASM2634169v1_genomic	Bacteria	Actinomycetota	Actinomycetia	Streptomycetales	Streptomycetaceae	Streptomyces	Streptomyces sp002078175	Streptomyces sp. NBC_00687
GCA_026341715.1_ASM2634171v1_genomic	Bacteria	Actinomycetota	Actinomycetia	Streptomycetales	Streptomycetaceae	Streptomyces	Streptomyces virginiae_A	Streptomyces virginiae NBC_00640
GCA_026341775.1_ASM2634177v1_genomic	Bacteria	Actinomycetota	Actinomycetia	Streptomycetales	Streptomycetaceae	Streptomyces	Streptomyces sp.	Streptomyces sp. NBC_00654
GCA_026341795.1_ASM2634179v1_genomic	Bacteria	Actinomycetota	Actinomycetia	Streptomycetales	Streptomycetaceae	Streptomyces	Streptomyces sp.	Streptomyces sp. NBC_00638
GCA_026341815.1_ASM2634181v1_genomic	Bacteria	Actinomycetota	Actinomycetia	Streptomycetales	Streptomycetaceae	Streptomyces	Streptomyces sp.	Streptomyces sp. NBC_00572
GCA_026341825.1_ASM2634182v1_genomic	Bacteria	Actinomycetota	Actinomycetia	Streptomycetales	Streptomycetaceae	Streptomyces	Streptomyces sp.	Streptomyces sp. NBC_00620
GCA_026341855.1_ASM2634185v1_genomic	Bacteria	Actinomycetota	Actinomycetia	Streptomycetales	Streptomycetaceae	Streptomyces	Streptomyces sp.	Streptomyces sp. NBC_00568
GCA_026341875.1_ASM2634187v1_genomic	Bacteria	Actinomycetota	Actinomycetia	Streptomycetales	Streptomycetaceae	Streptomyces	Streptomyces sp018614155	Streptomyces sp. NBC_00555
GCA_026341895.1_ASM2634189v1_genomic	Bacteria	Actinomycetota	Actinomycetia	Streptomycetales	Streptomycetaceae	Streptomyces	Streptomyces longwoodensis	Streptomyces longwoodensis NBC_00534
GCA_026341945.1_ASM2634194v1_genomic	Bacteria	Actinomycetota	Actinomycetia	Streptomycetales	Streptomycetaceae	Streptomyces	Streptomyces coelicoflavus	Streptomyces coelicoflavus NBC_00465
GCA_026341955.1_ASM2634195v1_genomic	Bacteria	Actinomycetota	Actinomycetia	Streptomycetales	Streptomycetaceae	Streptomyces	Streptomyces sp.	Streptomyces sp. NBC_00474
GCA_026341995.1_ASM2634199v1_genomic	Bacteria	Actinomycetota	Actinomycetia	Streptomycetales	Streptomycetaceae	Streptomyces	Streptomyces sp.	Streptomyces sp. NBC_00452
GCA_026342055.1_ASM2634205v1_genomic	Bacteria	Actinomycetota	Actinomycetia	Streptomycetales	Streptomycetaceae	Streptomyces	Streptomyces sp003846175	Streptomyces sp. NBC_00439
GCA_026342075.1_ASM2634207v1_genomic	Bacteria	Actinomycetota	Actinomycetia	Streptomycetales	Streptomycetaceae	Streptomyces	Streptomyces sp003403055	Streptomyces sp. NBC_00401
GCA_026342085.1_ASM2634208v1_genomic	Bacteria	Actinomycetota	Actinomycetia	Streptomycetales	Streptomycetaceae	Streptomyces	Streptomyces sp001279725	Streptomyces sp. NBC_00424
GCA_026342115.1_ASM2634211v1_genomic	Bacteria	Actinomycetota	Actinomycetia	Streptomycetales	Streptomycetaceae	Streptomyces	Streptomyces sp.	Streptomyces sp. NBC_00378
GCA_026342135.1_ASM2634213v1_genomic	Bacteria	Actinomycetota	Actinomycetia	Streptomycetales	Streptomycetaceae	Streptomyces	Streptomyces sp.	Streptomyces sp. NBC_00365
GCA_026342175.1_ASM2634217v1_genomic	Bacteria	Actinomycetota	Actinomycetia	Streptomycetales	Streptomycetaceae	Streptomyces	Streptomyces sp.	Streptomyces sp. NBC_00347
GCA_026342195.1_ASM2634219v1_genomic	Bacteria	Actinomycetota	Actinomycetia	Streptomycetales	Streptomycetaceae	Streptomyces	Streptomyces sp.	Streptomyces sp. NBC_00338
GCA_026342205.1_ASM2634220v1_genomic	Bacteria	Actinomycetota	Actinomycetia	Streptomycetales	Streptomycetaceae	Streptomyces	Streptomyces sp002078175	Streptomyces sp. NBC_00340
GCA_026342235.1_ASM2634223v1_genomic	Bacteria	Actinomycetota	Actinomycetia	Streptomycetales	Streptomycetaceae	Streptomyces	Streptomyces sp.	Streptomyces sp. NBC_00320
GCA_026342255.1_ASM2634225v1_genomic	Bacteria	Actinomycetota	Actinomycetia	Streptomycetales	Streptomycetaceae	Streptomyces	Streptomyces sp001279725	Streptomyces sp. NBC_00291
GCA_026342275.1_ASM2634227v1_genomic	Bacteria	Actinomycetota	Actinomycetia	Streptomycetales	Streptomycetaceae	Streptomyces	Streptomyces sp003846175	Streptomyces sp. NBC_00305
GCA_026342285.1_ASM2634228v1_genomic	Bacteria	Actinomycetota	Actinomycetia	Streptomycetales	Streptomycetaceae	Streptomyces	Streptomyces virginiae_A	Streptomyces virginiae NBC_00276
GCA_026342305.1_ASM2634230v1_genomic	Bacteria	Actinomycetota	Actinomycetia	Streptomycetales	Streptomycetaceae	Streptomyces	Streptomyces antibioticus_B	Streptomyces antibioticus NBC_00282
GCA_026342335.1_ASM2634233v1_genomic	Bacteria	Actinomycetota	Actinomycetia	Streptomycetales	Streptomycetaceae	Streptomyces	Streptomyces sp.	Streptomyces sp. NBC_00268
GCA_026342355.1_ASM2634235v1_genomic	Bacteria	Actinomycetota	Actinomycetia	Streptomycetales	Streptomycetaceae	Streptomyces	Streptomyces sp.	Streptomyces sp. NBC_00249
GCA_026342365.1_ASM2634236v1_genomic	Bacteria	Actinomycetota	Actinomycetia	Streptomycetales	Streptomycetaceae	Streptomyces	Streptomyces sp003846175	Streptomyces sp. NBC_00264
GCA_026342395.1_ASM2634239v1_genomic	Bacteria	Actinomycetota	Actinomycetia	Streptomycetales	Streptomycetaceae	Streptomyces	Streptomyces prunicolor	Streptomyces prunicolor NBC_00263
GCA_026342405.1_ASM2634240v1_genomic	Bacteria	Actinomycetota	Actinomycetia	Streptomycetales	Streptomycetaceae	Kitasatospora	Kitasatospora sp.	Kitasatospora sp. NBC_00240
GCA_026342435.1_ASM2634243v1_genomic	Bacteria	Actinomycetota	Actinomycetia	Streptomycetales	Streptomycetaceae	Streptomyces	Streptomyces sp.	Streptomyces sp. NBC_00237
GCA_026342455.1_ASM2634245v1_genomic	Bacteria	Actinomycetota	Actinomycetia	Streptomycetales	Streptomycetaceae	Streptomyces	Streptomyces canus	Streptomyces canus NBC_00231
GCA_026342475.1_ASM2634247v1_genomic	Bacteria	Actinomycetota	Actinomycetia	Streptomycetales	Streptomycetaceae	Streptomyces	Streptomyces virginiae_A	Streptomyces virginiae NBC_00227
GCA_026342495.1_ASM2634249v1_genomic	Bacteria	Actinomycetota	Actinomycetia	Streptomycetales	Streptomycetaceae	Streptomyces	Streptomyces sp014451325	Streptomyces sp. NBC_00233
GCA_026342575.1_ASM2634257v1_genomic	Bacteria	Actinomycetota	Actinomycetia	Streptomycetales	Streptomycetaceae	Streptomyces	Streptomyces sp002078175	Streptomyces sp. NBC_00198
GCA_026342595.1_ASM2634259v1_genomic	Bacteria	Actinomycetota	Actinomycetia	Streptomycetales	Streptomycetaceae	Streptomyces	Streptomyces sp.	Streptomyces sp. NBC_00201
GCA_026342605.1_ASM2634260v1_genomic	Bacteria	Actinomycetota	Actinomycetia	Streptomycetales	Streptomycetaceae	Streptomyces	Streptomyces sp001428885	Streptomyces sp. NBC_00199
GCA_026342695.1_ASM2634269v1_genomic	Bacteria	Actinomycetota	Actinomycetia	Streptomycetales	Streptomycetaceae	Streptomyces	Streptomyces sp.	Streptomyces sp. NBC_00183
GCA_026342735.1_ASM2634273v1_genomic	Bacteria	Actinomycetota	Actinomycetia	Streptomycetales	Streptomycetaceae	Streptomyces	Streptomyces sp.	Streptomyces sp. NBC_00193
GCA_026342745.1_ASM2634274v1_genomic	Bacteria	Actinomycetota	Actinomycetia	Streptomycetales	Streptomycetaceae	Streptomyces	Streptomyces mirabilis	Streptomyces mirabilis NBC_00174
GCA_026342795.1_ASM2634279v1_genomic	Bacteria	Actinomycetota	Actinomycetia	Streptomycetales	Streptomycetaceae	Streptomyces	Streptomyces spororaveus	Streptomyces sp. NBC_00160
GCA_026342835.1_ASM2634283v1_genomic	Bacteria	Actinomycetota	Actinomycetia	Streptomycetales	Streptomycetaceae	Streptomyces	Streptomyces sp.	Streptomyces sp. NBC_00154
GCA_026342895.1_ASM2634289v1_genomic	Bacteria	Actinomycetota	Actinomycetia	Streptomycetales	Streptomycetaceae	Streptomyces	Streptomyces atratus	Streptomyces atratus NBC_00141
GCA_026342945.1_ASM2634294v1_genomic	Bacteria	Actinomycetota	Actinomycetia	Streptomycetales	Streptomycetaceae	Streptomyces	Streptomyces sp000972385	Streptomyces sp. NBC_00124
GCA_026342975.1_ASM2634297v1_genomic	Bacteria	Actinomycetota	Actinomycetia	Streptomycetales	Streptomycetaceae	Streptomyces	Streptomyces sp000972385	Streptomyces sp. NBC_00140
GCA_026343035.1_ASM2634303v1_genomic	Bacteria	Actinomycetota	Actinomycetia	Streptomycetales	Streptomycetaceae	Streptomyces	Streptomyces sp001298545	Streptomyces sp. NBC_00103
GCA_026343055.1_ASM2634305v1_genomic	Bacteria	Actinomycetota	Actinomycetia	Streptomycetales	Streptomycetaceae	Streptomyces	Streptomyces sp.	Streptomyces sp. NBC_00120
GCA_026343115.1_ASM2634311v1_genomic	Bacteria	Actinomycetota	Actinomycetia	Streptomycetales	Streptomycetaceae	Streptomyces	Streptomyces sp.	Streptomyces sp. NBC_00102
GCA_026343125.1_ASM2634312v1_genomic	Bacteria	Actinomycetota	Actinomycetia	Streptomycetales	Streptomycetaceae	Streptomyces	Streptomyces sp.	Streptomyces sp. NBC_00094
GCA_026343185.1_ASM2634318v1_genomic	Bacteria	Actinomycetota	Actinomycetia	Streptomycetales	Streptomycetaceae	Streptomyces	Streptomyces sp.	Streptomyces sp. NBC_00091
GCA_026343255.1_ASM2634325v1_genomic	Bacteria	Actinomycetota	Actinomycetia	Streptomycetales	Streptomycetaceae	Streptomyces	Streptomyces sp.	Streptomyces sp. NBC_00086
GCA_026343295.1_ASM2634329v1_genomic	Bacteria	Actinomycetota	Actinomycetia	Streptomycetales	Streptomycetaceae	Streptomyces	Streptomyces sp.	Streptomyces sp. NBC_00083
GCA_026343335.1_ASM2634333v1_genomic	Bacteria	Actinomycetota	Actinomycetia	Streptomycetales	Streptomycetaceae	Streptomyces	Streptomyces sp.	Streptomyces sp. NBC_00078
GCA_026343345.1_ASM2634334v1_genomic	Bacteria	Actinomycetota	Actinomycetia	Streptomycetales	Streptomycetaceae	Streptomyces	Streptomyces sp.	Streptomyces sp. NBC_00063
GCA_026343375.1_ASM2634337v1_genomic	Bacteria	Actinomycetota	Actinomycetia	Streptomycetales	Streptomycetaceae	Streptomyces	Streptomyces sp003846175	Streptomyces sp. NBC_00062
GCA_026343385.1_ASM2634338v1_genomic	Bacteria	Actinomycetota	Actinomycetia	Streptomycetales	Streptomycetaceae	Streptomyces	Streptomyces sp001905505	Streptomyces sp. NBC_00059
GCA_026343435.1_ASM2634343v1_genomic	Bacteria	Actinomycetota	Actinomycetia	Streptomycetales	Streptomycetaceae	Streptomyces	Streptomyces sp003846175	Streptomyces sp. NBC_00052
GCA_026343535.1_ASM2634353v1_genomic	Bacteria	Actinomycetota	Actinomycetia	Streptomycetales	Streptomycetaceae	Streptomyces	Streptomyces sp003846175	Streptomyces sp. NBC_00051
GCA_026343545.1_ASM2634354v1_genomic	Bacteria	Actinomycetota	Actinomycetia	Streptomycetales	Streptomycetaceae	Streptomyces	Streptomyces sp018614155	Streptomyces sp. NBC_00047
GCA_026343615.1_ASM2634361v1_genomic	Bacteria	Actinomycetota	Actinomycetia	Streptomycetales	Streptomycetaceae	Streptomyces	Streptomyces phaeochromogenes	Streptomyces phaeochromogenes NBC_00034
GCA_026343635.1_ASM2634363v1_genomic	Bacteria	Actinomycetota	Actinomycetia	Streptomycetales	Streptomycetaceae	Streptomyces	Streptomyces sp.	Streptomyces sp. NBC_00038
GCA_026343645.1_ASM2634364v1_genomic	Bacteria	Actinomycetota	Actinomycetia	Streptomycetales	Streptomycetaceae	Streptomyces	Streptomyces erythrochromogenes_A	Streptomyces erythrochromogenes NBC_00026
GCA_026343715.1_ASM2634371v1_genomic	Bacteria	Actinomycetota	Actinomycetia	Streptomycetales	Streptomycetaceae	Streptomyces	Streptomyces bobili	Streptomyces bobili NBC_00018
GCA_026343795.1_ASM2634379v1_genomic	Bacteria	Actinomycetota	Actinomycetia	Streptomycetales	Streptomycetaceae	Streptomyces	Streptomyces sp.	Streptomyces sp. NBC_00006
GCA_026344195.1_ASM2634419v1_genomic	Bacteria	Actinomycetota	Actinomycetia	Streptomycetales	Streptomycetaceae	Streptomyces	Streptomyces libani	Streptomyces libani NEAU-BS7
GCA_026420845.1_ASM2642084v1_genomic	Bacteria	Actinomycetota	Actinomycetia	Streptomycetales	Streptomycetaceae	Streptomyces	Streptomyces sp.	Streptomyces sp. PR69
GCA_026427415.1_ASM2642741v1_genomic	Bacteria	Actinomycetota	Actinomycetia	Streptomycetales	Streptomycetaceae	Streptomyces	Streptomyces tanashiensis	Streptomyces tanashiensis Kala
GCA_026614415.1_ASM2661441v1_genomic	Bacteria	Actinomycetota	Actinomycetia	Streptomycetales	Carbonactinosporaceae	Carbonactinospora	Carbonactinospora thermoautotrophica	Carbonactinospora thermoautotrophica C
GCA_026622885.1_ASM2662288v1_genomic	Bacteria	Actinomycetota	Actinomycetia	Streptomycetales	Streptomycetaceae	Streptomyces	Streptomyces ardesiacus	Streptomyces sp. CoH17
GCA_026626005.1_ASM2662600v1_genomic	Bacteria	Actinomycetota	Actinomycetia	Streptomycetales	Streptomycetaceae	Streptomyces	Streptomyces albidoflavus	Streptomyces sp. NA13
GCA_026627185.1_ASM2662718v1_genomic	Bacteria	Actinomycetota	Actinomycetia	Streptomycetales	Streptomycetaceae	Streptomyces	Streptomyces sp.	Streptomyces sp. H34-AA3
GCA_026627225.1_ASM2662722v1_genomic	Bacteria	Actinomycetota	Actinomycetia	Streptomycetales	Streptomycetaceae	Streptomyces	Streptomyces tirandamycinicus	Streptomyces tirandamycinicus MCCB 246
GCA_026627245.1_ASM2662724v1_genomic	Bacteria	Actinomycetota	Actinomycetia	Streptomycetales	Streptomycetaceae	Streptomyces	Streptomyces sp.	Streptomyces sp. H34-S4
GCA_026627255.1_ASM2662725v1_genomic	Bacteria	Actinomycetota	Actinomycetia	Streptomycetales	Streptomycetaceae	Streptomyces	Streptomyces sp.	Streptomyces sp. H27-S2
GCA_026627445.1_ASM2662744v1_genomic	Bacteria	Actinomycetota	Actinomycetia	Streptomycetales	Streptomycetaceae	Streptomyces	Streptomyces sp.	Streptomyces sp. H27-H1
GCA_026627485.1_ASM2662748v1_genomic	Bacteria	Actinomycetota	Actinomycetia	Streptomycetales	Streptomycetaceae	Streptomyces	Streptomyces sp001279725	Streptomyces sp. H27-G5
GCA_026627505.1_ASM2662750v1_genomic	Bacteria	Actinomycetota	Actinomycetia	Streptomycetales	Streptomycetaceae	Streptomyces	Streptomyces sp001279725	Streptomyces sp. H27-H5
GCA_026635925.1_ASM2663592v1_genomic	Bacteria	Actinomycetota	Actinomycetia	Streptomycetales	Streptomycetaceae	Streptomyces	Streptomyces albidoflavus	Streptomyces albidoflavus J1074_D14
GCA_026636035.1_ASM2663603v1_genomic	Bacteria	Actinomycetota	Actinomycetia	Streptomycetales	Streptomycetaceae	Streptomyces	Streptomyces albidoflavus	Streptomyces albidoflavus J1074_D14 4N24
GCA_026642235.1_ASM2664223v1_genomic	Bacteria	Actinomycetota	Actinomycetia	Streptomycetales	Streptomycetaceae	Streptomyces	Streptomyces bacillaris	Streptomyces cavourensis NA4
GCA_026651955.1_ASM2665195v1_genomic	Bacteria	Actinomycetota	Actinomycetia	Streptomycetales	Streptomycetaceae	Streptomyces	Streptomyces griseoincarnatus	Streptomyces sp. EMB24
GCA_026672355.1_ASM2667235v1_genomic	Bacteria	Actinomycetota	Actinomycetia	Streptomycetales	Streptomycetaceae	Streptomyces	Streptomyces papulosus	Streptomyces sp. SL203
GCA_026672605.1_ASM2667260v1_genomic	Bacteria	Actinomycetota	Actinomycetia	Streptomycetales	Streptomycetaceae	Streptomyces	Streptomyces papulosus	Streptomyces sp. SL294
GCA_026800165.1_ASM2680016v1_genomic	Bacteria	Actinomycetota	Actinomycetia	Streptomycetales	Streptomycetaceae	Streptomyces	Streptomyces achromogenes	Streptomyces sp. UMAF16
GCA_026802215.1_ASM2680221v1_genomic	Bacteria	Actinomycetota	Actinomycetia	Streptomycetales	Streptomycetaceae	Kitasatospora	Kitasatospora cineracea	Kitasatospora sp. YST-16
GCA_026810505.1_ASM2681050v1_genomic	Bacteria	Actinomycetota	Actinomycetia	Streptomycetales	Streptomycetaceae	Streptomyces	Streptomyces sp.	Streptomyces sp. Je 1-369
GCA_026898115.1_ASM2689811v1_genomic	Bacteria	Actinomycetota	Actinomycetia	Streptomycetales	Streptomycetaceae	Streptomyces	Streptomyces sp.	Streptomyces sp. S465
GCA_026913025.1_ASM2691302v1_genomic	Bacteria	Actinomycetota	Actinomycetia	Streptomycetales	Streptomycetaceae	Streptomyces	Streptomyces lydicus_C	Streptomyces lydicus ATCC 31975
GCA_026913145.1_ASM2691314v1_genomic	Bacteria	Actinomycetota	Actinomycetia	Streptomycetales	Streptomycetaceae	Streptomyces	Streptomyces mirabilis	Streptomyces mirabilis ATCC 31561
GCA_026913165.1_ASM2691316v1_genomic	Bacteria	Actinomycetota	Actinomycetia	Streptomycetales	Streptomycetaceae	Streptomyces	Streptomyces noursei	Streptomyces noursei ATCC 12757
GCA_026913185.1_ASM2691318v1_genomic	Bacteria	Actinomycetota	Actinomycetia	Streptomycetales	Streptomycetaceae	Streptomyces	Streptomyces noursei	Streptomyces noursei ATCC 11455a
GCA_026913245.1_ASM2691324v1_genomic	Bacteria	Actinomycetota	Actinomycetia	Streptomycetales	Streptomycetaceae	Streptomyces	Streptomyces diastatochromogenes	Streptomyces diastatochromogenes ATCC 23862
GCA_026965885.1_ASM2696588v1_genomic	Bacteria	Actinomycetota	Actinomycetia	Streptomycetales	Streptomycetaceae	SCUT-3	SCUT-3 sp014083985	Streptomyces sp. HB2AG
GCA_027107535.1_ASM2710753v1_genomic	Bacteria	Actinomycetota	Actinomycetia	Streptomycetales	Streptomycetaceae	Streptomyces	Streptomyces sp019090165	Streptomyces aurantiacus Qhu-M197
GCA_027157945.1_ASM2715794v1_genomic	Bacteria	Actinomycetota	Actinomycetia	Streptomycetales	Streptomycetaceae	Streptomyces	Streptomyces sp.	Streptomyces sp. H34-S5
GCA_027158125.1_ASM2715812v1_genomic	Bacteria	Actinomycetota	Actinomycetia	Streptomycetales	Streptomycetaceae	Streptomyces	Streptomyces fildesensis	Streptomyces sp. H39-C1
GCA_027158205.1_ASM2715820v1_genomic	Bacteria	Actinomycetota	Actinomycetia	Streptomycetales	Streptomycetaceae	Streptomyces	Streptomyces sp.	Streptomyces sp. H39-S7
GCA_027270315.1_ASM2727031v1_genomic	Bacteria	Actinomycetota	Actinomycetia	Streptomycetales	Streptomycetaceae	Streptomyces	Streptomyces cinnabarinus	Streptomyces cinnabarinus DSM 40467
GCA_027270795.1_ASM2727079v1_genomic	Bacteria	Actinomycetota	Actinomycetia	Streptomycetales	Streptomycetaceae	Streptomyces	Streptomyces phaeochromogenes	Streptomyces sp. ActVer
GCA_027270915.1_ASM2727091v1_genomic	Bacteria	Actinomycetota	Actinomycetia	Streptomycetales	Streptomycetaceae	Streptomyces	Streptomyces chartreusis	Streptomyces sp. Lzd4kr
GCA_027270975.1_ASM2727097v1_genomic	Bacteria	Actinomycetota	Actinomycetia	Streptomycetales	Streptomycetaceae	Streptomyces	Streptomyces anthocyanicus	Streptomyces rubrogriseus IPS92ro
GCA_027460205.1_ASM2746020v1_genomic	Bacteria	Actinomycetota	Actinomycetia	Streptomycetales	Streptomycetaceae	Streptomyces	Streptomyces sp019303475	Streptomyces sp. WMMC897
GCA_027460245.1_ASM2746024v1_genomic	Bacteria	Actinomycetota	Actinomycetia	Streptomycetales	Streptomycetaceae	Streptomyces	Streptomyces sp019303475	Streptomyces sp. WMMC1477
GCA_027460265.1_ASM2746026v1_genomic	Bacteria	Actinomycetota	Actinomycetia	Streptomycetales	Streptomycetaceae	Streptomyces	Streptomyces sp.	Streptomyces sp. WMMC940
GCA_027497195.1_ASM2749719v1_genomic	Bacteria	Actinomycetota	Actinomycetia	Streptomycetales	Streptomycetaceae	Streptomyces	Streptomyces sp.	Streptomyces sp. WMMC500
GCA_027497475.1_ASM2749747v1_genomic	Bacteria	Actinomycetota	Actinomycetia	Streptomycetales	Streptomycetaceae	Streptomyces	Streptomyces libani	Streptomyces libani subsp. libani
GCA_027497495.1_ASM2749749v1_genomic	Bacteria	Actinomycetota	Actinomycetia	Streptomycetales	Streptomycetaceae	Streptomyces	Streptomyces tubercidicus	Streptomyces tubercidicus DSM 40261
GCA_027533845.1_ASM2753384v1_genomic	Bacteria	Actinomycetota	Actinomycetia	Streptomycetales	Streptomycetaceae	Streptomyces	Streptomyces sp.	Streptomyces sp. RPT161
GCA_027570385.1_ASM2757038v1_genomic	Bacteria	Actinomycetota	Actinomycetia	Streptomycetales	Streptomycetaceae	Streptomyces	Streptomyces mutabilis	Streptomyces mutabilis TRM76172
GCA_027625935.1_ASM2762593v1_genomic	Bacteria	Actinomycetota	Actinomycetia	Streptomycetales	Streptomycetaceae	Streptomyces	Streptomyces sp020181035	Streptomyces camelliae HUAS 2-6
GCA_027626975.1_ASM2762697v1_genomic	Bacteria	Actinomycetota	Actinomycetia	Streptomycetales	Streptomycetaceae	Streptomyces	Streptomyces libani	Streptomyces nigrescens DSM 40276
GCA_027627435.1_ASM2762743v1_genomic	Bacteria	Actinomycetota	Actinomycetia	Streptomycetales	Streptomycetaceae	Kitasatospora	Kitasatospora sp.	Kitasatospora cathayae HUAS 3-15
GCA_027920075.1_ASM2792007v1_genomic	Bacteria	Actinomycetota	Actinomycetia	Streptomycetales	Streptomycetaceae	Streptomyces	Streptomyces tendae	Streptomyces sp. AD681
GCA_027921905.1_ASM2792190v1_genomic	Bacteria	Actinomycetota	Actinomycetia	Streptomycetales	Streptomycetaceae	Streptomyces	Streptomyces poonensis	Streptomyces poonensis VKM Ac-1715
GCA_027925645.1_ASM2792564v1_genomic	Bacteria	Actinomycetota	Actinomycetia	Streptomycetales	Streptomycetaceae	Streptomyces	Streptomyces olivaceus	Streptomyces olivaceus DC10-5
GCA_027925665.1_ASM2792566v1_genomic	Bacteria	Actinomycetota	Actinomycetia	Streptomycetales	Streptomycetaceae	Streptomyces	Streptomyces olivaceus	Streptomyces olivaceus N11-26
GCA_027942015.1_ASM2794201v1_genomic	Bacteria	Actinomycetota	Actinomycetia	Streptomycetales	Streptomycetaceae	Streptomyces	Streptomyces goshikiensis	Streptomyces goshikiensis CGMCC 4.1796
GCA_027947595.1_ASM2794759v1_genomic	Bacteria	Actinomycetota	Actinomycetia	Streptomycetales	Streptomycetaceae	Streptomyces	Streptomyces sp.	Streptomyces lienomycini DSM 41475
GCA_028198125.1_ASM2819812v1_genomic	Bacteria	Actinomycetota	Actinomycetia	Streptomycetales	Streptomycetaceae	Streptomyces	Streptomyces chartreusis	Streptomyces sp. HUAS 31
GCA_028200735.1_ASM2820073v1_genomic	Bacteria	Actinomycetota	Actinomycetia	Streptomycetales	Streptomycetaceae	Streptomyces	Streptomyces sp.	Streptomyces sp. ACA25
GCA_028369295.1_ASM2836929v1_genomic	Bacteria	Actinomycetota	Actinomycetia	Streptomycetales	Streptomycetaceae	Streptomyces	Streptomyces sp013362785	Streptomyces sp. HD
GCA_028401405.1_ASM2840140v1_genomic	Bacteria	Actinomycetota	Actinomycetia	Streptomycetales	Streptomycetaceae	Streptomyces	Streptomyces sp009857135	Streptomyces heilongjiangensis NEAU-W2
GCA_028401765.1_ASM2840176v1_genomic	Bacteria	Actinomycetota	Actinomycetia	Streptomycetales	Streptomycetaceae	Streptomyces	Streptomyces sp006715395	Streptomyces gilvifuscus T113
GCA_028421465.1_ASM2842146v1_genomic	Bacteria	Actinomycetota	Actinomycetia	Streptomycetales	Streptomycetaceae	Streptomyces	Streptomyces xanthophaeus	Streptomyces xanthophaeus KPP03845
GCA_028464045.1_ASM2846404v1_genomic	Bacteria	Actinomycetota	Actinomycetia	Streptomycetales	Streptomycetaceae	Streptomyces	Streptomyces huasconensis	Streptomyces sp. JCM 35825
GCA_028473745.1_ASM2847374v1_genomic	Bacteria	Actinomycetota	Actinomycetia	Streptomycetales	Streptomycetaceae	Streptomyces	Streptomyces sp001905385	Streptomyces sp. M92
GCA_028548515.1_ASM2854851v1_genomic	Bacteria	Actinomycetota	Actinomycetia	Streptomycetales	Streptomycetaceae	Streptomyces	Streptomyces lydicus	Streptomyces lydicus NRRL ISP-5461
GCA_028622875.1_ASM2862287v1_genomic	Bacteria	Actinomycetota	Actinomycetia	Streptomycetales	Streptomycetaceae	Streptomyces	Streptomyces sp002551245	Streptomyces sp. MMBL 11-1
GCA_028657175.1_ASM2865717v1_genomic	Bacteria	Actinomycetota	Actinomycetia	Streptomycetales	Streptomycetaceae	Streptomyces	Streptomyces cocklensis	Actinacidiphila cocklensis DSM 42063
GCA_028747205.1_ASM2874720v1_genomic	Bacteria	Actinomycetota	Actinomycetia	Streptomycetales	Streptomycetaceae	Streptomyces	Streptomyces sp018619185	Streptomyces sp. CA-278952
GCA_028751585.1_ASM2875158v1_genomic	Bacteria	Actinomycetota	Actinomycetia	Streptomycetales	Streptomycetaceae	Streptomyces	Streptomyces eurythermus	Streptomyces lavenduligriseus Tu901
GCA_028751995.1_ASM2875199v1_genomic	Bacteria	Actinomycetota	Actinomycetia	Streptomycetales	Streptomycetaceae	Streptomyces	Streptomyces alfalfae	Streptomyces sp. v-1-3
GCA_028752555.1_ASM2875255v1_genomic	Bacteria	Actinomycetota	Actinomycetia	Streptomycetales	Streptomycetaceae	Streptomyces	Streptomyces clavuligerus	Streptomyces clavuligerus DSM 738
GCA_028753175.1_ASM2875317v1_genomic	Bacteria	Actinomycetota	Actinomycetia	Streptomycetales	Streptomycetaceae	Streptomyces	Streptomyces murinus	Streptomyces murinus JS029
GCA_028803355.1_ASM2880335v1_genomic	Bacteria	Actinomycetota	Actinomycetia	Streptomycetales	Streptomycetaceae	Streptomyces	Streptomyces sp.	Streptomyces sp. ZAF1911
GCA_028807615.1_ASM2880761v1_genomic	Bacteria	Actinomycetota	Actinomycetia	Streptomycetales	Streptomycetaceae	Streptomyces	Streptomyces sp018614055	Streptomyces spiramyceticus 54-IA
GCA_028807635.1_ASM2880763v1_genomic	Bacteria	Actinomycetota	Actinomycetia	Streptomycetales	Streptomycetaceae	Streptomyces	Streptomyces sp018614055	Streptomyces spiramyceticus F2R-15
GCA_028863365.1_ASM2886336v1_genomic	Bacteria	Actinomycetota	Actinomycetia	Streptomycetales	Streptomycetaceae	Streptomyces	Streptomyces neyagawaensis	Streptomyces neyagawaensis JCM 4796
GCA_028870195.1_ASM2887019v1_genomic	Bacteria	Actinomycetota	Actinomycetia	Streptomycetales	Streptomycetaceae	Streptomyces	Streptomyces libani	Streptomyces sp. G7(2002)
GCA_028885415.1_ASM2888541v1_genomic	Bacteria	Actinomycetota	Actinomycetia	Streptomycetales	Streptomycetaceae	Streptomyces	Streptomyces sp.	Streptomyces coeruleorubidus DM
GCA_028898845.1_ASM2889884v1_genomic	Bacteria	Actinomycetota	Actinomycetia	Streptomycetales	Streptomycetaceae	Streptomyces	Streptomyces sp.	Streptomyces sp. WZ-12
GCA_029011865.1_ASM2901186v1_genomic	Bacteria	Actinomycetota	Actinomycetia	Streptomycetales	Streptomycetaceae	Streptomyces	Streptomyces yunnanensis	Streptomyces yunnanensis P86
GCA_029125965.1_ASM2912596v1_genomic	Bacteria	Actinomycetota	Actinomycetia	Streptomycetales	Streptomycetaceae	Streptomyces	Streptomyces papulosus	Streptomyces sp. KA12
GCA_029167005.1_ASM2916700v1_genomic	Bacteria	Actinomycetota	Actinomycetia	Streptomycetales	Streptomycetaceae	Streptomyces	Streptomyces scabiei	Streptomyces sp. VNUA24
GCA_029167025.1_ASM2916702v1_genomic	Bacteria	Actinomycetota	Actinomycetia	Streptomycetales	Streptomycetaceae	Streptomyces	Streptomyces albulus_C	Streptomyces noursei C27
GCA_029167585.1_ASM2916758v1_genomic	Bacteria	Actinomycetota	Actinomycetia	Streptomycetales	Streptomycetaceae	Streptomyces	Streptomyces sp000213055	Streptomyces sp. AM 3-1-1
GCA_029167625.1_ASM2916762v1_genomic	Bacteria	Actinomycetota	Actinomycetia	Streptomycetales	Streptomycetaceae	Streptomyces	Streptomyces sp.	Streptomyces sp. AM 4-1-1
GCA_029167645.1_ASM2916764v1_genomic	Bacteria	Actinomycetota	Actinomycetia	Streptomycetales	Streptomycetaceae	Streptomyces	Streptomyces sp.	Streptomyces sp. AM 2-1-1
GCA_029223485.1_ASM2922348v1_genomic	Bacteria	Actinomycetota	Actinomycetia	Streptomycetales	Streptomycetaceae	Streptomyces	Streptomyces sp.	Streptomyces coacervatus JCM 17138
GCA_029223525.1_ASM2922352v1_genomic	Bacteria	Actinomycetota	Actinomycetia	Streptomycetales	Streptomycetaceae	Streptomyces	Streptomyces sp.	Streptantibioticus ferralitis JCM 14344
GCA_029269095.1_ASM2926909v1_genomic	Bacteria	Actinomycetota	Actinomycetia	Streptomycetales	Streptomycetaceae	Streptomyces	Streptomyces sp.	Streptomyces sp. T21Q-yed
GCA_029269835.1_ASM2926983v1_genomic	Bacteria	Actinomycetota	Actinomycetia	Streptomycetales	Streptomycetaceae	Streptomyces	Streptomyces sp.	Streptomyces tropicalis K1PA1
GCA_029269905.1_ASM2926990v1_genomic	Bacteria	Actinomycetota	Actinomycetia	Streptomycetales	Streptomycetaceae	Streptomyces	Streptomyces sp.	Streptomyces silvisoli RB6PN23
GCA_029277425.1_ASM2927742v1_genomic	Bacteria	Actinomycetota	Actinomycetia	Streptomycetales	Streptomycetaceae	Streptomyces	Streptomyces avermitilis	Streptomyces avermitilis MA-4680 = NBRC 14893 MA-4680 = NBRC 14893
GCA_029351045.1_ASM2935104v1_genomic	Bacteria	Actinomycetota	Actinomycetia	Streptomycetales	Streptomycetaceae	Streptomyces	Streptomyces sp.	Streptomyces sp. WMMB303
GCA_029392895.1_ASM2939289v1_genomic	Bacteria	Actinomycetota	Actinomycetia	Streptomycetales	Streptomycetaceae	Streptomyces	Streptomyces buecherae	Streptomyces sp. 71268
GCA_029428675.1_ASM2942867v1_genomic	Bacteria	Actinomycetota	Actinomycetia	Streptomycetales	Streptomycetaceae	Streptomyces	Streptomyces sp.	Streptomyces sp. JH14
GCA_029428735.1_ASM2942873v1_genomic	Bacteria	Actinomycetota	Actinomycetia	Streptomycetales	Streptomycetaceae	Streptomyces	Streptomyces papulosus	Streptomyces sp. JH010
GCA_029428875.1_ASM2942887v1_genomic	Bacteria	Actinomycetota	Actinomycetia	Streptomycetales	Streptomycetaceae	Streptomyces	Streptomyces sp.	Streptomyces sp. JH34
GCA_029504405.1_ASM2950440v1_genomic	Bacteria	Actinomycetota	Actinomycetia	Streptomycetales	Streptomycetaceae	Streptomyces	Streptomyces anulatus	Streptomyces sp. HB372
GCA_029504575.1_ASM2950457v1_genomic	Bacteria	Actinomycetota	Actinomycetia	Streptomycetales	Streptomycetaceae	Streptomyces	Streptomyces sp.	Streptomyces sp. SPB162
GCA_029541745.1_ASM2954174v1_genomic	Bacteria	Actinomycetota	Actinomycetia	Streptomycetales	Streptomycetaceae	Streptomyces	Streptomyces sp007595705	Streptomyces sp. LX-29
GCA_029542005.1_ASM2954200v1_genomic	Bacteria	Actinomycetota	Actinomycetia	Streptomycetales	Streptomycetaceae	Streptomyces	Streptomyces olivaceus	Streptomyces olivaceus B-81
GCA_029617805.1_ASM2961780v1_genomic	Bacteria	Actinomycetota	Actinomycetia	Streptomycetales	Streptomycetaceae	Streptomyces	Streptomyces sp015999245	Streptomyces sp. AV19
GCA_029625945.1_ASM2962594v1_genomic	Bacteria	Actinomycetota	Actinomycetia	Streptomycetales	Streptomycetaceae	Streptomyces	Streptomyces sp.	Streptomyces sp. T-3
GCA_029759795.1_ASM2975979v1_genomic	Bacteria	Actinomycetota	Actinomycetia	Streptomycetales	Streptomycetaceae	Streptomyces	Streptomyces griseoincarnatus	Streptomyces sp. OS603R
GCA_029760955.1_ASM2976095v1_genomic	Bacteria	Actinomycetota	Actinomycetia	Streptomycetales	Streptomycetaceae	Streptomyces	Streptomyces sp.	Streptomyces cathayae HUAS 5
GCA_029813775.1_ASM2981377v1_genomic	Bacteria	Actinomycetota	Actinomycetia	Streptomycetales	Streptomycetaceae	Streptomyces	Streptomyces sp.	Streptomyces sp. DH24
GCA_029813785.1_ASM2981378v1_genomic	Bacteria	Actinomycetota	Actinomycetia	Streptomycetales	Streptomycetaceae	Streptomyces	Streptomyces sp.	Streptomyces sp. DH41
GCA_029813805.1_ASM2981380v1_genomic	Bacteria	Actinomycetota	Actinomycetia	Streptomycetales	Streptomycetaceae	Streptomyces	Streptomyces coeruleorubidus	Streptomyces sp. DH10
GCA_029813835.1_ASM2981383v1_genomic	Bacteria	Actinomycetota	Actinomycetia	Streptomycetales	Streptomycetaceae	Streptomyces	Streptomyces sp.	Streptomyces sp. DH37
GCA_029813855.1_ASM2981385v1_genomic	Bacteria	Actinomycetota	Actinomycetia	Streptomycetales	Streptomycetaceae	Streptomyces	Streptomyces anulatus	Streptomyces sp. DH18
GCA_029846675.1_ASM2984667v1_genomic	Bacteria	Actinomycetota	Actinomycetia	Streptomycetales	Streptomycetaceae	Streptomyces	Streptomyces verrucosisporus	Streptomyces chitinivorans RC1832
GCA_029846775.1_ASM2984677v1_genomic	Bacteria	Actinomycetota	Actinomycetia	Streptomycetales	Streptomycetaceae	Streptomyces	Streptomyces sp022414575	Streptomyces chengmaiensis HNM0663
GCA_029854115.1_ASM2985411v1_genomic	Bacteria	Actinomycetota	Actinomycetia	Streptomycetales	Streptomycetaceae	Streptomyces	Streptomyces griseoincarnatus	Streptomyces sp. TRM75561
GCA_029866785.1_ASM2986678v1_genomic	Bacteria	Actinomycetota	Actinomycetia	Streptomycetales	Streptomycetaceae	Streptomyces	Streptomyces olivaceus	Streptomyces sp. B146
GCA_029892095.1_ASM2989209v1_genomic	Bacteria	Actinomycetota	Actinomycetia	Streptomycetales	Streptomycetaceae	Kitasatospora	Kitasatospora sp.	Kitasatospora sp. MAP12-44
GCA_029892105.1_ASM2989210v1_genomic	Bacteria	Actinomycetota	Actinomycetia	Streptomycetales	Streptomycetaceae	Kitasatospora	Kitasatospora sp.	Kitasatospora sp. GP82
GCA_029892145.1_ASM2989214v1_genomic	Bacteria	Actinomycetota	Actinomycetia	Streptomycetales	Streptomycetaceae	Kitasatospora	Kitasatospora acidiphila	Kitasatospora sp. GP30
GCA_029892155.1_ASM2989215v1_genomic	Bacteria	Actinomycetota	Actinomycetia	Streptomycetales	Streptomycetaceae	Kitasatospora	Kitasatospora sp.	Kitasatospora sp. GAS204B
GCA_029892265.1_ASM2989226v1_genomic	Bacteria	Actinomycetota	Actinomycetia	Streptomycetales	Streptomycetaceae	Streptomyces	Streptomyces chilikensis	Streptomyces sp. MJP52
GCA_029892465.1_ASM2989246v1_genomic	Bacteria	Actinomycetota	Actinomycetia	Streptomycetales	Streptomycetaceae	Streptomyces	Streptomyces albidoflavus	Streptomyces sp. CZ24
GCA_029892565.1_ASM2989256v1_genomic	Bacteria	Actinomycetota	Actinomycetia	Streptomycetales	Streptomycetaceae	Streptomyces	Streptomyces sp.	Streptomyces pseudovenezuelae GGS1
GCA_029893355.1_ASM2989335v1_genomic	Bacteria	Actinomycetota	Actinomycetia	Streptomycetales	Streptomycetaceae	Kitasatospora	Kitasatospora sp.	Kitasatospora sp. MAA4
GCA_029893585.1_ASM2989358v1_genomic	Bacteria	Actinomycetota	Actinomycetia	Streptomycetales	Streptomycetaceae	Streptomyces	Streptomyces sp.	Streptomyces sp. LBL
GCA_029893625.1_ASM2989362v1_genomic	Bacteria	Actinomycetota	Actinomycetia	Streptomycetales	Streptomycetaceae	Streptomyces	Streptomyces sp003814525	Streptomyces sp. SAI-149
GCA_029893805.1_ASM2989380v1_genomic	Bacteria	Actinomycetota	Actinomycetia	Streptomycetales	Streptomycetaceae	Streptomyces	Streptomyces sp.	Streptomyces sp. SAI-135
GCA_029893855.1_ASM2989385v1_genomic	Bacteria	Actinomycetota	Actinomycetia	Streptomycetales	Streptomycetaceae	Streptomyces	Streptomyces sp003814525	Streptomyces sp. SAI-119
GCA_029893905.1_ASM2989390v1_genomic	Bacteria	Actinomycetota	Actinomycetia	Streptomycetales	Streptomycetaceae	Streptomyces	Streptomyces sp.	Streptomyces sp. SAI-133
GCA_029893925.1_ASM2989392v1_genomic	Bacteria	Actinomycetota	Actinomycetia	Streptomycetales	Streptomycetaceae	Streptomyces	Streptomyces sp.	Streptomyces sp. SAI-041
GCA_029894045.1_ASM2989404v1_genomic	Bacteria	Actinomycetota	Actinomycetia	Streptomycetales	Streptomycetaceae	Streptomyces	Streptomyces sp.	Streptomyces sp. SAI-208
GCA_029894125.1_ASM2989412v1_genomic	Bacteria	Actinomycetota	Actinomycetia	Streptomycetales	Streptomycetaceae	Kitasatospora	Kitasatospora sp.	Kitasatospora sp. MAA19
GCA_029894145.1_ASM2989414v1_genomic	Bacteria	Actinomycetota	Actinomycetia	Streptomycetales	Streptomycetaceae	Streptomyces	Streptomyces lavendulae_C	Streptomyces sp. SPB4
GCA_029894325.1_ASM2989432v1_genomic	Bacteria	Actinomycetota	Actinomycetia	Streptomycetales	Streptomycetaceae	Streptomyces	Streptomyces sp.	Streptomyces sp. SAI-117
GCA_029894335.1_ASM2989433v1_genomic	Bacteria	Actinomycetota	Actinomycetia	Streptomycetales	Streptomycetaceae	Kitasatospora	Kitasatospora sp.	Kitasatospora sp. MAP5-34
GCA_029894355.1_ASM2989435v1_genomic	Bacteria	Actinomycetota	Actinomycetia	Streptomycetales	Streptomycetaceae	Streptomyces	Streptomyces canus	Streptomyces sp. SAI-144
GCA_029894375.1_ASM2989437v1_genomic	Bacteria	Actinomycetota	Actinomycetia	Streptomycetales	Streptomycetaceae	Streptomyces	Streptomyces sp.	Streptomyces sp. SAI-090
GCA_029894405.1_ASM2989440v1_genomic	Bacteria	Actinomycetota	Actinomycetia	Streptomycetales	Streptomycetaceae	Streptomyces	Streptomyces griseoviridis_A	Streptomyces sp. MAA16
GCA_029894425.1_ASM2989442v1_genomic	Bacteria	Actinomycetota	Actinomycetia	Streptomycetales	Streptomycetaceae	Streptomyces	Streptomyces canus	Streptomyces sp. SAI-127
GCA_029906565.1_ASM2990656v1_genomic	Bacteria	Actinomycetota	Actinomycetia	Streptomycetales	Streptomycetaceae	Streptomyces	Streptomyces sindenensis	Streptomyces sp. SH5
GCA_029910965.1_ASM2991096v1_genomic	Bacteria	Actinomycetota	Actinomycetia	Streptomycetales	Streptomycetaceae	Streptomyces	Streptomyces sp006540305	Streptomyces sp. HYC2
GCA_029946625.1_ASM2994662v1_genomic	Bacteria	Actinomycetota	Actinomycetia	Streptomycetales	Streptomycetaceae	Streptomyces	Streptomyces sp007176755	Streptomyces sp. ATE26
GCA_029953285.1_ASM2995328v1_genomic	Bacteria	Actinomycetota	Actinomycetia	Streptomycetales	Streptomycetaceae	Yinghuangia	Yinghuangia sp.	Yinghuangia seranimata CCTCC AA 206006
GCA_029958285.1_ASM2995828v1_genomic	Bacteria	Actinomycetota	Actinomycetia	Streptomycetales	Streptomycetaceae	Streptomyces	Streptomyces rochei	Streptomyces sp. AN-3
GCA_900079405.3_Streptomyces_sp_F1_v3_genomic	Bacteria	Actinomycetota	Actinomycetia	Streptomycetales	Streptomycetaceae	Streptomyces	Streptomyces misionensis	Streptomyces sp. F-1
GCA_900079415.1_Streptomyces_sp._F7_genomic	Bacteria	Actinomycetota	Actinomycetia	Streptomycetales	Streptomycetaceae	Streptomyces	Streptomyces albogriseolus	Streptomyces sp. F-7
GCA_900090065.1_IMG-taxon_2513237100_annotated_assembly_genomic	Bacteria	Actinomycetota	Actinomycetia	Streptomycetales	Streptomycetaceae	Streptomyces	Streptomyces halstedii	Streptomyces sp. OspMP-M45
GCA_900090075.1_IMG-taxon_2513237108_annotated_assembly_genomic	Bacteria	Actinomycetota	Actinomycetia	Streptomycetales	Streptomycetaceae	Streptomyces	Streptomyces griseus	Streptomyces sp. MnatMP-M77
GCA_900090085.1_IMG-taxon_2513237109_annotated_assembly_genomic	Bacteria	Actinomycetota	Actinomycetia	Streptomycetales	Streptomycetaceae	Streptomyces	Streptomyces parvus	Streptomyces sp. Ncost-T6T-1
GCA_900090095.1_IMG-taxon_2513237115_annotated_assembly_genomic	Bacteria	Actinomycetota	Actinomycetia	Streptomycetales	Streptomycetaceae	Streptomyces	Streptomyces libani	Streptomyces sp. SceaMP-e96
GCA_900090115.1_IMG-taxon_2518645584_annotated_assembly_genomic	Bacteria	Actinomycetota	Actinomycetia	Streptomycetales	Streptomycetaceae	Streptomyces	Streptomyces halstedii	Streptomyces sp. AmelKG-A3
GCA_900090125.1_IMG-taxon_2522125136_annotated_assembly_genomic	Bacteria	Actinomycetota	Actinomycetia	Streptomycetales	Streptomycetaceae	Streptomyces	Streptomyces daqingensis	Streptomyces sp. WMMB 714
GCA_900090135.1_IMG-taxon_2518645622_annotated_assembly_genomic	Bacteria	Actinomycetota	Actinomycetia	Streptomycetales	Streptomycetaceae	Streptomyces	Streptomyces californicus	Streptomyces sp. LaPpAH-199
GCA_900090145.1_IMG-taxon_2522125135_annotated_assembly_genomic	Bacteria	Actinomycetota	Actinomycetia	Streptomycetales	Streptomycetaceae	Streptomyces	Streptomyces sp900090145	Streptomyces sp. WMMB 322
GCA_900090165.1_IMG-taxon_2518645617_annotated_assembly_genomic	Bacteria	Actinomycetota	Actinomycetia	Streptomycetales	Streptomycetaceae	Streptomyces	Streptomyces uncialis	Streptomyces sp. AmelKG-E11A
GCA_900090175.1_IMG-taxon_2515154095_annotated_assembly_genomic	Bacteria	Actinomycetota	Actinomycetia	Streptomycetales	Streptomycetaceae	Streptomyces	Streptomyces silvae	Streptomyces sp. LamerLS-316
GCA_900090185.1_IMG-taxon_2519899650_annotated_assembly_genomic	Bacteria	Actinomycetota	Actinomycetia	Streptomycetales	Streptomycetaceae	Streptomyces	Streptomyces bacillaris	Streptomyces sp. AmelKG-D3
GCA_900091315.1_IMG-taxon_2657245700_annotated_assembly_genomic	Bacteria	Actinomycetota	Actinomycetia	Streptomycetales	Streptomycetaceae	Streptomyces	Streptomyces sp900091315	Streptomyces sp. DI166
GCA_900091485.1_IMG-taxon_2657245724_annotated_assembly_genomic	Bacteria	Actinomycetota	Actinomycetia	Streptomycetales	Streptomycetaceae	Streptomyces	Streptomyces sp000213055	Streptomyces sp. LcepLS
GCA_900091715.1_IMG-taxon_2657245702_annotated_assembly_genomic	Bacteria	Actinomycetota	Actinomycetia	Streptomycetales	Streptomycetaceae	Streptomyces	Streptomyces sp000177195	Streptomyces sp. DpondAA-F4a
GCA_900091725.1_IMG-taxon_2657245701_annotated_assembly_genomic	Bacteria	Actinomycetota	Actinomycetia	Streptomycetales	Streptomycetaceae	Streptomyces	Streptomyces sp900091725	Streptomyces sp. DvalAA-43
GCA_900091745.1_IMG-taxon_2657245708_annotated_assembly_genomic	Bacteria	Actinomycetota	Actinomycetia	Streptomycetales	Streptomycetaceae	Streptomyces	Streptomyces halstedii	Streptomyces sp. DpondAA-D4
GCA_900091755.1_IMG-taxon_2657245718_annotated_assembly_genomic	Bacteria	Actinomycetota	Actinomycetia	Streptomycetales	Streptomycetaceae	Streptomyces	Streptomyces sp000213055	Streptomyces sp. TverLS-915
GCA_900091765.1_IMG-taxon_2657245714_annotated_assembly_genomic	Bacteria	Actinomycetota	Actinomycetia	Streptomycetales	Streptomycetaceae	Streptomyces	Streptomyces halstedii	Streptomyces sp. PalvLS-984
GCA_900091775.1_IMG-taxon_2657245710_annotated_assembly_genomic	Bacteria	Actinomycetota	Actinomycetia	Streptomycetales	Streptomycetaceae	Streptomyces	Streptomyces sp003116725	Streptomyces sp. ScaeMP-e83
GCA_900091785.1_IMG-taxon_2657245717_annotated_assembly_genomic	Bacteria	Actinomycetota	Actinomycetia	Streptomycetales	Streptomycetaceae	Streptomyces	Streptomyces albidoflavus	Streptomyces sp. BvitLS-983
GCA_900091795.1_IMG-taxon_2657245720_annotated_assembly_genomic	Bacteria	Actinomycetota	Actinomycetia	Streptomycetales	Streptomycetaceae	Streptomyces	Streptomyces parvus	Streptomyces sp. Termitarium-T10T-6
GCA_900091815.1_IMG-taxon_2657245719_annotated_assembly_genomic	Bacteria	Actinomycetota	Actinomycetia	Streptomycetales	Streptomycetaceae	Streptomyces	Streptomyces sp000213055	Streptomyces sp. DfronAA-171
GCA_900091825.1_IMG-taxon_2657245713_annotated_assembly_genomic	Bacteria	Actinomycetota	Actinomycetia	Streptomycetales	Streptomycetaceae	Streptomyces	Streptomyces sp000213055	Streptomyces sp. SolWspMP-sol7th
GCA_900091835.1_IMG-taxon_2657245716_annotated_assembly_genomic	Bacteria	Actinomycetota	Actinomycetia	Streptomycetales	Streptomycetaceae	Streptomyces	Streptomyces halstedii	Streptomyces sp. PpalLS-921
GCA_900091845.1_IMG-taxon_2657245709_annotated_assembly_genomic	Bacteria	Actinomycetota	Actinomycetia	Streptomycetales	Streptomycetaceae	Streptomyces	Streptomyces sp900091845	Streptomyces sp. SolWspMP-5a-2
GCA_900091855.1_IMG-taxon_2657245707_annotated_assembly_genomic	Bacteria	Actinomycetota	Actinomycetia	Streptomycetales	Streptomycetaceae	Streptomyces	Streptomyces sp900091855	Streptomyces sp. DvalAA-14
GCA_900091865.1_IMG-taxon_2657245711_annotated_assembly_genomic	Bacteria	Actinomycetota	Actinomycetia	Streptomycetales	Streptomycetaceae	Streptomyces	Streptomyces bacillaris	Streptomyces sp. DvalAA-19
GCA_900091875.1_IMG-taxon_2657245706_annotated_assembly_genomic	Bacteria	Actinomycetota	Actinomycetia	Streptomycetales	Streptomycetaceae	Streptomyces	Streptomyces sp000177195	Streptomyces sp. BpilaLS-43
GCA_900091885.1_IMG-taxon_2657245704_annotated_assembly_genomic	Bacteria	Actinomycetota	Actinomycetia	Streptomycetales	Streptomycetaceae	Streptomyces	Streptomyces albidoflavus	Streptomyces sp. ScaeMP-6W
GCA_900091895.1_IMG-taxon_2657245703_annotated_assembly_genomic	Bacteria	Actinomycetota	Actinomycetia	Streptomycetales	Streptomycetaceae	Streptomyces	Streptomyces albidoflavus	Streptomyces sp. IgraMP-1
GCA_900091905.1_IMG-taxon_2657245728_annotated_assembly_genomic	Bacteria	Actinomycetota	Actinomycetia	Streptomycetales	Streptomycetaceae	Streptomyces	Streptomyces griseus	Streptomyces sp. OspMP-M43
GCA_900091955.1_IMG-taxon_2657245721_annotated_assembly_genomic	Bacteria	Actinomycetota	Actinomycetia	Streptomycetales	Streptomycetaceae	Streptomyces	Streptomyces sp900091955	Streptomyces sp. Ncost-T10-10d
GCA_900091975.1_IMG-taxon_2657245725_annotated_assembly_genomic	Bacteria	Actinomycetota	Actinomycetia	Streptomycetales	Streptomycetaceae	Streptomyces	Streptomyces griseofuscus	Streptomyces sp. LamerLS-31b
GCA_900091985.1_IMG-taxon_2657245723_annotated_assembly_genomic	Bacteria	Actinomycetota	Actinomycetia	Streptomycetales	Streptomycetaceae	Streptomyces	Streptomyces griseofuscus	Streptomyces sp. DconLS
GCA_900091995.1_IMG-taxon_2657245726_annotated_assembly_genomic	Bacteria	Actinomycetota	Actinomycetia	Streptomycetales	Streptomycetaceae	Streptomyces	Streptomyces sp900091995	Streptomyces sp. MnatMP-M17
GCA_900092005.1_IMG-taxon_2657245729_annotated_assembly_genomic	Bacteria	Actinomycetota	Actinomycetia	Streptomycetales	Streptomycetaceae	Streptomyces	Streptomyces parvus	Streptomyces sp. Cmuel-A718b
GCA_900092015.1_IMG-taxon_2657245727_annotated_assembly_genomic	Bacteria	Actinomycetota	Actinomycetia	Streptomycetales	Streptomycetaceae	Streptomyces	Streptomyces samsunensis	Streptomyces sp. MnatMP-M27
GCA_900095575.1_IMG-taxon_2657245715_annotated_assembly_genomic	Bacteria	Actinomycetota	Actinomycetia	Streptomycetales	Streptomycetaceae	Streptomyces	Streptomyces sp000177195	Streptomyces sp. DpondAA-F4
GCA_900100315.1_IMG-taxon_2675903130_annotated_assembly_genomic	Bacteria	Actinomycetota	Actinomycetia	Streptomycetales	Streptomycetaceae	Streptomyces	Streptomyces indicus	Streptomyces indicus CGMCC 4.5727
GCA_900101585.1_IMG-taxon_2663762722_annotated_assembly_genomic	Bacteria	Actinomycetota	Actinomycetia	Streptomycetales	Streptomycetaceae	Streptomyces	Streptomyces prasinopilosus	Streptomyces prasinopilosus CGMCC 4.3504
GCA_900101975.1_IMG-taxon_2636416059_annotated_assembly_genomic	Bacteria	Actinomycetota	Actinomycetia	Streptomycetales	Streptomycetaceae	Streptomyces	Streptomyces sp900116325	Streptomyces sp. 136MFCol5.1
GCA_900102095.1_IMG-taxon_2667527442_annotated_assembly_genomic	Bacteria	Actinomycetota	Actinomycetia	Streptomycetales	Streptomycetaceae	Streptomyces	Streptomyces griseoaurantiacus	Streptomyces jietaisiensis CGMCC 4.1859
GCA_900102245.1_IMG-taxon_2671180083_annotated_assembly_genomic	Bacteria	Actinomycetota	Actinomycetia	Streptomycetales	Streptomycetaceae	Streptomyces	Streptomyces sp900187385	Streptomyces sp. KS_16
GCA_900103455.1_IMG-taxon_2675903062_annotated_assembly_genomic	Bacteria	Actinomycetota	Actinomycetia	Streptomycetales	Streptomycetaceae	Streptomyces	Streptomyces wuyuanensis	Streptomyces wuyuanensis CGMCC 4.7042
GCA_900103585.1_IMG-taxon_2615840541_annotated_assembly_genomic	Bacteria	Actinomycetota	Actinomycetia	Streptomycetales	Streptomycetaceae	Streptomyces	Streptomyces sp900103585	Streptomyces sp. cf386
GCA_900103985.1_IMG-taxon_2667527439_annotated_assembly_genomic	Bacteria	Actinomycetota	Actinomycetia	Streptomycetales	Streptomycetaceae	Streptomyces	Streptomyces guanduensis	Actinacidiphila guanduensis CGMCC 4.2022
GCA_900104815.1_IMG-taxon_2634166373_annotated_assembly_genomic	Bacteria	Actinomycetota	Actinomycetia	Streptomycetales	Streptomycetaceae	Streptomyces	Streptomyces misionensis	Streptomyces misionensis DSM 40306
GCA_900104865.1_IMG-taxon_2684623024_annotated_assembly_genomic	Bacteria	Actinomycetota	Actinomycetia	Streptomycetales	Streptomycetaceae	Streptomyces	Streptomyces sioyaensis	Streptomyces sp. 2112.2
GCA_900104935.1_IMG-taxon_2690315611_annotated_assembly_genomic	Bacteria	Actinomycetota	Actinomycetia	Streptomycetales	Streptomycetaceae	Streptomyces	Streptomyces anthocyanicus	Streptomyces sp. 2114.2
GCA_900105235.1_IMG-taxon_2687453697_annotated_assembly_genomic	Bacteria	Actinomycetota	Actinomycetia	Streptomycetales	Streptomycetaceae	Streptomyces	Streptomyces sp900187385	Streptomyces sp. 2133.1
GCA_900105245.1_IMG-taxon_2690315622_annotated_assembly_genomic	Bacteria	Actinomycetota	Actinomycetia	Streptomycetales	Streptomycetaceae	Streptomyces	Streptomyces sp900105245	Streptomyces sp. 1222.5
GCA_900105265.1_IMG-taxon_2675903008_annotated_assembly_genomic	Bacteria	Actinomycetota	Actinomycetia	Streptomycetales	Streptomycetaceae	Streptomyces	Streptomyces hokutonensis	Streptomyces sp. 3213.3
GCA_900105275.1_IMG-taxon_2690315621_annotated_assembly_genomic	Bacteria	Actinomycetota	Actinomycetia	Streptomycetales	Streptomycetaceae	Streptomyces	Streptomyces chartreusis	Streptomyces sp. KS_5
GCA_900105415.1_IMG-taxon_2687453810_annotated_assembly_genomic	Bacteria	Actinomycetota	Actinomycetia	Streptomycetales	Streptomycetaceae	Streptomyces	Streptomyces sp900105415	Streptomyces sp. TLI_105
GCA_900105465.1_IMG-taxon_2671180174_annotated_assembly_genomic	Bacteria	Actinomycetota	Actinomycetia	Streptomycetales	Streptomycetaceae	Streptomyces	Streptomyces chartreusis	Streptomyces sp. PAN_FS17
GCA_900105515.1_IMG-taxon_2671180089_annotated_assembly_genomic	Bacteria	Actinomycetota	Actinomycetia	Streptomycetales	Streptomycetaceae	Streptomyces	Streptomyces sp900105515	Streptomyces sp. 2131.1
GCA_900105525.1_IMG-taxon_2687453781_annotated_assembly_genomic	Bacteria	Actinomycetota	Actinomycetia	Streptomycetales	Streptomycetaceae	Streptomyces	Streptomyces sioyaensis	Streptomyces sp. 2314.4
GCA_900105605.1_IMG-taxon_2671180090_annotated_assembly_genomic	Bacteria	Actinomycetota	Actinomycetia	Streptomycetales	Streptomycetaceae	Streptomyces	Streptomyces sp900105245	Streptomyces sp. 2231.1
GCA_900105695.1_IMG-taxon_2634166371_annotated_assembly_genomic	Bacteria	Actinomycetota	Actinomycetia	Streptomycetales	Streptomycetaceae	Streptomyces	Streptomyces antimycoticus	Streptomyces melanosporofaciens DSM 40318
GCA_900105705.1_IMG-taxon_2634166340_annotated_assembly_genomic	Bacteria	Actinomycetota	Actinomycetia	Streptomycetales	Streptomycetaceae	Streptomyces	Streptomyces griseus	Streptomyces griseus DSM 40236
GCA_900105755.1_IMG-taxon_2675902962_annotated_assembly_genomic	Bacteria	Actinomycetota	Actinomycetia	Streptomycetales	Streptomycetaceae	Streptomyces	Streptomyces sp900105755	Streptomyces sp. Ag109_O5-10
GCA_900105775.1_IMG-taxon_2684623030_annotated_assembly_genomic	Bacteria	Actinomycetota	Actinomycetia	Streptomycetales	Streptomycetaceae	Streptomyces	Streptomyces sp900187385	Streptomyces sp. 2112.3
GCA_900105915.1_IMG-taxon_2687453724_annotated_assembly_genomic	Bacteria	Actinomycetota	Actinomycetia	Streptomycetales	Streptomycetaceae	Streptomyces	Streptomyces sp900187385	Streptomyces sp. 2224.1
GCA_900107965.1_IMG-taxon_2667527441_annotated_assembly_genomic	Bacteria	Actinomycetota	Actinomycetia	Streptomycetales	Streptomycetaceae	Streptomyces	Streptomyces yanglinensis	Actinacidiphila yanglinensis CGMCC 4.2023
GCA_900109465.1_IMG-taxon_2675903135_annotated_assembly_genomic	Bacteria	Actinomycetota	Actinomycetia	Streptomycetales	Streptomycetaceae	Streptacidiphilus	Streptacidiphilus jiangxiensis	Streptacidiphilus jiangxiensis CGMCC 4.1857
GCA_900110255.1_IMG-taxon_2671180039_annotated_assembly_genomic	Bacteria	Actinomycetota	Actinomycetia	Streptomycetales	Streptomycetaceae	Streptomyces	Streptomyces rubidus	Actinacidiphila rubida CGMCC 4.2026
GCA_900110735.1_IMG-taxon_2663762755_annotated_assembly_genomic	Bacteria	Actinomycetota	Actinomycetia	Streptomycetales	Streptomycetaceae	Streptomyces	Streptomyces radiopugnans	Streptomyces radiopugnans CGMCC 4.3519
GCA_900110755.1_IMG-taxon_2615840635_annotated_assembly_genomic	Bacteria	Actinomycetota	Actinomycetia	Streptomycetales	Streptomycetaceae	Streptomyces	Streptomyces sp900110755	Streptomyces sp. yr375
GCA_900111245.1_IMG-taxon_2675903055_annotated_assembly_genomic	Bacteria	Actinomycetota	Actinomycetia	Streptomycetales	Streptomycetaceae	Streptomyces	Streptomyces qinglanensis	Streptomyces qinglanensis CGMCC 4.6825
GCA_900112355.1_IMG-taxon_2675903061_annotated_assembly_genomic	Bacteria	Actinomycetota	Actinomycetia	Streptomycetales	Streptomycetaceae	Streptomyces	Streptomyces aidingensis	Streptomyces aidingensis CGMCC 4.5739
GCA_900112845.1_IMG-taxon_2667527403_annotated_assembly_genomic	Bacteria	Actinomycetota	Actinomycetia	Streptomycetales	Streptomycetaceae	Streptomyces	Streptomyces alni	Actinacidiphila alni CGMCC 4.3510
GCA_900112965.1_IMG-taxon_2616644814_annotated_assembly_genomic	Bacteria	Actinomycetota	Actinomycetia	Streptomycetales	Streptomycetaceae	Streptomyces	Streptomyces olivochromogenes	Streptomyces mirabilis OK461
GCA_900114215.1_IMG-taxon_2654587880_annotated_assembly_genomic	Bacteria	Actinomycetota	Actinomycetia	Streptomycetales	Streptomycetaceae	Streptomyces	Streptomyces pini	Streptomyces pini PL19
GCA_900114955.1_IMG-taxon_2609459763_annotated_assembly_genomic	Bacteria	Actinomycetota	Actinomycetia	Streptomycetales	Streptomycetaceae	Streptomyces	Streptomyces caniscabiei	Streptomyces sp. cf124
GCA_900116145.1_IMG-taxon_2675903139_annotated_assembly_genomic	Bacteria	Actinomycetota	Actinomycetia	Streptomycetales	Streptomycetaceae	Streptomyces	Streptomyces harbinensis	Streptomyces harbinensis CGMCC 4.7047
GCA_900116325.1_IMG-taxon_2615840540_annotated_assembly_genomic	Bacteria	Actinomycetota	Actinomycetia	Streptomycetales	Streptomycetaceae	Streptomyces	Streptomyces sp900116325	Streptomyces sp. ok210
GCA_900119365.1_IMG-taxon_2616644941_annotated_assembly_genomic	Bacteria	Actinomycetota	Actinomycetia	Streptomycetales	Streptomycetaceae	Streptomyces	Streptomyces atratus_B	Streptomyces atratus OK807
GCA_900129855.1_IMG-taxon_2695421014_annotated_assembly_genomic	Bacteria	Actinomycetota	Actinomycetia	Streptomycetales	Streptomycetaceae	Streptomyces	Streptomyces sp900129855	Streptomyces sp. 3214.6
GCA_900142575.1_IMG-taxon_2667527448_annotated_assembly_genomic	Bacteria	Actinomycetota	Actinomycetia	Streptomycetales	Streptomycetaceae	Streptomyces	Streptomyces paucisporeus	Actinacidiphila paucisporea CGMCC 4.2025
GCA_900171555.1_Salb_genomic	Bacteria	Actinomycetota	Actinomycetia	Streptomycetales	Streptomycetaceae	Streptomyces	Streptomyces albidoflavus	Streptomyces albidoflavus R-53649
GCA_900177255.1_IMG-taxon_2524614730_annotated_assembly_genomic	Bacteria	Actinomycetota	Actinomycetia	Streptomycetales	Streptomycetaceae	Streptomyces	Streptomyces antibioticus_B	Streptomyces sp. Amel2xC10
GCA_900187385.1_IMG-taxon_2731639226_annotated_assembly_genomic	Bacteria	Actinomycetota	Actinomycetia	Streptomycetales	Streptomycetaceae	Streptomyces	Streptomyces sp900187385	Streptomyces sp. 2114.4
GCA_900187925.1_IMG-taxon_2524614673_annotated_assembly_genomic	Bacteria	Actinomycetota	Actinomycetia	Streptomycetales	Streptomycetaceae	Streptomyces	Streptomyces parvus	Streptomyces sp. PgraA7
GCA_900188405.1_IMG-taxon_2671180020_annotated_assembly_genomic	Bacteria	Actinomycetota	Actinomycetia	Streptomycetales	Streptomycetaceae	Streptomyces	Streptomyces glauciniger	Actinacidiphila glaucinigra CGMCC 4.1858
GCA_900199205.1_IMG-taxon_2737472028_annotated_assembly_genomic	Bacteria	Actinomycetota	Actinomycetia	Streptomycetales	Streptomycetaceae	Kitasatospora	Kitasatospora sp900199205	Streptomyces sp. 1331.2
GCA_900206255.1_IMG-taxon_2739368069_annotated_assembly_genomic	Bacteria	Actinomycetota	Actinomycetia	Streptomycetales	Streptomycetaceae	Streptomyces	Streptomyces aquilus	Streptomyces sp. TLI_55
GCA_900207595.1_IMG-taxon_2671180027_annotated_assembly_genomic	Bacteria	Actinomycetota	Actinomycetia	Streptomycetales	Streptomycetaceae	Streptomyces	Streptomyces papulosus	Streptomyces microflavus CG 893
GCA_900215305.1_IMG-taxon_2721755846_annotated_assembly_genomic	Bacteria	Actinomycetota	Actinomycetia	Streptomycetales	Streptomycetaceae	Streptomyces	Streptomyces mirabilis	Streptomyces sp. OK228
GCA_900215565.1_IMG-taxon_2728369739_annotated_assembly_genomic	Bacteria	Actinomycetota	Actinomycetia	Streptomycetales	Streptomycetaceae	Streptomyces	Streptomyces diastatochromogenes	Streptomyces sp. Ag109_G2-15
GCA_900215595.1_IMG-taxon_2728369725_annotated_assembly_genomic	Bacteria	Actinomycetota	Actinomycetia	Streptomycetales	Streptomycetaceae	Streptomyces	Streptomyces stelliscabiei	Streptomyces sp. 1222.2
GCA_900215615.1_IMG-taxon_2738541359_annotated_assembly_genomic	Bacteria	Actinomycetota	Actinomycetia	Streptomycetales	Streptomycetaceae	Streptomyces	Streptomyces massasporeus	Streptomyces sp. Ag82_G6-1
GCA_900221035.1_IMG-taxon_2738543001_annotated_assembly_genomic	Bacteria	Actinomycetota	Actinomycetia	Streptomycetales	Streptomycetaceae	Streptomyces	Streptomyces sioyaensis	Streptomyces sp. 2323.1
GCA_900230195.1_IMG-taxon_2718217652_annotated_assembly_genomic	Bacteria	Actinomycetota	Actinomycetia	Streptomycetales	Streptomycetaceae	Streptomyces	Streptomyces zhaozhouensis	Streptomyces zhaozhouensis CGMCC 4.7095
GCA_900230275.1_IMG-taxon_2718217699_annotated_assembly_genomic	Bacteria	Actinomycetota	Actinomycetia	Streptomycetales	Streptomycetaceae	Streptomyces	Streptomyces olivochromogenes	Streptomyces sp. OV198
GCA_900236475.1_NRRL3882_genomic	Bacteria	Actinomycetota	Actinomycetia	Streptomycetales	Streptomycetaceae	Streptomyces	Streptomyces chartreusis_D	Streptomyces chartreusis NRRL 3882 NRRL3882
GCA_900236505.1_NRRL3882_genomic	Bacteria	Actinomycetota	Actinomycetia	Streptomycetales	Streptomycetaceae	Streptomyces	Streptomyces chartreusis_D	Streptomyces chartreusis NRRL 3882 NRRL3882
GCA_900290235.1_5143a_genomic	Bacteria	Actinomycetota	Actinomycetia	Streptomycetales	Streptomycetaceae	Streptomyces	Streptomyces sp900290235	Streptomyces sp. MA5143a
GCA_900290435.1_S2_genomic	Bacteria	Actinomycetota	Actinomycetia	Streptomycetales	Streptomycetaceae	Streptomyces	Streptomyces syringium	Streptomyces netropsis S2
GCA_900460065.1_43874_D01_genomic	Bacteria	Actinomycetota	Actinomycetia	Streptomycetales	Streptomycetaceae	Streptomyces	Streptomyces griseus	Streptomyces griseus NCTC13033
GCA_900460115.1_53878_B01_genomic	Bacteria	Actinomycetota	Actinomycetia	Streptomycetales	Streptomycetaceae	Streptomyces	Streptomyces diastaticus	Streptomyces griseus NCTC7807
GCA_902375055.1_MGYG-HGUT-01443_genomic	Bacteria	Actinomycetota	Actinomycetia	Streptomycetales	Streptomycetaceae	Streptomyces	Streptomyces albus	Streptomycetaceae bacterium MGYG-HGUT-01443
GCA_902506575.1_Q0842_genomic	Bacteria	Actinomycetota	Actinomycetia	Streptomycetales	Streptomycetaceae	Streptomyces	Streptomyces mexicanus	Streptomyces mexicanus Marseille-Q0842
GCA_904440635.1_Streptomyces_sp._St70_complete_genome_genomic	Bacteria	Actinomycetota	Actinomycetia	Streptomycetales	Streptomycetaceae	Streptomyces	Streptomyces cyaneofuscatus	Streptomyces sp. KY70
GCA_904440645.1_Streptomyces_sp._St75_complete_genome_genomic	Bacteria	Actinomycetota	Actinomycetia	Streptomycetales	Streptomycetaceae	Streptomyces	Streptomyces cyaneofuscatus	Streptomyces sp. KY75
GCA_907177275.1_Scock-DSM42063-v1_genomic	Bacteria	Actinomycetota	Actinomycetia	Streptomycetales	Streptomycetaceae	Streptomyces	Streptomyces cocklensis	Actinacidiphila cocklensis DSM 42138
GCA_910593825.1_SBRY-DSM42138-v2_genomic	Bacteria	Actinomycetota	Actinomycetia	Streptomycetales	Streptomycetaceae	Streptomyces	Streptomyces bryophytorum	Actinacidiphila bryophytorum SBRY1
GCA_913919575.1_CMBFB_genomic	Bacteria	Actinomycetota	Actinomycetia	Streptomycetales	Streptomycetaceae	Streptomyces	Streptomyces sp001298545	Streptomyces coriariae CMB-FB
GCA_928722305.1_TUE2108_genomic	Bacteria	Actinomycetota	Actinomycetia	Streptomycetales	Streptomycetaceae	Streptomyces	Streptomyces atroolivaceus	Streptomyces atroolivaceus TUE2108
GCA_937893055.1_SRR1562005_bin.151_CONCOCT_v1.1_MAG_genomic	Bacteria	Actinomycetota	Actinomycetia	Streptomycetales	Streptomycetaceae	Streptomyces	Streptomyces sp000177195	uncultured Streptomyces sp.
GCA_940670765.1_A4-2_genomic	Bacteria	Actinomycetota	Actinomycetia	Streptomycetales	Streptomycetaceae	Streptomyces	Streptomyces sp940670765	Streptomyces sp. A 4/2
GCA_945929885.1_SRR11489755_bin.6_metaWRAP_v1.3_MAG_genomic	Bacteria	Actinomycetota	Actinomycetia	Streptomycetales	Streptomycetaceae	Kitasatospora	Kitasatospora aureofaciens	Kitasatospora aureofaciens SRR11489755_bin.6_metaWRAP_v1.3_MAG
GCA_946886915.1_SRR17255080_bin.8_metawrap_v1.3.0_MAG_genomic	Bacteria	Actinomycetota	Actinomycetia	Streptomycetales	Streptomycetaceae	Streptomyces	Streptomyces luteogriseus	uncultured Streptomyces sp.
GCA_947311705.1_CCOS_2040.3_genomic	Bacteria	Actinomycetota	Actinomycetia	Streptomycetales	Streptomycetaceae	Streptomyces	Streptomyces albidoflavus	Streptomyces albidoflavus CCOS 2040
GCA_947488945.1_3-371-J.fasta_genomic	Bacteria	Actinomycetota	Actinomycetia	Streptomycetales	Streptomycetaceae	Streptomyces	Streptomyces sp.	uncultured Streptomyces sp.
GCA_947495155.1_3-35-2-J.fasta_genomic	Bacteria	Actinomycetota	Actinomycetia	Streptomycetales	Streptomycetaceae	Streptomyces	Streptomyces tendae	Streptomyces tendae 3-35-2-J.fasta
GCA_948472415.1_JK4103_genomic	Bacteria	Actinomycetota	Actinomycetia	Streptomycetales	Streptomycetaceae	Kitasatospora	Kitasatospora sp003259315	Kitasatospora fiedleri DSM 114396
GCA_018638335.1_ASM1863833v1_genomic	Bacteria	Actinomycetota	Actinomycetia	Streptomycetales	Streptomycetaceae	Streptomyces	Streptomyces albidoflavus	Streptomyces sp. G11C
GCA_000213055.1_ASM21305v1_genomic	Bacteria	Actinomycetota	Actinomycetes	Streptomycetales	Streptomycetaceae	Streptomyces	Streptomyces sp000213055	Streptomyces sp. Tu6071
GCA_000226435.1_ASM22643v1_genomic	Bacteria	Actinomycetota	Actinomycetes	Streptomycetales	Streptomycetaceae	Streptomyces	Streptomyces sp.	Streptomyces chartreusis NRRL 3882 NRRL 3882
GCA_000226995.2_ASM22699v2_genomic	Bacteria	Actinomycetota	Actinomycetes	Streptomycetales	Streptomycetaceae	Streptomyces	Streptomyces bacillaris	Streptomyces sp. Wigar10
GCA_000241835.2_ASM24183v2_genomic	Bacteria	Actinomycetota	Actinomycetes	Streptomycetales	Streptomycetaceae	Streptomyces	Streptomyces coelicoflavus	Streptomyces coelicoflavus ZG0656 ZG0656
GCA_000258595.1_Ssomaliensis1_genomic	Bacteria	Actinomycetota	Actinomycetes	Streptomycetales	Streptomycetaceae	Streptomyces	Streptomyces sudanensis	Streptomyces somaliensis DSM 40738 DSM 40738
GCA_000297715.1_ASM29771v1_genomic	Bacteria	Actinomycetota	Actinomycetes	Streptomycetales	Streptomycetaceae	Streptomyces	Streptomyces albidoflavus	Streptomyces sp. S4
GCA_000373445.1_ASM37344v1_genomic	Bacteria	Actinomycetota	Actinomycetes	Streptomycetales	Streptomycetaceae	Streptomyces	Streptomyces sp900105515	Streptomyces sp. KhCrAH-340
GCA_000373505.1_ASM37350v1_genomic	Bacteria	Actinomycetota	Actinomycetes	Streptomycetales	Streptomycetaceae	Streptomyces	Streptomyces sp900105515	Streptomyces sp. KhCrAH-244
GCA_000411315.1_Stre_sp_HGB0020_V1_genomic	Bacteria	Actinomycetota	Actinomycetes	Streptomycetales	Streptomycetaceae	Streptomyces	Streptomyces spinosisporus	Streptomyces sp. HGB0020
GCA_000500635.1_Streptomyces_sp._GXT6_version_1_genomic	Bacteria	Actinomycetota	Actinomycetes	Streptomycetales	Streptomycetaceae	Streptomyces	Streptomyces mexicanus	Streptomyces sp. GXT6
GCA_000612545.2_ASM61254v2_genomic	Bacteria	Actinomycetota	Actinomycetes	Streptomycetales	Streptomycetaceae	Streptomyces	Streptomyces sp000612545	Streptomyces sp. PCS3-D2
GCA_000696115.1_SoWt_assembly_genomic	Bacteria	Actinomycetota	Actinomycetes	Streptomycetales	Streptomycetaceae	Streptomyces	Streptomyces olindensis	Streptomyces olindensis DAUFPE 5622
GCA_000698945.1_LGO_A23_AS7_genomic	Bacteria	Actinomycetota	Actinomycetes	Streptomycetales	Streptomycetaceae	Streptomyces	Streptomyces albidoflavus	Streptomyces wadayamensis A23
GCA_000715945.1_ASM71594v1_genomic	Bacteria	Actinomycetota	Actinomycetes	Streptomycetales	Streptomycetaceae	Streptomyces	Streptomyces papulosus	Streptomyces flaveus NRRL B-1652
GCA_000716155.1_ASM71615v1_genomic	Bacteria	Actinomycetota	Actinomycetes	Streptomycetales	Streptomycetaceae	Streptomyces	Streptomyces alboflavus	Streptomyces flaveus NRRL ISP-5371
GCA_000716285.1_ASM71628v1_genomic	Bacteria	Actinomycetota	Actinomycetes	Streptomycetales	Streptomycetaceae	Streptomyces	Streptomyces sp026342235	Streptomyces sp. NRRL S-20
GCA_000716465.1_ASM71646v1_genomic	Bacteria	Actinomycetota	Actinomycetes	Streptomycetales	Streptomycetaceae	Streptomyces	Streptomyces bikiniensis	Streptomyces bikiniensis NRRL B-1049
GCA_000716815.1_ASM71681v1_genomic	Bacteria	Actinomycetota	Actinomycetes	Streptomycetales	Streptomycetaceae	Streptomyces	Streptomyces papulosus	Streptomyces olivaceus NRRL B-1125
GCA_000717065.1_ASM71706v1_genomic	Bacteria	Actinomycetota	Actinomycetes	Streptomycetales	Streptomycetaceae	Streptomyces	Streptomyces papulosus	Streptomyces fulvoviridis NRRL ISP-5210
GCA_000717095.1_ASM71709v1_genomic	Bacteria	Actinomycetota	Actinomycetes	Streptomycetales	Streptomycetaceae	Streptomyces	Streptomyces flaveolus_A	Streptomyces sp. NRRL WC-3744
GCA_000717735.1_ASM71773v1_genomic	Bacteria	Actinomycetota	Actinomycetes	Streptomycetales	Streptomycetaceae	Streptomyces	Streptomyces griseoluteus_A	Streptomyces griseoluteus NRRL ISP-5360
GCA_000718395.1_ASM71839v1_genomic	Bacteria	Actinomycetota	Actinomycetes	Streptomycetales	Streptomycetaceae	Streptomyces	Streptomyces sp002080455	Streptomyces sp. NRRL F-4335
GCA_000719105.1_ASM71910v1_genomic	Bacteria	Actinomycetota	Actinomycetes	Streptomycetales	Streptomycetaceae	Streptomyces	Streptomyces sclerotialus_B	Streptomyces sclerotialus NRRL B-2317
GCA_000719415.1_ASM71941v1_genomic	Bacteria	Actinomycetota	Actinomycetes	Streptomycetales	Streptomycetaceae	Kitasatospora	Kitasatospora aureofaciens	Streptomyces sp. NRRL B-5680
GCA_000719695.1_ASM71969v1_genomic	Bacteria	Actinomycetota	Actinomycetes	Streptomycetales	Streptomycetaceae	Kitasatospora	Kitasatospora sp000719695	Streptomyces sp. NRRL F-6131
GCA_000719825.1_ASM71982v1_genomic	Bacteria	Actinomycetota	Actinomycetes	Streptomycetales	Streptomycetaceae	Streptomyces	Streptomyces antibioticus_B	Streptomyces sp. NRRL F-5008
GCA_000720305.1_ASM72030v1_genomic	Bacteria	Actinomycetota	Actinomycetes	Streptomycetales	Streptomycetaceae	Streptomyces	Streptomyces chrestomyceticus	Streptomyces sp. NRRL WC-3773
GCA_000720535.1_ASM72053v1_genomic	Bacteria	Actinomycetota	Actinomycetes	Streptomycetales	Streptomycetaceae	Streptomyces	Streptomyces halstedii	Streptomyces halstedii NRRL ISP-5068
GCA_000720555.1_ASM72055v1_genomic	Bacteria	Actinomycetota	Actinomycetes	Streptomycetales	Streptomycetaceae	Streptomyces	Streptomyces sclerotialus	Streptomyces sclerotialus NRRL ISP-5269
GCA_000720845.1_ASM72084v1_genomic	Bacteria	Actinomycetota	Actinomycetes	Streptomycetales	Streptomycetaceae	Streptomyces	Streptomyces sp000720845	Kitasatospora aureofaciens NRRL B-2183
GCA_000720995.1_ASM72099v1_genomic	Bacteria	Actinomycetota	Actinomycetes	Streptomycetales	Streptomycetaceae	Streptomyces	Streptomyces celluloflavus	Streptomyces celluloflavus NRRL B-2493
GCA_000721085.1_ASM72108v1_genomic	Bacteria	Actinomycetota	Actinomycetes	Streptomycetales	Streptomycetaceae	Streptomyces	Streptomyces rimosus	Streptomyces rimosus subsp. rimosus
GCA_000721375.1_ASM72137v1_genomic	Bacteria	Actinomycetota	Actinomycetes	Streptomycetales	Streptomycetaceae	Streptomyces	Streptomyces sp000721375	Streptomyces sp. NRRL B-3428
GCA_000721625.1_ASM72162v1_genomic	Bacteria	Actinomycetota	Actinomycetes	Streptomycetales	Streptomycetaceae	Kitasatospora	Kitasatospora cineracea	Streptomyces sp. NRRL S-384
GCA_000721965.1_ASM72196v1_genomic	Bacteria	Actinomycetota	Actinomycetes	Streptomycetales	Streptomycetaceae	Streptomyces	Streptomyces chrestomyceticus	Streptomyces thermotolerans NRRL WC-3628
GCA_000722035.1_ASM72203v1_genomic	Bacteria	Actinomycetota	Actinomycetes	Streptomycetales	Streptomycetaceae	Streptomyces	Streptomyces xanthophaeus_A	Streptomyces sp. NRRL S-448
GCA_000722115.1_ASM72211v1_genomic	Bacteria	Actinomycetota	Actinomycetes	Streptomycetales	Streptomycetaceae	Kitasatospora	Kitasatospora purpeofusca	Streptomyces sp. NRRL S-984
GCA_000722155.1_ASM72215v1_genomic	Bacteria	Actinomycetota	Actinomycetes	Streptomycetales	Streptomycetaceae	Streptomyces	Streptomyces ardesiacus	Streptomyces sp. NRRL F-5638
GCA_000722235.1_ASM72223v1_genomic	Bacteria	Actinomycetota	Actinomycetes	Streptomycetales	Streptomycetaceae	Streptomyces	Streptomyces ardesiacus	Streptomyces sp. NRRL S-1833
GCA_000722275.1_ASM72227v1_genomic	Bacteria	Actinomycetota	Actinomycetes	Streptomycetales	Streptomycetaceae	Kitasatospora	Kitasatospora novaecaesareae	Streptomyces sp. NRRL B-2030
GCA_000722305.1_ASM72230v1_genomic	Bacteria	Actinomycetota	Actinomycetes	Streptomycetales	Streptomycetaceae	Streptomyces	Streptomyces virginiae	Streptomyces sp. NRRL B-2375
GCA_000722325.1_ASM72232v1_genomic	Bacteria	Actinomycetota	Actinomycetes	Streptomycetales	Streptomycetaceae	Kitasatospora	Kitasatospora cheerisanensis	Streptomyces sp. NRRL F-6133
GCA_000818175.1_ASM81817v1_genomic	Bacteria	Actinomycetota	Actinomycetes	Streptomycetales	Streptomycetaceae	Streptomyces	Streptomyces sp000818175	Streptomyces sp. AcH 505
GCA_000963515.1_ASM96351v1_genomic	Bacteria	Actinomycetota	Actinomycetes	Streptomycetales	Streptomycetaceae	Streptomyces	Streptomyces albulus_C	Streptomyces noursei ZPM ZPM
GCA_000966955.1_ASM96695v1_genomic	Bacteria	Actinomycetota	Actinomycetes	Streptomycetales	Streptomycetaceae	Kitasatospora	Kitasatospora purpeofusca	Streptomyces sp. NRRL S-495
GCA_000966985.1_ASM96698v1_genomic	Bacteria	Actinomycetota	Actinomycetes	Streptomycetales	Streptomycetaceae	Streptomyces	Streptomyces katrae_B	Streptomyces sp. NRRL S-444
GCA_001270665.1_ASM127066v1_genomic	Bacteria	Actinomycetota	Actinomycetes	Streptomycetales	Streptomycetaceae	Streptomyces	Streptomyces rimosus	Kitasatospora aureofaciens NRRL B-2658
GCA_001279805.1_ASM127980v1_genomic	Bacteria	Actinomycetota	Actinomycetes	Streptomycetales	Streptomycetaceae	Kitasatospora	Kitasatospora purpeofusca	Streptomyces sp. XY431
GCA_001294325.1_ASM129432v1_genomic	Bacteria	Actinomycetota	Actinomycetes	Streptomycetales	Streptomycetaceae	Streptomyces	Streptomyces albus	Streptomyces sp. NRRL F-6602
GCA_001406115.1_Streptomyces_venezuelae_ATCC_15439_genomic	Bacteria	Actinomycetota	Actinomycetes	Streptomycetales	Streptomycetaceae	Streptomyces	Streptomyces gardneri	Streptomyces venezuelae ATCC 15439
GCA_001418405.1_ASM141840v1_genomic	Bacteria	Actinomycetota	Actinomycetes	Streptomycetales	Streptomycetaceae	Streptomyces	Streptomyces albulus_C	Streptomyces diastatochromogenes NRRL B-1698
GCA_001443625.1_ASM144362v1_genomic	Bacteria	Actinomycetota	Actinomycetes	Streptomycetales	Streptomycetaceae	Streptomyces	Streptomyces gardneri	Streptomyces venezuelae ATCC 15439
GCA_001484705.1_ASM148470v1_genomic	Bacteria	Actinomycetota	Actinomycetes	Streptomycetales	Streptomycetaceae	Streptomyces	Streptomyces althioticus	Streptomyces sp. 4F
GCA_001511815.1_TUE45_genomic	Bacteria	Actinomycetota	Actinomycetes	Streptomycetales	Streptomycetaceae	Streptomyces	Streptomyces tricolor	Streptomyces reticuli TUE45
GCA_001550305.1_ASM155030v1_genomic	Bacteria	Actinomycetota	Actinomycetes	Streptomycetales	Streptomycetaceae	Streptomyces	Streptomyces mirabilis	Streptomyces diastatochromogenes ATCC 12309
GCA_001636945.3_ASM163694v3_genomic	Bacteria	Actinomycetota	Actinomycetes	Streptomycetales	Streptomycetaceae	Streptomyces	Streptomyces sp001636945	Streptomyces sp. FXJ1.172
GCA_001704275.1_ASM170427v1_genomic	Bacteria	Actinomycetota	Actinomycetes	Streptomycetales	Streptomycetaceae	Streptomyces	Streptomyces noursei	Streptomyces noursei ATCC 11455 ATCC 11455
GCA_001753705.1_ASM175370v1_genomic	Bacteria	Actinomycetota	Actinomycetes	Streptomycetales	Streptomycetaceae	Streptomyces	Streptomyces sp000280905	Streptomyces nanshensis 10374
GCA_001888885.2_ASM188888v2_genomic	Bacteria	Actinomycetota	Actinomycetes	Streptomycetales	Streptomycetaceae	Kitasatospora	Kitasatospora aureofaciens	Streptomyces viridifaciens DSM 40239
GCA_001905045.1_ASM190504v1_genomic	Bacteria	Actinomycetota	Actinomycetes	Streptomycetales	Streptomycetaceae	Kitasatospora	Kitasatospora herbaricolor	Streptomyces sp. CB03911
GCA_002081495.1_ASM208149v1_genomic	Bacteria	Actinomycetota	Actinomycetes	Streptomycetales	Streptomycetaceae	Streptomyces	Streptomyces sp001184025	Streptomyces sp. B9173
GCA_002082585.1_ASM208258v1_genomic	Bacteria	Actinomycetota	Actinomycetes	Streptomycetales	Streptomycetaceae	Streptomyces	Streptomyces albolongus	Kitasatospora albolonga YIM 101047
GCA_002104865.1_ASM210486v1_genomic	Bacteria	Actinomycetota	Actinomycetes	Streptomycetales	Streptomycetaceae	Streptomyces	Streptomyces parvus	Streptomyces sp. BF-3
GCA_002128465.1_ASM212846v1_genomic	Bacteria	Actinomycetota	Actinomycetes	Streptomycetales	Streptomycetaceae	Streptomyces	Streptomyces glaucescens	Streptomyces pharetrae CZA14 CZA14
GCA_002154345.1_ASM215434v1_genomic	Bacteria	Actinomycetota	Actinomycetes	Streptomycetales	Streptomycetaceae	Streptomyces	Streptomyces fimicarius	Streptomyces griseus NRRL ISP-5322
GCA_002154465.1_ASM215446v1_genomic	Bacteria	Actinomycetota	Actinomycetes	Streptomycetales	Streptomycetaceae	Streptomyces	Streptomyces griseoincarnatus	Streptomyces vinaceus NRRL B-1733
GCA_002154585.1_ASM215458v1_genomic	Bacteria	Actinomycetota	Actinomycetes	Streptomycetales	Streptomycetaceae	Streptomyces	Streptomyces pseudogriseolus	Streptomyces pseudogriseolus NRRL B-3288
GCA_002224125.2_ASM222412v2_genomic	Bacteria	Actinomycetota	Actinomycetes	Streptomycetales	Streptomycetaceae	Streptomyces	Streptomyces sp002224125	Streptomyces sp. NBS 1410
GCA_002551355.1_ASM255135v1_genomic	Bacteria	Actinomycetota	Actinomycetes	Streptomycetales	Streptomycetaceae	Streptomyces	Streptomyces sp002551355	Streptomyces sp. man185
GCA_002761895.1_ASM276189v1_genomic	Bacteria	Actinomycetota	Actinomycetes	Streptomycetales	Streptomycetaceae	Streptomyces	Streptomyces torulosus	Streptomyces sp. JV178
GCA_002941025.2_ASM294102v2_genomic	Bacteria	Actinomycetota	Actinomycetes	Streptomycetales	Streptomycetaceae	Streptomyces	Streptomyces sp002941025	Streptomyces sp. QL37
GCA_002953255.1_ASM295325v1_genomic	Bacteria	Actinomycetota	Actinomycetes	Streptomycetales	Streptomycetaceae	Kitasatospora	Kitasatospora sp002953255	Streptomyces sp. CB01881
GCA_003122045.1_ASM312204v1_genomic	Bacteria	Actinomycetota	Actinomycetes	Streptomycetales	Streptomycetaceae	Streptomyces	Streptomyces griseoincarnatus	Streptomyces sp. BSE7F
GCA_003248315.1_ASM324831v1_genomic	Bacteria	Actinomycetota	Actinomycetes	Streptomycetales	Streptomycetaceae	Streptomyces	Streptomyces sp003248315	Streptomyces sp. SW4
GCA_003268555.2_ASM326855v2_genomic	Bacteria	Actinomycetota	Actinomycetes	Streptomycetales	Streptomycetaceae	Streptomyces	Streptomyces niveiscabiei	Streptomyces sp. ST1020
GCA_003268675.1_ASM326867v1_genomic	Bacteria	Actinomycetota	Actinomycetes	Streptomycetales	Streptomycetaceae	Streptomyces	Streptomyces bacillaris	Streptomyces bacillaris ATCC 15855
GCA_003352805.1_ASM335280v1_genomic	Bacteria	Actinomycetota	Actinomycetes	Streptomycetales	Streptomycetaceae	Streptomyces	Streptomyces griseoincarnatus	Streptomyces sp. ETH9427
GCA_003384865.1_ASM338486v1_genomic	Bacteria	Actinomycetota	Actinomycetes	Streptomycetales	Streptomycetaceae	Streptomyces	Streptomyces sp001507435	Streptomyces sp. 3212.3
GCA_003500685.1_ASM350068v1_genomic	Bacteria	Actinomycetota	Actinomycetes	Streptomycetales	Streptomycetaceae	Streptomyces	Streptomyces sp000177195	Streptomyces sp. UBA10994
GCA_003573595.1_ASM357359v1_genomic	Bacteria	Actinomycetota	Actinomycetes	Streptomycetales	Streptomycetaceae	Streptomyces	Streptomyces rochei	Streptomyces sp. SHP22-7
GCA_003584805.2_ASM358480v2_genomic	Bacteria	Actinomycetota	Actinomycetes	Streptomycetales	Streptomycetaceae	Streptomyces	Streptomyces acidiscabies	Streptomyces acidiscabies ST105
GCA_003687505.1_ASM368750v1_genomic	Bacteria	Actinomycetota	Actinomycetes	Streptomycetales	Streptomycetaceae	Streptomyces	Streptomyces sp003687505	Streptomyces sp. S1
GCA_003687515.1_ASM368751v1_genomic	Bacteria	Actinomycetota	Actinomycetes	Streptomycetales	Streptomycetaceae	Streptomyces	Streptomyces albidoflavus	Streptomyces sp. S5
GCA_004000395.1_ASM400039v1_genomic	Bacteria	Actinomycetota	Actinomycetes	Streptomycetales	Streptomycetaceae	Streptomyces	Streptomyces albidoflavus	Streptomyces sp. B29(2018)
GCA_004521945.2_ASM452194v2_genomic	Bacteria	Actinomycetota	Actinomycetes	Streptomycetales	Streptomycetaceae	Streptomyces	Streptomyces bacillaris	Streptomyces sp. S6
GCA_004569275.1_ASM456927v1_genomic	Bacteria	Actinomycetota	Actinomycetes	Streptomycetales	Streptomycetaceae	Streptomyces	Streptomyces sp001507435	Streptomyces sp. T1317-0309
GCA_005234175.1_ASM523417v1_genomic	Bacteria	Actinomycetota	Actinomycetes	Streptomycetales	Streptomycetaceae	Streptomyces	Streptomyces cellulosae	Streptomyces thermocarboxydus BPSAC147
GCA_007826865.1_ASM782686v1_genomic	Bacteria	Actinomycetota	Actinomycetes	Streptomycetales	Streptomycetaceae	Streptomyces	Streptomyces sp001905905	Streptomyces griseus subsp. griseus
GCA_007858555.1_ASM785855v1_genomic	Bacteria	Actinomycetota	Actinomycetes	Streptomycetales	Streptomycetaceae	Streptomyces	Streptomyces rochei	Streptomyces sp. WAC06273
GCA_007858575.1_ASM785857v1_genomic	Bacteria	Actinomycetota	Actinomycetes	Streptomycetales	Streptomycetaceae	Streptomyces	Streptomyces sp003949805	Streptomyces sp. WAC08241
GCA_008033485.2_ASM803348v2_genomic	Bacteria	Actinomycetota	Actinomycetes	Streptomycetales	Streptomycetaceae	Streptomyces	Streptomyces samsunensis	Streptomyces malaysiensis TY049-057
GCA_008704475.1_ASM870447v1_genomic	Bacteria	Actinomycetota	Actinomycetes	Streptomycetales	Streptomycetaceae	Kitasatospora	Kitasatospora aureofaciens	Streptomyces viridifaciens ATCC 11989
GCA_008931705.1_ASM893170v1_genomic	Bacteria	Actinomycetota	Actinomycetes	Streptomycetales	Streptomycetaceae	Streptomyces	Streptomyces albogriseolus	Streptomyces albogriseolus LBX-2
GCA_009429105.1_ASM942910v1_genomic	Bacteria	Actinomycetota	Actinomycetes	Streptomycetales	Streptomycetaceae	Streptomyces	Streptomyces griseoincarnatus	Streptomyces vinaceus MOSEL-ME28
GCA_009739465.1_ASM973946v1_genomic	Bacteria	Actinomycetota	Actinomycetes	Streptomycetales	Streptomycetaceae	Streptomyces	Streptomyces apocyni	Streptomyces apocyni TRM 66233
GCA_009811615.2_ASM981161v2_genomic	Bacteria	Actinomycetota	Actinomycetes	Streptomycetales	Streptomycetaceae	Streptomyces	Streptomyces platensis	Streptomyces libani subsp. rufus
GCA_009862895.1_ASM986289v1_genomic	Bacteria	Actinomycetota	Actinomycetes	Streptomycetales	Streptomycetaceae	Embleya	Embleya scabrispora	Streptomyces sp. SID5474
GCA_009872595.1_ASM987259v1_genomic	Bacteria	Actinomycetota	Actinomycetes	Streptomycetales	Streptomycetaceae	Streptomyces	Streptomyces coelicoflavus	Streptomyces sp. SID5477
GCA_009873275.1_ASM987327v1_genomic	Bacteria	Actinomycetota	Actinomycetes	Streptomycetales	Streptomycetaceae	Streptomyces	Streptomyces tendae	Streptomyces sp. SID5914
GCA_011882225.1_ASM1188222v1_genomic	Bacteria	Actinomycetota	Actinomycetes	Streptomycetales	Streptomycetaceae	Streptomyces	Streptomyces sp000213055	Streptomyces sp. NEAU-H3
GCA_012273515.2_ASM1227351v2_genomic	Bacteria	Actinomycetota	Actinomycetes	Streptomycetales	Streptomycetaceae	Streptomyces	Streptomyces sp012273515	Streptomyces sp. RPA4-2
GCA_012273535.2_ASM1227353v2_genomic	Bacteria	Actinomycetota	Actinomycetes	Streptomycetales	Streptomycetaceae	Streptomyces	Streptomyces sp002846625	Streptomyces sp. RLB1-33
GCA_012275145.2_ASM1227514v2_genomic	Bacteria	Actinomycetota	Actinomycetes	Streptomycetales	Streptomycetaceae	Streptomyces	Streptomyces sp002846625	Streptomyces sp. S1D4-11
GCA_012396115.1_ASM1239611v1_genomic	Bacteria	Actinomycetota	Actinomycetes	Streptomycetales	Streptomycetaceae	Streptomyces	Streptomyces somaliensis	Streptomyces somaliensis DSM 40738 DSM 40738
GCA_013363505.1_ASM1336350v1_genomic	Bacteria	Actinomycetota	Actinomycetes	Streptomycetales	Streptomycetaceae	Streptomyces	Streptomyces bacillaris	Streptomyces roseoviolaceus MMA-32
GCA_013363615.1_ASM1336361v1_genomic	Bacteria	Actinomycetota	Actinomycetes	Streptomycetales	Streptomycetaceae	Streptomyces	Streptomyces antibioticus_B	Streptomyces sp. CAI-85
GCA_013363625.1_ASM1336362v1_genomic	Bacteria	Actinomycetota	Actinomycetes	Streptomycetales	Streptomycetaceae	Streptomyces	Streptomyces griseoincarnatus	Streptomyces coelicolor CAI-140
GCA_013363715.1_ASM1336371v1_genomic	Bacteria	Actinomycetota	Actinomycetes	Streptomycetales	Streptomycetaceae	Streptomyces	Streptomyces albidoflavus	Streptomyces sp. CAI-21
GCA_014204745.1_ASM1420474v1_genomic	Bacteria	Actinomycetota	Actinomycetes	Streptomycetales	Streptomycetaceae	Streptomyces	Streptomyces collinus	Streptomyces collinus DSM 40129
GCA_014284505.1_ASM1428450v1_genomic	Bacteria	Actinomycetota	Actinomycetes	Streptomycetales	Streptomycetaceae	Streptacidiphilus	Streptacidiphilus sp014284505	Streptacidiphilus sp. 4-A2
GCA_014360625.1_ASM1436062v1_genomic	Bacteria	Actinomycetota	Actinomycetes	Streptomycetales	Streptomycetaceae	Streptomyces	Streptomyces sp018070565	Streptomyces sp. MAG-45
GCA_014649155.1_ASM1464915v1_genomic	Bacteria	Actinomycetota	Actinomycetes	Streptomycetales	Streptomycetaceae	Streptomyces	Streptomyces griseoviridis	Streptomyces griseoviridis JCM 4250
GCA_014649175.1_ASM1464917v1_genomic	Bacteria	Actinomycetota	Actinomycetes	Streptomycetales	Streptomycetaceae	Streptomyces	Streptomyces althioticus	Streptomyces matensis JCM 4277
GCA_014649295.1_ASM1464929v1_genomic	Bacteria	Actinomycetota	Actinomycetes	Streptomycetales	Streptomycetaceae	Streptomyces	Streptomyces capoamus	Streptomyces libani subsp. rufus
GCA_014649355.1_ASM1464935v1_genomic	Bacteria	Actinomycetota	Actinomycetes	Streptomycetales	Streptomycetaceae	Streptomyces	Streptomyces althioticus	Streptomyces althioticus JCM 4344
GCA_014649555.1_ASM1464955v1_genomic	Bacteria	Actinomycetota	Actinomycetes	Streptomycetales	Streptomycetaceae	Streptomyces	Streptomyces globisporus	Streptomyces globisporus JCM 4378
GCA_014649575.1_ASM1464957v1_genomic	Bacteria	Actinomycetota	Actinomycetes	Streptomycetales	Streptomycetaceae	Streptomyces	Streptomyces griseoincarnatus	Streptomyces griseoincarnatus JCM 4381
GCA_014649615.1_ASM1464961v1_genomic	Bacteria	Actinomycetota	Actinomycetes	Streptomycetales	Streptomycetaceae	Streptomyces	Streptomyces althioticus	Streptomyces griseorubens JCM 4383
GCA_014650015.1_ASM1465001v1_genomic	Bacteria	Actinomycetota	Actinomycetes	Streptomycetales	Streptomycetaceae	Streptomyces	Streptomyces griseoloalbus	Streptomyces griseoloalbus JCM 4480
GCA_014650415.1_ASM1465041v1_genomic	Bacteria	Actinomycetota	Actinomycetes	Streptomycetales	Streptomycetaceae	Streptomyces	Streptomyces spiroverticillatus	Streptomyces spiroverticillatus JCM 4609
GCA_014650475.1_ASM1465047v1_genomic	Bacteria	Actinomycetota	Actinomycetes	Streptomycetales	Streptomycetaceae	Streptomyces	Streptomyces albogriseolus	Streptomyces albogriseolus JCM 4616
GCA_014655195.1_ASM1465519v1_genomic	Bacteria	Actinomycetota	Actinomycetes	Streptomycetales	Streptomycetaceae	Streptomyces	Streptomyces cellulosae	Streptomyces cellulosae JCM 4462
GCA_014656015.1_ASM1465601v1_genomic	Bacteria	Actinomycetota	Actinomycetes	Streptomycetales	Streptomycetaceae	Streptomyces	Streptomyces griseoaurantiacus	Streptomyces griseoaurantiacus JCM 4763
GCA_014656175.1_ASM1465617v1_genomic	Bacteria	Actinomycetota	Actinomycetes	Streptomycetales	Streptomycetaceae	Streptomyces	Streptomyces werraensis	Streptomyces werraensis JCM 4860
GCA_014697915.1_ASM1469791v1_genomic	Bacteria	Actinomycetota	Actinomycetes	Streptomycetales	Streptomycetaceae	Streptomyces	Streptomyces rochei	Streptomyces parvulus JS
GCA_014697935.1_ASM1469793v1_genomic	Bacteria	Actinomycetota	Actinomycetes	Streptomycetales	Streptomycetaceae	Streptomyces	Streptomyces californicus	Streptomyces globisporus QF2
GCA_014890535.1_ASM1489053v1_genomic	Bacteria	Actinomycetota	Actinomycetes	Streptomycetales	Streptomycetaceae	Streptomyces	Streptomyces californicus	Streptomyces sp. DASNCL-427
GCA_015222075.1_ASM1522207v1_genomic	Bacteria	Actinomycetota	Actinomycetes	Streptomycetales	Streptomycetaceae	Streptomyces	Streptomyces sp000280905	Streptomyces sp. GKU 257-1
GCA_015291085.1_ASM1529108v1_genomic	Bacteria	Actinomycetota	Actinomycetes	Streptomycetales	Streptomycetaceae	Streptomyces	Streptomyces albidoflavus	Streptomyces violascens ATCC 27968
GCA_016876115.1_ASM1687611v1_genomic	Bacteria	Actinomycetota	Actinomycetes	Streptomycetales	Streptomycetaceae	Streptomyces	Streptomyces griseosporeus	Streptomyces actuosus ISP-5337
GCA_016893405.2_ASM1689340v2_genomic	Bacteria	Actinomycetota	Actinomycetes	Streptomycetales	Streptomycetaceae	Streptomyces	Streptomyces pseudogriseolus	Streptomyces sp. XL-6
GCA_016893415.2_ASM1689341v2_genomic	Bacteria	Actinomycetota	Actinomycetes	Streptomycetales	Streptomycetaceae	Streptomyces	Streptomyces sp000527195	Streptomyces sp. XL-10
GCA_016893485.2_ASM1689348v2_genomic	Bacteria	Actinomycetota	Actinomycetes	Streptomycetales	Streptomycetaceae	Streptomyces	Streptomyces sp016893485	Streptomyces sp. P3
GCA_016893505.2_ASM1689350v2_genomic	Bacteria	Actinomycetota	Actinomycetes	Streptomycetales	Streptomycetaceae	Streptomyces	Streptomyces sp016893485	Streptomyces sp. AD2-3
GCA_016893525.2_ASM1689352v2_genomic	Bacteria	Actinomycetota	Actinomycetes	Streptomycetales	Streptomycetaceae	Streptomyces	Streptomyces albogriseolus	Streptomyces sp. ML2-9
GCA_016893535.2_ASM1689353v2_genomic	Bacteria	Actinomycetota	Actinomycetes	Streptomycetales	Streptomycetaceae	Streptomyces	Streptomyces sp016893485	Streptomyces sp. BD1-1
GCA_016893565.2_ASM1689356v2_genomic	Bacteria	Actinomycetota	Actinomycetes	Streptomycetales	Streptomycetaceae	Streptomyces	Streptomyces sp016893485	Streptomyces sp. AD2-2
GCA_016893585.2_ASM1689358v2_genomic	Bacteria	Actinomycetota	Actinomycetes	Streptomycetales	Streptomycetaceae	Streptomyces	Streptomyces pseudogriseolus	Streptomyces sp. ML1-2
GCA_016900915.2_ASM1690091v2_genomic	Bacteria	Actinomycetota	Actinomycetes	Streptomycetales	Streptomycetaceae	Streptomyces	Streptomyces antibioticus_B	Streptomyces sp. S9
GCA_016900935.1_ASM1690093v1_genomic	Bacteria	Actinomycetota	Actinomycetes	Streptomycetales	Streptomycetaceae	Streptomyces	Streptomyces sp010548465	Streptomyces sp. S12
GCA_017163995.1_ASM1716399v1_genomic	Bacteria	Actinomycetota	Actinomycetes	Streptomycetales	Streptomycetaceae	Streptomyces	Streptomyces anthocyanicus	Streptomyces lividans TK24 DG2-P41
GCA_017377825.1_ASM1737782v1_genomic	Bacteria	Actinomycetota	Actinomycetes	Streptomycetales	Streptomycetaceae	Streptomyces	Streptomyces albidoflavus	Streptomyces sampsonii 09MW18-IS
GCA_017498645.1_ASM1749864v1_genomic	Bacteria	Actinomycetota	Actinomycetes	Streptomycetales	Streptomycetaceae	Streptomyces	Streptomyces anthocyanicus	Streptomyces lividans TK24-YQS040
GCA_018195615.1_ASM1819561v1_genomic	Bacteria	Actinomycetota	Actinomycetes	Streptomycetales	Streptomycetaceae	Streptomyces	Streptomyces tuirus_A	Streptomyces tuirus PHM034
GCA_018614585.1_ASM1861458v1_genomic	Bacteria	Actinomycetota	Actinomycetes	Streptomycetales	Streptomycetaceae	Streptomyces	Streptomyces sp018614585	Streptomyces sp. ISL-1
GCA_019049345.1_ASM1904934v1_genomic	Bacteria	Actinomycetota	Actinomycetes	Streptomycetales	Streptomycetaceae	Streptomyces	Streptomyces sp020982545	Streptomyces sp. AC495_CC817
GCA_019305105.1_ASM1930510v1_genomic	Bacteria	Actinomycetota	Actinomycetes	Streptomycetales	Streptomycetaceae	Streptomyces	Streptomyces mutabilis	Streptomyces sp. AC542_RSS864
GCA_019508235.1_ASM1950823v1_genomic	Bacteria	Actinomycetota	Actinomycetes	Streptomycetales	Streptomycetaceae	Streptomyces	Streptomyces sp001280005	Streptomyces turgidiscabies YH_70_12
GCA_019510245.1_ASM1951024v1_genomic	Bacteria	Actinomycetota	Actinomycetes	Streptomycetales	Streptomycetaceae	Streptomyces	Streptomyces sp019510245	Streptomyces sp. SH_71_13
GCA_019711445.1_ASM1971144v1_genomic	Bacteria	Actinomycetota	Actinomycetes	Streptomycetales	Streptomycetaceae	Streptomyces	Streptomyces sp002803085	Streptomyces sp. MAG02
GCA_020034615.2_ASM2003461v2_genomic	Bacteria	Actinomycetota	Actinomycetes	Streptomycetales	Streptomycetaceae	Streptomyces	Streptomyces rochei	Streptomyces sp. A144
GCA_020148185.1_ASM2014818v1_genomic	Bacteria	Actinomycetota	Actinomycetes	Streptomycetales	Streptomycetaceae	Streptomyces	Streptomyces yangpuensis	Streptomyces erythrochromogenes HMS4
GCA_020400595.2_ASM2040059v2_genomic	Bacteria	Actinomycetota	Actinomycetes	Streptomycetales	Streptomycetaceae	Streptomyces	Streptomyces sp020400595	Streptomyces naphthomycinicus TML10
GCA_020782815.1_ASM2078281v1_genomic	Bacteria	Actinomycetota	Actinomycetes	Streptomycetales	Streptomycetaceae	Streptomyces	Streptomyces samsunensis	Streptomyces malaysiensis HSL-9B
GCA_020873895.1_ASM2087389v1_genomic	Bacteria	Actinomycetota	Actinomycetes	Streptomycetales	Streptomycetaceae	Streptomyces	Streptomyces sp020873895	Streptomyces sp. DH12
GCA_020873915.1_ASM2087391v1_genomic	Bacteria	Actinomycetota	Actinomycetes	Streptomycetales	Streptomycetaceae	Streptomyces	Streptomyces sp020873915	Streptomyces sp. DH5
GCA_020873955.1_ASM2087395v1_genomic	Bacteria	Actinomycetota	Actinomycetes	Streptomycetales	Streptomycetaceae	Streptomyces	Streptomyces sp001905905	Streptomyces sp. DH8
GCA_020881045.1_ASM2088104v1_genomic	Bacteria	Actinomycetota	Actinomycetes	Streptomycetales	Streptomycetaceae	Streptomyces	Streptomyces parvus	Streptomyces globisporus M 1
GCA_021264725.1_ASM2126472v1_genomic	Bacteria	Actinomycetota	Actinomycetes	Streptomycetales	Streptomycetaceae	Streptomyces	Streptomyces tricolor	Streptomyces tricolor HM10
GCA_021390875.1_ASM2139087v1_genomic	Bacteria	Actinomycetota	Actinomycetes	Streptomycetales	Streptomycetaceae	Streptomyces	Streptomyces sp021390935	Streptomyces sp. CC219A
GCA_021442415.2_ASM2144241v2_genomic	Bacteria	Actinomycetota	Actinomycetes	Streptomycetales	Streptomycetaceae	Streptomyces	Streptomyces griseoaurantiacus	Streptomyces sp. MH191
GCA_021495955.1_ASM2149595v1_genomic	Bacteria	Actinomycetota	Actinomycetes	Streptomycetales	Streptomycetaceae	Streptomyces	Streptomyces sp003947455	Streptomyces sp. STD 3.1
GCA_021502835.1_ASM2150283v1_genomic	Bacteria	Actinomycetota	Actinomycetes	Streptomycetales	Streptomycetaceae	Streptomyces	Streptomyces sp003671715	Streptomyces thinghirensis HM3
GCA_021538795.1_ASM2153879v1_genomic	Bacteria	Actinomycetota	Actinomycetes	Streptomycetales	Streptomycetaceae	Streptomyces	Streptomyces katrae	Streptomyces polychromogenes A48
GCA_021538805.1_ASM2153880v1_genomic	Bacteria	Actinomycetota	Actinomycetes	Streptomycetales	Streptomycetaceae	Streptomyces	Streptomyces silaceus	Streptomyces arenae A3
GCA_021654815.1_ASM2165481v1_genomic	Bacteria	Actinomycetota	Actinomycetes	Streptomycetales	Streptomycetaceae	Streptomyces	Streptomyces anthocyanicus	Streptomyces coelicolor JCM 4020
GCA_022179705.1_ASM2217970v1_genomic	Bacteria	Actinomycetota	Actinomycetes	Streptomycetales	Streptomycetaceae	Streptomyces	Streptomyces anthocyanicus	Streptomyces lividans TK23
GCA_022414575.2_ASM2241457v2_genomic	Bacteria	Actinomycetota	Actinomycetes	Streptomycetales	Streptomycetaceae	Streptomyces	Streptomyces sp022414575	Streptomyces sp. MUM 178J
GCA_023614295.1_ASM2361429v1_genomic	Bacteria	Actinomycetota	Actinomycetes	Streptomycetales	Streptomycetaceae	Streptomyces	Streptomyces radiopugnans	Streptomyces radiopugnans MRC003
GCA_023713685.1_ASM2371368v1_genomic	Bacteria	Actinomycetota	Actinomycetes	Streptomycetales	Streptomycetaceae	Streptomyces	Streptomyces pseudogriseolus	Streptomyces pseudogriseolus MER 172A
GCA_024349105.1_ASM2434910v1_genomic	Bacteria	Actinomycetota	Actinomycetes	Streptomycetales	Streptomycetaceae	Streptomyces	Streptomyces somaliensis	Streptomyces somaliensis MRC009
GCA_024349125.1_ASM2434912v1_genomic	Bacteria	Actinomycetota	Actinomycetes	Streptomycetales	Streptomycetaceae	Streptomyces	Streptomyces werraensis	Streptomyces werraensis MRC012
GCA_024349185.1_ASM2434918v1_genomic	Bacteria	Actinomycetota	Actinomycetes	Streptomycetales	Streptomycetaceae	Streptomyces	Streptomyces albogriseolus	Streptomyces albogriseolus MRC002
GCA_024349205.1_ASM2434920v1_genomic	Bacteria	Actinomycetota	Actinomycetes	Streptomycetales	Streptomycetaceae	Streptomyces	Streptomyces somaliensis	Streptomyces somaliensis MRC001
GCA_024539815.1_ASM2453981v1_genomic	Bacteria	Actinomycetota	Actinomycetes	Streptomycetales	Streptomycetaceae	Streptomyces	Streptomyces hayashii	Streptomyces hayashii IBSBF 2953
GCA_024582875.1_ASM2458287v1_genomic	Bacteria	Actinomycetota	Actinomycetes	Streptomycetales	Streptomycetaceae	Streptomyces	Streptomyces albidoflavus	Streptomyces albus INA 01303
GCA_024758545.1_ASM2475854v1_genomic	Bacteria	Actinomycetota	Actinomycetes	Streptomycetales	Streptomycetaceae	Streptomyces	Streptomyces yangpuensis	Streptomyces lavendulae BP39
GCA_025133285.1_ASM2513328v1_genomic	Bacteria	Actinomycetota	Actinomycetes	Streptomycetales	Streptomycetaceae	Streptomyces	Streptomyces harbinensis	Streptomyces carpaticus SCPM-O-B-9993
GCA_025641845.1_ASM2564184v1_genomic	Bacteria	Actinomycetota	Actinomycetes	Streptomycetales	Streptomycetaceae	Streptomyces	Streptomyces sp016893485	Streptomyces sp. AD2-2
GCA_025964845.1_ASM2596484v1_genomic	Bacteria	Actinomycetota	Actinomycetes	Streptomycetales	Streptomycetaceae	Actinacidiphila	Actinacidiphila oryziradicis	Actinacidiphila oryziradicis RYN_220
GCA_026168065.1_ASM2616806v1_genomic	Bacteria	Actinomycetota	Actinomycetes	Streptomycetales	Streptomycetaceae	Streptomyces	Streptomyces nigrescens	Streptomyces platensis subsp. clarensis
GCA_026236535.1_ASM2623653v1_genomic	Bacteria	Actinomycetota	Actinomycetes	Streptomycetales	Streptomycetaceae	Streptomyces	Streptomyces sp026236535	Streptomyces sp. SKN60
GCA_026339805.1_ASM2633980v1_genomic	Bacteria	Actinomycetota	Actinomycetes	Streptomycetales	Streptomycetaceae	Streptomyces	Streptomyces phaeochromogenes	Streptomyces phaeochromogenes NBC_01600
GCA_026913105.1_ASM2691310v1_genomic	Bacteria	Actinomycetota	Actinomycetes	Streptomycetales	Streptomycetaceae	Streptomyces	Streptomyces albulus_C	Streptomyces noursei ATCC 31713
GCA_026913215.1_ASM2691321v1_genomic	Bacteria	Actinomycetota	Actinomycetes	Streptomycetales	Streptomycetaceae	Streptomyces	Streptomyces diastatochromogenes_A	Streptomyces diastatochromogenes ATCC 21481
GCA_027947535.2_ASM2794753v2_genomic	Bacteria	Actinomycetota	Actinomycetes	Streptomycetales	Streptomycetaceae	Streptantibioticus	Streptantibioticus silvisoli	Streptantibioticus silvisoli SL54
GCA_027947545.2_ASM2794754v2_genomic	Bacteria	Actinomycetota	Actinomycetes	Streptomycetales	Streptomycetaceae	Streptantibioticus	Streptantibioticus silvisoli	Streptantibioticus silvisoli SL13
GCA_027947575.1_ASM2794757v1_genomic	Bacteria	Actinomycetota	Actinomycetes	Streptomycetales	Streptomycetaceae	Streptomyces	Streptomyces rubrogriseus	Streptomyces rubrogriseus NBRC 15455
GCA_028370095.1_ASM2837009v1_genomic	Bacteria	Actinomycetota	Actinomycetes	Streptomycetales	Streptomycetaceae	Streptomyces	Streptomyces chartreusis	Streptomyces moderatus DT446
GCA_028657195.3_ASM2865719v3_genomic	Bacteria	Actinomycetota	Actinomycetes	Streptomycetales	Streptomycetaceae	Streptomyces	Streptomyces iconiensis	Streptomyces iconiensis DSM 42109
GCA_028736035.1_ASM2873603v1_genomic	Bacteria	Actinomycetota	Actinomycetes	Streptomycetales	Streptomycetaceae	Streptomyces	Streptomyces sp028736035	Streptomyces sp. T12
GCA_028748005.1_ASM2874800v1_genomic	Bacteria	Actinomycetota	Actinomycetes	Streptomycetales	Streptomycetaceae	Streptomyces	Streptomyces rochei	Streptomyces enissocaesilis NBF 715
GCA_028867535.1_ASM2886753v1_genomic	Bacteria	Actinomycetota	Actinomycetes	Streptomycetales	Streptomycetaceae	Streptomyces	Streptomyces parvus	Streptomyces sp. SCSIO-PteL053
GCA_028884895.1_ASM2888489v1_genomic	Bacteria	Actinomycetota	Actinomycetes	Streptomycetales	Streptomycetaceae	Streptomyces	Streptomyces albidoflavus	Streptomyces sp. AD16
GCA_029504925.1_ASM2950492v1_genomic	Bacteria	Actinomycetota	Actinomycetes	Streptomycetales	Streptomycetaceae	Streptomyces	Streptomyces papulosus	Streptomyces pratensis SLBN-177
GCA_029688675.1_ASM2968867v1_genomic	Bacteria	Actinomycetota	Actinomycetes	Streptomycetales	Streptomycetaceae	Streptomyces	Streptomyces sp900290235	Streptomyces ossamyceticus D88
GCA_029809515.1_ASM2980951v1_genomic	Bacteria	Actinomycetota	Actinomycetes	Streptomycetales	Streptomycetaceae	Streptomyces	Streptomyces mutabilis	Streptomyces sp. DH17
GCA_029961205.1_ASM2996120v1_genomic	Bacteria	Actinomycetota	Actinomycetes	Streptomycetales	Streptomycetaceae	Streptomyces	Streptomyces albidoflavus	Streptomyces sp. AJ-1
GCA_029967545.1_ASM2996754v1_genomic	Bacteria	Actinomycetota	Actinomycetes	Streptomycetales	Streptomycetaceae	Streptomyces	Streptomyces rochei	Streptomyces rochei CC36
GCA_029967595.1_ASM2996759v1_genomic	Bacteria	Actinomycetota	Actinomycetes	Streptomycetales	Streptomycetaceae	Streptomyces	Streptomyces rochei	Streptomyces rochei CC71
GCA_029967605.1_ASM2996760v1_genomic	Bacteria	Actinomycetota	Actinomycetes	Streptomycetales	Streptomycetaceae	Streptomyces	Streptomyces rochei	Streptomyces rochei CC48
GCA_029968015.1_ASM2996801v1_genomic	Bacteria	Actinomycetota	Actinomycetes	Streptomycetales	Streptomycetaceae	Streptomyces	Streptomyces sp029968015	Streptomyces luteolus B-S-A12
GCA_029968035.1_ASM2996803v1_genomic	Bacteria	Actinomycetota	Actinomycetes	Streptomycetales	Streptomycetaceae	Streptomyces	Streptomyces sp029968035	Streptomyces cavernicola B-S-A6
GCA_029968095.1_ASM2996809v1_genomic	Bacteria	Actinomycetota	Actinomycetes	Streptomycetales	Streptomycetaceae	Streptomyces	Streptomyces sp029968095	Streptomyces solicavernae B-S-A8
GCA_030010495.1_ASM3001049v1_genomic	Bacteria	Actinomycetota	Actinomycetes	Streptomycetales	Streptomycetaceae	Streptomyces	Streptomyces canus	Streptomyces sp. 12257
GCA_030010565.1_ASM3001056v1_genomic	Bacteria	Actinomycetota	Actinomycetes	Streptomycetales	Streptomycetaceae	Streptomyces	Streptomyces rochei	Streptomyces sp. SS52
GCA_030010595.1_ASM3001059v1_genomic	Bacteria	Actinomycetota	Actinomycetes	Streptomycetales	Streptomycetaceae	Streptomyces	Streptomyces longispororuber	Streptomyces sp. CC224B
GCA_030010605.1_ASM3001060v1_genomic	Bacteria	Actinomycetota	Actinomycetes	Streptomycetales	Streptomycetaceae	Streptomyces	Streptomyces sp014596915	Streptomyces sp. CC219B
GCA_030010625.1_ASM3001062v1_genomic	Bacteria	Actinomycetota	Actinomycetes	Streptomycetales	Streptomycetaceae	Streptomyces	Streptomyces sp030010625	Streptomyces sp. CC208A
GCA_030010655.1_ASM3001065v1_genomic	Bacteria	Actinomycetota	Actinomycetes	Streptomycetales	Streptomycetaceae	Streptomyces	Streptomyces parvus	Streptomyces sp. CC216B
GCA_030010675.1_ASM3001067v1_genomic	Bacteria	Actinomycetota	Actinomycetes	Streptomycetales	Streptomycetaceae	Streptomyces	Streptomyces parvus	Streptomyces sp. CC216C
GCA_030010715.1_ASM3001071v1_genomic	Bacteria	Actinomycetota	Actinomycetes	Streptomycetales	Streptomycetaceae	Streptomyces	Streptomyces parvus	Streptomyces sp. CC213D
GCA_030011775.1_ASM3001177v1_genomic	Bacteria	Actinomycetota	Actinomycetes	Streptomycetales	Streptomycetaceae	Streptomyces	Streptomyces albus	Streptomyces albus RC2
GCA_030011935.1_ASM3001193v1_genomic	Bacteria	Actinomycetota	Actinomycetes	Streptomycetales	Streptomycetaceae	Streptomyces	Streptomyces bacillaris	Streptomyces sp. cavernau
GCA_030016275.1_ASM3001627v1_genomic	Bacteria	Actinomycetota	Actinomycetes	Streptomycetales	Streptomycetaceae	Streptomyces	Streptomyces coelicoflavus	Streptomyces coelicoflavus S3018
GCA_030027225.1_ASM3002722v1_genomic	Bacteria	Actinomycetota	Actinomycetes	Streptomycetales	Streptomycetaceae	Streptomyces	Streptomyces bacillaris	Streptomyces cavourensis YBQ59
GCA_030028615.1_ASM3002861v1_genomic	Bacteria	Actinomycetota	Actinomycetes	Streptomycetales	Streptomycetaceae	Streptomyces	Streptomyces parvulus	Streptomyces sp. BPPL-273
GCA_030028635.1_ASM3002863v1_genomic	Bacteria	Actinomycetota	Actinomycetes	Streptomycetales	Streptomycetaceae	Streptomyces	Streptomyces melanogenes	Streptomyces sp. BPTC-684
GCA_030056425.1_ASM3005642v1_genomic	Bacteria	Actinomycetota	Actinomycetes	Streptomycetales	Streptomycetaceae	Streptomyces	Streptomyces sp008973465	Streptomyces sp. KAU_LT
GCA_030056615.1_ASM3005661v1_genomic	Bacteria	Actinomycetota	Actinomycetes	Streptomycetales	Streptomycetaceae	Streptomyces	Streptomyces marianii	Streptomyces sp. HNM0645
GCA_030063135.1_ASM3006313v1_genomic	Bacteria	Actinomycetota	Actinomycetes	Streptomycetales	Streptomycetaceae	Streptomyces	Streptomyces sp030063135	Streptomyces sp. G-G2
GCA_030063325.1_ASM3006332v1_genomic	Bacteria	Actinomycetota	Actinomycetes	Streptomycetales	Streptomycetaceae	Actinacidiphila	Actinacidiphila sp030063355	Streptomyces sp. H10-C2
GCA_030063355.1_ASM3006335v1_genomic	Bacteria	Actinomycetota	Actinomycetes	Streptomycetales	Streptomycetaceae	Actinacidiphila	Actinacidiphila sp030063355	Streptomyces sp. PH10-H1
GCA_030063415.1_ASM3006341v1_genomic	Bacteria	Actinomycetota	Actinomycetes	Streptomycetales	Streptomycetaceae	Streptomyces	Streptomyces sp030063415	Streptomyces sp. H27-C3
GCA_030077645.1_ASM3007764v1_genomic	Bacteria	Actinomycetota	Actinomycetes	Streptomycetales	Streptomycetaceae	Streptomyces	Streptomyces rubiginosohelvolus	Streptomyces pakalii ENCB-J15
GCA_030116705.1_ASM3011670v1_genomic	Bacteria	Actinomycetota	Actinomycetes	Streptomycetales	Streptomycetaceae	Streptomyces	Streptomyces sp030116705	Streptomyces sp. ML-6
GCA_030122705.1_ASM3012270v1_genomic	Bacteria	Actinomycetota	Actinomycetes	Streptomycetales	Streptomycetaceae	Streptomyces	Streptomyces samsunensis	Streptomyces sp. NA07423
GCA_030124145.1_ASM3012414v1_genomic	Bacteria	Actinomycetota	Actinomycetes	Streptomycetales	Streptomycetaceae	Streptomyces	Streptomyces sp030124145	Streptomyces sp. 378
GCA_030124175.1_ASM3012417v1_genomic	Bacteria	Actinomycetota	Actinomycetes	Streptomycetales	Streptomycetaceae	Streptomyces	Streptomyces sp030124175	Streptomyces sp. 549
GCA_030135485.1_ASM3013548v1_genomic	Bacteria	Actinomycetota	Actinomycetes	Streptomycetales	Streptomycetaceae	Streptomyces	Streptomyces fragilis	Streptomyces fragilis ISP 5044
GCA_030158795.1_ASM3015879v1_genomic	Bacteria	Actinomycetota	Actinomycetes	Streptomycetales	Streptomycetaceae	Streptomyces	Streptomyces albus	Streptomyces albus N11-50
GCA_030159695.1_ASM3015969v1_genomic	Bacteria	Actinomycetota	Actinomycetes	Streptomycetales	Streptomycetaceae	Streptomyces	Streptomyces sp003814525	Streptomyces sp. TUS-ST3
GCA_030162985.1_ASM3016298v1_genomic	Bacteria	Actinomycetota	Actinomycetes	Streptomycetales	Streptomycetaceae	Streptomyces	Streptomyces rochei	Streptomyces rochei L1
GCA_030167965.1_ASM3016796v1_genomic	Bacteria	Actinomycetota	Actinomycetes	Streptomycetales	Streptomycetaceae	Streptomyces	Streptomyces globosus	Streptomyces sp. 2P-4
GCA_030238025.1_ASM3023802v1_genomic	Bacteria	Actinomycetota	Actinomycetes	Streptomycetales	Streptomycetaceae	Streptomyces	Streptomyces sp000158895	Streptomyces katrae NP73
GCA_030262575.1_ASM3026257v1_genomic	Bacteria	Actinomycetota	Actinomycetes	Streptomycetales	Streptomycetaceae	Streptomyces	Streptomyces sp900091315	Streptomyces fuscus GXMU-J15
GCA_030268605.1_ASM3026860v1_genomic	Bacteria	Actinomycetota	Actinomycetes	Streptomycetales	Streptomycetaceae	Streptomyces	Streptomyces hygroscopicus	Streptomyces hygroscopicus subsp. hygroscopicus
GCA_030268625.1_ASM3026862v1_genomic	Bacteria	Actinomycetota	Actinomycetes	Streptomycetales	Streptomycetaceae	Streptomyces	Streptomyces lavendulae	Streptomyces lavendulae subsp. lavendulae
GCA_030268645.1_ASM3026864v1_genomic	Bacteria	Actinomycetota	Actinomycetes	Streptomycetales	Streptomycetaceae	Streptomyces	Streptomyces virginiae	Streptomyces lavendulae subsp. lavendulae
GCA_030268665.1_ASM3026866v1_genomic	Bacteria	Actinomycetota	Actinomycetes	Streptomycetales	Streptomycetaceae	Streptomyces	Streptomyces lavendulae	Streptomyces lavendulae subsp. lavendulae
GCA_030268705.1_ASM3026870v1_genomic	Bacteria	Actinomycetota	Actinomycetes	Streptomycetales	Streptomycetaceae	Streptomyces	Streptomyces kronopolitis	Streptomyces sp. NBRC 13847
GCA_030268805.1_ASM3026880v1_genomic	Bacteria	Actinomycetota	Actinomycetes	Streptomycetales	Streptomycetaceae	Streptomyces	Streptomyces sp900091315	Streptomyces sp. NBRC 14336
GCA_030268825.1_ASM3026882v1_genomic	Bacteria	Actinomycetota	Actinomycetes	Streptomycetales	Streptomycetaceae	Kitasatospora	Kitasatospora phosalacinea_A	Kitasatospora phosalacinea NBRC 14362
GCA_030268885.1_ASM3026888v1_genomic	Bacteria	Actinomycetota	Actinomycetes	Streptomycetales	Streptomycetaceae	Kitasatospora	Kitasatospora phosalacinea_C	Kitasatospora phosalacinea NBRC 14627
GCA_030269025.1_ASM3026902v1_genomic	Bacteria	Actinomycetota	Actinomycetes	Streptomycetales	Streptomycetaceae	Streptomyces	Streptomyces sp000158895	Streptomyces lavendulae subsp. lavendulae
GCA_030269045.1_ASM3026904v1_genomic	Bacteria	Actinomycetota	Actinomycetes	Streptomycetales	Streptomycetaceae	Streptomyces	Streptomyces sp000158895	Streptomyces lavendulae subsp. lavendulae
GCA_030269085.1_ASM3026908v1_genomic	Bacteria	Actinomycetota	Actinomycetes	Streptomycetales	Streptomycetaceae	Streptomyces	Streptomyces lavendulae	Streptomyces roseochromogenus NBRC 3363
GCA_030269125.1_ASM3026912v1_genomic	Bacteria	Actinomycetota	Actinomycetes	Streptomycetales	Streptomycetaceae	Streptomyces	Streptomyces hygroscopicus_C	Streptomyces hygroscopicus subsp. hygroscopicus
GCA_030270785.1_ASM3027078v1_genomic	Bacteria	Actinomycetota	Actinomycetes	Streptomycetales	Streptomycetaceae	Streptomyces	Streptomyces sp026342195	Streptomyces sp. RTGN2
GCA_030286025.1_ASM3028602v1_genomic	Bacteria	Actinomycetota	Actinomycetes	Streptomycetales	Streptomycetaceae	Streptomyces	Streptomyces anulatus	Streptomyces anulatus K-31
GCA_030287445.1_ASM3028744v1_genomic	Bacteria	Actinomycetota	Actinomycetes	Streptomycetales	Streptomycetaceae	Streptomyces	Streptomyces sp030287445	Streptomyces sp. ALI-76-A
GCA_030291795.1_ASM3029179v1_genomic	Bacteria	Actinomycetota	Actinomycetes	Streptomycetales	Streptomycetaceae	Streptomyces	Streptomyces antimycoticus	Streptomyces antimycoticus FIM95-F1
GCA_030294945.1_SGFS_1.0_genomic	Bacteria	Actinomycetota	Actinomycetes	Streptomycetales	Streptomycetaceae	Streptomyces	Streptomyces graminofaciens	Streptomyces graminofaciens A-8890
GCA_030345275.1_ASM3034527v1_genomic	Bacteria	Actinomycetota	Actinomycetes	Streptomycetales	Streptomycetaceae	Streptomyces	Streptomyces albidoflavus	Streptomyces albidoflavus MGMM6
GCA_030386795.1_ASM3038679v1_genomic	Bacteria	Actinomycetota	Actinomycetes	Streptomycetales	Streptomycetaceae	Streptomyces	Streptomyces sp030386795	Streptomyces sp. S.PNR 29
GCA_030388665.1_ASM3038866v1_genomic	Bacteria	Actinomycetota	Actinomycetes	Streptomycetales	Streptomycetaceae	Streptomyces	Streptomyces flavofungini_A	Streptomyces flavofungini TRM90047
GCA_030403535.1_ASM3040353v1_genomic	Bacteria	Actinomycetota	Actinomycetes	Streptomycetales	Streptomycetaceae	Streptomyces	Streptomyces sp002899455	Streptomyces sp. MA15
GCA_030403545.1_ASM3040354v1_genomic	Bacteria	Actinomycetota	Actinomycetes	Streptomycetales	Streptomycetaceae	Streptomyces	Streptomyces mutabilis	Streptomyces sp. MA25(2023)
GCA_030403595.1_ASM3040359v1_genomic	Bacteria	Actinomycetota	Actinomycetes	Streptomycetales	Streptomycetaceae	Streptomyces	Streptomyces rubradiris	Streptomyces sp. CSDS2
GCA_030403635.1_ASM3040363v1_genomic	Bacteria	Actinomycetota	Actinomycetes	Streptomycetales	Streptomycetaceae	Streptomyces	Streptomyces mutabilis	Streptomyces sp. ZSW22
GCA_030403745.1_ASM3040374v1_genomic	Bacteria	Actinomycetota	Actinomycetes	Streptomycetales	Streptomycetaceae	Streptomyces	Streptomyces sp030403745	Streptomyces sp. S.PB5
GCA_030403785.1_ASM3040378v1_genomic	Bacteria	Actinomycetota	Actinomycetes	Streptomycetales	Streptomycetaceae	Streptomyces	Streptomyces hygroscopicus	Streptomyces sp. SRF1
GCA_030406405.1_ASM3040640v1_genomic	Bacteria	Actinomycetota	Actinomycetes	Streptomycetales	Streptomycetaceae	Streptomyces	Streptomyces ficellus_B	Streptomyces ficellus AS11
GCA_030406415.1_ASM3040641v1_genomic	Bacteria	Actinomycetota	Actinomycetes	Streptomycetales	Streptomycetaceae	Streptomyces	Streptomyces cellulosae	Streptomyces thermocarboxydus MA27
GCA_030406845.1_ASM3040684v1_genomic	Bacteria	Actinomycetota	Actinomycetes	Streptomycetales	Streptomycetaceae	Streptomyces	Streptomyces papulosus	Streptomyces sp. P9-2B-1
GCA_030406865.1_ASM3040686v1_genomic	Bacteria	Actinomycetota	Actinomycetes	Streptomycetales	Streptomycetaceae	Streptomyces	Streptomyces platensis	Streptomyces sp. P9-2B-2
GCA_030406905.1_ASM3040690v1_genomic	Bacteria	Actinomycetota	Actinomycetes	Streptomycetales	Streptomycetaceae	Streptomyces	Streptomyces sp030406905	Streptomyces chengbuensis HUAS CB01
GCA_030417515.1_ASM3041751v1_genomic	Bacteria	Actinomycetota	Actinomycetes	Streptomycetales	Streptomycetaceae	Streptomyces	Streptomyces cacaoi	Streptomyces cacaoi ET20222338
GCA_030440515.1_ASM3044051v1_genomic	Bacteria	Actinomycetota	Actinomycetes	Streptomycetales	Streptomycetaceae	Streptomyces	Streptomyces xanthophaeus_A	Streptomyces xanthophaeus GA114 Liu
GCA_030449695.1_ASM3044969v1_genomic	Bacteria	Actinomycetota	Actinomycetes	Streptomycetales	Streptomycetaceae	Streptomyces	Streptomyces thermovulgaris	Streptomyces sp. LB8
GCA_030450125.1_ASM3045012v1_genomic	Bacteria	Actinomycetota	Actinomycetes	Streptomycetales	Streptomycetaceae	Streptomyces	Streptomyces incarnatus_A	Streptomyces sp. WP-1
GCA_030490905.1_ASM3049090v1_genomic	Bacteria	Actinomycetota	Actinomycetes	Streptomycetales	Streptomycetaceae	Streptomyces	Streptomyces olivoreticuli	Streptomyces olivoreticuli ZZ-21
GCA_030499515.1_ASM3049951v1_genomic	Bacteria	Actinomycetota	Actinomycetes	Streptomycetales	Streptomycetaceae	Streptomyces	Streptomyces sp030499515	Streptomyces sp. DT2A-34
GCA_030499535.1_ASM3049953v1_genomic	Bacteria	Actinomycetota	Actinomycetes	Streptomycetales	Streptomycetaceae	Streptomyces	Streptomyces sp030499535	Streptomyces sp. TG1A-8
GCA_030499575.1_ASM3049957v1_genomic	Bacteria	Actinomycetota	Actinomycetes	Streptomycetales	Streptomycetaceae	Streptomyces	Streptomyces sp030499575	Streptomyces sp. DG2A-72
GCA_030506235.1_ASM3050623v1_genomic	Bacteria	Actinomycetota	Actinomycetes	Streptomycetales	Streptomycetaceae	Streptomyces	Streptomyces fimicarius	Streptomyces sp. JUS-F4
GCA_030520245.1_ASM3052024v1_genomic	Bacteria	Actinomycetota	Actinomycetes	Streptomycetales	Streptomycetaceae	Streptomyces	Streptomyces nondiastaticus	Streptomyces sp. VNUA116
GCA_030544505.1_ASM3054450v1_genomic	Bacteria	Actinomycetota	Actinomycetes	Streptomycetales	Streptomycetaceae	Streptomyces	Streptomyces papulosus	Streptomyces sp. SNU607
GCA_030551255.1_ASM3055125v1_genomic	Bacteria	Actinomycetota	Actinomycetes	Streptomycetales	Streptomycetaceae	Streptomyces	Streptomyces sp003851625	Streptomyces sp. NL15-2K
GCA_030552875.1_ASM3055287v1_genomic	Bacteria	Actinomycetota	Actinomycetes	Streptomycetales	Streptomycetaceae	Streptomyces	Streptomyces salinarius	Streptomyces sp. HUAS CX7
GCA_030553055.1_ASM3055305v1_genomic	Bacteria	Actinomycetota	Actinomycetes	Streptomycetales	Streptomycetaceae	Streptomyces	Streptomyces sp030553055	Streptomyces sp. XD-27
GCA_030719215.1_ASM3071921v1_genomic	Bacteria	Actinomycetota	Actinomycetes	Streptomycetales	Streptomycetaceae	Streptomyces	Streptomyces sp008042155	Streptomyces glycanivorans Alt3
GCA_030719235.1_ASM3071923v1_genomic	Bacteria	Actinomycetota	Actinomycetes	Streptomycetales	Streptomycetaceae	Streptomyces	Streptomyces poriferorum	Streptomyces poriferorum Alt2
GCA_030719255.1_ASM3071925v1_genomic	Bacteria	Actinomycetota	Actinomycetes	Streptomycetales	Streptomycetaceae	Streptomyces	Streptomyces poriferorum	Streptomyces poriferorum Alt1
GCA_030719275.1_ASM3071927v1_genomic	Bacteria	Actinomycetota	Actinomycetes	Streptomycetales	Streptomycetaceae	Streptomyces	Streptomyces laculatispora	Streptomyces laculatispora Mut2
GCA_030719295.1_ASM3071929v1_genomic	Bacteria	Actinomycetota	Actinomycetes	Streptomycetales	Streptomycetaceae	Streptomyces	Streptomyces sp000373645	Streptomyces castrisilvae Mut1
GCA_030732165.1_ASM3073216v1_genomic	Bacteria	Actinomycetota	Actinomycetes	Streptomycetales	Streptomycetaceae	Streptomyces	Streptomyces poriferorum	Streptomyces poriferorum Alt4
GCA_030757815.1_ASM3075781v1_genomic	Bacteria	Actinomycetota	Actinomycetes	Streptomycetales	Streptomycetaceae	Streptomyces	Streptomyces spiralis	Streptomyces sp. MK5
GCA_030766745.1_ASM3076674v1_genomic	Bacteria	Actinomycetota	Actinomycetes	Streptomycetales	Streptomycetaceae	Streptomyces	Streptomyces californicus	Streptomyces sp. AS13
GCA_030766905.1_ASM3076690v1_genomic	Bacteria	Actinomycetota	Actinomycetes	Streptomycetales	Streptomycetaceae	Streptomyces	Streptomyces hydrogenans	Streptomyces hydrogenans KL110B
GCA_030766925.1_ASM3076692v1_genomic	Bacteria	Actinomycetota	Actinomycetes	Streptomycetales	Streptomycetaceae	Streptomyces	Streptomyces parvus	Streptomyces sp. KL115B
GCA_030766935.1_ASM3076693v1_genomic	Bacteria	Actinomycetota	Actinomycetes	Streptomycetales	Streptomycetaceae	Streptomyces	Streptomyces sp030766935	Streptomyces sp. KL109B
GCA_030766965.1_ASM3076696v1_genomic	Bacteria	Actinomycetota	Actinomycetes	Streptomycetales	Streptomycetaceae	Streptomyces	Streptomyces venezuelae	Streptomyces venezuelae KL122B
GCA_030766975.1_ASM3076697v1_genomic	Bacteria	Actinomycetota	Actinomycetes	Streptomycetales	Streptomycetaceae	Streptomyces	Streptomyces longispororuber_A	Streptomyces sp. KL116D
GCA_030766985.1_ASM3076698v1_genomic	Bacteria	Actinomycetota	Actinomycetes	Streptomycetales	Streptomycetaceae	Streptomyces	Streptomyces atriruber	Streptomyces sp. KL118A
GCA_030767035.1_ASM3076703v1_genomic	Bacteria	Actinomycetota	Actinomycetes	Streptomycetales	Streptomycetaceae	Streptomyces	Streptomyces sp030766935	Streptomyces sp. CC224E
GCA_030803725.1_ASM3080372v1_genomic	Bacteria	Actinomycetota	Actinomycetes	Streptomycetales	Streptomycetaceae	Streptomyces	Streptomyces griseoviridis	Streptomyces griseoviridis DSM 40229
GCA_030803745.1_ASM3080374v1_genomic	Bacteria	Actinomycetota	Actinomycetes	Streptomycetales	Streptomycetaceae	Streptomyces	Streptomyces hygroscopicus	Streptomyces demainii DSM 41600
GCA_030811785.1_ASM3081178v1_genomic	Bacteria	Actinomycetota	Actinomycetes	Streptomycetales	Streptomycetaceae	Streptomyces	Streptomyces californicus	Streptomyces sp. DSM 41269
GCA_030813695.1_ASM3081369v1_genomic	Bacteria	Actinomycetota	Actinomycetes	Streptomycetales	Streptomycetaceae	Kitasatospora	Kitasatospora herbaricolor	Kitasatospora herbaricolor DSM 40123
GCA_030813835.1_ASM3081383v1_genomic	Bacteria	Actinomycetota	Actinomycetes	Streptomycetales	Streptomycetaceae	Streptomyces	Streptomyces diastaticus	Streptomyces sp. DSM 41037
GCA_030814275.1_ASM3081427v1_genomic	Bacteria	Actinomycetota	Actinomycetes	Streptomycetales	Streptomycetaceae	Streptomyces	Streptomyces sp003947455	Streptomyces sp. DSM 40167
GCA_030814495.1_ASM3081449v1_genomic	Bacteria	Actinomycetota	Actinomycetes	Streptomycetales	Streptomycetaceae	Streptomyces	Streptomyces mutabilis	Streptomyces sp. DSM 42143
GCA_030815045.1_ASM3081504v1_genomic	Bacteria	Actinomycetota	Actinomycetes	Streptomycetales	Streptomycetaceae	Streptomyces	Streptomyces cellulosae	Streptomyces thermodiastaticus DSM 40573
GCA_030815415.1_ASM3081541v1_genomic	Bacteria	Actinomycetota	Actinomycetes	Streptomycetales	Streptomycetaceae	Streptomyces	Streptomyces canus_F	Streptomyces canus V4I20
GCA_030815485.1_ASM3081548v1_genomic	Bacteria	Actinomycetota	Actinomycetes	Streptomycetales	Streptomycetaceae	Streptomyces	Streptomyces rishiriensis_A	Streptomyces rishiriensis B2I6
GCA_030816315.1_ASM3081631v1_genomic	Bacteria	Actinomycetota	Actinomycetes	Streptomycetales	Streptomycetaceae	Streptomyces	Streptomyces anulatus	Streptomyces sp. W4I9-2
GCA_030816375.1_ASM3081637v1_genomic	Bacteria	Actinomycetota	Actinomycetes	Streptomycetales	Streptomycetaceae	Streptomyces	Streptomyces luteogriseus	Streptomyces luteogriseus W4I19-1
GCA_030816385.1_ASM3081638v1_genomic	Bacteria	Actinomycetota	Actinomycetes	Streptomycetales	Streptomycetaceae	Streptomyces	Streptomyces achromogenes_A	Streptomyces achromogenes W4I19-2
GCA_030816615.1_ASM3081661v1_genomic	Bacteria	Actinomycetota	Actinomycetes	Streptomycetales	Streptomycetaceae	Streptomyces	Streptomyces sp030816615	Streptomyces sp. B1I3
GCA_030816715.1_ASM3081671v1_genomic	Bacteria	Actinomycetota	Actinomycetes	Streptomycetales	Streptomycetaceae	Streptomyces	Streptomyces achromogenes_A	Streptomyces achromogenes B2I10
GCA_030816745.1_ASM3081674v1_genomic	Bacteria	Actinomycetota	Actinomycetes	Streptomycetales	Streptomycetaceae	Streptomyces	Streptomyces aurantiacus	Streptomyces aurantiacus B2I16
GCA_030816875.1_ASM3081687v1_genomic	Bacteria	Actinomycetota	Actinomycetes	Streptomycetales	Streptomycetaceae	Streptomyces	Streptomyces sp030816915	Streptomyces sp. B3I7
GCA_030816915.1_ASM3081691v1_genomic	Bacteria	Actinomycetota	Actinomycetes	Streptomycetales	Streptomycetaceae	Streptomyces	Streptomyces sp030816915	Streptomyces sp. B3I8
GCA_030816955.1_ASM3081695v1_genomic	Bacteria	Actinomycetota	Actinomycetes	Streptomycetales	Streptomycetaceae	Streptomyces	Streptomyces africanus	Streptomyces africanus B3I12
GCA_030816965.1_ASM3081696v1_genomic	Bacteria	Actinomycetota	Actinomycetes	Streptomycetales	Streptomycetaceae	Streptomyces	Streptomyces canus_E	Streptomyces canus B4I3
GCA_030816995.1_ASM3081699v1_genomic	Bacteria	Actinomycetota	Actinomycetes	Streptomycetales	Streptomycetaceae	Streptomyces	Streptomyces sp009832925	Streptomyces sp. V1I6
GCA_030817035.1_ASM3081703v1_genomic	Bacteria	Actinomycetota	Actinomycetes	Streptomycetales	Streptomycetaceae	Streptomyces	Streptomyces sp007050945	Streptomyces phaeochromogenes V1I8
GCA_030817335.1_ASM3081733v1_genomic	Bacteria	Actinomycetota	Actinomycetes	Streptomycetales	Streptomycetaceae	Streptomyces	Streptomyces achromogenes_A	Streptomyces sp. B4I13
GCA_030817355.1_ASM3081735v1_genomic	Bacteria	Actinomycetota	Actinomycetes	Streptomycetales	Streptomycetaceae	Streptomyces	Streptomyces sp030817355	Streptomyces sp. V1I1
GCA_030817415.1_ASM3081741v1_genomic	Bacteria	Actinomycetota	Actinomycetes	Streptomycetales	Streptomycetaceae	Streptomyces	Streptomyces umbrinus_A	Streptomyces umbrinus V2I4
GCA_030817475.1_ASM3081747v1_genomic	Bacteria	Actinomycetota	Actinomycetes	Streptomycetales	Streptomycetaceae	Streptomyces	Streptomyces sp030817475	Streptomyces sp. V2I9
GCA_030817495.1_ASM3081749v1_genomic	Bacteria	Actinomycetota	Actinomycetes	Streptomycetales	Streptomycetaceae	Streptomyces	Streptomyces sp030817495	Streptomyces sp. V3I7
GCA_030817535.1_ASM3081753v1_genomic	Bacteria	Actinomycetota	Actinomycetes	Streptomycetales	Streptomycetaceae	Streptomyces	Streptomyces sp030817535	Streptomyces sp. V3I8
GCA_030817655.1_ASM3081765v1_genomic	Bacteria	Actinomycetota	Actinomycetes	Streptomycetales	Streptomycetaceae	Streptomyces	Streptomyces sp030817655	Streptomyces sp. V4I2
GCA_030817705.1_ASM3081770v1_genomic	Bacteria	Actinomycetota	Actinomycetes	Streptomycetales	Streptomycetaceae	Streptomyces	Streptomyces africanus	Streptomyces afghaniensis W1I20
GCA_030817775.1_ASM3081777v1_genomic	Bacteria	Actinomycetota	Actinomycetes	Streptomycetales	Streptomycetaceae	Streptomyces	Streptomyces sp001280005	Streptomyces turgidiscabies W2I16
GCA_030817935.1_ASM3081793v1_genomic	Bacteria	Actinomycetota	Actinomycetes	Streptomycetales	Streptomycetaceae	Streptomyces	Streptomyces canus_E	Streptomyces canus V4I22
GCA_030817975.1_ASM3081797v1_genomic	Bacteria	Actinomycetota	Actinomycetes	Streptomycetales	Streptomycetaceae	Streptomyces	Streptomyces sp013387495	Streptomyces sp. V4I23
GCA_030818105.1_ASM3081810v1_genomic	Bacteria	Actinomycetota	Actinomycetes	Streptomycetales	Streptomycetaceae	Streptomyces	Streptomyces canus_E	Streptomyces canus W1I15
GCA_030863865.1_ASM3086386v1_genomic	Bacteria	Actinomycetota	Actinomycetes	Streptomycetales	Streptomycetaceae	Streptomyces	Streptomyces rochei	Streptomyces rochei JK1
GCA_030863945.1_ASM3086394v1_genomic	Bacteria	Actinomycetota	Actinomycetes	Streptomycetales	Streptomycetaceae	Streptomyces	Streptomyces luteogriseus	Streptomyces sp. FXY-T5
GCA_030908285.1_ASM3090828v1_genomic	Bacteria	Actinomycetota	Actinomycetes	Streptomycetales	Streptomycetaceae	Streptomyces	Streptomyces rochei	Streptomyces rochei S32
GCA_030930975.1_ASM3093097v1_genomic	Bacteria	Actinomycetota	Actinomycetes	Streptomycetales	Streptomycetaceae	Streptomyces	Streptomyces parvulus	Streptomyces sp. VNUA74
GCA_031157275.1_ASM3115727v1_genomic	Bacteria	Actinomycetota	Actinomycetes	Streptomycetales	Streptomycetaceae	Streptomyces	Streptomyces sp031157275	Streptomyces sp. LHD-70
GCA_031178535.1_ASM3117853v1_genomic	Bacteria	Actinomycetota	Actinomycetes	Streptomycetales	Streptomycetaceae	Streptomyces	Streptomyces alfalfae	Streptomyces alfalfae RM46_bin.007
GCA_031181555.1_ASM3118155v1_genomic	Bacteria	Actinomycetota	Actinomycetes	Streptomycetales	Streptomycetaceae	Streptomyces	Streptomyces sp031181555	Streptomyces sp. RH52_bin.044
GCA_031181705.1_ASM3118170v1_genomic	Bacteria	Actinomycetota	Actinomycetes	Streptomycetales	Streptomycetaceae	Streptomyces	Streptomyces sp031181705	Streptomyces sp. RH52_bin.036
GCA_031192905.1_ASM3119290v1_genomic	Bacteria	Actinomycetota	Actinomycetes	Streptomycetales	Streptomycetaceae	Streptomyces	Streptomyces anthocyanicus	Streptomyces coelicolor M22
GCA_031192925.1_ASM3119292v1_genomic	Bacteria	Actinomycetota	Actinomycetes	Streptomycetales	Streptomycetaceae	Streptomyces	Streptomyces anthocyanicus	Streptomyces coelicolor M22-2C43
GCA_031296895.1_ASM3129689v1_genomic	Bacteria	Actinomycetota	Actinomycetes	Streptomycetales	Streptomycetaceae	Streptomyces	Streptomyces salinarius	Streptomyces salinarius CS29
GCA_031344995.1_ASM3134499v1_genomic	Bacteria	Actinomycetota	Actinomycetes	Streptomycetales	Streptomycetaceae	Streptomyces	Streptomyces roseicoloratus	Streptomyces roseicoloratus T14
GCA_031348265.1_ASM3134826v1_genomic	Bacteria	Actinomycetota	Actinomycetes	Streptomycetales	Streptomycetaceae	Streptomyces	Streptomyces collinus	Streptomyces collinus CGMCC 4.1623
GCA_031456635.1_ASM3145663v1_genomic	Bacteria	Actinomycetota	Actinomycetes	Streptomycetales	Streptomycetaceae	Streptomyces	Streptomyces sp.	Streptomyces sp. 3330
GCA_031583065.1_ASM3158306v1_genomic	Bacteria	Actinomycetota	Actinomycetes	Streptomycetales	Streptomycetaceae	Streptomyces	Streptomyces sp.	Streptomyces sp. CGMCC 4.7035
GCA_031593255.1_ASM3159325v1_genomic	Bacteria	Actinomycetota	Actinomycetes	Streptomycetales	Streptomycetaceae	Streptomyces	Streptomyces violaceus	Streptomyces janthinus JCM 4387
GCA_031597775.1_ASM3159777v1_genomic	Bacteria	Actinomycetota	Actinomycetes	Streptomycetales	Streptomycetaceae	Streptomyces	Streptomyces sp003671715	Streptomyces sp. BB1-1-1
GCA_031679605.1_ASM3167960v1_genomic	Bacteria	Actinomycetota	Actinomycetes	Streptomycetales	Streptomycetaceae	Streptomyces	Streptomyces sp026898115	Streptomyces luomodiensis SCA4-21
GCA_031760065.1_ASM3176006v1_genomic	Bacteria	Actinomycetota	Actinomycetes	Streptomycetales	Streptomycetaceae	Streptomyces	Streptomyces sp002382885	Streptomyces durocortorensis C11-1
GCA_031767055.1_ASM3176705v1_genomic	Bacteria	Actinomycetota	Actinomycetes	Streptomycetales	Streptomycetaceae	Streptomyces	Streptomyces violaceus	Streptomyces sp. CGMCC 4.1456
GCA_031844685.1_ASM3184468v1_genomic	Bacteria	Actinomycetota	Actinomycetes	Streptomycetales	Streptomycetaceae	Actinacidiphila	Actinacidiphila sp.	Streptomyces sp. ITFR-21
GCA_031844705.1_ASM3184470v1_genomic	Bacteria	Actinomycetota	Actinomycetes	Streptomycetales	Streptomycetaceae	Streptomyces	Streptomyces sp.	Streptomyces sp. ITFR-16
GCA_031844725.1_ASM3184472v1_genomic	Bacteria	Actinomycetota	Actinomycetes	Streptomycetales	Streptomycetaceae	Streptomyces	Streptomyces sp001905365	Streptomyces sp. ITFR-6
GCA_031845365.1_ASM3184536v1_genomic	Bacteria	Actinomycetota	Actinomycetes	Streptomycetales	Streptomycetaceae	Streptomyces	Streptomyces sp.	Streptomyces litchfieldiae DSM 44938
GCA_031845405.1_ASM3184540v1_genomic	Bacteria	Actinomycetota	Actinomycetes	Streptomycetales	Streptomycetaceae	Streptomyces	Streptomyces sp.	Streptomyces boetiae DSM 44917
GCA_031845425.1_ASM3184542v1_genomic	Bacteria	Actinomycetota	Actinomycetes	Streptomycetales	Streptomycetaceae	Streptomyces	Streptomyces sp.	Streptomyces millisiae DSM 44918
GCA_031845445.1_ASM3184544v1_genomic	Bacteria	Actinomycetota	Actinomycetes	Streptomycetales	Streptomycetaceae	Streptomyces	Streptomyces sp.	Streptomyces chisholmiae DSM 44915
GCA_031845485.1_ASM3184548v1_genomic	Bacteria	Actinomycetota	Actinomycetes	Streptomycetales	Streptomycetaceae	Streptomyces	Streptomyces sp004795255	Streptomyces hazeniae DSM 42041
GCA_031845505.1_ASM3184550v1_genomic	Bacteria	Actinomycetota	Actinomycetes	Streptomycetales	Streptomycetaceae	Streptomyces	Streptomyces sp900091845	Streptomyces doudnae DSM 41981
GCA_031845525.1_ASM3184552v1_genomic	Bacteria	Actinomycetota	Actinomycetes	Streptomycetales	Streptomycetaceae	Streptomyces	Streptomyces sp000213055	Streptomyces evansiae DSM 41982
GCA_031845545.1_ASM3184554v1_genomic	Bacteria	Actinomycetota	Actinomycetes	Streptomycetales	Streptomycetaceae	Streptomyces	Streptomyces sp002237655	Streptomyces dubilierae DSM 41921
GCA_031845565.1_ASM3184556v1_genomic	Bacteria	Actinomycetota	Actinomycetes	Streptomycetales	Streptomycetaceae	Streptomyces	Streptomyces sp001984575	Streptomyces johnsoniae DSM 41886
GCA_031845585.1_ASM3184558v1_genomic	Bacteria	Actinomycetota	Actinomycetes	Streptomycetales	Streptomycetaceae	Streptomyces	Streptomyces sp000213055	Streptomyces evansiae DSM 41979
GCA_031845605.1_ASM3184560v1_genomic	Bacteria	Actinomycetota	Actinomycetes	Streptomycetales	Streptomycetaceae	Streptomyces	Streptomyces sp000177195	Streptomyces salyersiae DSM 41770
GCA_031845625.1_ASM3184562v1_genomic	Bacteria	Actinomycetota	Actinomycetes	Streptomycetales	Streptomycetaceae	Streptomyces	Streptomyces sp000213055	Streptomyces evansiae DSM 41859
GCA_031845645.1_ASM3184564v1_genomic	Bacteria	Actinomycetota	Actinomycetes	Streptomycetales	Streptomycetaceae	Streptomyces	Streptomyces canus	Streptomyces doebereineriae DSM 41640
GCA_031845665.1_ASM3184566v1_genomic	Bacteria	Actinomycetota	Actinomycetes	Streptomycetales	Streptomycetaceae	Streptomyces	Streptomyces sp.	Streptomyces gibsoniae DSM 41699
GCA_031845685.1_ASM3184568v1_genomic	Bacteria	Actinomycetota	Actinomycetes	Streptomycetales	Streptomycetaceae	Streptomyces	Streptomyces sp000718785	Streptomyces edwardsiae DSM 41636
GCA_031845705.1_ASM3184570v1_genomic	Bacteria	Actinomycetota	Actinomycetes	Streptomycetales	Streptomycetaceae	Streptomyces	Streptomyces sp000718785	Streptomyces edwardsiae DSM 41635
GCA_031845725.1_ASM3184572v1_genomic	Bacteria	Actinomycetota	Actinomycetes	Streptomycetales	Streptomycetaceae	Streptomyces	Streptomyces sp900187385	Streptomyces mooreae DSM 41527
GCA_031845745.1_ASM3184574v1_genomic	Bacteria	Actinomycetota	Actinomycetes	Streptomycetales	Streptomycetaceae	Streptomyces	Streptomyces griseoviridis_A	Streptomyces hintoniae DSM 41014
GCA_031845765.1_ASM3184576v1_genomic	Bacteria	Actinomycetota	Actinomycetes	Streptomycetales	Streptomycetaceae	Streptomyces	Streptomyces albolongus	Streptomyces stephensoniae DSM 40932
GCA_031845785.1_ASM3184578v1_genomic	Bacteria	Actinomycetota	Actinomycetes	Streptomycetales	Streptomycetaceae	Streptomyces	Streptomyces sp.	Streptomyces hesseae DSM 40473
GCA_031845825.1_ASM3184582v1_genomic	Bacteria	Actinomycetota	Actinomycetes	Streptomycetales	Streptomycetaceae	Streptomyces	Streptomyces sp.	Streptomyces lancefieldiae DSM 40712
GCA_031845845.1_ASM3184584v1_genomic	Bacteria	Actinomycetota	Actinomycetes	Streptomycetales	Streptomycetaceae	Streptomyces	Streptomyces akebiae	Streptomyces gottesmaniae DSM 3412
GCA_031845865.1_ASM3184586v1_genomic	Bacteria	Actinomycetota	Actinomycetes	Streptomycetales	Streptomycetaceae	Streptomyces	Streptomyces sp.	Streptomyces lonegramiae DSM 41529
GCA_031932565.1_ASM3193256v1_genomic	Bacteria	Actinomycetota	Actinomycetes	Streptomycetales	Streptomycetaceae	Streptomyces	Streptomyces sp.	Streptomyces sp. B1866
GCA_032027505.1_ASM3202750v1_genomic	Bacteria	Actinomycetota	Actinomycetes	Streptomycetales	Streptomycetaceae	Streptomyces	Streptomyces althioticus	Streptomyces althioticus subsp. attaecolombicae
GCA_032105745.1_ASM3210574v1_genomic	Bacteria	Actinomycetota	Actinomycetes	Streptomycetales	Streptomycetaceae	Streptomyces	Streptomyces sp.	Streptomyces sp. Li-HN-5-11
GCA_032110285.1_ASM3211028v1_genomic	Bacteria	Actinomycetota	Actinomycetes	Streptomycetales	Streptomycetaceae	Kitasatospora	Kitasatospora sp.	Kitasatospora sp. CM 4170
GCA_032121415.1_ASM3212141v1_genomic	Bacteria	Actinomycetota	Actinomycetes	Streptomycetales	Streptomycetaceae	Streptomyces	Streptomyces globisporus_A	Streptomyces parvus F-G-2
GCA_032191055.1_ASM3219105v1_genomic	Bacteria	Actinomycetota	Actinomycetes	Streptomycetales	Streptomycetaceae	Streptomyces	Streptomyces pseudogriseolus	Streptomyces lusitanus CGMCC 4.1745
GCA_032191095.1_ASM3219109v1_genomic	Bacteria	Actinomycetota	Actinomycetes	Streptomycetales	Streptomycetaceae	Streptomyces	Streptomyces cellulosae	Streptomyces thermocarboxydus CGMCC 4.1883
GCA_032229305.1_ASM3222930v1_genomic	Bacteria	Actinomycetota	Actinomycetes	Streptomycetales	Streptomycetaceae	Streptomyces	Streptomyces sp000719575	Streptomyces sp. AM2-3-1
GCA_032229325.1_ASM3222932v1_genomic	Bacteria	Actinomycetota	Actinomycetes	Streptomycetales	Streptomycetaceae	Streptomyces	Streptomyces sp.	Streptomyces sp. AM8-1-1
GCA_032248415.1_ASM3224841v1_genomic	Bacteria	Actinomycetota	Actinomycetes	Streptomycetales	Streptomycetaceae	Streptomyces	Streptomyces justiciae	Streptomyces justiciae WPN32
GCA_032248595.1_ASM3224859v1_genomic	Bacteria	Actinomycetota	Actinomycetes	Streptomycetales	Streptomycetaceae	Streptomyces	Streptomyces sp.	Streptomyces sp. DSM 40971
GCA_032248615.1_ASM3224861v1_genomic	Bacteria	Actinomycetota	Actinomycetes	Streptomycetales	Streptomycetaceae	Streptomyces	Streptomyces sp001426585	Streptomyces sp. DSM 40976
GCA_032248635.1_ASM3224863v1_genomic	Bacteria	Actinomycetota	Actinomycetes	Streptomycetales	Streptomycetaceae	Streptomyces	Streptomyces xanthophaeus_A	Streptomyces sp. DSM 40907
GCA_032248645.1_ASM3224864v1_genomic	Bacteria	Actinomycetota	Actinomycetes	Streptomycetales	Streptomycetaceae	Streptomyces	Streptomyces coriariae	Streptomyces sp. DSM 40713
GCA_032248675.1_ASM3224867v1_genomic	Bacteria	Actinomycetota	Actinomycetes	Streptomycetales	Streptomycetaceae	Streptomyces	Streptomyces ortus	Streptomyces sp. DSM 40484
GCA_032423885.1_ASM3242388v1_genomic	Bacteria	Actinomycetota	Actinomycetes	Streptomycetales	Streptomycetaceae	Streptomyces	Streptomyces sp.	Streptomyces tamarix TRM76323
GCA_032436795.1_ASM3243679v1_genomic	Bacteria	Actinomycetota	Actinomycetes	Streptomycetales	Streptomycetaceae	Streptomyces	Streptomyces sp.	Streptomyces sp. P9(2023)
GCA_032436805.1_ASM3243680v1_genomic	Bacteria	Actinomycetota	Actinomycetes	Streptomycetales	Streptomycetaceae	Streptomyces	Streptomyces sp.	Streptomyces sp. P17
GCA_032463845.1_ASM3246384v1_genomic	Bacteria	Actinomycetota	Actinomycetes	Streptomycetales	Streptomycetaceae	Streptomyces	Streptomyces salinarius	Streptomyces sp. PU10
GCA_032465575.1_ASM3246557v1_genomic	Bacteria	Actinomycetota	Actinomycetes	Streptomycetales	Streptomycetaceae	Streptomyces	Streptomyces sp000527195	Streptomyces sp. PAL114
GCA_032595465.1_ASM3259546v1_genomic	Bacteria	Actinomycetota	Actinomycetes	Streptomycetales	Streptomycetaceae	Streptomyces	Streptomyces mirabilis	Streptomyces mirabilis P8-A2
GCA_032598905.1_ASM3259890v1_genomic	Bacteria	Actinomycetota	Actinomycetes	Streptomycetales	Streptomycetaceae	Streptomyces	Streptomyces sp020982545	Streptomyces sp. 11x1
GCA_032654805.1_ASM3265480v1_genomic	Bacteria	Actinomycetota	Actinomycetes	Streptomycetales	Streptomycetaceae	Kitasatospora	Kitasatospora sp.	Kitasatospora brasiliensis K002
GCA_032656585.1_ASM3265658v1_genomic	Bacteria	Actinomycetota	Actinomycetes	Streptomycetales	Streptomycetaceae	Streptomyces	Streptomyces sp.	Streptomyces herbicida NEAU-HV9
GCA_032656605.1_ASM3265660v1_genomic	Bacteria	Actinomycetota	Actinomycetes	Streptomycetales	Streptomycetaceae	Streptomyces	Streptomyces sp003814875	Streptomyces sasae JR-39
GCA_032658145.1_ASM3265814v1_genomic	Bacteria	Actinomycetota	Actinomycetes	Streptomycetales	Streptomycetaceae	Streptomyces	Streptomyces spiralis	Streptomyces sp. MK7
GCA_032927875.1_ASM3292787v1_genomic	Bacteria	Actinomycetota	Actinomycetes	Streptomycetales	Streptomycetaceae	Streptomyces	Streptomyces collinus_A	Streptomyces collinus Inha504
GCA_032932555.1_ASM3293255v1_genomic	Bacteria	Actinomycetota	Actinomycetes	Streptomycetales	Streptomycetaceae	Streptomyces	Streptomyces fradiae	Streptomyces fradiae FIMYZ-003
GCA_033022955.1_ASM3302295v1_genomic	Bacteria	Actinomycetota	Actinomycetes	Streptomycetales	Streptomycetaceae	Streptomyces	Streptomyces sp.	Streptomyces sp. SBC-4
GCA_033042595.1_ASM3304259v1_genomic	Bacteria	Actinomycetota	Actinomycetes	Streptomycetales	Streptomycetaceae	Streptomyces	Streptomyces rochei	Streptomyces sp. UP1A-1
GCA_033100835.1_ASM3310083v1_genomic	Bacteria	Actinomycetota	Actinomycetes	Streptomycetales	Streptomycetaceae	Streptomyces	Streptomyces prunicolor	Streptomyces prunicolor RR29
GCA_033109485.1_ASM3310948v1_genomic	Bacteria	Actinomycetota	Actinomycetes	Streptomycetales	Streptomycetaceae	Streptomyces	Streptomyces cyaneofuscatus	Streptomyces cyaneofuscatus 89-2-2
GCA_033194715.1_ASM3319471v1_genomic	Bacteria	Actinomycetota	Actinomycetes	Streptomycetales	Streptomycetaceae	Streptomyces	Streptomyces sp.	Streptomyces sp. SR27
GCA_033194735.1_ASM3319473v1_genomic	Bacteria	Actinomycetota	Actinomycetes	Streptomycetales	Streptomycetaceae	Streptomyces	Streptomyces sp.	Streptomyces sp. W16
GCA_033194775.1_ASM3319477v1_genomic	Bacteria	Actinomycetota	Actinomycetes	Streptomycetales	Streptomycetaceae	Streptomyces	Streptomyces sp003846175	Streptomyces sp. Wh19
GCA_033216215.1_ASM3321621v1_genomic	Bacteria	Actinomycetota	Actinomycetes	Streptomycetales	Streptomycetaceae	Streptomyces	Streptomyces coeruleorubidus	Streptomyces coeruleorubidus CICC 11043
GCA_033238585.1_ASM3323858v1_genomic	Bacteria	Actinomycetota	Actinomycetes	Streptomycetales	Streptomycetaceae	Streptomyces	Streptomyces cellostaticus	Streptomyces cellostaticus NBRC 12849
GCA_033335955.1_ASM3333595v1_genomic	Bacteria	Actinomycetota	Actinomycetes	Streptomycetales	Streptomycetaceae	Streptomyces	Streptomyces sp000716605	Streptomyces sp. N50
GCA_033343995.1_ASM3334399v1_genomic	Bacteria	Actinomycetota	Actinomycetes	Streptomycetales	Streptomycetaceae	Streptomyces	Streptomyces sp.	Streptomyces sp. HUAS YS2
GCA_033366655.1_ASM3336665v1_genomic	Bacteria	Actinomycetota	Actinomycetes	Streptomycetales	Streptomycetaceae	Streptomyces	Streptomyces sp.	Streptomyces sp. SJL17-1
GCA_033366695.1_ASM3336669v1_genomic	Bacteria	Actinomycetota	Actinomycetes	Streptomycetales	Streptomycetaceae	Streptomyces	Streptomyces sp.	Streptomyces sp. SCL15-4
GCA_033366705.1_ASM3336670v1_genomic	Bacteria	Actinomycetota	Actinomycetes	Streptomycetales	Streptomycetaceae	Streptomyces	Streptomyces flaveolus	Streptomyces sp. SCL15-6
GCA_033366815.1_ASM3336681v1_genomic	Bacteria	Actinomycetota	Actinomycetes	Streptomycetales	Streptomycetaceae	Streptomyces	Streptomyces globisporus_D	Streptomyces sp. MCL20-2
GCA_033406955.1_ASM3340695v1_genomic	Bacteria	Actinomycetota	Actinomycetes	Streptomycetales	Streptomycetaceae	Streptomyces	Streptomyces anthocyanicus	Streptomyces violaceoruber CGMCC 4.1801
GCA_033441745.1_ASM3344174v1_genomic	Bacteria	Actinomycetota	Actinomycetes	Streptomycetales	Streptomycetaceae	Streptomyces	Streptomyces californicus	Streptomyces californicus ADAT1
GCA_033441785.1_ASM3344178v1_genomic	Bacteria	Actinomycetota	Actinomycetes	Streptomycetales	Streptomycetaceae	Streptomyces	Streptomyces californicus	Streptomyces californicus ADR1
GCA_033441795.1_ASM3344179v1_genomic	Bacteria	Actinomycetota	Actinomycetes	Streptomycetales	Streptomycetaceae	Streptomyces	Streptomyces sp.	Streptomyces sp. ADMS
GCA_033542285.1_ASM3354228v1_genomic	Bacteria	Actinomycetota	Actinomycetes	Streptomycetales	Streptomycetaceae	Streptomyces	Streptomyces sp002224125	Streptomyces sp. FXJ1.4098
GCA_033547115.1_ASM3354711v1_genomic	Bacteria	Actinomycetota	Actinomycetes	Streptomycetales	Streptomycetaceae	Streptomyces	Streptomyces samsunensis	Streptomyces malaysiensis NA3722
GCA_033584035.1_ASM3358403v1_genomic	Bacteria	Actinomycetota	Actinomycetes	Streptomycetales	Streptomycetaceae	Streptomyces	Streptomyces scabiei	Streptomyces scabiei LBUM848
GCA_033660025.1_ASM3366002v1_genomic	Bacteria	Actinomycetota	Actinomycetes	Streptomycetales	Streptomycetaceae	Streptomyces	Streptomyces scabiei	Streptomyces scabiei MD13-11E
GCA_033764205.1_ASM3376420v1_genomic	Bacteria	Actinomycetota	Actinomycetes	Streptomycetales	Streptomycetaceae	Streptomyces	Streptomyces sp.	Streptomyces roseolus NBRC 12816
GCA_033790865.1_ASM3379086v1_genomic	Bacteria	Actinomycetota	Actinomycetes	Streptomycetales	Streptomycetaceae	Streptomyces	Streptomyces sp024721315	Streptomyces sp. DK15
GCA_033790905.1_ASM3379090v1_genomic	Bacteria	Actinomycetota	Actinomycetes	Streptomycetales	Streptomycetaceae	Streptomyces	Streptomyces microflavus	Streptomyces microflavus ACT2_R2a
GCA_033791925.1_ASM3379192v1_genomic	Bacteria	Actinomycetota	Actinomycetes	Streptomycetales	Streptomycetaceae	Streptomyces	Streptomyces scabiei	Streptomyces scabiei WV02-1a
GCA_033791945.1_ASM3379194v1_genomic	Bacteria	Actinomycetota	Actinomycetes	Streptomycetales	Streptomycetaceae	Streptomyces	Streptomyces stelliscabiei	Streptomyces stelliscabiei WI06-6E
GCA_033791965.1_ASM3379196v1_genomic	Bacteria	Actinomycetota	Actinomycetes	Streptomycetales	Streptomycetaceae	Streptomyces	Streptomyces scabiei	Streptomyces scabiei WI06-36G
GCA_033791985.1_ASM3379198v1_genomic	Bacteria	Actinomycetota	Actinomycetes	Streptomycetales	Streptomycetaceae	Streptomyces	Streptomyces stelliscabiei	Streptomyces stelliscabiei WI04-09A
GCA_033792005.1_ASM3379200v1_genomic	Bacteria	Actinomycetota	Actinomycetes	Streptomycetales	Streptomycetaceae	Streptomyces	Streptomyces stelliscabiei	Streptomyces stelliscabiei WI06-15D
GCA_033792025.1_ASM3379202v1_genomic	Bacteria	Actinomycetota	Actinomycetes	Streptomycetales	Streptomycetaceae	Streptomyces	Streptomyces stelliscabiei	Streptomyces stelliscabiei WI04-08A
GCA_033792045.1_ASM3379204v1_genomic	Bacteria	Actinomycetota	Actinomycetes	Streptomycetales	Streptomycetaceae	Streptomyces	Streptomyces sp.	Streptomyces sp. WI04-05B
GCA_033792065.1_ASM3379206v1_genomic	Bacteria	Actinomycetota	Actinomycetes	Streptomycetales	Streptomycetaceae	Streptomyces	Streptomyces sp.	Streptomyces sp. WI04-05A
GCA_033792085.1_ASM3379208v1_genomic	Bacteria	Actinomycetota	Actinomycetes	Streptomycetales	Streptomycetaceae	Streptomyces	Streptomyces papulosus	Streptomyces sp. WI03-5b
GCA_033792105.1_ASM3379210v1_genomic	Bacteria	Actinomycetota	Actinomycetes	Streptomycetales	Streptomycetaceae	Streptomyces	Streptomyces collinus_A	Streptomyces sp. WI03-4A
GCA_033792125.1_ASM3379212v1_genomic	Bacteria	Actinomycetota	Actinomycetes	Streptomycetales	Streptomycetaceae	Streptomyces	Streptomyces scabiei	Streptomyces scabiei WI03-04c
GCA_033792145.1_ASM3379214v1_genomic	Bacteria	Actinomycetota	Actinomycetes	Streptomycetales	Streptomycetaceae	Streptomyces	Streptomyces scabiei	Streptomyces scabiei WI03-01A
GCA_033792165.1_ASM3379216v1_genomic	Bacteria	Actinomycetota	Actinomycetes	Streptomycetales	Streptomycetaceae	Streptomyces	Streptomyces europaeiscabiei	Streptomyces europaeiscabiei WA08-01A
GCA_033792185.1_ASM3379218v1_genomic	Bacteria	Actinomycetota	Actinomycetes	Streptomycetales	Streptomycetaceae	Streptomyces	Streptomyces sp.	Streptomyces sp. TX20-6-3
GCA_033792205.1_ASM3379220v1_genomic	Bacteria	Actinomycetota	Actinomycetes	Streptomycetales	Streptomycetaceae	Streptomyces	Streptomyces caniscabiei	Streptomyces caniscabiei TX20-1-4
GCA_033792395.1_ASM3379239v1_genomic	Bacteria	Actinomycetota	Actinomycetes	Streptomycetales	Streptomycetaceae	Streptomyces	Streptomyces caniscabiei	Streptomyces caniscabiei TX07-03E
GCA_033792405.1_ASM3379240v1_genomic	Bacteria	Actinomycetota	Actinomycetes	Streptomycetales	Streptomycetaceae	Streptomyces	Streptomyces caniscabiei	Streptomyces caniscabiei TX07-01D
GCA_033792445.1_ASM3379244v1_genomic	Bacteria	Actinomycetota	Actinomycetes	Streptomycetales	Streptomycetaceae	Streptomyces	Streptomyces europaeiscabiei	Streptomyces europaeiscabiei WA08-02C
GCA_033792465.1_ASM3379246v1_genomic	Bacteria	Actinomycetota	Actinomycetes	Streptomycetales	Streptomycetaceae	Streptomyces	Streptomyces europaeiscabiei	Streptomyces europaeiscabiei WA08-09A
GCA_033792485.1_ASM3379248v1_genomic	Bacteria	Actinomycetota	Actinomycetes	Streptomycetales	Streptomycetaceae	Streptomyces	Streptomyces scabiei	Streptomyces scabiei TX06-03B
GCA_033792495.1_ASM3379249v1_genomic	Bacteria	Actinomycetota	Actinomycetes	Streptomycetales	Streptomycetaceae	Streptomyces	Streptomyces ipomoeae	Streptomyces ipomoeae SIPO8803
GCA_033792515.1_ASM3379251v1_genomic	Bacteria	Actinomycetota	Actinomycetes	Streptomycetales	Streptomycetaceae	Streptomyces	Streptomyces scabiei	Streptomyces scabiei TX06-03A
GCA_033792525.1_ASM3379252v1_genomic	Bacteria	Actinomycetota	Actinomycetes	Streptomycetales	Streptomycetaceae	Streptomyces	Streptomyces ipomoeae	Streptomyces ipomoeae SIPOB16470
GCA_033792535.1_ASM3379253v1_genomic	Bacteria	Actinomycetota	Actinomycetes	Streptomycetales	Streptomycetaceae	Streptomyces	Streptomyces ipomoeae	Streptomyces ipomoeae SIPOLA-1
GCA_033792585.1_ASM3379258v1_genomic	Bacteria	Actinomycetota	Actinomycetes	Streptomycetales	Streptomycetaceae	Streptomyces	Streptomyces scabiei	Streptomyces scabiei R4
GCA_033792595.1_ASM3379259v1_genomic	Bacteria	Actinomycetota	Actinomycetes	Streptomycetales	Streptomycetaceae	Streptomyces	Streptomyces ipomoeae	Streptomyces ipomoeae SIPO8144
GCA_033792625.1_ASM3379262v1_genomic	Bacteria	Actinomycetota	Actinomycetes	Streptomycetales	Streptomycetaceae	Streptomyces	Streptomyces stelliscabiei	Streptomyces stelliscabiei PA06-2D
GCA_033792635.1_ASM3379263v1_genomic	Bacteria	Actinomycetota	Actinomycetes	Streptomycetales	Streptomycetaceae	Streptomyces	Streptomyces scabiei	Streptomyces scabiei PA18-04A
GCA_033792655.1_ASM3379265v1_genomic	Bacteria	Actinomycetota	Actinomycetes	Streptomycetales	Streptomycetaceae	Streptomyces	Streptomyces scabiei	Streptomyces scabiei PA18-05B
GCA_033792685.1_ASM3379268v1_genomic	Bacteria	Actinomycetota	Actinomycetes	Streptomycetales	Streptomycetaceae	Streptomyces	Streptomyces stelliscabiei	Streptomyces stelliscabiei PA06-02B
GCA_033792695.1_ASM3379269v1_genomic	Bacteria	Actinomycetota	Actinomycetes	Streptomycetales	Streptomycetaceae	Streptomyces	Streptomyces scabiei	Streptomyces scabiei PA06-03A
GCA_033792725.1_ASM3379272v1_genomic	Bacteria	Actinomycetota	Actinomycetes	Streptomycetales	Streptomycetaceae	Actinacidiphila	Actinacidiphila sp.	Streptomyces sp. PA03-5A
GCA_033792735.1_ASM3379273v1_genomic	Bacteria	Actinomycetota	Actinomycetes	Streptomycetales	Streptomycetaceae	Actinacidiphila	Actinacidiphila sp009864915	Streptomyces sp. PA03-3a
GCA_033792765.1_ASM3379276v1_genomic	Bacteria	Actinomycetota	Actinomycetes	Streptomycetales	Streptomycetaceae	Actinacidiphila	Actinacidiphila sp.	Streptomyces sp. PA03-6a
GCA_033792785.1_ASM3379278v1_genomic	Bacteria	Actinomycetota	Actinomycetes	Streptomycetales	Streptomycetaceae	Streptomyces	Streptomyces sp900116325	Streptomyces sp. PA03-2a
GCA_033792805.1_ASM3379280v1_genomic	Bacteria	Actinomycetota	Actinomycetes	Streptomycetales	Streptomycetaceae	Actinacidiphila	Actinacidiphila sp.	Streptomyces sp. PA03-1a
GCA_033792825.1_ASM3379282v1_genomic	Bacteria	Actinomycetota	Actinomycetes	Streptomycetales	Streptomycetaceae	Streptomyces	Streptomyces scabiei	Streptomyces scabiei OR05-1
GCA_033792845.1_ASM3379284v1_genomic	Bacteria	Actinomycetota	Actinomycetes	Streptomycetales	Streptomycetaceae	Streptomyces	Streptomyces scabiei	Streptomyces scabiei OR07-01A
GCA_033792865.1_ASM3379286v1_genomic	Bacteria	Actinomycetota	Actinomycetes	Streptomycetales	Streptomycetaceae	Streptomyces	Streptomyces scabiei	Streptomyces scabiei OH01-5d
GCA_033792885.1_ASM3379288v1_genomic	Bacteria	Actinomycetota	Actinomycetes	Streptomycetales	Streptomycetaceae	Streptomyces	Streptomyces scabiei	Streptomyces scabiei OH01-12C
GCA_033792905.1_ASM3379290v1_genomic	Bacteria	Actinomycetota	Actinomycetes	Streptomycetales	Streptomycetaceae	Streptomyces	Streptomyces sp900129855	Streptomyces sp. NY05-11A
GCA_033792925.1_ASM3379292v1_genomic	Bacteria	Actinomycetota	Actinomycetes	Streptomycetales	Streptomycetaceae	Streptomyces	Streptomyces scabiei	Streptomyces scabiei NY05-07C
GCA_033792945.1_ASM3379294v1_genomic	Bacteria	Actinomycetota	Actinomycetes	Streptomycetales	Streptomycetaceae	Streptomyces	Streptomyces scabiei	Streptomyces scabiei NY05-01A
GCA_033792965.1_ASM3379296v1_genomic	Bacteria	Actinomycetota	Actinomycetes	Streptomycetales	Streptomycetaceae	Streptomyces	Streptomyces fimicarius	Streptomyces sp. NRRL_ISP-5395
GCA_033792975.1_ASM3379297v1_genomic	Bacteria	Actinomycetota	Actinomycetes	Streptomycetales	Streptomycetaceae	Streptomyces	Streptomyces stelliscabiei	Streptomyces stelliscabiei NY02-3A
GCA_033793005.1_ASM3379300v1_genomic	Bacteria	Actinomycetota	Actinomycetes	Streptomycetales	Streptomycetaceae	Streptomyces	Streptomyces clavifer	Streptomyces sp. NRRL_B-2557
GCA_033793015.1_ASM3379301v1_genomic	Bacteria	Actinomycetota	Actinomycetes	Streptomycetales	Streptomycetaceae	Streptomyces	Streptomyces griseiscabiei	Streptomyces griseiscabiei NRRL_B-2795
GCA_033793045.1_ASM3379304v1_genomic	Bacteria	Actinomycetota	Actinomycetes	Streptomycetales	Streptomycetaceae	Streptomyces	Streptomyces microflavus	Streptomyces sp. NRRL_B-2249
GCA_033793055.1_ASM3379305v1_genomic	Bacteria	Actinomycetota	Actinomycetes	Streptomycetales	Streptomycetaceae	Streptomyces	Streptomyces acidiscabies	Streptomyces acidiscabies NRRL_B-16521
GCA_033793065.1_ASM3379306v1_genomic	Bacteria	Actinomycetota	Actinomycetes	Streptomycetales	Streptomycetaceae	Streptomyces	Streptomyces anthocyanicus	Streptomyces sp. NRRL_B-16638
GCA_033793105.1_ASM3379310v1_genomic	Bacteria	Actinomycetota	Actinomycetes	Streptomycetales	Streptomycetaceae	Streptomyces	Streptomyces ipomoeae	Streptomyces ipomoeae NRRL_B-12321
GCA_033793115.1_ASM3379311v1_genomic	Bacteria	Actinomycetota	Actinomycetes	Streptomycetales	Streptomycetaceae	Streptomyces	Streptomyces scabiei	Streptomyces scabiei NJ08-06A
GCA_033793145.1_ASM3379314v1_genomic	Bacteria	Actinomycetota	Actinomycetes	Streptomycetales	Streptomycetaceae	Streptomyces	Streptomyces scabiei	Streptomyces scabiei NJ08-04B
GCA_033793155.1_ASM3379315v1_genomic	Bacteria	Actinomycetota	Actinomycetes	Streptomycetales	Streptomycetaceae	Streptomyces	Streptomyces scabiei	Streptomyces scabiei NJ08-05B
GCA_033793185.1_ASM3379318v1_genomic	Bacteria	Actinomycetota	Actinomycetes	Streptomycetales	Streptomycetaceae	Streptomyces	Streptomyces caniscabiei	Streptomyces caniscabiei NE20-8-2
GCA_033793205.1_ASM3379320v1_genomic	Bacteria	Actinomycetota	Actinomycetes	Streptomycetales	Streptomycetaceae	Streptomyces	Streptomyces caniscabiei	Streptomyces caniscabiei NE20-5-1
GCA_033793215.1_ASM3379321v1_genomic	Bacteria	Actinomycetota	Actinomycetes	Streptomycetales	Streptomycetaceae	Streptomyces	Streptomyces caniscabiei	Streptomyces caniscabiei NE20-7-2
GCA_033793245.1_ASM3379324v1_genomic	Bacteria	Actinomycetota	Actinomycetes	Streptomycetales	Streptomycetaceae	Streptomyces	Streptomyces silvae	Streptomyces sp. NE06-03E
GCA_033793265.1_ASM3379326v1_genomic	Bacteria	Actinomycetota	Actinomycetes	Streptomycetales	Streptomycetaceae	Streptomyces	Streptomyces caniscabiei	Streptomyces caniscabiei NE20-4-1
GCA_033793285.1_ASM3379328v1_genomic	Bacteria	Actinomycetota	Actinomycetes	Streptomycetales	Streptomycetaceae	Streptomyces	Streptomyces caniscabiei	Streptomyces caniscabiei NE20-1-1
GCA_033793305.1_ASM3379330v1_genomic	Bacteria	Actinomycetota	Actinomycetes	Streptomycetales	Streptomycetaceae	Streptomyces	Streptomyces europaeiscabiei	Streptomyces europaeiscabiei ND06-05F
GCA_033793315.1_ASM3379331v1_genomic	Bacteria	Actinomycetota	Actinomycetes	Streptomycetales	Streptomycetaceae	Streptomyces	Streptomyces globisporus_A	Streptomyces sp. NE06-03C
GCA_033793405.1_ASM3379340v1_genomic	Bacteria	Actinomycetota	Actinomycetes	Streptomycetales	Streptomycetaceae	Streptomyces	Streptomyces acidiscabies	Streptomyces acidiscabies NB05-1H
GCA_033793445.1_ASM3379344v1_genomic	Bacteria	Actinomycetota	Actinomycetes	Streptomycetales	Streptomycetaceae	Streptomyces	Streptomyces scabiei	Streptomyces scabiei MN05-36F
GCA_033793465.1_ASM3379346v1_genomic	Bacteria	Actinomycetota	Actinomycetes	Streptomycetales	Streptomycetaceae	Streptomyces	Streptomyces scabiei	Streptomyces scabiei MN05-35A
GCA_033793485.1_ASM3379348v1_genomic	Bacteria	Actinomycetota	Actinomycetes	Streptomycetales	Streptomycetaceae	Streptomyces	Streptomyces scabiei	Streptomyces scabiei MN05-36A
GCA_033793515.1_ASM3379351v1_genomic	Bacteria	Actinomycetota	Actinomycetes	Streptomycetales	Streptomycetaceae	Streptomyces	Streptomyces scabiei	Streptomyces scabiei MN03-5003B
GCA_033793545.1_ASM3379354v1_genomic	Bacteria	Actinomycetota	Actinomycetes	Streptomycetales	Streptomycetaceae	Streptomyces	Streptomyces scabiei	Streptomyces scabiei MI06-04D
GCA_033793565.1_ASM3379356v1_genomic	Bacteria	Actinomycetota	Actinomycetes	Streptomycetales	Streptomycetaceae	Streptomyces	Streptomyces scabiei	Streptomyces scabiei MI05-07D
GCA_033793585.1_ASM3379358v1_genomic	Bacteria	Actinomycetota	Actinomycetes	Streptomycetales	Streptomycetaceae	Actinacidiphila	Actinacidiphila sp.	Streptomyces sp. MI02-7b
GCA_033793595.1_ASM3379359v1_genomic	Bacteria	Actinomycetota	Actinomycetes	Streptomycetales	Streptomycetaceae	Streptomyces	Streptomyces scabiei	Streptomyces scabiei ME19-09-4
GCA_033793625.1_ASM3379362v1_genomic	Bacteria	Actinomycetota	Actinomycetes	Streptomycetales	Streptomycetaceae	Streptomyces	Streptomyces scabiei	Streptomyces scabiei ME19-08-4
GCA_033793635.1_ASM3379363v1_genomic	Bacteria	Actinomycetota	Actinomycetes	Streptomycetales	Streptomycetaceae	Streptomyces	Streptomyces sp001507435	Streptomyces sp. MI02-2A
GCA_033793665.1_ASM3379366v1_genomic	Bacteria	Actinomycetota	Actinomycetes	Streptomycetales	Streptomycetaceae	Streptomyces	Streptomyces scabiei	Streptomyces scabiei ME19-08-1
GCA_033793685.1_ASM3379368v1_genomic	Bacteria	Actinomycetota	Actinomycetes	Streptomycetales	Streptomycetaceae	Actinacidiphila	Actinacidiphila sp.	Streptomyces sp. ME19-03-3
GCA_033793705.1_ASM3379370v1_genomic	Bacteria	Actinomycetota	Actinomycetes	Streptomycetales	Streptomycetaceae	Streptomyces	Streptomyces scabiei	Streptomyces scabiei ME19-04-2
GCA_033793725.1_ASM3379372v1_genomic	Bacteria	Actinomycetota	Actinomycetes	Streptomycetales	Streptomycetaceae	Streptomyces	Streptomyces scabiei	Streptomyces scabiei ME19-01-7
GCA_033793745.1_ASM3379374v1_genomic	Bacteria	Actinomycetota	Actinomycetes	Streptomycetales	Streptomycetaceae	Streptomyces	Streptomyces sp.	Streptomyces sp. ME19-01-6
GCA_033793765.1_ASM3379376v1_genomic	Bacteria	Actinomycetota	Actinomycetes	Streptomycetales	Streptomycetaceae	Streptomyces	Streptomyces scabiei	Streptomyces scabiei ME18-2-1
GCA_033793775.1_ASM3379377v1_genomic	Bacteria	Actinomycetota	Actinomycetes	Streptomycetales	Streptomycetaceae	Streptomyces	Streptomyces hayashii	Streptomyces scabiei ME18-2-3
GCA_033793785.1_ASM3379378v1_genomic	Bacteria	Actinomycetota	Actinomycetes	Streptomycetales	Streptomycetaceae	Streptomyces	Streptomyces scabiei	Streptomyces scabiei ME18-3-1
GCA_033793795.1_ASM3379379v1_genomic	Bacteria	Actinomycetota	Actinomycetes	Streptomycetales	Streptomycetaceae	Streptomyces	Streptomyces griseoaurantiacus	Streptomyces sp. ME12-02E
GCA_033793825.1_ASM3379382v1_genomic	Bacteria	Actinomycetota	Actinomycetes	Streptomycetales	Streptomycetaceae	Streptomyces	Streptomyces sp900129855	Streptomyces sp. ME18-1-4
GCA_033793865.1_ASM3379386v1_genomic	Bacteria	Actinomycetota	Actinomycetes	Streptomycetales	Streptomycetaceae	Streptomyces	Streptomyces scabiei	Streptomyces scabiei ME06-36
GCA_033793875.1_ASM3379387v1_genomic	Bacteria	Actinomycetota	Actinomycetes	Streptomycetales	Streptomycetaceae	Actinacidiphila	Actinacidiphila sp.	Streptomyces sp. ME03-5709C
GCA_033793905.1_ASM3379390v1_genomic	Bacteria	Actinomycetota	Actinomycetes	Streptomycetales	Streptomycetaceae	Streptomyces	Streptomyces anthocyanicus	Streptomyces sp. ME03-5684b
GCA_033793925.1_ASM3379392v1_genomic	Bacteria	Actinomycetota	Actinomycetes	Streptomycetales	Streptomycetaceae	Streptomyces	Streptomyces scabiei	Streptomyces scabiei ME11-02C
GCA_033793935.1_ASM3379393v1_genomic	Bacteria	Actinomycetota	Actinomycetes	Streptomycetales	Streptomycetaceae	Streptomyces	Streptomyces sp.	Streptomyces sp. ME08-AFT2
GCA_033793965.1_ASM3379396v1_genomic	Bacteria	Actinomycetota	Actinomycetes	Streptomycetales	Streptomycetaceae	Streptomyces	Streptomyces sp.	Streptomyces sp. ME02-8801-2C
GCA_033793985.1_ASM3379398v1_genomic	Bacteria	Actinomycetota	Actinomycetes	Streptomycetales	Streptomycetaceae	Streptomyces	Streptomyces papulosus	Streptomyces sp. ME02-7008A-1
GCA_033793995.1_ASM3379399v1_genomic	Bacteria	Actinomycetota	Actinomycetes	Streptomycetales	Streptomycetaceae	Streptomyces	Streptomyces papulosus	Streptomyces sp. ME02-7008A
GCA_033794025.1_ASM3379402v1_genomic	Bacteria	Actinomycetota	Actinomycetes	Streptomycetales	Streptomycetaceae	Streptomyces	Streptomyces cyaneofuscatus	Streptomyces sp. ME02-6991-2A
GCA_033794065.1_ASM3379406v1_genomic	Bacteria	Actinomycetota	Actinomycetes	Streptomycetales	Streptomycetaceae	Streptomyces	Streptomyces anthocyanicus	Streptomyces sp. ME02-6987-2C
GCA_033794085.1_ASM3379408v1_genomic	Bacteria	Actinomycetota	Actinomycetes	Streptomycetales	Streptomycetaceae	Streptomyces	Streptomyces anthocyanicus	Streptomyces sp. ME02-6979A
GCA_033794095.1_ASM3379409v1_genomic	Bacteria	Actinomycetota	Actinomycetes	Streptomycetales	Streptomycetaceae	Streptomyces	Streptomyces scabiei	Streptomyces scabiei ME02-6979-4A
GCA_033794105.1_ASM3379410v1_genomic	Bacteria	Actinomycetota	Actinomycetes	Streptomycetales	Streptomycetaceae	Streptomyces	Streptomyces anthocyanicus	Streptomyces sp. ME02-6985-2c
GCA_033794145.1_ASM3379414v1_genomic	Bacteria	Actinomycetota	Actinomycetes	Streptomycetales	Streptomycetaceae	Streptomyces	Streptomyces fimicarius	Streptomyces sp. ME02-6979.5a
GCA_033794165.1_ASM3379416v1_genomic	Bacteria	Actinomycetota	Actinomycetes	Streptomycetales	Streptomycetaceae	Streptomyces	Streptomyces silvae	Streptomyces sp. ME02-6979-3A
GCA_033794185.1_ASM3379418v1_genomic	Bacteria	Actinomycetota	Actinomycetes	Streptomycetales	Streptomycetaceae	Streptomyces	Streptomyces griseoaurantiacus	Streptomyces sp. ME02-6978a
GCA_033794205.1_ASM3379420v1_genomic	Bacteria	Actinomycetota	Actinomycetes	Streptomycetales	Streptomycetaceae	Streptomyces	Streptomyces stelliscabiei	Streptomyces stelliscabiei ME02-6978b
GCA_033794215.1_ASM3379421v1_genomic	Bacteria	Actinomycetota	Actinomycetes	Streptomycetales	Streptomycetaceae	Streptomyces	Streptomyces griseoaurantiacus	Streptomyces sp. ME02-6978.2a
GCA_033794245.1_ASM3379424v1_genomic	Bacteria	Actinomycetota	Actinomycetes	Streptomycetales	Streptomycetaceae	Streptomyces	Streptomyces scabiei	Streptomyces scabiei ME02-6974-4A
GCA_033794255.1_ASM3379425v1_genomic	Bacteria	Actinomycetota	Actinomycetes	Streptomycetales	Streptomycetaceae	Streptomyces	Streptomyces anthocyanicus	Streptomyces sp. ME02-6977A
GCA_033794285.1_ASM3379428v1_genomic	Bacteria	Actinomycetota	Actinomycetes	Streptomycetales	Streptomycetaceae	Streptomyces	Streptomyces anthocyanicus	Streptomyces sp. ME01-18h
GCA_033794295.1_ASM3379429v1_genomic	Bacteria	Actinomycetota	Actinomycetes	Streptomycetales	Streptomycetaceae	Actinacidiphila	Actinacidiphila sp.	Streptomyces sp. ME01-24h
GCA_033794325.1_ASM3379432v1_genomic	Bacteria	Actinomycetota	Actinomycetes	Streptomycetales	Streptomycetaceae	Streptomyces	Streptomyces silvae	Streptomyces sp. ME01-18a
GCA_033794345.1_ASM3379434v1_genomic	Bacteria	Actinomycetota	Actinomycetes	Streptomycetales	Streptomycetaceae	Streptomyces	Streptomyces niveiscabiei	Streptomyces niveiscabiei MD20-5-1
GCA_033794365.1_ASM3379436v1_genomic	Bacteria	Actinomycetota	Actinomycetes	Streptomycetales	Streptomycetaceae	Streptomyces	Streptomyces scabiei	Streptomyces scabiei ME01-11h
GCA_033794385.1_ASM3379438v1_genomic	Bacteria	Actinomycetota	Actinomycetes	Streptomycetales	Streptomycetaceae	Streptomyces	Streptomyces scabiei	Streptomyces scabiei MD20-2-1
GCA_033794405.1_ASM3379440v1_genomic	Bacteria	Actinomycetota	Actinomycetes	Streptomycetales	Streptomycetaceae	Streptomyces	Streptomyces cellulosae	Streptomyces sp. MD20-1-1
GCA_033794415.1_ASM3379441v1_genomic	Bacteria	Actinomycetota	Actinomycetes	Streptomycetales	Streptomycetaceae	Streptomyces	Streptomyces scabiei	Streptomyces scabiei MD13-3A
GCA_033794445.1_ASM3379444v1_genomic	Bacteria	Actinomycetota	Actinomycetes	Streptomycetales	Streptomycetaceae	Streptomyces	Streptomyces scabiei	Streptomyces scabiei MD13-11C
GCA_033794465.1_ASM3379446v1_genomic	Bacteria	Actinomycetota	Actinomycetes	Streptomycetales	Streptomycetaceae	Streptomyces	Streptomyces europaeiscabiei	Streptomyces europaeiscabiei MB09-03E
GCA_033794485.1_ASM3379448v1_genomic	Bacteria	Actinomycetota	Actinomycetes	Streptomycetales	Streptomycetaceae	Streptomyces	Streptomyces sp.	Streptomyces sp. MB09-02B
GCA_033794505.1_ASM3379450v1_genomic	Bacteria	Actinomycetota	Actinomycetes	Streptomycetales	Streptomycetaceae	Streptomyces	Streptomyces sp.	Streptomyces sp. MB09-01
GCA_033794525.1_ASM3379452v1_genomic	Bacteria	Actinomycetota	Actinomycetes	Streptomycetales	Streptomycetaceae	Streptomyces	Streptomyces stelliscabiei	Streptomyces stelliscabiei IN05-2E
GCA_033794545.1_ASM3379454v1_genomic	Bacteria	Actinomycetota	Actinomycetes	Streptomycetales	Streptomycetaceae	Streptomyces	Streptomyces scabiei	Streptomyces scabiei IN05-1A
GCA_033794565.1_ASM3379456v1_genomic	Bacteria	Actinomycetota	Actinomycetes	Streptomycetales	Streptomycetaceae	Streptomyces	Streptomyces europaeiscabiei	Streptomyces europaeiscabiei ID09-01C
GCA_033794585.1_ASM3379458v1_genomic	Bacteria	Actinomycetota	Actinomycetes	Streptomycetales	Streptomycetaceae	Streptomyces	Streptomyces europaeiscabiei	Streptomyces europaeiscabiei ID09-01A
GCA_033794595.1_ASM3379459v1_genomic	Bacteria	Actinomycetota	Actinomycetes	Streptomycetales	Streptomycetaceae	Streptomyces	Streptomyces europaeiscabiei	Streptomyces europaeiscabiei ID06-18B
GCA_033794625.1_ASM3379462v1_genomic	Bacteria	Actinomycetota	Actinomycetes	Streptomycetales	Streptomycetaceae	Streptomyces	Streptomyces europaeiscabiei	Streptomyces europaeiscabiei ID06-15
GCA_033794645.1_ASM3379464v1_genomic	Bacteria	Actinomycetota	Actinomycetes	Streptomycetales	Streptomycetaceae	Streptomyces	Streptomyces caniscabiei	Streptomyces caniscabiei ID05-8D
GCA_033794665.1_ASM3379466v1_genomic	Bacteria	Actinomycetota	Actinomycetes	Streptomycetales	Streptomycetaceae	Streptomyces	Streptomyces bobili	Streptomyces sp. ID05-47C
GCA_033794695.1_ASM3379469v1_genomic	Bacteria	Actinomycetota	Actinomycetes	Streptomycetales	Streptomycetaceae	Streptomyces	Streptomyces europaeiscabiei	Streptomyces europaeiscabiei ID05-21E
GCA_033794725.1_ASM3379472v1_genomic	Bacteria	Actinomycetota	Actinomycetes	Streptomycetales	Streptomycetaceae	Streptomyces	Streptomyces bobili	Streptomyces sp. ID05-39B
GCA_033794735.1_ASM3379473v1_genomic	Bacteria	Actinomycetota	Actinomycetes	Streptomycetales	Streptomycetaceae	Streptomyces	Streptomyces anulatus	Streptomyces sp. ID05-18
GCA_033794765.1_ASM3379476v1_genomic	Bacteria	Actinomycetota	Actinomycetes	Streptomycetales	Streptomycetaceae	Streptomyces	Streptomyces europaeiscabiei	Streptomyces europaeiscabiei ID05-17B
GCA_033794785.1_ASM3379478v1_genomic	Bacteria	Actinomycetota	Actinomycetes	Streptomycetales	Streptomycetaceae	Streptomyces	Streptomyces caniscabiei	Streptomyces caniscabiei ID05-16B
GCA_033794805.1_ASM3379480v1_genomic	Bacteria	Actinomycetota	Actinomycetes	Streptomycetales	Streptomycetaceae	Streptomyces	Streptomyces europaeiscabiei	Streptomyces europaeiscabiei ID05-17A
GCA_033794825.1_ASM3379482v1_genomic	Bacteria	Actinomycetota	Actinomycetes	Streptomycetales	Streptomycetaceae	Streptomyces	Streptomyces caniscabiei	Streptomyces caniscabiei ID05-11E
GCA_033794835.1_ASM3379483v1_genomic	Bacteria	Actinomycetota	Actinomycetes	Streptomycetales	Streptomycetaceae	Streptomyces	Streptomyces fimicarius	Streptomyces sp. ID03-2B
GCA_033794865.1_ASM3379486v1_genomic	Bacteria	Actinomycetota	Actinomycetes	Streptomycetales	Streptomycetaceae	Streptomyces	Streptomyces europaeiscabiei	Streptomyces europaeiscabiei ID02-12
GCA_033794885.1_ASM3379488v1_genomic	Bacteria	Actinomycetota	Actinomycetes	Streptomycetales	Streptomycetaceae	Streptomyces	Streptomyces europaeiscabiei	Streptomyces europaeiscabiei ID01-16c
GCA_033794905.1_ASM3379490v1_genomic	Bacteria	Actinomycetota	Actinomycetes	Streptomycetales	Streptomycetaceae	Streptomyces	Streptomyces globisporus_A	Streptomyces sp. ID01-15D
GCA_033794935.1_ASM3379493v1_genomic	Bacteria	Actinomycetota	Actinomycetes	Streptomycetales	Streptomycetaceae	Streptomyces	Streptomyces scabiei	Streptomyces scabiei FL07-03A
GCA_033794965.1_ASM3379496v1_genomic	Bacteria	Actinomycetota	Actinomycetes	Streptomycetales	Streptomycetaceae	Streptomyces	Streptomyces turgidiscabies_A	Streptomyces turgidiscabies ATCC 700248
GCA_033794975.1_ASM3379497v1_genomic	Bacteria	Actinomycetota	Actinomycetes	Streptomycetales	Streptomycetaceae	Streptomyces	Streptomyces globisporus_A	Streptomyces sp. FL06-04B
GCA_033794985.1_ASM3379498v1_genomic	Bacteria	Actinomycetota	Actinomycetes	Streptomycetales	Streptomycetaceae	Streptomyces	Streptomyces fimicarius	Streptomyces sp. ATCC51928
GCA_033795025.1_ASM3379502v1_genomic	Bacteria	Actinomycetota	Actinomycetes	Streptomycetales	Streptomycetaceae	Streptomyces	Streptomyces scabiei	Streptomyces scabiei ATCC 49173
GCA_033795045.1_ASM3379504v1_genomic	Bacteria	Actinomycetota	Actinomycetes	Streptomycetales	Streptomycetaceae	Streptomyces	Streptomyces acidiscabies	Streptomyces acidiscabies ATCC 49003
GCA_033795065.1_ASM3379506v1_genomic	Bacteria	Actinomycetota	Actinomycetes	Streptomycetales	Streptomycetaceae	Streptomyces	Streptomyces europaeiscabiei	Streptomyces europaeiscabiei AK08-04D
GCA_033795085.1_ASM3379508v1_genomic	Bacteria	Actinomycetota	Actinomycetes	Streptomycetales	Streptomycetaceae	Streptomyces	Streptomyces sp.	Streptomyces sp. AK08-02
GCA_033795095.1_ASM3379509v1_genomic	Bacteria	Actinomycetota	Actinomycetes	Streptomycetales	Streptomycetaceae	Streptomyces	Streptomyces europaeiscabiei	Streptomyces europaeiscabiei AK08-03
GCA_033795125.1_ASM3379512v1_genomic	Bacteria	Actinomycetota	Actinomycetes	Streptomycetales	Streptomycetaceae	Streptomyces	Streptomyces sp900116325	Streptomyces sp. AK08-01B
GCA_033795145.1_ASM3379514v1_genomic	Bacteria	Actinomycetota	Actinomycetes	Streptomycetales	Streptomycetaceae	Streptomyces	Streptomyces sp900116325	Streptomyces sp. AK08-01A
GCA_033795155.1_ASM3379515v1_genomic	Bacteria	Actinomycetota	Actinomycetes	Streptomycetales	Streptomycetaceae	Streptomyces	Streptomyces europaeiscabiei	Streptomyces europaeiscabiei AK05-03A
GCA_033795185.1_ASM3379518v1_genomic	Bacteria	Actinomycetota	Actinomycetes	Streptomycetales	Streptomycetaceae	Streptomyces	Streptomyces silvae	Streptomyces sp. AK04-4c
GCA_033795195.1_ASM3379519v1_genomic	Bacteria	Actinomycetota	Actinomycetes	Streptomycetales	Streptomycetaceae	Streptomyces	Streptomyces sp001428885	Streptomyces sp. AK04-3B
GCA_033795225.1_ASM3379522v1_genomic	Bacteria	Actinomycetota	Actinomycetes	Streptomycetales	Streptomycetaceae	Streptomyces	Streptomyces mirabilis	Streptomyces sp. AK02-04a
GCA_033795245.1_ASM3379524v1_genomic	Bacteria	Actinomycetota	Actinomycetes	Streptomycetales	Streptomycetaceae	Streptomyces	Streptomyces europaeiscabiei	Streptomyces europaeiscabiei AK02-02a
GCA_033795265.1_ASM3379526v1_genomic	Bacteria	Actinomycetota	Actinomycetes	Streptomycetales	Streptomycetaceae	Streptomyces	Streptomyces europaeiscabiei	Streptomyces europaeiscabiei AK02-03a
GCA_033795285.1_ASM3379528v1_genomic	Bacteria	Actinomycetota	Actinomycetes	Streptomycetales	Streptomycetaceae	Streptomyces	Streptomyces scabiei	Streptomyces scabiei 84.102
GCA_033795305.1_ASM3379530v1_genomic	Bacteria	Actinomycetota	Actinomycetes	Streptomycetales	Streptomycetaceae	Streptomyces	Streptomyces sp.	Streptomyces sp. AK02-01A
GCA_033844225.1_ASM3384422v1_genomic	Bacteria	Actinomycetota	Actinomycetes	Streptomycetales	Streptomycetaceae	Streptomyces	Streptomyces sp003032475	Streptomyces sp. ID05-04B
GCA_033844245.1_ASM3384424v1_genomic	Bacteria	Actinomycetota	Actinomycetes	Streptomycetales	Streptomycetaceae	Streptomyces	Streptomyces fimicarius	Streptomyces sp. ID01-9D
GCA_033844265.1_ASM3384426v1_genomic	Bacteria	Actinomycetota	Actinomycetes	Streptomycetales	Streptomycetaceae	Streptomyces	Streptomyces fimicarius	Streptomyces sp. DE06-01C
GCA_033850625.1_ASM3385062v1_genomic	Bacteria	Actinomycetota	Actinomycetes	Streptomycetales	Streptomycetaceae	Actinacidiphila	Actinacidiphila sp.	Streptomyces sp. BP_376
GCA_033875215.1_ASM3387521v1_genomic	Bacteria	Actinomycetota	Actinomycetes	Streptomycetales	Streptomycetaceae	Streptomyces	Streptomyces amritsarensis	Streptomyces sp. F8
GCA_034043715.1_ASM3404371v1_genomic	Bacteria	Actinomycetota	Actinomycetes	Streptomycetales	Streptomycetaceae	Kitasatospora	Kitasatospora sp.	Kitasatospora purpeofusca SeTe27
GCA_034054735.1_ASM3405473v1_genomic	Bacteria	Actinomycetota	Actinomycetes	Streptomycetales	Streptomycetaceae	Streptomyces	Streptomyces albogriseolus	Streptomyces sp. CL7
GCA_034057835.1_ASM3405783v1_genomic	Bacteria	Actinomycetota	Actinomycetes	Streptomycetales	Streptomycetaceae	Streptomyces	Streptomyces sp020026305	Streptomyces sp. KN37
GCA_034119685.1_ASM3411968v1_genomic	Bacteria	Actinomycetota	Actinomycetes	Streptomycetales	Streptomycetaceae	Streptomyces	Streptomyces diastaticus	Streptomyces sp. S399
GCA_034297415.1_ASM3429741v1_genomic	Bacteria	Actinomycetota	Actinomycetes	Streptomycetales	Streptomycetaceae	Streptomyces	Streptomyces griseoincarnatus	Streptomyces griseoincarnatus HNS054
GCA_034300035.1_ASM3430003v1_genomic	Bacteria	Actinomycetota	Actinomycetes	Streptomycetales	Streptomycetaceae	Streptomyces	Streptomyces atratus	Streptomyces atratus MJM3502
GCA_034422375.1_ASM3442237v1_genomic	Bacteria	Actinomycetota	Actinomycetes	Streptomycetales	Streptomycetaceae	Streptomyces	Streptomyces rochei	Streptomyces rochei D21E05
GCA_034424055.1_ASM3442405v1_genomic	Bacteria	Actinomycetota	Actinomycetes	Streptomycetales	Streptomycetaceae	Streptomyces	Streptomyces murinus	Streptomyces murinus STR-1
GCA_034479045.1_ASM3447904v1_genomic	Bacteria	Actinomycetota	Actinomycetes	Streptomycetales	Streptomycetaceae	Streptomyces	Streptomyces albidoflavus	Streptomyces albidoflavus ATCC 23899
GCA_034568915.1_ASM3456891v1_genomic	Bacteria	Actinomycetota	Actinomycetes	Streptomycetales	Streptomycetaceae	Streptomyces	Streptomyces goshikiensis	Streptomyces goshikiensis B-1662
GCA_034668605.1_ASM3466860v1_genomic	Bacteria	Actinomycetota	Actinomycetes	Streptomycetales	Streptomycetaceae	Streptomyces	Streptomyces silvae	Streptomyces sp. S584
GCA_034961445.1_ASM3496144v1_genomic	Bacteria	Actinomycetota	Actinomycetes	Streptomycetales	Streptomycetaceae	Streptomyces	Streptomyces sp.	Streptomyces yaizuensis YSPA8
GCA_035048325.1_ASM3504832v1_genomic	Bacteria	Actinomycetota	Actinomycetes	Streptomycetales	Streptomycetaceae	Streptomyces	Streptomyces sp.	Streptomyces sp. KL114A
GCA_035293445.1_ASM3529344v1_genomic	Bacteria	Actinomycetota	Actinomycetes	Streptomycetales	Streptomycetaceae	Streptomyces	Streptomyces gardneri	Streptomyces venezuelae SvWT
GCA_035295325.1_ASM3529532v1_genomic	Bacteria	Actinomycetota	Actinomycetes	Streptomycetales	Streptomycetaceae	Streptomyces	Streptomyces gardneri	Streptomyces venezuelae Sv-Del23
GCA_035563135.1_ASM3556313v1_genomic	Bacteria	Actinomycetota	Actinomycetes	Streptomycetales	Streptomycetaceae	Streptomyces	Streptomyces sp.	Streptomyces sp. SMAG_U13069
GCA_035578105.1_ASM3557810v1_genomic	Bacteria	Actinomycetota	Actinomycetes	Streptomycetales	Streptomycetaceae	Streptomyces	Streptomyces cyaneofuscatus	Streptomyces cyaneofuscatus NEB1061
GCA_035616105.1_ASM3561610v1_genomic	Bacteria	Actinomycetota	Actinomycetes	Streptomycetales	Streptomycetaceae	Streptomyces	Streptomyces sp.	Streptomyces kunmingensis DSM 41681
GCA_035644915.1_ASM3564491v1_genomic	Bacteria	Actinomycetota	Actinomycetes	Streptomycetales	Streptomycetaceae	Streptomyces	Streptomyces sp.	Streptomyces sp. SMAG_U10779
GCA_035645055.1_ASM3564505v1_genomic	Bacteria	Actinomycetota	Actinomycetes	Streptomycetales	Streptomycetaceae	Streptomyces	Streptomyces sp.	Streptomyces sp. SMAG_U10771
GCA_035656535.1_ASM3565653v1_genomic	Bacteria	Actinomycetota	Actinomycetes	Streptomycetales	Streptomycetaceae	Streptomyces	Streptomyces sp.	Streptomyces sp. H51
GCA_035658475.1_ASM3565847v1_genomic	Bacteria	Actinomycetota	Actinomycetes	Streptomycetales	Streptomycetaceae	Streptomyces	Streptomyces violaceus	Streptomyces sp. CGMCC 4.1772
GCA_035687565.1_ASM3568756v1_genomic	Bacteria	Actinomycetota	Actinomycetes	Streptomycetales	Streptomycetaceae	Streptomyces	Streptomyces sp026339995	Streptomyces sp. SMAG_U8952
GCA_035798155.1_ASM3579815v1_genomic	Bacteria	Actinomycetota	Actinomycetes	Streptomycetales	Streptomycetaceae	Streptomyces	Streptomyces sp.	Streptomyces endophyticus YIM65594
GCA_035825295.1_ASM3582529v1_genomic	Bacteria	Actinomycetota	Actinomycetes	Streptomycetales	Streptomycetaceae	Actinacidiphila	Actinacidiphila sp.	Actinacidiphila sp. DG2A-62
GCA_035828615.1_ASM3582861v1_genomic	Bacteria	Actinomycetota	Actinomycetes	Streptomycetales	Streptomycetaceae	Streptomyces	Streptomyces sp.	Streptomyces sp. H27-D2
GCA_035853655.1_ASM3585365v1_genomic	Bacteria	Actinomycetota	Actinomycetes	Streptomycetales	Streptomycetaceae	Streptomyces	Streptomyces virginiae	Streptomyces virginiae CMAA1738
GCA_035917115.1_ASM3591711v1_genomic	Bacteria	Actinomycetota	Actinomycetes	Streptomycetales	Streptomycetaceae	Streptomyces	Streptomyces longwoodensis	Streptomyces longwoodensis NBC_00540
GCA_035917135.1_ASM3591713v1_genomic	Bacteria	Actinomycetota	Actinomycetes	Streptomycetales	Streptomycetaceae	Streptomyces	Streptomyces sp.	Streptomyces sp. NBC_00481
GCA_035917155.1_ASM3591715v1_genomic	Bacteria	Actinomycetota	Actinomycetes	Streptomycetales	Streptomycetaceae	Streptomyces	Streptomyces poriferorum	Streptomyces sp. NBC_00385
GCA_035917175.1_ASM3591717v1_genomic	Bacteria	Actinomycetota	Actinomycetes	Streptomycetales	Streptomycetaceae	Streptomyces	Streptomyces sp026341825	Streptomyces sp. NBC_00243
GCA_035917195.1_ASM3591719v1_genomic	Bacteria	Actinomycetota	Actinomycetes	Streptomycetales	Streptomycetaceae	Streptomyces	Streptomyces phaeochromogenes	Streptomyces phaeochromogenes NBC_00186
GCA_035917215.1_ASM3591721v1_genomic	Bacteria	Actinomycetota	Actinomycetes	Streptomycetales	Streptomycetaceae	Streptomyces	Streptomyces sp.	Streptomyces sp. NBC_00151
GCA_035917235.1_ASM3591723v1_genomic	Bacteria	Actinomycetota	Actinomycetes	Streptomycetales	Streptomycetaceae	Streptomyces	Streptomyces sp.	Streptomyces sp. NBC_01294
GCA_035917255.1_ASM3591725v1_genomic	Bacteria	Actinomycetota	Actinomycetes	Streptomycetales	Streptomycetaceae	Streptomyces	Streptomyces sp026342195	Streptomyces sp. NBC_01257
GCA_035917275.1_ASM3591727v1_genomic	Bacteria	Actinomycetota	Actinomycetes	Streptomycetales	Streptomycetaceae	Streptomyces	Streptomyces sp001905125	Streptomyces sp. NBC_01237
GCA_035917295.1_ASM3591729v1_genomic	Bacteria	Actinomycetota	Actinomycetes	Streptomycetales	Streptomycetaceae	Streptomyces	Streptomyces sp.	Streptomyces sp. NBC_01022
GCA_035917315.1_ASM3591731v1_genomic	Bacteria	Actinomycetota	Actinomycetes	Streptomycetales	Streptomycetaceae	Streptomyces	Streptomyces sp026339735	Streptomyces sp. NBC_00841
GCA_035917395.1_ASM3591739v1_genomic	Bacteria	Actinomycetota	Actinomycetes	Streptomycetales	Streptomycetaceae	Streptomyces	Streptomyces sp002847285	Streptomyces sp. NBC_01808
GCA_035917415.1_ASM3591741v1_genomic	Bacteria	Actinomycetota	Actinomycetes	Streptomycetales	Streptomycetaceae	Streptomyces	Streptomyces sp.	Streptomyces sp. NBC_01803
GCA_035917435.1_ASM3591743v1_genomic	Bacteria	Actinomycetota	Actinomycetes	Streptomycetales	Streptomycetaceae	Streptomyces	Streptomyces microflavus	Streptomyces microflavus NBC 01798
GCA_035917495.1_ASM3591749v1_genomic	Bacteria	Actinomycetota	Actinomycetes	Streptomycetales	Streptomycetaceae	Streptomyces	Streptomyces sp026342835	Streptomyces sp. NBC_01800
GCA_035917515.1_ASM3591751v1_genomic	Bacteria	Actinomycetota	Actinomycetes	Streptomycetales	Streptomycetaceae	Streptomyces	Streptomyces sp026342835	Streptomyces sp. NBC_01799
GCA_035917535.1_ASM3591753v1_genomic	Bacteria	Actinomycetota	Actinomycetes	Streptomycetales	Streptomycetaceae	Streptomyces	Streptomyces sp.	Streptomyces sp. NBC_01795
GCA_035917555.1_ASM3591755v1_genomic	Bacteria	Actinomycetota	Actinomycetes	Streptomycetales	Streptomycetaceae	Streptomyces	Streptomyces cyaneofuscatus	Streptomyces cyaneofuscatus NBC 01792
GCA_035917575.1_ASM3591757v1_genomic	Bacteria	Actinomycetota	Actinomycetes	Streptomycetales	Streptomycetaceae	Streptomyces	Streptomyces sp002803075	Streptomyces sp. NBC_01788
GCA_035917595.1_ASM3591759v1_genomic	Bacteria	Actinomycetota	Actinomycetes	Streptomycetales	Streptomycetaceae	Streptomyces	Streptomyces scopuliridis	Streptomyces scopuliridis NBC 01786
GCA_035917615.1_ASM3591761v1_genomic	Bacteria	Actinomycetota	Actinomycetes	Streptomycetales	Streptomycetaceae	Streptomyces	Streptomyces cellulosae	Streptomyces cellulosae NBC 01780
GCA_035917635.1_ASM3591763v1_genomic	Bacteria	Actinomycetota	Actinomycetes	Streptomycetales	Streptomycetaceae	Streptomyces	Streptomyces cellulosae	Streptomyces cellulosae NBC 01779
GCA_035917655.1_ASM3591765v1_genomic	Bacteria	Actinomycetota	Actinomycetes	Streptomycetales	Streptomycetaceae	Streptomyces	Streptomyces anthocyanicus	Streptomyces anthocyanicus NBC 01777
GCA_035917675.1_ASM3591767v1_genomic	Bacteria	Actinomycetota	Actinomycetes	Streptomycetales	Streptomycetaceae	Streptomyces	Streptomyces sp.	Streptomyces sp. NBC_01775
GCA_035917695.1_ASM3591769v1_genomic	Bacteria	Actinomycetota	Actinomycetes	Streptomycetales	Streptomycetaceae	Streptomyces	Streptomyces decoyicus	Streptomyces decoyicus NBC 01774
GCA_035917715.1_ASM3591771v1_genomic	Bacteria	Actinomycetota	Actinomycetes	Streptomycetales	Streptomycetaceae	Streptomyces	Streptomyces cellulosae	Streptomyces cellulosae NBC 01773
GCA_035917735.1_ASM3591773v1_genomic	Bacteria	Actinomycetota	Actinomycetes	Streptomycetales	Streptomycetaceae	Streptomyces	Streptomyces cellulosae	Streptomyces cellulosae NBC 01772
GCA_035917755.1_ASM3591775v1_genomic	Bacteria	Actinomycetota	Actinomycetes	Streptomycetales	Streptomycetaceae	Streptomyces	Streptomyces scopuliridis	Streptomyces scopuliridis NBC 01771
GCA_035917775.1_ASM3591777v1_genomic	Bacteria	Actinomycetota	Actinomycetes	Streptomycetales	Streptomycetaceae	Streptomyces	Streptomyces scopuliridis	Streptomyces scopuliridis NBC 01770
GCA_035917795.1_ASM3591779v1_genomic	Bacteria	Actinomycetota	Actinomycetes	Streptomycetales	Streptomycetaceae	Streptomyces	Streptomyces brevispora	Streptomyces brevispora NBC 01769
GCA_035917815.1_ASM3591781v1_genomic	Bacteria	Actinomycetota	Actinomycetes	Streptomycetales	Streptomycetaceae	Streptomyces	Streptomyces sp940670765	Streptomyces sp. NBC_01766
GCA_035917835.1_ASM3591783v1_genomic	Bacteria	Actinomycetota	Actinomycetes	Streptomycetales	Streptomycetaceae	Streptomyces	Streptomyces sp003846175	Streptomyces sp. NBC_01768
GCA_035917855.1_ASM3591785v1_genomic	Bacteria	Actinomycetota	Actinomycetes	Streptomycetales	Streptomycetaceae	Streptomyces	Streptomyces sp026342835	Streptomyces sp. NBC_01763
GCA_035917875.1_ASM3591787v1_genomic	Bacteria	Actinomycetota	Actinomycetes	Streptomycetales	Streptomycetaceae	Streptomyces	Streptomyces sp026342835	Streptomyces sp. NBC_01762
GCA_035917895.1_ASM3591789v1_genomic	Bacteria	Actinomycetota	Actinomycetes	Streptomycetales	Streptomycetaceae	Streptomyces	Streptomyces sp026342835	Streptomyces sp. NBC_01761
GCA_035917915.1_ASM3591791v1_genomic	Bacteria	Actinomycetota	Actinomycetes	Streptomycetales	Streptomycetaceae	Streptomyces	Streptomyces anulatus	Streptomyces anulatus NBC 01759
GCA_035917935.1_ASM3591793v1_genomic	Bacteria	Actinomycetota	Actinomycetes	Streptomycetales	Streptomycetaceae	Streptomyces	Streptomyces sp000719575	Streptomyces sp. NBC_01760
GCA_035917955.1_ASM3591795v1_genomic	Bacteria	Actinomycetota	Actinomycetes	Streptomycetales	Streptomycetaceae	Streptomyces	Streptomyces virginiae_A	Streptomyces virginiae NBC 01758
GCA_035918015.1_ASM3591801v1_genomic	Bacteria	Actinomycetota	Actinomycetes	Streptomycetales	Streptomycetaceae	Streptomyces	Streptomyces sp.	Streptomyces sp. NBC_01754
GCA_035918035.1_ASM3591803v1_genomic	Bacteria	Actinomycetota	Actinomycetes	Streptomycetales	Streptomycetaceae	Streptomyces	Streptomyces hirsutus	Streptomyces hirsutus NBC 01753
GCA_035918055.1_ASM3591805v1_genomic	Bacteria	Actinomycetota	Actinomycetes	Streptomycetales	Streptomycetaceae	Streptomyces	Streptomyces phaeochromogenes	Streptomyces phaeochromogenes NBC 01752
GCA_035918075.1_ASM3591807v1_genomic	Bacteria	Actinomycetota	Actinomycetes	Streptomycetales	Streptomycetaceae	Streptomyces	Streptomyces sp026342835	Streptomyces sp. NBC_01751
GCA_035918095.1_ASM3591809v1_genomic	Bacteria	Actinomycetota	Actinomycetes	Streptomycetales	Streptomycetaceae	Streptomyces	Streptomyces sp.	Streptomyces sp. NBC_01750
GCA_035918115.1_ASM3591811v1_genomic	Bacteria	Actinomycetota	Actinomycetes	Streptomycetales	Streptomycetaceae	Streptomyces	Streptomyces cyaneofuscatus	Streptomyces cyaneofuscatus NBC 01749
GCA_035918135.1_ASM3591813v1_genomic	Bacteria	Actinomycetota	Actinomycetes	Streptomycetales	Streptomycetaceae	Actinacidiphila	Actinacidiphila glaucinigra	Actinacidiphila glaucinigra NBC 01746
GCA_035918155.1_ASM3591815v1_genomic	Bacteria	Actinomycetota	Actinomycetes	Streptomycetales	Streptomycetaceae	Streptomyces	Streptomyces sp.	Streptomyces sp. NBC_01591
GCA_035918175.1_ASM3591817v1_genomic	Bacteria	Actinomycetota	Actinomycetes	Streptomycetales	Streptomycetaceae	Streptomyces	Streptomyces sp029894425	Streptomyces canus NBC_01585
GCA_035918195.1_ASM3591819v1_genomic	Bacteria	Actinomycetota	Actinomycetes	Streptomycetales	Streptomycetaceae	Streptomyces	Streptomyces sp002078175	Streptomyces sp. NBC_01558
GCA_035918215.1_ASM3591821v1_genomic	Bacteria	Actinomycetota	Actinomycetes	Streptomycetales	Streptomycetaceae	Streptomyces	Streptomyces sp026340095	Streptomyces sp. NBC_01474
GCA_035918235.1_ASM3591823v1_genomic	Bacteria	Actinomycetota	Actinomycetes	Streptomycetales	Streptomycetaceae	Streptomyces	Streptomyces sp002803065	Streptomyces sp. NBC_01445
GCA_035919765.1_ASM3591976v1_genomic	Bacteria	Actinomycetota	Actinomycetes	Streptomycetales	Streptomycetaceae	Streptomyces	Streptomyces globisporus	Streptomyces globisporus NBC 01745
GCA_035920325.1_ASM3592032v1_genomic	Bacteria	Actinomycetota	Actinomycetes	Streptomycetales	Streptomycetaceae	Streptomyces	Streptomyces sp026342835	Streptomyces sp. NBC_01744
GCA_035920465.1_ASM3592046v1_genomic	Bacteria	Actinomycetota	Actinomycetes	Streptomycetales	Streptomycetaceae	Streptomyces	Streptomyces sp900116325	Streptomyces sp. NBC_01727
GCA_035940175.1_ASM3594017v1_genomic	Bacteria	Actinomycetota	Actinomycetes	Streptomycetales	Streptomycetaceae	Streptomyces	Streptomyces papulosus	Kitasatospora papulosa NBC_01344
GCA_035943135.1_ASM3594313v1_genomic	Bacteria	Actinomycetota	Actinomycetes	Streptomycetales	Streptomycetaceae	Streptomyces	Streptomyces flavotricini	Streptomyces sp. NBC_01343
GCA_035946055.1_ASM3594605v1_genomic	Bacteria	Actinomycetota	Actinomycetes	Streptomycetales	Streptomycetaceae	Streptomyces	Streptomyces sp.	Streptomyces sp. NBC_01341
GCA_035949105.1_ASM3594910v1_genomic	Bacteria	Actinomycetota	Actinomycetes	Streptomycetales	Streptomycetaceae	Streptomyces	Streptomyces sp026339955	Streptomyces sp. NBC_01340
GCA_035950875.1_ASM3595087v1_genomic	Bacteria	Actinomycetota	Actinomycetes	Streptomycetales	Streptomycetaceae	Streptomyces	Streptomyces cyaneofuscatus	Streptomyces cyaneofuscatus NBC_01338
GCA_035951655.1_ASM3595165v1_genomic	Bacteria	Actinomycetota	Actinomycetes	Streptomycetales	Streptomycetaceae	Streptomyces	Streptomyces platensis	Streptomyces platensis NBC_01337
GCA_035952475.1_ASM3595247v1_genomic	Bacteria	Actinomycetota	Actinomycetes	Streptomycetales	Streptomycetaceae	Streptomyces	Streptomyces poriferorum	Streptomyces sp. NBC_01336
GCA_035953295.1_ASM3595329v1_genomic	Bacteria	Actinomycetota	Actinomycetes	Streptomycetales	Streptomycetaceae	Streptomyces	Streptomyces sp.	Streptomyces sp. NBC_01335
GCA_035954115.1_ASM3595411v1_genomic	Bacteria	Actinomycetota	Actinomycetes	Streptomycetales	Streptomycetaceae	Streptomyces	Streptomyces anulatus	Streptomyces anulatus NBC_01333
GCA_035954955.1_ASM3595495v1_genomic	Bacteria	Actinomycetota	Actinomycetes	Streptomycetales	Streptomycetaceae	Streptomyces	Streptomyces murinus	Streptomyces murinus NBC_01332
GCA_035955795.1_ASM3595579v1_genomic	Bacteria	Actinomycetota	Actinomycetes	Streptomycetales	Streptomycetaceae	Streptomyces	Streptomyces albidoflavus	Streptomyces albidoflavus NBC_01331
GCA_035957715.1_ASM3595771v1_genomic	Bacteria	Actinomycetota	Actinomycetes	Streptomycetales	Streptomycetaceae	Streptomyces	Streptomyces phaeochromogenes	Streptomyces phaeochromogenes NBC_01328
GCA_035959875.1_ASM3595987v1_genomic	Bacteria	Actinomycetota	Actinomycetes	Streptomycetales	Streptomycetaceae	Streptomyces	Streptomyces subrutilus	Streptomyces subrutilus NBC_01325
GCA_035960815.1_ASM3596081v1_genomic	Bacteria	Actinomycetota	Actinomycetes	Streptomycetales	Streptomycetaceae	Streptomyces	Streptomyces sp001905365	Streptomyces sp. NBC_01324
GCA_035961655.1_ASM3596165v1_genomic	Bacteria	Actinomycetota	Actinomycetes	Streptomycetales	Streptomycetaceae	Streptomyces	Streptomyces sp009865405	Streptomyces sp. NBC_01317
GCA_035962435.1_ASM3596243v1_genomic	Bacteria	Actinomycetota	Actinomycetes	Streptomycetales	Streptomycetaceae	Streptomyces	Streptomyces europaeiscabiei	Streptomyces europaeiscabiei NBC 01735
GCA_035974335.1_ASM3597433v1_genomic	Bacteria	Actinomycetota	Actinomycetes	Streptomycetales	Streptomycetaceae	Streptomyces	Streptomyces sp026340885	Streptomyces sp. NBC_01321
GCA_035974355.1_ASM3597435v1_genomic	Bacteria	Actinomycetota	Actinomycetes	Streptomycetales	Streptomycetaceae	Streptomyces	Streptomyces sp026342835	Streptomyces sp. NBC_01318
GCA_035974375.1_ASM3597437v1_genomic	Bacteria	Actinomycetota	Actinomycetes	Streptomycetales	Streptomycetaceae	Streptomyces	Streptomyces sp026339735	Streptomyces sp. NBC_01320
GCA_035974395.1_ASM3597439v1_genomic	Bacteria	Actinomycetota	Actinomycetes	Streptomycetales	Streptomycetaceae	Streptomyces	Streptomyces sp.	Streptomyces sp. NBC_01310
GCA_035975855.1_ASM3597585v1_genomic	Bacteria	Actinomycetota	Actinomycetes	Streptomycetales	Streptomycetaceae	Streptomyces	Streptomyces sp.	Streptomyces sp. NBC_01304
GCA_035976515.1_ASM3597651v1_genomic	Bacteria	Actinomycetota	Actinomycetes	Streptomycetales	Streptomycetaceae	Kitasatospora	Kitasatospora sp.	Kitasatospora sp. NBC_01302
GCA_035977975.1_ASM3597797v1_genomic	Bacteria	Actinomycetota	Actinomycetes	Streptomycetales	Streptomycetaceae	Streptomyces	Streptomyces celluloflavus	Streptomyces celluloflavus NBC_01299
GCA_035978755.1_ASM3597875v1_genomic	Bacteria	Actinomycetota	Actinomycetes	Streptomycetales	Streptomycetaceae	Streptomyces	Streptomyces sp.	Streptomyces sp. NBC_01298
GCA_035979555.1_ASM3597955v1_genomic	Bacteria	Actinomycetota	Actinomycetes	Streptomycetales	Streptomycetaceae	Streptomyces	Streptomyces tubercidicus	Streptomyces tubercidicus NBC_01297
GCA_035980495.1_ASM3598049v1_genomic	Bacteria	Actinomycetota	Actinomycetes	Streptomycetales	Streptomycetaceae	Streptomyces	Streptomyces papulosus	Kitasatospora papulosa NBC_01295
GCA_035982055.1_ASM3598205v1_genomic	Bacteria	Actinomycetota	Actinomycetes	Streptomycetales	Streptomycetaceae	Streptomyces	Streptomyces sp.	Streptomyces sp. NBC_01288
GCA_035983575.1_ASM3598357v1_genomic	Bacteria	Actinomycetota	Actinomycetes	Streptomycetales	Streptomycetaceae	Streptomyces	Streptomyces sp002078175	Streptomyces sp. NBC_01281
GCA_035983595.1_ASM3598359v1_genomic	Bacteria	Actinomycetota	Actinomycetes	Streptomycetales	Streptomycetaceae	Streptomyces	Streptomyces coriariae	Streptomyces sp. NBC_01334
GCA_035984415.1_ASM3598441v1_genomic	Bacteria	Actinomycetota	Actinomycetes	Streptomycetales	Streptomycetaceae	Streptomyces	Streptomyces sp026342235	Streptomyces sp. NBC_01296
GCA_035987325.1_ASM3598732v1_genomic	Bacteria	Actinomycetota	Actinomycetes	Streptomycetales	Streptomycetaceae	Streptomyces	Streptomyces sp.	Streptomyces sp. NBC_01244
GCA_035988225.1_ASM3598822v1_genomic	Bacteria	Actinomycetota	Actinomycetes	Streptomycetales	Streptomycetaceae	Streptomyces	Streptomyces sp003846175	Streptomyces sp. NBC_01243
GCA_035988865.1_ASM3598886v1_genomic	Bacteria	Actinomycetota	Actinomycetes	Streptomycetales	Streptomycetaceae	Streptomyces	Streptomyces sp026340885	Streptomyces sp. NBC_01240
GCA_035989285.1_ASM3598928v1_genomic	Bacteria	Actinomycetota	Actinomycetes	Streptomycetales	Streptomycetaceae	Streptomyces	Streptomyces sp.	Streptomyces sp. NBC_01235
GCA_035989305.1_ASM3598930v1_genomic	Bacteria	Actinomycetota	Actinomycetes	Streptomycetales	Streptomycetaceae	Streptomyces	Streptomyces sp.	Streptomyces sp. NBC_01233
GCA_035989885.1_ASM3598988v1_genomic	Bacteria	Actinomycetota	Actinomycetes	Streptomycetales	Streptomycetaceae	Streptomyces	Streptomyces sp.	Streptomyces sp. NBC_01232
GCA_035991205.1_ASM3599120v1_genomic	Bacteria	Actinomycetota	Actinomycetes	Streptomycetales	Streptomycetaceae	Streptomyces	Streptomyces zaomyceticus	Streptomyces zaomyceticus NBC_01228
GCA_035991645.1_ASM3599164v1_genomic	Bacteria	Actinomycetota	Actinomycetes	Streptomycetales	Streptomycetaceae	Streptomyces	Streptomyces sp900116325	Streptomyces sp. NBC_01230
GCA_035993425.1_ASM3599342v1_genomic	Bacteria	Actinomycetota	Actinomycetes	Streptomycetales	Streptomycetaceae	Streptomyces	Streptomyces sp029167645	Streptomyces sp. NBC_01218
GCA_035994185.1_ASM3599418v1_genomic	Bacteria	Actinomycetota	Actinomycetes	Streptomycetales	Streptomycetaceae	Streptomyces	Streptomyces sp.	Streptomyces sp. NBC_01217
GCA_035994945.1_ASM3599494v1_genomic	Bacteria	Actinomycetota	Actinomycetes	Streptomycetales	Streptomycetaceae	Streptomyces	Streptomyces sp.	Streptomyces sp. NBC_01216
GCA_035996785.1_ASM3599678v1_genomic	Bacteria	Actinomycetota	Actinomycetes	Streptomycetales	Streptomycetaceae	Streptomyces	Streptomyces sp.	Streptomyces sp. NBC_01236
GCA_035999765.1_ASM3599976v1_genomic	Bacteria	Actinomycetota	Actinomycetes	Streptomycetales	Streptomycetaceae	Streptomyces	Streptomyces sp.	Streptomyces sp. NBC_01231
GCA_036002945.1_ASM3600294v1_genomic	Bacteria	Actinomycetota	Actinomycetes	Streptomycetales	Streptomycetaceae	Streptomyces	Streptomyces sp.	Streptomyces sp. NBC_01224
GCA_036006205.1_ASM3600620v1_genomic	Bacteria	Actinomycetota	Actinomycetes	Streptomycetales	Streptomycetaceae	Streptomyces	Streptomyces xinghaiensis	Streptomyces xinghaiensis NBC_01215
GCA_036010285.1_ASM3601028v1_genomic	Bacteria	Actinomycetota	Actinomycetes	Streptomycetales	Streptomycetaceae	Streptomyces	Streptomyces sp008042155	Streptomyces sp. NBC_01212
GCA_036010305.1_ASM3601030v1_genomic	Bacteria	Actinomycetota	Actinomycetes	Streptomycetales	Streptomycetaceae	Streptomyces	Streptomyces globisporus	Streptomyces globisporus NBC_01211
GCA_036010325.1_ASM3601032v1_genomic	Bacteria	Actinomycetota	Actinomycetes	Streptomycetales	Streptomycetaceae	Streptomyces	Streptomyces sp.	Streptomyces sp. NBC_01210
GCA_036010345.1_ASM3601034v1_genomic	Bacteria	Actinomycetota	Actinomycetes	Streptomycetales	Streptomycetaceae	Streptomyces	Streptomyces sp008042155	Streptomyces sp. NBC_01208
GCA_036010365.1_ASM3601036v1_genomic	Bacteria	Actinomycetota	Actinomycetes	Streptomycetales	Streptomycetaceae	Streptomyces	Streptomyces sp026340975	Streptomyces sp. NBC_01207
GCA_036010385.1_ASM3601038v1_genomic	Bacteria	Actinomycetota	Actinomycetes	Streptomycetales	Streptomycetaceae	Streptomyces	Streptomyces sp.	Streptomyces sp. NBC_01205
GCA_036010405.1_ASM3601040v1_genomic	Bacteria	Actinomycetota	Actinomycetes	Streptomycetales	Streptomycetaceae	Kitasatospora	Kitasatospora purpeofusca	Kitasatospora purpeofusca NBC_01203
GCA_036010425.1_ASM3601042v1_genomic	Bacteria	Actinomycetota	Actinomycetes	Streptomycetales	Streptomycetaceae	Kitasatospora	Kitasatospora purpeofusca	Kitasatospora purpeofusca NBC_01202
GCA_036010445.1_ASM3601044v1_genomic	Bacteria	Actinomycetota	Actinomycetes	Streptomycetales	Streptomycetaceae	Streptomyces	Streptomyces sp008042155	Streptomyces sp. NBC_01201
GCA_036010485.1_ASM3601048v1_genomic	Bacteria	Actinomycetota	Actinomycetes	Streptomycetales	Streptomycetaceae	Actinacidiphila	Actinacidiphila sp.	Streptomyces sp. NBC_01198
GCA_036010505.1_ASM3601050v1_genomic	Bacteria	Actinomycetota	Actinomycetes	Streptomycetales	Streptomycetaceae	Streptomyces	Streptomyces sp.	Streptomyces sp. NBC_01197
GCA_036010525.1_ASM3601052v1_genomic	Bacteria	Actinomycetota	Actinomycetes	Streptomycetales	Streptomycetaceae	Streptomyces	Streptomyces anulatus	Streptomyces anulatus NBC_01196
GCA_036010565.1_ASM3601056v1_genomic	Bacteria	Actinomycetota	Actinomycetes	Streptomycetales	Streptomycetaceae	Streptomyces	Streptomyces chartreusis	Streptomyces chartreusis NBC_00215
GCA_036010585.1_ASM3601058v1_genomic	Bacteria	Actinomycetota	Actinomycetes	Streptomycetales	Streptomycetaceae	Streptomyces	Streptomyces microflavus	Streptomyces microflavus NBC_01194
GCA_036010605.1_ASM3601060v1_genomic	Bacteria	Actinomycetota	Actinomycetes	Streptomycetales	Streptomycetaceae	Streptomyces	Streptomyces sp026340095	Streptomyces sp. NBC_00145
GCA_036010625.1_ASM3601062v1_genomic	Bacteria	Actinomycetota	Actinomycetes	Streptomycetales	Streptomycetaceae	Streptomyces	Streptomyces goshikiensis	Streptomyces goshikiensis NBC_01191
GCA_036010645.1_ASM3601064v1_genomic	Bacteria	Actinomycetota	Actinomycetes	Streptomycetales	Streptomycetaceae	Streptomyces	Streptomyces sp003846175	Streptomyces sp. NBC_00053
GCA_036013045.1_ASM3601304v1_genomic	Bacteria	Actinomycetota	Actinomycetes	Streptomycetales	Streptomycetaceae	Streptomyces	Streptomyces sp.	Streptomyces sp. NBC_01186
GCA_036013505.1_ASM3601350v1_genomic	Bacteria	Actinomycetota	Actinomycetes	Streptomycetales	Streptomycetaceae	Actinacidiphila	Actinacidiphila sp.	Streptomyces sp. NBC_00510
GCA_036013545.1_ASM3601354v1_genomic	Bacteria	Actinomycetota	Actinomycetes	Streptomycetales	Streptomycetaceae	Streptomyces	Streptomyces sp026341035	Streptomyces sp. NBC_00498
GCA_036013565.1_ASM3601356v1_genomic	Bacteria	Actinomycetota	Actinomycetes	Streptomycetales	Streptomycetaceae	Streptomyces	Streptomyces europaeiscabiei	Streptomyces europaeiscabiei NBC_00497
GCA_036013585.1_ASM3601358v1_genomic	Bacteria	Actinomycetota	Actinomycetes	Streptomycetales	Streptomycetaceae	Streptomyces	Streptomyces sp.	Streptomyces sp. NBC_00496
GCA_036013605.1_ASM3601360v1_genomic	Bacteria	Actinomycetota	Actinomycetes	Streptomycetales	Streptomycetaceae	Streptomyces	Streptomyces europaeiscabiei	Streptomyces europaeiscabiei NBC_00494
GCA_036013625.1_ASM3601362v1_genomic	Bacteria	Actinomycetota	Actinomycetes	Streptomycetales	Streptomycetaceae	Streptomyces	Streptomyces sp026341035	Streptomyces sp. NBC_00493
GCA_036013645.1_ASM3601364v1_genomic	Bacteria	Actinomycetota	Actinomycetes	Streptomycetales	Streptomycetaceae	Streptomyces	Streptomyces canus_F	Streptomyces sp. NBC_00490
GCA_036013665.1_ASM3601366v1_genomic	Bacteria	Actinomycetota	Actinomycetes	Streptomycetales	Streptomycetaceae	Streptomyces	Streptomyces sp.	Streptomyces sp. NBC_00487
GCA_036013685.1_ASM3601368v1_genomic	Bacteria	Actinomycetota	Actinomycetes	Streptomycetales	Streptomycetaceae	Streptomyces	Streptomyces sp026342595	Streptomyces sp. NBC_00485
GCA_036013705.1_ASM3601370v1_genomic	Bacteria	Actinomycetota	Actinomycetes	Streptomycetales	Streptomycetaceae	Streptomyces	Streptomyces sp026341035	Streptomyces sp. NBC_00484
GCA_036013745.1_ASM3601374v1_genomic	Bacteria	Actinomycetota	Actinomycetes	Streptomycetales	Streptomycetaceae	Streptomyces	Streptomyces sp026341035	Streptomyces sp. NBC_00483
GCA_036013765.1_ASM3601376v1_genomic	Bacteria	Actinomycetota	Actinomycetes	Streptomycetales	Streptomycetaceae	Streptomyces	Streptomyces europaeiscabiei	Streptomyces europaeiscabiei NBC_00480
GCA_036013785.1_ASM3601378v1_genomic	Bacteria	Actinomycetota	Actinomycetes	Streptomycetales	Streptomycetaceae	Streptomyces	Streptomyces tubercidicus	Streptomyces tubercidicus NBC_00475
GCA_036013815.1_ASM3601381v1_genomic	Bacteria	Actinomycetota	Actinomycetes	Streptomycetales	Streptomycetaceae	Streptomyces	Streptomyces decoyicus	Streptomyces decoyicus NBC_00472
GCA_036013835.1_ASM3601383v1_genomic	Bacteria	Actinomycetota	Actinomycetes	Streptomycetales	Streptomycetaceae	Streptomyces	Streptomyces nojiriensis	Streptomyces nojiriensis NBC_00471
GCA_036013895.1_ASM3601389v1_genomic	Bacteria	Actinomycetota	Actinomycetes	Streptomycetales	Streptomycetaceae	Streptomyces	Streptomyces sp.	Streptomyces sp. NBC_00467
GCA_036013915.1_ASM3601391v1_genomic	Bacteria	Actinomycetota	Actinomycetes	Streptomycetales	Streptomycetaceae	Streptomyces	Streptomyces sp.	Streptomyces sp. NBC_00464
GCA_036013935.1_ASM3601393v1_genomic	Bacteria	Actinomycetota	Actinomycetes	Streptomycetales	Streptomycetaceae	Streptomyces	Streptomyces sp026342595	Streptomyces sp. NBC_00461
GCA_036013955.1_ASM3601395v1_genomic	Bacteria	Actinomycetota	Actinomycetes	Streptomycetales	Streptomycetaceae	Streptomyces	Streptomyces sp.	Streptomyces sp. NBC_00459
GCA_036013975.1_ASM3601397v1_genomic	Bacteria	Actinomycetota	Actinomycetes	Streptomycetales	Streptomycetaceae	Kitasatospora	Kitasatospora sp.	Kitasatospora sp. NBC_00458
GCA_036014015.1_ASM3601401v1_genomic	Bacteria	Actinomycetota	Actinomycetes	Streptomycetales	Streptomycetaceae	Streptomyces	Streptomyces sp017948455	Streptomyces sp. NBC_00457
GCA_036014035.1_ASM3601403v1_genomic	Bacteria	Actinomycetota	Actinomycetes	Streptomycetales	Streptomycetaceae	Streptomyces	Streptomyces sp.	Streptomyces sp. NBC_00455
GCA_036014055.1_ASM3601405v1_genomic	Bacteria	Actinomycetota	Actinomycetes	Streptomycetales	Streptomycetaceae	Streptomyces	Streptomyces violaceus	Streptomyces violaceus NBC_00456
GCA_036014075.1_ASM3601407v1_genomic	Bacteria	Actinomycetota	Actinomycetes	Streptomycetales	Streptomycetaceae	Streptomyces	Streptomyces violaceus	Streptomyces violaceus NBC_00450
GCA_036014095.1_ASM3601409v1_genomic	Bacteria	Actinomycetota	Actinomycetes	Streptomycetales	Streptomycetaceae	Streptomyces	Streptomyces sp026342595	Streptomyces sp. NBC_00453
GCA_036014115.1_ASM3601411v1_genomic	Bacteria	Actinomycetota	Actinomycetes	Streptomycetales	Streptomycetaceae	Actinacidiphila	Actinacidiphila sp.	Streptomyces sp. NBC_00448
GCA_036014135.1_ASM3601413v1_genomic	Bacteria	Actinomycetota	Actinomycetes	Streptomycetales	Streptomycetaceae	Streptomyces	Streptomyces sp017948455	Streptomyces sp. NBC_00445
GCA_036014155.1_ASM3601415v1_genomic	Bacteria	Actinomycetota	Actinomycetes	Streptomycetales	Streptomycetaceae	Streptomyces	Streptomyces sp017948455	Streptomyces sp. NBC_00444
GCA_036014175.1_ASM3601417v1_genomic	Bacteria	Actinomycetota	Actinomycetes	Streptomycetales	Streptomycetaceae	Streptomyces	Streptomyces sp.	Streptomyces sp. NBC_00443
GCA_036014195.1_ASM3601419v1_genomic	Bacteria	Actinomycetota	Actinomycetes	Streptomycetales	Streptomycetaceae	Streptomyces	Streptomyces sp.	Streptomyces sp. NBC_00442
GCA_036014215.1_ASM3601421v1_genomic	Bacteria	Actinomycetota	Actinomycetes	Streptomycetales	Streptomycetaceae	Streptomyces	Streptomyces sp026340465	Streptomyces sp. NBC_00440
GCA_036014235.1_ASM3601423v1_genomic	Bacteria	Actinomycetota	Actinomycetes	Streptomycetales	Streptomycetaceae	Streptomyces	Streptomyces sp.	Streptomyces sp. NBC_00435
GCA_036015235.1_ASM3601523v1_genomic	Bacteria	Actinomycetota	Actinomycetes	Streptomycetales	Streptomycetaceae	Actinacidiphila	Actinacidiphila sp.	Streptomyces sp. NBC_00433
GCA_036030735.1_ASM3603073v1_genomic	Bacteria	Actinomycetota	Actinomycetes	Streptomycetales	Streptomycetaceae	Streptomyces	Streptomyces sp001428885	Streptomyces sp. NBC_00425
GCA_036035005.1_ASM3603500v1_genomic	Bacteria	Actinomycetota	Actinomycetes	Streptomycetales	Streptomycetaceae	Streptomyces	Streptomyces zaomyceticus	Streptomyces zaomyceticus NBC_00415
GCA_036038375.1_ASM3603837v1_genomic	Bacteria	Actinomycetota	Actinomycetes	Streptomycetales	Streptomycetaceae	Streptomyces	Streptomyces sp.	Streptomyces sp. NBC_00414
GCA_036042855.1_ASM3604285v1_genomic	Bacteria	Actinomycetota	Actinomycetes	Streptomycetales	Streptomycetaceae	Streptomyces	Streptomyces collinus	Streptomyces violaceochromogenes CGMCC 4.1753
GCA_036048035.1_ASM3604803v1_genomic	Bacteria	Actinomycetota	Actinomycetes	Streptomycetales	Streptomycetaceae	Streptomyces	Streptomyces sp900187385	Streptomyces sp. NBC_00400
GCA_036055215.1_ASM3605521v1_genomic	Bacteria	Actinomycetota	Actinomycetes	Streptomycetales	Streptomycetaceae	Streptomyces	Streptomyces sp.	Streptomyces sp. NBC_00391
GCA_036057275.1_ASM3605727v1_genomic	Bacteria	Actinomycetota	Actinomycetes	Streptomycetales	Streptomycetaceae	Streptomyces	Streptomyces sp.	Streptomyces sp. NBC_00390
GCA_036061255.1_ASM3606125v1_genomic	Bacteria	Actinomycetota	Actinomycetes	Streptomycetales	Streptomycetaceae	Streptomyces	Streptomyces sp.	Streptomyces sp. NBC_00388
GCA_036063235.1_ASM3606323v1_genomic	Bacteria	Actinomycetota	Actinomycetes	Streptomycetales	Streptomycetaceae	Streptomyces	Streptomyces sp.	Streptomyces sp. NBC_00386
GCA_036069355.1_ASM3606935v1_genomic	Bacteria	Actinomycetota	Actinomycetes	Streptomycetales	Streptomycetaceae	Streptomyces	Streptomyces mirabilis	Streptomyces mirabilis NBC_00381
GCA_036073155.1_ASM3607315v1_genomic	Bacteria	Actinomycetota	Actinomycetes	Streptomycetales	Streptomycetaceae	Streptomyces	Streptomyces mirabilis	Streptomyces mirabilis NBC_00379
GCA_036075115.1_ASM3607511v1_genomic	Bacteria	Actinomycetota	Actinomycetes	Streptomycetales	Streptomycetaceae	Streptomyces	Streptomyces sp.	Streptomyces sp. NBC_00377
GCA_036077095.1_ASM3607709v1_genomic	Bacteria	Actinomycetota	Actinomycetes	Streptomycetales	Streptomycetaceae	Streptomyces	Streptomyces sp026342115	Streptomyces sp. NBC_00376
GCA_036079075.1_ASM3607907v1_genomic	Bacteria	Actinomycetota	Actinomycetes	Streptomycetales	Streptomycetaceae	Streptomyces	Streptomyces platensis	Streptomyces platensis NBC_00375
GCA_036082875.1_ASM3608287v1_genomic	Bacteria	Actinomycetota	Actinomycetes	Streptomycetales	Streptomycetaceae	Streptomyces	Streptomyces sp026340095	Streptomyces sp. NBC_00371
GCA_036084755.1_ASM3608475v1_genomic	Bacteria	Actinomycetota	Actinomycetes	Streptomycetales	Streptomycetaceae	Streptomyces	Streptomyces sp000818175	Streptomyces sp. NBC_00370
GCA_036088315.1_ASM3608831v1_genomic	Bacteria	Actinomycetota	Actinomycetes	Streptomycetales	Streptomycetaceae	Streptomyces	Streptomyces sp.	Streptomyces sp. NBC_00344
GCA_036091755.1_ASM3609175v1_genomic	Bacteria	Actinomycetota	Actinomycetes	Streptomycetales	Streptomycetaceae	Streptomyces	Streptomyces sp026342595	Streptomyces sp. NBC_00366
GCA_036093575.1_ASM3609357v1_genomic	Bacteria	Actinomycetota	Actinomycetes	Streptomycetales	Streptomycetaceae	Streptomyces	Streptomyces europaeiscabiei	Streptomyces europaeiscabiei NBC_00363
GCA_036099295.1_ASM3609929v1_genomic	Bacteria	Actinomycetota	Actinomycetes	Streptomycetales	Streptomycetaceae	Streptomyces	Streptomyces sp.	Streptomyces sp. NBC_00358
GCA_036101175.1_ASM3610117v1_genomic	Bacteria	Actinomycetota	Actinomycetes	Streptomycetales	Streptomycetaceae	Streptomyces	Streptomyces sp.	Streptomyces coelicoflavus NBC_00357
GCA_036103115.1_ASM3610311v1_genomic	Bacteria	Actinomycetota	Actinomycetes	Streptomycetales	Streptomycetaceae	Streptomyces	Streptomyces sp026341035	Streptomyces sp. NBC_00356
GCA_036106915.1_ASM3610691v1_genomic	Bacteria	Actinomycetota	Actinomycetes	Streptomycetales	Streptomycetaceae	Streptomyces	Streptomyces sp026342235	Streptomyces sp. NBC_00354
GCA_036108815.1_ASM3610881v1_genomic	Bacteria	Actinomycetota	Actinomycetes	Streptomycetales	Streptomycetaceae	Streptomyces	Streptomyces sp026342835	Streptomyces sp. NBC_00353
GCA_036110805.1_ASM3611080v1_genomic	Bacteria	Actinomycetota	Actinomycetes	Streptomycetales	Streptomycetaceae	Streptomyces	Streptomyces sp.	Streptomyces canus NBC_00350
GCA_036118775.1_ASM3611877v1_genomic	Bacteria	Actinomycetota	Actinomycetes	Streptomycetales	Streptomycetaceae	Streptomyces	Streptomyces sp.	Streptomyces sp. NBC_00343
GCA_036121075.1_ASM3612107v1_genomic	Bacteria	Actinomycetota	Actinomycetes	Streptomycetales	Streptomycetaceae	Streptomyces	Streptomyces sp001905365	Streptomyces sp. NBC_00342
GCA_036124195.1_ASM3612419v1_genomic	Bacteria	Actinomycetota	Actinomycetes	Streptomycetales	Streptomycetaceae	Streptomyces	Streptomyces caniferus	Streptomyces caniferus NBC_00337
GCA_036127095.1_ASM3612709v1_genomic	Bacteria	Actinomycetota	Actinomycetes	Streptomycetales	Streptomycetaceae	Streptomyces	Streptomyces sp026343255	Streptomyces sp. NBC_00335
GCA_036130235.1_ASM3613023v1_genomic	Bacteria	Actinomycetota	Actinomycetes	Streptomycetales	Streptomycetaceae	Streptomyces	Streptomyces lienomycini	Streptomyces sp. NBC_00334
GCA_036133475.1_ASM3613347v1_genomic	Bacteria	Actinomycetota	Actinomycetes	Streptomycetales	Streptomycetaceae	Streptomyces	Streptomyces phaeochromogenes	Streptomyces phaeochromogenes NBC_00333
GCA_036139655.1_ASM3613965v1_genomic	Bacteria	Actinomycetota	Actinomycetes	Streptomycetales	Streptomycetaceae	Streptomyces	Streptomyces sp.	Streptomyces sp. NBC_00328
GCA_036147535.1_ASM3614753v1_genomic	Bacteria	Actinomycetota	Actinomycetes	Streptomycetales	Streptomycetaceae	Streptomyces	Streptomyces sp026339995	Streptomyces sp. NBC_00322
GCA_036158715.1_ASM3615871v1_genomic	Bacteria	Actinomycetota	Actinomycetes	Streptomycetales	Streptomycetaceae	Streptomyces	Streptomyces sp029428675	Streptomyces sp. NBC_00316
GCA_036167175.1_ASM3616717v1_genomic	Bacteria	Actinomycetota	Actinomycetes	Streptomycetales	Streptomycetaceae	Streptomyces	Streptomyces caniferus	Streptomyces caniferus NBC_00314
GCA_036168855.1_ASM3616885v1_genomic	Bacteria	Actinomycetota	Actinomycetes	Streptomycetales	Streptomycetaceae	Streptomyces	Streptomyces sp026341035	Streptomyces sp. NBC_00311
GCA_036169555.1_ASM3616955v1_genomic	Bacteria	Actinomycetota	Actinomycetes	Streptomycetales	Streptomycetaceae	Streptomyces	Streptomyces sp.	Streptomyces sp. NBC_00306
GCA_036169715.1_ASM3616971v1_genomic	Bacteria	Actinomycetota	Actinomycetes	Streptomycetales	Streptomycetaceae	Streptomyces	Streptomyces sp001905365	Streptomyces sp. NBC_00304
GCA_036170895.1_ASM3617089v1_genomic	Bacteria	Actinomycetota	Actinomycetes	Streptomycetales	Streptomycetaceae	Streptomyces	Streptomyces erythrochromogenes	Streptomyces erythrochromogenes NBC_00303
GCA_036172715.1_ASM3617271v1_genomic	Bacteria	Actinomycetota	Actinomycetes	Streptomycetales	Streptomycetaceae	Streptomyces	Streptomyces bobili	Streptomyces bobili NBC_00302
GCA_036173045.1_ASM3617304v1_genomic	Bacteria	Actinomycetota	Actinomycetes	Streptomycetales	Streptomycetaceae	Streptomyces	Streptomyces sp.	Streptomyces sp. NBC_00299
GCA_036173085.1_ASM3617308v1_genomic	Bacteria	Actinomycetota	Actinomycetes	Streptomycetales	Streptomycetaceae	Streptomyces	Streptomyces virginiae_A	Streptomyces virginiae NBC_00288
GCA_036173105.1_ASM3617310v1_genomic	Bacteria	Actinomycetota	Actinomycetes	Streptomycetales	Streptomycetaceae	Streptomyces	Streptomyces sp.	Streptomyces sp. NBC_00287
GCA_036173125.1_ASM3617312v1_genomic	Bacteria	Actinomycetota	Actinomycetes	Streptomycetales	Streptomycetaceae	Streptomyces	Streptomyces sp.	Streptomyces sp. NBC_00286
GCA_036174265.1_ASM3617426v1_genomic	Bacteria	Actinomycetota	Actinomycetes	Streptomycetales	Streptomycetaceae	Streptomyces	Streptomyces sp.	Streptomyces sp. NBC_00285
GCA_036175285.1_ASM3617528v1_genomic	Bacteria	Actinomycetota	Actinomycetes	Streptomycetales	Streptomycetaceae	Streptomyces	Streptomyces goshikiensis	Streptomyces goshikiensis NBC_00283
GCA_036177905.1_ASM3617790v1_genomic	Bacteria	Actinomycetota	Actinomycetes	Streptomycetales	Streptomycetaceae	Streptomyces	Streptomyces canus	Streptomyces canus NBC_00277
GCA_036178145.1_ASM3617814v1_genomic	Bacteria	Actinomycetota	Actinomycetes	Streptomycetales	Streptomycetaceae	Streptomyces	Streptomyces sp026340975	Streptomyces sp. NBC_00273
GCA_036178565.1_ASM3617856v1_genomic	Bacteria	Actinomycetota	Actinomycetes	Streptomycetales	Streptomycetaceae	Streptomyces	Streptomyces sp.	Streptomyces sp. NBC_00272
GCA_036178845.1_ASM3617884v1_genomic	Bacteria	Actinomycetota	Actinomycetes	Streptomycetales	Streptomycetaceae	Streptomyces	Streptomyces sp002300485	Streptomyces sp. NBC_00271
GCA_036178885.1_ASM3617888v1_genomic	Bacteria	Actinomycetota	Actinomycetes	Streptomycetales	Streptomycetaceae	Streptomyces	Streptomyces caniferus	Streptomyces caniferus NBC_00270
GCA_036178905.1_ASM3617890v1_genomic	Bacteria	Actinomycetota	Actinomycetes	Streptomycetales	Streptomycetaceae	Streptomyces	Streptomyces sp026340095	Streptomyces sp. NBC_00269
GCA_036180305.1_ASM3618030v1_genomic	Bacteria	Actinomycetota	Actinomycetes	Streptomycetales	Streptomycetaceae	Streptomyces	Streptomyces sp.	Streptomyces sp. NBC_00267
GCA_036181125.1_ASM3618112v1_genomic	Bacteria	Actinomycetota	Actinomycetes	Streptomycetales	Streptomycetaceae	Streptomyces	Streptomyces europaeiscabiei	Streptomyces europaeiscabiei NBC_00261
GCA_036181745.1_ASM3618174v1_genomic	Bacteria	Actinomycetota	Actinomycetes	Streptomycetales	Streptomycetaceae	Streptomyces	Streptomyces sp026339835	Streptomyces sp. NBC_00259
GCA_036182465.1_ASM3618246v1_genomic	Bacteria	Actinomycetota	Actinomycetes	Streptomycetales	Streptomycetaceae	Streptomyces	Streptomyces sp007050945	Streptomyces sp. NBC_00258
GCA_036183285.1_ASM3618328v1_genomic	Bacteria	Actinomycetota	Actinomycetes	Streptomycetales	Streptomycetaceae	Streptomyces	Streptomyces sp003846175	Streptomyces sp. NBC_00257
GCA_036187565.1_ASM3618756v1_genomic	Bacteria	Actinomycetota	Actinomycetes	Streptomycetales	Streptomycetaceae	Streptomyces	Streptomyces sp016893485	Streptomyces sp. NBC_00252
GCA_036188265.1_ASM3618826v1_genomic	Bacteria	Actinomycetota	Actinomycetes	Streptomycetales	Streptomycetaceae	Streptomyces	Streptomyces sp.	Streptomyces sp. NBC_00247
GCA_036189065.1_ASM3618906v1_genomic	Bacteria	Actinomycetota	Actinomycetes	Streptomycetales	Streptomycetaceae	Streptomyces	Streptomyces griseoaurantiacus	Streptomyces jietaisiensis NBC_00522
GCA_036189845.1_ASM3618984v1_genomic	Bacteria	Actinomycetota	Actinomycetes	Streptomycetales	Streptomycetaceae	Streptomyces	Streptomyces griseoaurantiacus	Streptomyces jietaisiensis NBC_00521
GCA_036190545.1_ASM3619054v1_genomic	Bacteria	Actinomycetota	Actinomycetes	Streptomycetales	Streptomycetaceae	Streptomyces	Streptomyces griseoaurantiacus	Streptomyces jietaisiensis NBC_00504
GCA_036191345.1_ASM3619134v1_genomic	Bacteria	Actinomycetota	Actinomycetes	Streptomycetales	Streptomycetaceae	Streptomyces	Streptomyces sp001905735	Streptomyces sp. NBC_00441
GCA_036192275.1_ASM3619227v1_genomic	Bacteria	Actinomycetota	Actinomycetes	Streptomycetales	Streptomycetaceae	Streptomyces	Streptomyces sp026341815	Streptomyces sp. NBC_00250
GCA_036193325.1_ASM3619332v1_genomic	Bacteria	Actinomycetota	Actinomycetes	Streptomycetales	Streptomycetaceae	Streptomyces	Streptomyces virginiae_A	Streptomyces virginiae NBC_00248
GCA_036194065.1_ASM3619406v1_genomic	Bacteria	Actinomycetota	Actinomycetes	Streptomycetales	Streptomycetaceae	Streptomyces	Streptomyces sp.	Streptomyces sp. NBC_00239
GCA_036195045.1_ASM3619504v1_genomic	Bacteria	Actinomycetota	Actinomycetes	Streptomycetales	Streptomycetaceae	Streptomyces	Streptomyces sp.	Streptomyces sp. NBC_00236
GCA_036195325.1_ASM3619532v1_genomic	Bacteria	Actinomycetota	Actinomycetes	Streptomycetales	Streptomycetaceae	Streptomyces	Streptomyces sp.	Streptomyces sp. NBC_00234
GCA_036196325.1_ASM3619632v1_genomic	Bacteria	Actinomycetota	Actinomycetes	Streptomycetales	Streptomycetaceae	Streptomyces	Streptomyces sp016893485	Streptomyces sp. NBC_00228
GCA_036197725.1_ASM3619772v1_genomic	Bacteria	Actinomycetota	Actinomycetes	Streptomycetales	Streptomycetaceae	Streptomyces	Streptomyces sp029894425	Streptomyces canus NBC_00225
GCA_036199905.1_ASM3619990v1_genomic	Bacteria	Actinomycetota	Actinomycetes	Streptomycetales	Streptomycetaceae	Actinacidiphila	Actinacidiphila sp.	Streptomyces sp. NBC_00223
GCA_036200865.1_ASM3620086v1_genomic	Bacteria	Actinomycetota	Actinomycetes	Streptomycetales	Streptomycetaceae	Kitasatospora	Kitasatospora purpeofusca	Kitasatospora purpeofusca NBC_00222
GCA_036201705.1_ASM3620170v1_genomic	Bacteria	Actinomycetota	Actinomycetes	Streptomycetales	Streptomycetaceae	Streptomyces	Streptomyces sp026342835	Streptomyces sp. NBC_00208
GCA_036202585.1_ASM3620258v1_genomic	Bacteria	Actinomycetota	Actinomycetes	Streptomycetales	Streptomycetaceae	Streptomyces	Streptomyces sp002300485	Streptomyces mirabilis NBC_00200
GCA_036203305.1_ASM3620330v1_genomic	Bacteria	Actinomycetota	Actinomycetes	Streptomycetales	Streptomycetaceae	Streptomyces	Streptomyces sp.	Streptomyces sp. NBC_00190
GCA_036204065.1_ASM3620406v1_genomic	Bacteria	Actinomycetota	Actinomycetes	Streptomycetales	Streptomycetaceae	Streptomyces	Streptomyces tauricus	Streptomyces tauricus NBC_00189
GCA_036204825.1_ASM3620482v1_genomic	Bacteria	Actinomycetota	Actinomycetes	Streptomycetales	Streptomycetaceae	Streptomyces	Streptomyces phaeochromogenes	Streptomyces phaeochromogenes NBC_00187
GCA_036205185.1_ASM3620518v1_genomic	Bacteria	Actinomycetota	Actinomycetes	Streptomycetales	Streptomycetaceae	Streptomyces	Streptomyces poriferorum	Streptomyces sp. NBC_00184
GCA_036206005.1_ASM3620600v1_genomic	Bacteria	Actinomycetota	Actinomycetes	Streptomycetales	Streptomycetaceae	Streptomyces	Streptomyces sp.	Streptomyces sp. NBC_00178
GCA_036206925.1_ASM3620692v1_genomic	Bacteria	Actinomycetota	Actinomycetes	Streptomycetales	Streptomycetaceae	Streptomyces	Streptomyces anulatus	Streptomyces anulatus NBC_00171
GCA_036207985.1_ASM3620798v1_genomic	Bacteria	Actinomycetota	Actinomycetes	Streptomycetales	Streptomycetaceae	Streptomyces	Streptomyces lydicus	Streptomyces lydicus NBC_00722
GCA_036208025.1_ASM3620802v1_genomic	Bacteria	Actinomycetota	Actinomycetes	Streptomycetales	Streptomycetaceae	Streptomyces	Streptomyces sp019090105	Streptomyces sp. NBC_01601
GCA_036208085.1_ASM3620808v1_genomic	Bacteria	Actinomycetota	Actinomycetes	Streptomycetales	Streptomycetaceae	Streptomyces	Streptomyces sp.	Streptomyces sp. NBC_00310
GCA_036224405.1_ASM3622440v1_genomic	Bacteria	Actinomycetota	Actinomycetes	Streptomycetales	Streptomycetaceae	Streptomyces	Streptomyces griseoaurantiacus	Streptomyces jietaisiensis NBC_00489
GCA_036226185.1_ASM3622618v1_genomic	Bacteria	Actinomycetota	Actinomycetes	Streptomycetales	Streptomycetaceae	Streptomyces	Streptomyces griseoaurantiacus	Streptomyces jietaisiensis NBC_00478
GCA_036226305.1_ASM3622630v1_genomic	Bacteria	Actinomycetota	Actinomycetes	Streptomycetales	Streptomycetaceae	Streptomyces	Streptomyces violaceus	Streptomyces violaceus NBC_00293
GCA_036226325.1_ASM3622632v1_genomic	Bacteria	Actinomycetota	Actinomycetes	Streptomycetales	Streptomycetaceae	Streptomyces	Streptomyces pseudogriseolus	Streptomyces gancidicus NBC_00238
GCA_036226345.1_ASM3622634v1_genomic	Bacteria	Actinomycetota	Actinomycetes	Streptomycetales	Streptomycetaceae	Streptomyces	Streptomyces phaeochromogenes	Streptomyces phaeochromogenes NBC_00221
GCA_036226365.1_ASM3622636v1_genomic	Bacteria	Actinomycetota	Actinomycetes	Streptomycetales	Streptomycetaceae	Actinacidiphila	Actinacidiphila sp.	Streptomyces sp. NBC_01262
GCA_036226385.1_ASM3622638v1_genomic	Bacteria	Actinomycetota	Actinomycetes	Streptomycetales	Streptomycetaceae	Streptomyces	Streptomyces sp.	Streptomyces sp. NBC_01261
GCA_036226405.1_ASM3622640v1_genomic	Bacteria	Actinomycetota	Actinomycetes	Streptomycetales	Streptomycetaceae	Streptomyces	Streptomyces laculatispora	Streptomyces sp. NBC_01260
GCA_036226425.1_ASM3622642v1_genomic	Bacteria	Actinomycetota	Actinomycetes	Streptomycetales	Streptomycetaceae	Streptomyces	Streptomyces caniferus	Streptomyces caniferus NBC_01256
GCA_036226445.1_ASM3622644v1_genomic	Bacteria	Actinomycetota	Actinomycetes	Streptomycetales	Streptomycetaceae	Streptomyces	Streptomyces sp.	Streptomyces sp. NBC_01255
GCA_036226465.1_ASM3622646v1_genomic	Bacteria	Actinomycetota	Actinomycetes	Streptomycetales	Streptomycetaceae	Kitasatospora	Kitasatospora sp.	Kitasatospora sp. NBC_01250
GCA_036226485.1_ASM3622648v1_genomic	Bacteria	Actinomycetota	Actinomycetes	Streptomycetales	Streptomycetaceae	Kitasatospora	Kitasatospora herbaricolor	Kitasatospora herbaricolor NBC_01247
GCA_036226505.1_ASM3622650v1_genomic	Bacteria	Actinomycetota	Actinomycetes	Streptomycetales	Streptomycetaceae	Kitasatospora	Kitasatospora sp.	Kitasatospora sp. NBC_01246
GCA_036226545.1_ASM3622654v1_genomic	Bacteria	Actinomycetota	Actinomycetes	Streptomycetales	Streptomycetaceae	Streptomyces	Streptomyces canus	Streptomyces canus NBC_00710
GCA_036226585.1_ASM3622658v1_genomic	Bacteria	Actinomycetota	Actinomycetes	Streptomycetales	Streptomycetaceae	Streptomyces	Streptomyces sp008042035	Streptomyces sp. NBC_00708
GCA_036226605.1_ASM3622660v1_genomic	Bacteria	Actinomycetota	Actinomycetes	Streptomycetales	Streptomycetaceae	Streptomyces	Streptomyces sp.	Streptomyces sp. NBC_00704
GCA_036226625.1_ASM3622662v1_genomic	Bacteria	Actinomycetota	Actinomycetes	Streptomycetales	Streptomycetaceae	Streptomyces	Streptomyces virginiae_A	Streptomyces virginiae NBC_00701
GCA_036226645.1_ASM3622664v1_genomic	Bacteria	Actinomycetota	Actinomycetes	Streptomycetales	Streptomycetaceae	Streptomyces	Streptomyces sp016893485	Streptomyces sp. NBC_00696
GCA_036226665.1_ASM3622666v1_genomic	Bacteria	Actinomycetota	Actinomycetes	Streptomycetales	Streptomycetaceae	Streptomyces	Streptomyces sp.	Streptomyces sp. NBC_00691
GCA_036226685.1_ASM3622668v1_genomic	Bacteria	Actinomycetota	Actinomycetes	Streptomycetales	Streptomycetaceae	Streptomyces	Streptomyces sp.	Streptomyces sp. NBC_00690
GCA_036226705.1_ASM3622670v1_genomic	Bacteria	Actinomycetota	Actinomycetes	Streptomycetales	Streptomycetaceae	Streptomyces	Streptomyces pseudovenezuelae	Streptomyces pseudovenezuelae NBC_00686
GCA_036226725.1_ASM3622672v1_genomic	Bacteria	Actinomycetota	Actinomycetes	Streptomycetales	Streptomycetaceae	Streptomyces	Streptomyces canus	Streptomyces canus NBC_00685
GCA_036226745.1_ASM3622674v1_genomic	Bacteria	Actinomycetota	Actinomycetes	Streptomycetales	Streptomycetaceae	Streptomyces	Streptomyces sp.	Streptomyces sp. NBC_00683
GCA_036226765.1_ASM3622676v1_genomic	Bacteria	Actinomycetota	Actinomycetes	Streptomycetales	Streptomycetaceae	Streptomyces	Streptomyces sp000725625	Streptomyces sp. NBC_00670
GCA_036226785.1_ASM3622678v1_genomic	Bacteria	Actinomycetota	Actinomycetes	Streptomycetales	Streptomycetaceae	Actinacidiphila	Actinacidiphila sp.	Streptomyces sp. NBC_00669
GCA_036226805.1_ASM3622680v1_genomic	Bacteria	Actinomycetota	Actinomycetes	Streptomycetales	Streptomycetaceae	Streptomyces	Streptomyces melanogenes	Streptomyces melanogenes NBC_00668
GCA_036226825.1_ASM3622682v1_genomic	Bacteria	Actinomycetota	Actinomycetes	Streptomycetales	Streptomycetaceae	Streptomyces	Streptomyces sp.	Streptomyces sp. NBC_00667
GCA_036226845.1_ASM3622684v1_genomic	Bacteria	Actinomycetota	Actinomycetes	Streptomycetales	Streptomycetaceae	Streptomyces	Streptomyces pseudovenezuelae	Streptomyces pseudovenezuelae NBC_00666
GCA_036226865.1_ASM3622686v1_genomic	Bacteria	Actinomycetota	Actinomycetes	Streptomycetales	Streptomycetaceae	Streptomyces	Streptomyces sp.	Streptomyces sp. NBC_00664
GCA_036226885.1_ASM3622688v1_genomic	Bacteria	Actinomycetota	Actinomycetes	Streptomycetales	Streptomycetaceae	Streptomyces	Streptomyces sp013361925	Streptomyces sp. NBC_00663
GCA_036226905.1_ASM3622690v1_genomic	Bacteria	Actinomycetota	Actinomycetes	Streptomycetales	Streptomycetaceae	Streptomyces	Streptomyces pseudovenezuelae	Streptomyces pseudovenezuelae NBC 00661
GCA_036226925.1_ASM3622692v1_genomic	Bacteria	Actinomycetota	Actinomycetes	Streptomycetales	Streptomycetaceae	Streptomyces	Streptomyces sp.	Streptomyces sp. NBC_00659
GCA_036226945.1_ASM3622694v1_genomic	Bacteria	Actinomycetota	Actinomycetes	Streptomycetales	Streptomycetaceae	Streptomyces	Streptomyces anthocyanicus	Streptomyces anthocyanicus NBC 01687
GCA_036226965.1_ASM3622696v1_genomic	Bacteria	Actinomycetota	Actinomycetes	Streptomycetales	Streptomycetaceae	Streptomyces	Streptomyces althioticus	Streptomyces althioticus NBC 01686
GCA_036226985.1_ASM3622698v1_genomic	Bacteria	Actinomycetota	Actinomycetes	Streptomycetales	Streptomycetaceae	Streptomyces	Streptomyces silvae	Streptomyces sp. NBC_01685
GCA_036227005.1_ASM3622700v1_genomic	Bacteria	Actinomycetota	Actinomycetes	Streptomycetales	Streptomycetaceae	Streptomyces	Streptomyces microflavus	Streptomyces microflavus NBC 01684
GCA_036227025.1_ASM3622702v1_genomic	Bacteria	Actinomycetota	Actinomycetes	Streptomycetales	Streptomycetaceae	Streptomyces	Streptomyces microflavus	Streptomyces microflavus NBC 01683
GCA_036227045.1_ASM3622704v1_genomic	Bacteria	Actinomycetota	Actinomycetes	Streptomycetales	Streptomycetaceae	Streptomyces	Streptomyces cellulosae	Streptomyces cellulosae NBC 01680
GCA_036227125.1_ASM3622712v1_genomic	Bacteria	Actinomycetota	Actinomycetes	Streptomycetales	Streptomycetaceae	Streptomyces	Streptomyces sp.	Streptomyces sp. NBC_01485
GCA_036227165.1_ASM3622716v1_genomic	Bacteria	Actinomycetota	Actinomycetes	Streptomycetales	Streptomycetaceae	Streptomyces	Streptomyces sp026339955	Streptomyces sp. NBC_01483
GCA_036227225.1_ASM3622722v1_genomic	Bacteria	Actinomycetota	Actinomycetes	Streptomycetales	Streptomycetaceae	Streptomyces	Streptomyces sp.	Streptomyces sp. NBC_01478
GCA_036227245.1_ASM3622724v1_genomic	Bacteria	Actinomycetota	Actinomycetes	Streptomycetales	Streptomycetaceae	Actinacidiphila	Actinacidiphila sp.	Streptomyces sp. NBC_01477
GCA_036227265.1_ASM3622726v1_genomic	Bacteria	Actinomycetota	Actinomycetes	Streptomycetales	Streptomycetaceae	Actinacidiphila	Actinacidiphila sp.	Streptomyces sp. NBC_01476
GCA_036227285.1_ASM3622728v1_genomic	Bacteria	Actinomycetota	Actinomycetes	Streptomycetales	Streptomycetaceae	Streptomyces	Streptomyces sp029894425	Streptomyces canus NBC_01475
GCA_036227325.1_ASM3622732v1_genomic	Bacteria	Actinomycetota	Actinomycetes	Streptomycetales	Streptomycetaceae	Streptomyces	Streptomyces sp.	Streptomyces sp. NBC_01465
GCA_036227345.1_ASM3622734v1_genomic	Bacteria	Actinomycetota	Actinomycetes	Streptomycetales	Streptomycetaceae	Streptomyces	Streptomyces sp026342195	Streptomyces sp. NBC_01463
GCA_036227365.1_ASM3622736v1_genomic	Bacteria	Actinomycetota	Actinomycetes	Streptomycetales	Streptomycetaceae	Streptomyces	Streptomyces sp012273515	Streptomyces sp. NBC_01462
GCA_036227405.1_ASM3622740v1_genomic	Bacteria	Actinomycetota	Actinomycetes	Streptomycetales	Streptomycetaceae	Streptomyces	Streptomyces sp.	Streptomyces sp. NBC_01460
GCA_036227425.1_ASM3622742v1_genomic	Bacteria	Actinomycetota	Actinomycetes	Streptomycetales	Streptomycetaceae	Streptomyces	Streptomyces sp.	Streptomyces sp. NBC_01456
GCA_036227445.1_ASM3622744v1_genomic	Bacteria	Actinomycetota	Actinomycetes	Streptomycetales	Streptomycetaceae	Streptomyces	Streptomyces sp012273515	Streptomyces sp. NBC_01455
GCA_036227465.1_ASM3622746v1_genomic	Bacteria	Actinomycetota	Actinomycetes	Streptomycetales	Streptomycetaceae	Streptomyces	Streptomyces sp026340095	Streptomyces sp. NBC_01453
GCA_036227485.1_ASM3622748v1_genomic	Bacteria	Actinomycetota	Actinomycetes	Streptomycetales	Streptomycetaceae	Streptomyces	Streptomyces sp.	Streptomyces sp. NBC_01451
GCA_036227505.1_ASM3622750v1_genomic	Bacteria	Actinomycetota	Actinomycetes	Streptomycetales	Streptomycetaceae	Streptomyces	Streptomyces sp026339955	Streptomyces sp. NBC_01450
GCA_036227565.1_ASM3622756v1_genomic	Bacteria	Actinomycetota	Actinomycetes	Streptomycetales	Streptomycetaceae	Streptomyces	Streptomyces sp.	Streptomyces sp. NBC_01454
GCA_036227585.1_ASM3622758v1_genomic	Bacteria	Actinomycetota	Actinomycetes	Streptomycetales	Streptomycetaceae	Streptomyces	Streptomyces niveus	Streptomyces niveus NBC_01447
GCA_036227605.1_ASM3622760v1_genomic	Bacteria	Actinomycetota	Actinomycetes	Streptomycetales	Streptomycetaceae	Streptomyces	Streptomyces sp.	Streptomyces sp. NBC_01439
GCA_036227625.1_ASM3622762v1_genomic	Bacteria	Actinomycetota	Actinomycetes	Streptomycetales	Streptomycetaceae	Streptomyces	Streptomyces anulatus	Streptomyces anulatus NBC_01437
GCA_036227645.1_ASM3622764v1_genomic	Bacteria	Actinomycetota	Actinomycetes	Streptomycetales	Streptomycetaceae	Streptomyces	Streptomyces anulatus	Streptomyces anulatus NBC_01436
GCA_036228565.1_ASM3622856v1_genomic	Bacteria	Actinomycetota	Actinomycetes	Streptomycetales	Streptomycetaceae	Streptomyces	Streptomyces sp900091725	Streptomyces sp. NBC_01435
GCA_036229765.1_ASM3622976v1_genomic	Bacteria	Actinomycetota	Actinomycetes	Streptomycetales	Streptomycetaceae	Streptomyces	Streptomyces niveus	Streptomyces niveus NBC_01432
GCA_036231355.1_ASM3623135v1_genomic	Bacteria	Actinomycetota	Actinomycetes	Streptomycetales	Streptomycetaceae	Streptomyces	Streptomyces sp.	Streptomyces sp. NBC_01431
GCA_036231945.1_ASM3623194v1_genomic	Bacteria	Actinomycetota	Actinomycetes	Streptomycetales	Streptomycetaceae	Streptomyces	Streptomyces sp.	Streptomyces sp. NBC_01429
GCA_036231965.1_ASM3623196v1_genomic	Bacteria	Actinomycetota	Actinomycetes	Streptomycetales	Streptomycetaceae	Streptomyces	Streptomyces sp002078175	Streptomyces sp. NBC_01428
GCA_036231985.1_ASM3623198v1_genomic	Bacteria	Actinomycetota	Actinomycetes	Streptomycetales	Streptomycetaceae	Streptomyces	Streptomyces sp026627505	Streptomyces sp. NBC_01426
GCA_036232005.1_ASM3623200v1_genomic	Bacteria	Actinomycetota	Actinomycetes	Streptomycetales	Streptomycetaceae	Streptomyces	Streptomyces sp900105515	Streptomyces sp. NBC_01423
GCA_036232025.1_ASM3623202v1_genomic	Bacteria	Actinomycetota	Actinomycetes	Streptomycetales	Streptomycetaceae	Streptomyces	Streptomyces silvae	Streptomyces sp. NBC_01422
GCA_036232045.1_ASM3623204v1_genomic	Bacteria	Actinomycetota	Actinomycetes	Streptomycetales	Streptomycetaceae	Streptomyces	Streptomyces anulatus	Streptomyces anulatus NBC_01421
GCA_036237135.1_ASM3623713v1_genomic	Bacteria	Actinomycetota	Actinomycetes	Streptomycetales	Streptomycetaceae	Streptomyces	Streptomyces canus	Streptomyces canus NBC_01360
GCA_036237195.1_ASM3623719v1_genomic	Bacteria	Actinomycetota	Actinomycetes	Streptomycetales	Streptomycetaceae	Streptomyces	Streptomyces decoyicus	Streptomyces decoyicus NBC_01359
GCA_036237215.1_ASM3623721v1_genomic	Bacteria	Actinomycetota	Actinomycetes	Streptomycetales	Streptomycetaceae	Streptomyces	Streptomyces poriferorum	Streptomyces sp. NBC_01358
GCA_036237235.1_ASM3623723v1_genomic	Bacteria	Actinomycetota	Actinomycetes	Streptomycetales	Streptomycetaceae	Streptomyces	Streptomyces sp026341825	Streptomyces sp. NBC_01356
GCA_036237255.1_ASM3623725v1_genomic	Bacteria	Actinomycetota	Actinomycetes	Streptomycetales	Streptomycetaceae	Streptomyces	Streptomyces papulosus	Kitasatospora papulosa NBC_01355
GCA_036237275.1_ASM3623727v1_genomic	Bacteria	Actinomycetota	Actinomycetes	Streptomycetales	Streptomycetaceae	Streptomyces	Streptomyces sp.	Streptomyces sp. NBC_01353
GCA_036237295.1_ASM3623729v1_genomic	Bacteria	Actinomycetota	Actinomycetes	Streptomycetales	Streptomycetaceae	Streptomyces	Streptomyces sp030817655	Streptomyces sp. NBC_01352
GCA_036237315.1_ASM3623731v1_genomic	Bacteria	Actinomycetota	Actinomycetes	Streptomycetales	Streptomycetaceae	Streptomyces	Streptomyces sp.	Streptomyces sp. NBC_01351
GCA_036237335.1_ASM3623733v1_genomic	Bacteria	Actinomycetota	Actinomycetes	Streptomycetales	Streptomycetaceae	Streptomyces	Streptomyces papulosus	Kitasatospora papulosa NBC_01347
GCA_036237355.1_ASM3623735v1_genomic	Bacteria	Actinomycetota	Actinomycetes	Streptomycetales	Streptomycetaceae	Streptomyces	Streptomyces microflavus	Streptomyces microflavus NBC_01346
GCA_036237375.1_ASM3623737v1_genomic	Bacteria	Actinomycetota	Actinomycetes	Streptomycetales	Streptomycetaceae	Streptomyces	Streptomyces sp026343345	Streptomyces sp. NBC_01280
GCA_036237395.1_ASM3623739v1_genomic	Bacteria	Actinomycetota	Actinomycetes	Streptomycetales	Streptomycetaceae	Streptomyces	Streptomyces sp.	Streptomyces sp. NBC_01278
GCA_036238395.1_ASM3623839v1_genomic	Bacteria	Actinomycetota	Actinomycetes	Streptomycetales	Streptomycetaceae	Streptomyces	Streptomyces albidoflavus	Streptomyces albidoflavus NBC_01271
GCA_036239155.1_ASM3623915v1_genomic	Bacteria	Actinomycetota	Actinomycetes	Streptomycetales	Streptomycetaceae	Streptomyces	Streptomyces albidoflavus	Streptomyces albidoflavus NBC_01270
GCA_036240075.1_ASM3624007v1_genomic	Bacteria	Actinomycetota	Actinomycetes	Streptomycetales	Streptomycetaceae	Streptomyces	Streptomyces papulosus	Kitasatospora papulosa NBC_01269
GCA_036240795.1_ASM3624079v1_genomic	Bacteria	Actinomycetota	Actinomycetes	Streptomycetales	Streptomycetaceae	Streptomyces	Streptomyces sp.	Streptomyces sp. NBC_01268
GCA_036241575.1_ASM3624157v1_genomic	Bacteria	Actinomycetota	Actinomycetes	Streptomycetales	Streptomycetaceae	Streptomyces	Streptomyces sp940670765	Streptomyces sp. NBC_01267
GCA_036242395.1_ASM3624239v1_genomic	Bacteria	Actinomycetota	Actinomycetes	Streptomycetales	Streptomycetaceae	Kitasatospora	Kitasatospora sp.	Kitasatospora sp. NBC_01266
GCA_036243155.1_ASM3624315v1_genomic	Bacteria	Actinomycetota	Actinomycetes	Streptomycetales	Streptomycetaceae	Kitasatospora	Kitasatospora herbaricolor	Kitasatospora herbaricolor NBC_01265
GCA_036243435.1_ASM3624343v1_genomic	Bacteria	Actinomycetota	Actinomycetes	Streptomycetales	Streptomycetaceae	Streptomyces	Streptomyces pseudovenezuelae	Streptomyces pseudovenezuelae NBC_00713
GCA_036243495.1_ASM3624349v1_genomic	Bacteria	Actinomycetota	Actinomycetes	Streptomycetales	Streptomycetaceae	Streptomyces	Streptomyces luteogriseus	Streptomyces luteogriseus NBC_00711
GCA_036243895.1_ASM3624389v1_genomic	Bacteria	Actinomycetota	Actinomycetes	Streptomycetales	Streptomycetaceae	Streptomyces	Streptomyces sp010384365	Streptomyces sp. NBC_01725
GCA_036244815.1_ASM3624481v1_genomic	Bacteria	Actinomycetota	Actinomycetes	Streptomycetales	Streptomycetaceae	Streptomyces	Streptomyces sp000719575	Streptomyces sp. NBC_01724
GCA_036246005.1_ASM3624600v1_genomic	Bacteria	Actinomycetota	Actinomycetes	Streptomycetales	Streptomycetaceae	Streptomyces	Streptomyces sp003947455	Streptomyces sp. NBC_01723
GCA_036246125.1_ASM3624612v1_genomic	Bacteria	Actinomycetota	Actinomycetes	Streptomycetales	Streptomycetaceae	Streptomyces	Streptomyces bohaiensis	Streptomyces bohaiensis JCM19630
GCA_036246145.1_ASM3624614v1_genomic	Bacteria	Actinomycetota	Actinomycetes	Streptomycetales	Streptomycetaceae	Streptomyces	Streptomyces lonarensis	Streptomyces lonarensis DSM 42084
GCA_036247045.1_ASM3624704v1_genomic	Bacteria	Actinomycetota	Actinomycetes	Streptomycetales	Streptomycetaceae	Streptomyces	Streptomyces albidoflavus	Streptomyces albidoflavus NBC 01722
GCA_036248255.1_ASM3624825v1_genomic	Bacteria	Actinomycetota	Actinomycetes	Streptomycetales	Streptomycetaceae	Streptomyces	Streptomyces sp000719575	Streptomyces sp. NBC_01717
GCA_036248275.1_ASM3624827v1_genomic	Bacteria	Actinomycetota	Actinomycetes	Streptomycetales	Streptomycetaceae	Streptomyces	Streptomyces sp.	Streptomyces sp. NBC_01716
GCA_036248295.1_ASM3624829v1_genomic	Bacteria	Actinomycetota	Actinomycetes	Streptomycetales	Streptomycetaceae	Streptomyces	Streptomyces sp008042115	Streptomyces sp. NBC_01715
GCA_036248315.1_ASM3624831v1_genomic	Bacteria	Actinomycetota	Actinomycetes	Streptomycetales	Streptomycetaceae	Streptomyces	Streptomyces sp002300485	Streptomyces mirabilis NBC 01714
GCA_036248335.1_ASM3624833v1_genomic	Bacteria	Actinomycetota	Actinomycetes	Streptomycetales	Streptomycetaceae	Streptomyces	Streptomyces cellulosae	Streptomyces cellulosae NBC 01711
GCA_036248545.1_ASM3624854v1_genomic	Bacteria	Actinomycetota	Actinomycetes	Streptomycetales	Streptomycetaceae	Streptomyces	Streptomyces silvae	Streptomyces sp. NBC_01708
GCA_036249245.1_ASM3624924v1_genomic	Bacteria	Actinomycetota	Actinomycetes	Streptomycetales	Streptomycetaceae	Streptomyces	Streptomyces cellulosae	Streptomyces cellulosae NBC 01706
GCA_036249465.1_ASM3624946v1_genomic	Bacteria	Actinomycetota	Actinomycetes	Streptomycetales	Streptomycetaceae	Streptomyces	Streptomyces cellulosae	Streptomyces cellulosae NBC 01703
GCA_036249765.1_ASM3624976v1_genomic	Bacteria	Actinomycetota	Actinomycetes	Streptomycetales	Streptomycetaceae	Streptomyces	Streptomyces cellulosae	Streptomyces cellulosae NBC 01701
GCA_036250085.1_ASM3625008v1_genomic	Bacteria	Actinomycetota	Actinomycetes	Streptomycetales	Streptomycetaceae	Streptomyces	Streptomyces silvae	Streptomyces sp. NBC_01696
GCA_036250345.1_ASM3625034v1_genomic	Bacteria	Actinomycetota	Actinomycetes	Streptomycetales	Streptomycetaceae	Actinacidiphila	Actinacidiphila sp009864915	Actinacidiphila glaucinigra NBC 01694
GCA_036250635.1_ASM3625063v1_genomic	Bacteria	Actinomycetota	Actinomycetes	Streptomycetales	Streptomycetaceae	Streptomyces	Streptomyces silvae	Streptomyces sp. NBC_01693
GCA_036250675.1_ASM3625067v1_genomic	Bacteria	Actinomycetota	Actinomycetes	Streptomycetales	Streptomycetaceae	Streptomyces	Streptomyces sp008042115	Streptomyces sp. NBC_01689
GCA_036250695.1_ASM3625069v1_genomic	Bacteria	Actinomycetota	Actinomycetes	Streptomycetales	Streptomycetaceae	Streptomyces	Streptomyces sp.	Streptomyces sp. NBC_01497
GCA_036250715.1_ASM3625071v1_genomic	Bacteria	Actinomycetota	Actinomycetes	Streptomycetales	Streptomycetaceae	Streptomyces	Streptomyces brevispora	Streptomyces brevispora NBC_01496
GCA_036250755.1_ASM3625075v1_genomic	Bacteria	Actinomycetota	Actinomycetes	Streptomycetales	Streptomycetaceae	Streptomyces	Streptomyces uncialis	Streptomyces uncialis NBC_01365
GCA_036250835.1_ASM3625083v1_genomic	Bacteria	Actinomycetota	Actinomycetes	Streptomycetales	Streptomycetaceae	Streptomyces	Streptomyces sp003846175	Streptomyces sp. NBC_01362
GCA_036250945.1_ASM3625094v1_genomic	Bacteria	Actinomycetota	Actinomycetes	Streptomycetales	Streptomycetaceae	Streptomyces	Streptomyces sp002803065	Streptomyces sp. NBC_01361
GCA_036281785.1_ASM3628178v1_genomic	Bacteria	Actinomycetota	Actinomycetes	Streptomycetales	Streptomycetaceae	Streptomyces	Streptomyces sp.	Streptomyces chiangmaiensis TA4-1
GCA_036287475.1_ASM3628747v1_genomic	Bacteria	Actinomycetota	Actinomycetes	Streptomycetales	Streptomycetaceae	Streptomyces	Streptomyces iakyrus	Streptomyces iakyrus CGMCC 4.1912
GCA_036290945.1_ASM3629094v1_genomic	Bacteria	Actinomycetota	Actinomycetes	Streptomycetales	Streptomycetaceae	Kitasatospora	Kitasatospora sp.	Streptomyces sp. BE303
GCA_036320405.1_ASM3632040v1_genomic	Bacteria	Actinomycetota	Actinomycetes	Streptomycetales	Streptomycetaceae	Streptomyces	Streptomyces sp001507435	Streptomyces sp. WAC07094
GCA_036320445.1_ASM3632044v1_genomic	Bacteria	Actinomycetota	Actinomycetes	Streptomycetales	Streptomycetaceae	Streptomyces	Streptomyces albus	Streptomyces sp. GSL17-113
GCA_036322245.1_ASM3632224v1_genomic	Bacteria	Actinomycetota	Actinomycetes	Streptomycetales	Streptomycetaceae	Streptomyces	Streptomyces sp900091725	Streptomyces sp. JV190
GCA_036322265.1_ASM3632226v1_genomic	Bacteria	Actinomycetota	Actinomycetes	Streptomycetales	Streptomycetaceae	Streptomyces	Streptomyces deccanensis	Streptomyces sp. SP17KL33
GCA_036322285.1_ASM3632228v1_genomic	Bacteria	Actinomycetota	Actinomycetes	Streptomycetales	Streptomycetaceae	Streptomyces	Streptomyces sp.	Streptomyces sp. JV185
GCA_036322305.1_ASM3632230v1_genomic	Bacteria	Actinomycetota	Actinomycetes	Streptomycetales	Streptomycetaceae	Streptomyces	Streptomyces albidoflavus	Streptomyces sp. JV186
GCA_036322325.1_ASM3632232v1_genomic	Bacteria	Actinomycetota	Actinomycetes	Streptomycetales	Streptomycetaceae	Streptomyces	Streptomyces sp900091725	Streptomyces sp. JV184
GCA_036322345.1_ASM3632234v1_genomic	Bacteria	Actinomycetota	Actinomycetes	Streptomycetales	Streptomycetaceae	Streptomyces	Streptomyces sp.	Streptomyces sp. JV176
GCA_036322365.1_ASM3632236v1_genomic	Bacteria	Actinomycetota	Actinomycetes	Streptomycetales	Streptomycetaceae	Streptomyces	Streptomyces sp.	Streptomyces sp. SP18CS02
GCA_036322385.1_ASM3632238v1_genomic	Bacteria	Actinomycetota	Actinomycetes	Streptomycetales	Streptomycetaceae	Streptomyces	Streptomyces papulosus	Streptomyces sp. JV181
GCA_036322405.1_ASM3632240v1_genomic	Bacteria	Actinomycetota	Actinomycetes	Streptomycetales	Streptomycetaceae	Kitasatospora	Kitasatospora sp.	Streptomyces sp. SP17BM10
GCA_036322425.1_ASM3632242v1_genomic	Bacteria	Actinomycetota	Actinomycetes	Streptomycetales	Streptomycetaceae	Streptomyces	Streptomyces sp.	Streptomyces sp. SP18ES09
GCA_036322445.1_ASM3632244v1_genomic	Bacteria	Actinomycetota	Actinomycetes	Streptomycetales	Streptomycetaceae	Streptomyces	Streptomyces microflavus	Streptomyces sp. BE282
GCA_036322465.1_ASM3632246v1_genomic	Bacteria	Actinomycetota	Actinomycetes	Streptomycetales	Streptomycetaceae	Streptomyces	Streptomyces sp001905125	Streptomyces sp. BE308
GCA_036322485.1_ASM3632248v1_genomic	Bacteria	Actinomycetota	Actinomycetes	Streptomycetales	Streptomycetaceae	Streptomyces	Streptomyces atratus	Streptomyces sp. BE133
GCA_036322505.1_ASM3632250v1_genomic	Bacteria	Actinomycetota	Actinomycetes	Streptomycetales	Streptomycetaceae	Streptomyces	Streptomyces sp026341775	Streptomyces sp. BE147
GCA_036322525.1_ASM3632252v1_genomic	Bacteria	Actinomycetota	Actinomycetes	Streptomycetales	Streptomycetaceae	Kitasatospora	Kitasatospora sp.	Streptomyces sp. BE20
GCA_036322545.1_ASM3632254v1_genomic	Bacteria	Actinomycetota	Actinomycetes	Streptomycetales	Streptomycetaceae	Streptomyces	Streptomyces deccanensis	Streptomyces sp. SP18BB07
GCA_036323515.1_ASM3632351v1_genomic	Bacteria	Actinomycetota	Actinomycetes	Streptomycetales	Streptomycetaceae	Streptomyces	Streptomyces tendae	Kitasatospora aureofaciens Tu117
GCA_036323765.1_ASM3632376v1_genomic	Bacteria	Actinomycetota	Actinomycetes	Streptomycetales	Streptomycetaceae	Streptomyces	Streptomyces sp.	Streptomyces sp. TRM 70351
GCA_036323805.1_ASM3632380v1_genomic	Bacteria	Actinomycetota	Actinomycetes	Streptomycetales	Streptomycetaceae	Streptomyces	Streptomyces sp.	Streptomyces sp. TRM 70361
GCA_036327775.1_ASM3632777v1_genomic	Bacteria	Actinomycetota	Actinomycetes	Streptomycetales	Streptomycetaceae	Streptomyces	Streptomyces sp.	Streptomyces sp. NBC_01498
GCA_036345035.1_ASM3634503v1_genomic	Bacteria	Actinomycetota	Actinomycetes	Streptomycetales	Streptomycetaceae	Streptomyces	Streptomyces pseudovenezuelae	Streptomyces pseudovenezuelae NBC_00598
GCA_036345055.1_ASM3634505v1_genomic	Bacteria	Actinomycetota	Actinomycetes	Streptomycetales	Streptomycetaceae	Streptomyces	Streptomyces chartreusis	Streptomyces chartreusis NBC_00590
GCA_036345075.1_ASM3634507v1_genomic	Bacteria	Actinomycetota	Actinomycetes	Streptomycetales	Streptomycetaceae	Streptomyces	Streptomyces sp.	Streptomyces sp. NBC_00589
GCA_036345095.1_ASM3634509v1_genomic	Bacteria	Actinomycetota	Actinomycetes	Streptomycetales	Streptomycetaceae	Streptomyces	Streptomyces spinosisporus	Streptomyces sp. NBC_00588
GCA_036345115.1_ASM3634511v1_genomic	Bacteria	Actinomycetota	Actinomycetes	Streptomycetales	Streptomycetaceae	Streptomyces	Streptomyces sp.	Streptomyces griseorubiginosus NBC_00587
GCA_036345135.1_ASM3634513v1_genomic	Bacteria	Actinomycetota	Actinomycetes	Streptomycetales	Streptomycetaceae	Streptomyces	Streptomyces sp.	Streptomyces griseorubiginosus NBC_00586
GCA_036345155.1_ASM3634515v1_genomic	Bacteria	Actinomycetota	Actinomycetes	Streptomycetales	Streptomycetaceae	Streptomyces	Streptomyces sp.	Streptomyces sp. NBC_00582
GCA_036345175.1_ASM3634517v1_genomic	Bacteria	Actinomycetota	Actinomycetes	Streptomycetales	Streptomycetaceae	Streptomyces	Streptomyces sp.	Streptomyces sp. NBC_00576
GCA_036345215.1_ASM3634521v1_genomic	Bacteria	Actinomycetota	Actinomycetes	Streptomycetales	Streptomycetaceae	Streptomyces	Streptomyces platensis	Streptomyces platensis NBC_00573
GCA_036345235.1_ASM3634523v1_genomic	Bacteria	Actinomycetota	Actinomycetes	Streptomycetales	Streptomycetaceae	Streptomyces	Streptomyces sp019090105	Streptomyces sp. NBC_00566
GCA_036345255.1_ASM3634525v1_genomic	Bacteria	Actinomycetota	Actinomycetes	Streptomycetales	Streptomycetaceae	Streptomyces	Streptomyces sp026343345	Streptomyces sp. NBC_00569
GCA_036345955.1_ASM3634595v1_genomic	Bacteria	Actinomycetota	Actinomycetes	Streptomycetales	Streptomycetaceae	Streptomyces	Streptomyces sp026342835	Streptomyces sp. NBC_00562
GCA_036345975.1_ASM3634597v1_genomic	Bacteria	Actinomycetota	Actinomycetes	Streptomycetales	Streptomycetaceae	Streptomyces	Streptomyces clavifer	Streptomyces clavifer NBC_00558
GCA_036345995.1_ASM3634599v1_genomic	Bacteria	Actinomycetota	Actinomycetes	Streptomycetales	Streptomycetaceae	Streptomyces	Streptomyces sp.	Streptomyces sp. NBC_00557
GCA_036346015.1_ASM3634601v1_genomic	Bacteria	Actinomycetota	Actinomycetes	Streptomycetales	Streptomycetaceae	Streptomyces	Streptomyces cellulosae	Streptomyces cellulosae NBC_00556
GCA_036346085.1_ASM3634608v1_genomic	Bacteria	Actinomycetota	Actinomycetes	Streptomycetales	Streptomycetaceae	Streptomyces	Streptomyces longwoodensis	Streptomyces longwoodensis NBC_00541
GCA_036346105.1_ASM3634610v1_genomic	Bacteria	Actinomycetota	Actinomycetes	Streptomycetales	Streptomycetaceae	Streptomyces	Streptomyces sp.	Streptomyces sp. NBC_00539
GCA_036346295.1_ASM3634629v1_genomic	Bacteria	Actinomycetota	Actinomycetes	Streptomycetales	Streptomycetaceae	Streptomyces	Streptomyces sp.	Streptomyces sp. NBC_00536
GCA_036346555.1_ASM3634655v1_genomic	Bacteria	Actinomycetota	Actinomycetes	Streptomycetales	Streptomycetaceae	Streptomyces	Streptomyces anulatus	Streptomyces anulatus NBC_00535
GCA_036346595.1_ASM3634659v1_genomic	Bacteria	Actinomycetota	Actinomycetes	Streptomycetales	Streptomycetaceae	Streptomyces	Streptomyces sp003248355	Streptomyces sp. NBC_00525
GCA_036346615.1_ASM3634661v1_genomic	Bacteria	Actinomycetota	Actinomycetes	Streptomycetales	Streptomycetaceae	Streptomyces	Streptomyces sp001905735	Streptomyces sp. NBC_00523
GCA_036346815.1_ASM3634681v1_genomic	Bacteria	Actinomycetota	Actinomycetes	Streptomycetales	Streptomycetaceae	Streptomyces	Streptomyces murinus	Streptomyces murinus NBC_00520
GCA_036346855.1_ASM3634685v1_genomic	Bacteria	Actinomycetota	Actinomycetes	Streptomycetales	Streptomycetaceae	Streptomyces	Streptomyces europaeiscabiei	Streptomyces europaeiscabiei NBC_00515
GCA_036346895.1_ASM3634689v1_genomic	Bacteria	Actinomycetota	Actinomycetes	Streptomycetales	Streptomycetaceae	Streptomyces	Streptomyces sp.	Streptomyces sp. NBC_00503
GCA_036346915.1_ASM3634691v1_genomic	Bacteria	Actinomycetota	Actinomycetes	Streptomycetales	Streptomycetaceae	Streptomyces	Streptomyces anulatus	Streptomyces anulatus NBC_00502
GCA_036346935.1_ASM3634693v1_genomic	Bacteria	Actinomycetota	Actinomycetes	Streptomycetales	Streptomycetaceae	Streptomyces	Streptomyces sp900105515	Streptomyces sp. NBC_00869
GCA_036346995.1_ASM3634699v1_genomic	Bacteria	Actinomycetota	Actinomycetes	Streptomycetales	Streptomycetaceae	Streptomyces	Streptomyces sp003846175	Streptomyces sp. NBC_00825
GCA_036347015.1_ASM3634701v1_genomic	Bacteria	Actinomycetota	Actinomycetes	Streptomycetales	Streptomycetaceae	Streptomyces	Streptomyces sp003846175	Streptomyces sp. NBC_00822
GCA_036347055.1_ASM3634705v1_genomic	Bacteria	Actinomycetota	Actinomycetes	Streptomycetales	Streptomycetaceae	Streptomyces	Streptomyces sp.	Streptomyces sp. NBC_00820
GCA_036347095.1_ASM3634709v1_genomic	Bacteria	Actinomycetota	Actinomycetes	Streptomycetales	Streptomycetaceae	Streptomyces	Streptomyces griseoaurantiacus	Streptomyces jietaisiensis NBC_00805
GCA_036347135.1_ASM3634713v1_genomic	Bacteria	Actinomycetota	Actinomycetes	Streptomycetales	Streptomycetaceae	Streptomyces	Streptomyces sp.	Streptomyces sp. NBC_00775
GCA_036347155.1_ASM3634715v1_genomic	Bacteria	Actinomycetota	Actinomycetes	Streptomycetales	Streptomycetaceae	Streptomyces	Streptomyces longwoodensis	Streptomyces longwoodensis NBC_00735
GCA_036347175.1_ASM3634717v1_genomic	Bacteria	Actinomycetota	Actinomycetes	Streptomycetales	Streptomycetaceae	Streptomyces	Streptomyces platensis	Streptomyces platensis NBC_00734
GCA_036347195.1_ASM3634719v1_genomic	Bacteria	Actinomycetota	Actinomycetes	Streptomycetales	Streptomycetaceae	Streptomyces	Streptomyces sp000719575	Streptomyces sp. NBC_00724
GCA_036347215.1_ASM3634721v1_genomic	Bacteria	Actinomycetota	Actinomycetes	Streptomycetales	Streptomycetaceae	Streptomyces	Streptomyces luteogriseus	Streptomyces luteogriseus NBC_00712
GCA_036352895.1_ASM3635289v1_genomic	Bacteria	Actinomycetota	Actinomycetes	Streptomycetales	Streptomycetaceae	Streptomyces	Streptomyces antimycoticus	Streptomyces antimycoticus DSM 41602
GCA_036352915.1_ASM3635291v1_genomic	Bacteria	Actinomycetota	Actinomycetes	Streptomycetales	Streptomycetaceae	Streptomyces	Streptomyces endophytica	Streptomyces bugieae DSM 41528
GCA_036352935.1_ASM3635293v1_genomic	Bacteria	Actinomycetota	Actinomycetes	Streptomycetales	Streptomycetaceae	Streptomyces	Streptomyces asiaticus	Streptomyces asiaticus subsp. ignotus
GCA_036353415.1_ASM3635341v1_genomic	Bacteria	Actinomycetota	Actinomycetes	Streptomycetales	Streptomycetaceae	Actinacidiphila	Actinacidiphila sp.	Actinacidiphila polyblastidii V4-01
GCA_036353435.1_ASM3635343v1_genomic	Bacteria	Actinomycetota	Actinomycetes	Streptomycetales	Streptomycetaceae	Streptomyces	Streptomyces sp.	Streptomyces sp. BE230
GCA_036422015.1_ASM3642201v1_genomic	Bacteria	Actinomycetota	Actinomycetes	Streptomycetales	Streptomycetaceae	Streptomyces	Streptomyces albulus_C	Streptomyces diastatochromogenes XT34
GCA_036485475.1_ASM3648547v1_genomic	Bacteria	Actinomycetota	Actinomycetes	Streptomycetales	Streptomycetaceae	Streptomyces	Streptomyces fradiae	Streptomyces sp. SS162
GCA_036524955.1_ASM3652495v1_genomic	Bacteria	Actinomycetota	Actinomycetes	Streptomycetales	Streptomycetaceae	Actinacidiphila	Actinacidiphila sp.	Streptomyces sp. SMAG_U116
GCA_036541015.1_ASM3654101v1_genomic	Bacteria	Actinomycetota	Actinomycetes	Streptomycetales	Streptomycetaceae	Streptomyces	Streptomyces xanthochromogenes	Streptomyces xanthochromogenes WY144
GCA_036541045.1_ASM3654104v1_genomic	Bacteria	Actinomycetota	Actinomycetes	Streptomycetales	Streptomycetaceae	Streptomyces	Streptomyces prasinus	Streptomyces prasinus WY33
GCA_036543295.1_ASM3654329v1_genomic	Bacteria	Actinomycetota	Actinomycetes	Streptomycetales	Streptomycetaceae	Streptomyces	Streptomyces sp003949955	Streptomyces sp. CS62
GCA_036562025.1_ASM3656202v1_genomic	Bacteria	Actinomycetota	Actinomycetes	Streptomycetales	Streptomycetaceae	Streptomyces	Streptomyces chrestomyceticus	Streptomyces chrestomyceticus ADP4
GCA_036566765.1_ASM3656676v1_genomic	Bacteria	Actinomycetota	Actinomycetes	Streptomycetales	Streptomycetaceae	Streptomyces	Streptomyces sp.	Streptomyces sp. SMAG_U7389
GCA_036607905.1_ASM3660790v1_genomic	Bacteria	Actinomycetota	Actinomycetes	Streptomycetales	Streptomycetaceae	Streptomyces	Streptomyces sp001293595	Streptomyces sp. SCSIO 75703
GCA_036624895.1_ASM3662489v1_genomic	Bacteria	Actinomycetota	Actinomycetes	Streptomycetales	Streptomycetaceae	Streptomyces	Streptomyces sp.	Streptomyces roseofulvus A1
GCA_036633395.1_ASM3663339v1_genomic	Bacteria	Actinomycetota	Actinomycetes	Streptomycetales	Streptomycetaceae	Streptomyces	Streptomyces anthocyanicus	Streptomyces sp. RB13
GCA_036634155.1_ASM3663415v1_genomic	Bacteria	Actinomycetota	Actinomycetes	Streptomycetales	Streptomycetaceae	Streptomyces	Streptomyces silvae	Streptomyces sp. P5-A9
GCA_036634175.1_ASM3663417v1_genomic	Bacteria	Actinomycetota	Actinomycetes	Streptomycetales	Streptomycetaceae	Streptomyces	Streptomyces sp.	Streptomyces sp. P9-A2
GCA_036634195.1_ASM3663419v1_genomic	Bacteria	Actinomycetota	Actinomycetes	Streptomycetales	Streptomycetaceae	Streptomyces	Streptomyces sp.	Streptomyces sp. P9-A4
GCA_036665955.1_ASM3666595v1_genomic	Bacteria	Actinomycetota	Actinomycetes	Streptomycetales	Streptomycetaceae	Streptomyces	Streptomyces goshikiensis	Streptomyces sp. MT206
GCA_036689765.1_ASM3668976v1_genomic	Bacteria	Actinomycetota	Actinomycetes	Streptomycetales	Streptomycetaceae	Streptomyces	Streptomyces sp.	Streptomyces poriticola C6-003
GCA_036814945.1_ASM3681494v1_genomic	Bacteria	Actinomycetota	Actinomycetes	Streptomycetales	Streptomycetaceae	Streptomyces	Streptomyces sp900105245	Streptomyces sp. IBSBF 2390
GCA_036814985.1_ASM3681498v1_genomic	Bacteria	Actinomycetota	Actinomycetes	Streptomycetales	Streptomycetaceae	Streptomyces	Streptomyces tendae	Streptomyces sp. IBSBF 2394
GCA_036815005.1_ASM3681500v1_genomic	Bacteria	Actinomycetota	Actinomycetes	Streptomycetales	Streptomycetaceae	Actinacidiphila	Actinacidiphila sp.	Streptomyces sp. IBSBF 2435
GCA_036815025.1_ASM3681502v1_genomic	Bacteria	Actinomycetota	Actinomycetes	Streptomycetales	Streptomycetaceae	Streptomyces	Streptomyces sp001746365	Streptomyces sp. IBSBF 2806
GCA_036815045.1_ASM3681504v1_genomic	Bacteria	Actinomycetota	Actinomycetes	Streptomycetales	Streptomycetaceae	Streptomyces	Streptomyces scabiei	Streptomyces sp. IBSBF 2950
GCA_036815065.1_ASM3681506v1_genomic	Bacteria	Actinomycetota	Actinomycetes	Streptomycetales	Streptomycetaceae	Streptomyces	Streptomyces anthocyanicus	Streptomyces sp. ISBFB 2968
GCA_036815085.1_ASM3681508v1_genomic	Bacteria	Actinomycetota	Actinomycetes	Streptomycetales	Streptomycetaceae	Streptomyces	Streptomyces sp001905735	Streptomyces sp. IBSBF 3010
GCA_036815105.1_ASM3681510v1_genomic	Bacteria	Actinomycetota	Actinomycetes	Streptomycetales	Streptomycetaceae	Streptomyces	Streptomyces sp.	Streptomyces sp. IBSBF 3136
GCA_036815125.1_ASM3681512v1_genomic	Bacteria	Actinomycetota	Actinomycetes	Streptomycetales	Streptomycetaceae	Streptomyces	Streptomyces nigra	Streptomyces sp. IBSBF 3352
GCA_036815145.1_ASM3681514v1_genomic	Bacteria	Actinomycetota	Actinomycetes	Streptomycetales	Streptomycetaceae	Streptomyces	Streptomyces ardesiacus	Streptomyces ardesiacus IBSBF 3360
GCA_036826855.1_ASM3682685v1_genomic	Bacteria	Actinomycetota	Actinomycetes	Streptomycetales	Streptomycetaceae	Streptomyces	Streptomyces sp.	Streptomyces sp. SJL17-4
GCA_036857595.1_ASM3685759v1_genomic	Bacteria	Actinomycetota	Actinomycetes	Streptomycetales	Streptomycetaceae	Streptomyces	Streptomyces sp.	Streptomyces sp. AHA2
GCA_036870975.1_ASM3687097v1_genomic	Bacteria	Actinomycetota	Actinomycetes	Streptomycetales	Streptomycetaceae	Streptomyces	Streptomyces virginiae	Streptomyces virginiae THA-960
GCA_036873195.1_ASM3687319v1_genomic	Bacteria	Actinomycetota	Actinomycetes	Streptomycetales	Streptomycetaceae	Streptomyces	Streptomyces papulosus	Streptomyces sp. B21-104
GCA_036873425.1_ASM3687342v1_genomic	Bacteria	Actinomycetota	Actinomycetes	Streptomycetales	Streptomycetaceae	Streptomyces	Streptomyces acidiscabies	Streptomyces acidiscabies B21-098
GCA_036873705.1_ASM3687370v1_genomic	Bacteria	Actinomycetota	Actinomycetes	Streptomycetales	Streptomycetaceae	Streptomyces	Streptomyces acidiscabies	Streptomyces acidiscabies B21-078
GCA_036879385.1_ASM3687938v1_genomic	Bacteria	Actinomycetota	Actinomycetes	Streptomycetales	Streptomycetaceae	Streptomyces	Streptomyces fimicarius	Streptomyces baarnensis assi-23TB
GCA_036898265.1_ASM3689826v1_genomic	Bacteria	Actinomycetota	Actinomycetes	Streptomycetales	Streptomycetaceae	Streptomyces	Streptomyces stelliscabiei	Streptomyces stelliscabiei B21-117
GCA_036898275.1_ASM3689827v1_genomic	Bacteria	Actinomycetota	Actinomycetes	Streptomycetales	Streptomycetaceae	Streptomyces	Streptomyces bottropensis	Streptomyces bottropensis B21-115
GCA_036898295.1_ASM3689829v1_genomic	Bacteria	Actinomycetota	Actinomycetes	Streptomycetales	Streptomycetaceae	Streptomyces	Streptomyces scabiei	Streptomyces scabiei B21-111
GCA_036898315.1_ASM3689831v1_genomic	Bacteria	Actinomycetota	Actinomycetes	Streptomycetales	Streptomycetaceae	Streptomyces	Streptomyces scabiei	Streptomyces scabiei B21-113
GCA_036898345.1_ASM3689834v1_genomic	Bacteria	Actinomycetota	Actinomycetes	Streptomycetales	Streptomycetaceae	Streptomyces	Streptomyces scabiei	Streptomyces scabiei B21-114
GCA_036898365.1_ASM3689836v1_genomic	Bacteria	Actinomycetota	Actinomycetes	Streptomycetales	Streptomycetaceae	Streptomyces	Streptomyces scabiei	Streptomyces scabiei B21-110
GCA_036898385.1_ASM3689838v1_genomic	Bacteria	Actinomycetota	Actinomycetes	Streptomycetales	Streptomycetaceae	Streptomyces	Streptomyces stelliscabiei	Streptomyces stelliscabiei B21-112
GCA_036898405.1_ASM3689840v1_genomic	Bacteria	Actinomycetota	Actinomycetes	Streptomycetales	Streptomycetaceae	Streptomyces	Streptomyces sp001428885	Streptomyces sp. B21-106
GCA_036898415.1_ASM3689841v1_genomic	Bacteria	Actinomycetota	Actinomycetes	Streptomycetales	Streptomycetaceae	Streptomyces	Streptomyces stelliscabiei	Streptomyces stelliscabiei B21-107
GCA_036898445.1_ASM3689844v1_genomic	Bacteria	Actinomycetota	Actinomycetes	Streptomycetales	Streptomycetaceae	Streptomyces	Streptomyces sp900129855	Streptomyces sp. B21-108
GCA_036898465.1_ASM3689846v1_genomic	Bacteria	Actinomycetota	Actinomycetes	Streptomycetales	Streptomycetaceae	Streptomyces	Streptomyces sp.	Streptomyces sp. B21-105
GCA_036898485.1_ASM3689848v1_genomic	Bacteria	Actinomycetota	Actinomycetes	Streptomycetales	Streptomycetaceae	Streptomyces	Streptomyces silvae	Streptomyces silvae B21-103
GCA_036898505.1_ASM3689850v1_genomic	Bacteria	Actinomycetota	Actinomycetes	Streptomycetales	Streptomycetaceae	Streptomyces	Streptomyces sp001428885	Streptomyces sp. B21-101
GCA_036898515.1_ASM3689851v1_genomic	Bacteria	Actinomycetota	Actinomycetes	Streptomycetales	Streptomycetaceae	Streptomyces	Streptomyces sp001428885	Streptomyces sp. B21-102
GCA_036898545.1_ASM3689854v1_genomic	Bacteria	Actinomycetota	Actinomycetes	Streptomycetales	Streptomycetaceae	Streptomyces	Streptomyces scabiei	Streptomyces scabiei B21-100
GCA_036898565.1_ASM3689856v1_genomic	Bacteria	Actinomycetota	Actinomycetes	Streptomycetales	Streptomycetaceae	Streptomyces	Streptomyces scabiei	Streptomyces scabiei B21-096
GCA_036898585.1_ASM3689858v1_genomic	Bacteria	Actinomycetota	Actinomycetes	Streptomycetales	Streptomycetaceae	Streptomyces	Streptomyces hayashii	Streptomyces sp. B21-097
GCA_036898605.1_ASM3689860v1_genomic	Bacteria	Actinomycetota	Actinomycetes	Streptomycetales	Streptomycetaceae	Streptomyces	Streptomyces acidiscabies	Streptomyces acidiscabies B21-095
GCA_036898625.1_ASM3689862v1_genomic	Bacteria	Actinomycetota	Actinomycetes	Streptomycetales	Streptomycetaceae	Streptomyces	Streptomyces scabiei	Streptomyces scabiei B21-093
GCA_036898635.1_ASM3689863v1_genomic	Bacteria	Actinomycetota	Actinomycetes	Streptomycetales	Streptomycetaceae	Streptomyces	Streptomyces scabiei	Streptomyces scabiei B21-094
GCA_036898665.1_ASM3689866v1_genomic	Bacteria	Actinomycetota	Actinomycetes	Streptomycetales	Streptomycetaceae	Streptomyces	Streptomyces scabiei	Streptomyces scabiei B21-092
GCA_036898685.1_ASM3689868v1_genomic	Bacteria	Actinomycetota	Actinomycetes	Streptomycetales	Streptomycetaceae	Streptomyces	Streptomyces scabiei	Streptomyces scabiei B21-090
GCA_036898705.1_ASM3689870v1_genomic	Bacteria	Actinomycetota	Actinomycetes	Streptomycetales	Streptomycetaceae	Streptomyces	Streptomyces papulosus	Streptomyces sp. B21-089
GCA_036898725.1_ASM3689872v1_genomic	Bacteria	Actinomycetota	Actinomycetes	Streptomycetales	Streptomycetaceae	Streptomyces	Streptomyces scabiei	Streptomyces scabiei B21-086
GCA_036898735.1_ASM3689873v1_genomic	Bacteria	Actinomycetota	Actinomycetes	Streptomycetales	Streptomycetaceae	Streptomyces	Streptomyces papulosus	Streptomyces sp. B21-088
GCA_036898745.1_ASM3689874v1_genomic	Bacteria	Actinomycetota	Actinomycetes	Streptomycetales	Streptomycetaceae	Streptomyces	Streptomyces scabiei	Streptomyces scabiei B21-087
GCA_036898785.1_ASM3689878v1_genomic	Bacteria	Actinomycetota	Actinomycetes	Streptomycetales	Streptomycetaceae	Streptomyces	Streptomyces stelliscabiei	Streptomyces stelliscabiei B21-085
GCA_036898805.1_ASM3689880v1_genomic	Bacteria	Actinomycetota	Actinomycetes	Streptomycetales	Streptomycetaceae	Streptomyces	Streptomyces scabiei	Streptomyces scabiei B21-084
GCA_036898825.1_ASM3689882v1_genomic	Bacteria	Actinomycetota	Actinomycetes	Streptomycetales	Streptomycetaceae	Streptomyces	Streptomyces sp.	Streptomyces sp. B21-083
GCA_036898835.1_ASM3689883v1_genomic	Bacteria	Actinomycetota	Actinomycetes	Streptomycetales	Streptomycetaceae	Streptomyces	Streptomyces stelliscabiei	Streptomyces stelliscabiei B21-080
GCA_036898845.1_ASM3689884v1_genomic	Bacteria	Actinomycetota	Actinomycetes	Streptomycetales	Streptomycetaceae	Streptomyces	Streptomyces scabiei	Streptomyces scabiei B21-081
GCA_036898855.1_ASM3689885v1_genomic	Bacteria	Actinomycetota	Actinomycetes	Streptomycetales	Streptomycetaceae	Streptomyces	Streptomyces scabiei	Streptomyces scabiei B21-082
GCA_036898905.1_ASM3689890v1_genomic	Bacteria	Actinomycetota	Actinomycetes	Streptomycetales	Streptomycetaceae	Streptomyces	Streptomyces sp001428885	Streptomyces sp. B21-079
GCA_036919415.1_ASM3691941v1_genomic	Bacteria	Actinomycetota	Actinomycetes	Streptomycetales	Streptomycetaceae	Streptomyces	Streptomyces cyaneofuscatus	Streptomyces cyaneofuscatus CTM50504
GCA_036961605.1_ASM3696160v1_genomic	Bacteria	Actinomycetota	Actinomycetes	Streptomycetales	Streptomycetaceae	Streptomyces	Streptomyces telluris	Streptomyces sp. KLMMK
GCA_036967205.1_ASM3696720v1_genomic	Bacteria	Actinomycetota	Actinomycetes	Streptomycetales	Streptomycetaceae	Streptomyces	Streptomyces sp.	Streptomyces sp. Q6
GCA_037023745.1_ASM3702374v1_genomic	Bacteria	Actinomycetota	Actinomycetes	Streptomycetales	Streptomycetaceae	Streptomyces	Streptomyces sp.	Streptomyces sp. SCSIO 30461
GCA_037034225.1_ASM3703422v1_genomic	Bacteria	Actinomycetota	Actinomycetes	Streptomycetales	Streptomycetaceae	Streptomyces	Streptomyces sp900187385	Streptomyces sp. CA2R101
GCA_037034245.1_ASM3703424v1_genomic	Bacteria	Actinomycetota	Actinomycetes	Streptomycetales	Streptomycetaceae	Actinacidiphila	Actinacidiphila sp.	Streptomyces sp. CA2R106
GCA_037034265.1_ASM3703426v1_genomic	Bacteria	Actinomycetota	Actinomycetes	Streptomycetales	Streptomycetaceae	Streptomyces	Streptomyces sp007827595	Streptomyces sp. PTD9-10
GCA_037034285.1_ASM3703428v1_genomic	Bacteria	Actinomycetota	Actinomycetes	Streptomycetales	Streptomycetaceae	Streptomyces	Streptomyces sp.	Streptomyces sp. PTD5-9
GCA_037034305.1_ASM3703430v1_genomic	Bacteria	Actinomycetota	Actinomycetes	Streptomycetales	Streptomycetaceae	Streptantibioticus	Streptantibioticus sp.	Streptomyces sp. PLK1-5
GCA_037055355.1_DG1A-41_genomic	Bacteria	Actinomycetota	Actinomycetes	Streptomycetales	Streptomycetaceae	Streptomyces	Streptomyces sp.	Streptomyces sp. DG1A-41
GCA_037081735.1_ASM3708173v1_genomic	Bacteria	Actinomycetota	Actinomycetes	Streptomycetales	Streptomycetaceae	Streptomyces	Streptomyces lavendofoliae	Streptomyces lavendofoliae D15
GCA_037099765.1_ASM3709976v1_genomic	Bacteria	Actinomycetota	Actinomycetes	Streptomycetales	Streptomycetaceae	Streptomyces	Streptomyces griseoaurantiacus	Streptomyces griseoaurantiacus XQ-29
GCA_037117105.1_ASM3711710v1_genomic	Bacteria	Actinomycetota	Actinomycetes	Streptomycetales	Streptomycetaceae	Streptomyces	Streptomyces sp028747205	Streptomyces sp. S1A(2023)
GCA_037117115.1_ASM3711711v1_genomic	Bacteria	Actinomycetota	Actinomycetes	Streptomycetales	Streptomycetaceae	Streptomyces	Streptomyces sp.	Streptomyces sp. PmtG
GCA_037117125.1_ASM3711712v1_genomic	Bacteria	Actinomycetota	Actinomycetes	Streptomycetales	Streptomycetaceae	Streptomyces	Streptomyces sp030406905	Streptomyces sp. PmtA
GCA_037117145.1_ASM3711714v1_genomic	Bacteria	Actinomycetota	Actinomycetes	Streptomycetales	Streptomycetaceae	Streptomyces	Streptomyces nigrescens	Streptomyces libani BPP2
GCA_037119465.1_ASM3711946v1_genomic	Bacteria	Actinomycetota	Actinomycetes	Streptomycetales	Streptomycetaceae	Streptomyces	Streptomyces griseiscabiei	Streptomyces brasiliscabiei ZRIMU1503
GCA_037120195.1_ASM3712019v1_genomic	Bacteria	Actinomycetota	Actinomycetes	Streptomycetales	Streptomycetaceae	Streptomyces	Streptomyces griseiscabiei	Streptomyces brasiliscabiei ZRIMU1320
GCA_037120215.1_ASM3712021v1_genomic	Bacteria	Actinomycetota	Actinomycetes	Streptomycetales	Streptomycetaceae	Streptomyces	Streptomyces griseiscabiei	Streptomyces brasiliscabiei ZRIMU1321
GCA_037120255.1_ASM3712025v1_genomic	Bacteria	Actinomycetota	Actinomycetes	Streptomycetales	Streptomycetaceae	Streptomyces	Streptomyces griseiscabiei	Streptomyces brasiliscabiei ZRIMU791
GCA_037120315.1_ASM3712031v1_genomic	Bacteria	Actinomycetota	Actinomycetes	Streptomycetales	Streptomycetaceae	Streptomyces	Streptomyces griseiscabiei	Streptomyces brasiliscabiei ZRIMU1502
GCA_037126205.1_ASM3712620v1_genomic	Bacteria	Actinomycetota	Actinomycetes	Streptomycetales	Streptomycetaceae	Streptomyces	Streptomyces hygroscopicus	Streptomyces hygroscopicus subsp. hygroscopicus
GCA_037137275.1_ASM3713727v1_genomic	Bacteria	Actinomycetota	Actinomycetes	Streptomycetales	Streptomycetaceae	Streptomyces	Streptomyces sp.	Streptomyces pratensis TRM74023
GCA_037150555.1_ASM3715055v1_genomic	Bacteria	Actinomycetota	Actinomycetes	Streptomycetales	Streptomycetaceae	Streptomyces	Streptomyces sp000720175	Streptomyces sp. SCR1-8
GCA_037150635.1_ASM3715063v1_genomic	Bacteria	Actinomycetota	Actinomycetes	Streptomycetales	Streptomycetaceae	Streptomyces	Streptomyces sp026262575	Streptomyces sp. JWR5-1
GCA_037201975.1_TG1A-60_genomic	Bacteria	Actinomycetota	Actinomycetes	Streptomycetales	Streptomycetaceae	Streptomyces	Streptomyces sp.	Streptomyces sp. TG1A-60
GCA_037204005.1_ASM3720400v1_genomic	Bacteria	Actinomycetota	Actinomycetes	Streptomycetales	Streptomycetaceae	Streptomyces	Streptomyces sp003671715	Streptomyces sp. CCNWLW238
GCA_037204025.1_ASM3720402v1_genomic	Bacteria	Actinomycetota	Actinomycetes	Streptomycetales	Streptomycetaceae	Streptomyces	Streptomyces sp003671715	Streptomyces sp. CCNWLW237
GCA_037204065.1_ASM3720406v1_genomic	Bacteria	Actinomycetota	Actinomycetes	Streptomycetales	Streptomycetaceae	Streptomyces	Streptomyces sp003671715	Streptomyces sp. CCNWLW230
GCA_037413555.1_ASM3741355v1_genomic	Bacteria	Actinomycetota	Actinomycetes	Streptomycetales	Streptomycetaceae	Streptomyces	Streptomyces nigra	Streptomyces nigra LM01
GCA_037414505.1_Str_netropsis_B-235_v1_genomic	Bacteria	Actinomycetota	Actinomycetes	Streptomycetales	Streptomycetaceae	Streptomyces	Streptomyces netropsis	Streptomyces netropsis M-141
GCA_037860595.1_ASM3786059v1_genomic	Bacteria	Actinomycetota	Actinomycetes	Streptomycetales	Streptomycetaceae	Streptomyces	Streptomyces sp.	Streptomyces sp. MS1.AVA.1
GCA_037860615.1_ASM3786061v1_genomic	Bacteria	Actinomycetota	Actinomycetes	Streptomycetales	Streptomycetaceae	Streptomyces	Streptomyces sp026339835	Streptomyces sp. MS1.AVA.4
GCA_037892235.1_ASM3789223v1_genomic	Bacteria	Actinomycetota	Actinomycetes	Streptomycetales	Streptomycetaceae	Streptomyces	Streptomyces sp.	Streptomyces sp. MS2.AVA.5
GCA_037892385.1_ASM3789238v1_genomic	Bacteria	Actinomycetota	Actinomycetes	Streptomycetales	Streptomycetaceae	Streptomyces	Streptomyces sp.	Streptomyces sp. MS1.HAVA.3
GCA_037892445.1_ASM3789244v1_genomic	Bacteria	Actinomycetota	Actinomycetes	Streptomycetales	Streptomycetaceae	Streptomyces	Streptomyces decoyicus	Streptomyces sp. MS1.AVA.3
GCA_037911585.1_ASM3791158v1_genomic	Bacteria	Actinomycetota	Actinomycetes	Streptomycetales	Streptomycetaceae	Streptomyces	Streptomyces sp.	Streptomyces sp. GSL17-111
GCA_037940185.1_ASM3794018v1_genomic	Bacteria	Actinomycetota	Actinomycetes	Streptomycetales	Streptomycetaceae	Streptomyces	Streptomyces bacillaris	Streptomyces sp. F41
GCA_037940415.1_ASM3794041v1_genomic	Bacteria	Actinomycetota	Actinomycetes	Streptomycetales	Streptomycetaceae	Streptomyces	Streptomyces sp.	Streptomyces sp. f51
GCA_037993025.1_CRAB_SS7_1.0_genomic	Bacteria	Actinomycetota	Actinomycetes	Streptomycetales	Streptomycetaceae	Streptomyces	Streptomyces sp001514285	Streptomyces sp. SS7
GCA_037996625.1_ASM3799662v1_genomic	Bacteria	Actinomycetota	Actinomycetes	Streptomycetales	Streptomycetaceae	Kitasatospora	Kitasatospora purpeofusca	Kitasatospora purpeofusca XZF-2
GCA_037996685.1_ASM3799668v1_genomic	Bacteria	Actinomycetota	Actinomycetes	Streptomycetales	Streptomycetaceae	Streptomyces	Streptomyces yunnanensis	Streptomyces noursei D337-11
GCA_038116675.1_ASM3811667v1_genomic	Bacteria	Actinomycetota	Actinomycetes	Streptomycetales	Streptomycetaceae	Streptomyces	Streptomyces sp008042145	Streptomyces venezuelae B6
GCA_038242915.1_ASM3824291v1_genomic	Bacteria	Actinomycetota	Actinomycetes	Streptomycetales	Streptomycetaceae	Streptomyces	Streptomyces albidoflavus	Streptomyces albidoflavus RKJM-0023
GCA_038250085.1_R6500v01_genomic	Bacteria	Actinomycetota	Actinomycetes	Streptomycetales	Streptomycetaceae	Streptomyces	Streptomyces rimosus	Streptomyces rimosus R6-500
GCA_038252105.1_M4018v01_genomic	Bacteria	Actinomycetota	Actinomycetes	Streptomycetales	Streptomycetaceae	Streptomyces	Streptomyces rimosus	Streptomyces rimosus M4018
GCA_038405135.1_ASM3840513v1_genomic	Bacteria	Actinomycetota	Actinomycetes	Streptomycetales	Streptomycetaceae	Streptomyces	Streptomyces alboflavus	Streptomyces sp. LNU-CPARS28
GCA_038448545.1_ASM3844854v1_genomic	Bacteria	Actinomycetota	Actinomycetes	Streptomycetales	Streptomycetaceae	Streptomyces	Streptomyces sp.	Streptomyces sp. CLV115
GCA_038593545.1_ASM3859354v1_genomic	Bacteria	Actinomycetota	Actinomycetes	Streptomycetales	Streptomycetaceae	Streptomyces	Streptomyces albidoflavus	Streptomyces albidoflavus JAR6
GCA_038662715.1_ASM3866271v1_genomic	Bacteria	Actinomycetota	Actinomycetes	Streptomycetales	Streptomycetaceae	Streptomyces	Streptomyces albidoflavus	Streptomyces albidoflavus SC-3
GCA_039503195.1_ASM3950319v1_genomic	Bacteria	Actinomycetota	Actinomycetes	Streptomycetales	Streptomycetaceae	Streptomyces	Streptomyces mirabilis	Streptomyces mirabilis DC-KE8
GCA_039521085.1_ASM3952108v1_genomic	Bacteria	Actinomycetota	Actinomycetes	Streptomycetales	Streptomycetaceae	Kitasatospora	Kitasatospora atroaurantiaca	Kitasatospora atroaurantiaca JCM 3337
GCA_039521165.1_ASM3952116v1_genomic	Bacteria	Actinomycetota	Actinomycetes	Streptomycetales	Streptomycetaceae	Streptomyces	Streptomyces sp.	Streptomyces polychromogenes JCM 4505
GCA_039521185.1_ASM3952118v1_genomic	Bacteria	Actinomycetota	Actinomycetes	Streptomycetales	Streptomycetaceae	Streptomyces	Streptomyces olivoreticuli	Streptomyces blastmyceticus JCM 4565
GCA_039521205.1_ASM3952120v1_genomic	Bacteria	Actinomycetota	Actinomycetes	Streptomycetales	Streptomycetaceae	Streptomyces	Streptomyces sp.	Streptomyces luteireticuli JCM 4788
GCA_039521225.1_ASM3952122v1_genomic	Bacteria	Actinomycetota	Actinomycetes	Streptomycetales	Streptomycetaceae	Streptomyces	Streptomyces niger	Streptomyces olivaceiscleroticus JCM 4805
GCA_039521245.1_ASM3952124v1_genomic	Bacteria	Actinomycetota	Actinomycetes	Streptomycetales	Streptomycetaceae	Streptomyces	Streptomyces antimycoticus	Streptomyces mordarskii JCM 5052
GCA_039521265.1_ASM3952126v1_genomic	Bacteria	Actinomycetota	Actinomycetes	Streptomycetales	Streptomycetaceae	Streptomyces	Streptomyces sp.	Streptomyces crystallinus JCM 5067
GCA_039524635.1_ASM3952463v1_genomic	Bacteria	Actinomycetota	Actinomycetes	Streptomycetales	Streptomycetaceae	Streptomyces	Streptomyces sp.	Streptomyces thermocarboxydovorans JCM 10367
GCA_039524715.1_ASM3952471v1_genomic	Bacteria	Actinomycetota	Actinomycetes	Streptomycetales	Streptomycetaceae	Streptomyces	Streptomyces cellulosae	Streptomyces thermocarboxydus JCM 10368
GCA_039524815.1_ASM3952481v1_genomic	Bacteria	Actinomycetota	Actinomycetes	Streptomycetales	Streptomycetaceae	Streptomyces	Streptomyces turgidiscabies_A	Streptomyces turgidiscabies JCM 10429
GCA_039524935.1_ASM3952493v1_genomic	Bacteria	Actinomycetota	Actinomycetes	Streptomycetales	Streptomycetaceae	Streptomyces	Streptomyces sp.	Streptomyces stramineus JCM 10649
GCA_039525135.1_ASM3952513v1_genomic	Bacteria	Actinomycetota	Actinomycetes	Streptomycetales	Streptomycetaceae	Streptomyces	Streptomyces samsunensis	Streptomyces malaysiensis JCM 10672
GCA_039525155.1_ASM3952515v1_genomic	Bacteria	Actinomycetota	Actinomycetes	Streptomycetales	Streptomycetaceae	Streptomyces	Streptomyces thermovulgaris	Streptomyces thermoalcalitolerans JCM 10673
GCA_039525705.1_ASM3952570v1_genomic	Bacteria	Actinomycetota	Actinomycetes	Streptomycetales	Streptomycetaceae	Streptomyces	Streptomyces thermovulgaris	Streptomyces thermogriseus JCM 11269
GCA_039525745.1_ASM3952574v1_genomic	Bacteria	Actinomycetota	Actinomycetes	Streptomycetales	Streptomycetaceae	Streptomyces	Streptomyces murinus	Streptomyces murinus JCM 11306
GCA_039525865.1_ASM3952586v1_genomic	Bacteria	Actinomycetota	Actinomycetes	Streptomycetales	Streptomycetaceae	Streptomyces	Streptomyces asiaticus	Streptomyces asiaticus JCM 11443
GCA_039525885.1_ASM3952588v1_genomic	Bacteria	Actinomycetota	Actinomycetes	Streptomycetales	Streptomycetaceae	Streptomyces	Streptomyces asiaticus	Streptomyces cangkringensis JCM 11444
GCA_039525905.1_ASM3952590v1_genomic	Bacteria	Actinomycetota	Actinomycetes	Streptomycetales	Streptomycetaceae	Streptomyces	Streptomyces asiaticus	Streptomyces indonesiensis JCM 11445
GCA_039525925.1_ASM3952592v1_genomic	Bacteria	Actinomycetota	Actinomycetes	Streptomycetales	Streptomycetaceae	Streptomyces	Streptomyces asiaticus	Streptomyces javensis JCM 11446
GCA_039525945.1_ASM3952594v1_genomic	Bacteria	Actinomycetota	Actinomycetes	Streptomycetales	Streptomycetaceae	Streptomyces	Streptomyces asiaticus	Streptomyces rhizosphaericus JCM 11447
GCA_039525965.1_ASM3952596v1_genomic	Bacteria	Actinomycetota	Actinomycetes	Streptomycetales	Streptomycetaceae	Streptomyces	Streptomyces asiaticus	Streptomyces yogyakartensis JCM 11448
GCA_039526425.1_ASM3952642v1_genomic	Bacteria	Actinomycetota	Actinomycetes	Streptomycetales	Streptomycetaceae	Streptomyces	Streptomyces sp.	Streptomyces thermospinosisporus JCM 11756
GCA_039526835.1_ASM3952683v1_genomic	Bacteria	Actinomycetota	Actinomycetes	Streptomycetales	Streptomycetaceae	Streptomyces	Streptomyces beijiangensis	Streptomyces beijiangensis JCM 11882
GCA_039527695.1_ASM3952769v1_genomic	Bacteria	Actinomycetota	Actinomycetes	Streptomycetales	Streptomycetaceae	Kitasatospora	Kitasatospora sp.	Kitasatospora putterlickiae JCM 12393
GCA_039527835.1_ASM3952783v1_genomic	Bacteria	Actinomycetota	Actinomycetes	Streptomycetales	Streptomycetaceae	Streptomyces	Streptomyces sp026340095	Streptomyces aureus JCM 12605
GCA_039527855.1_ASM3952785v1_genomic	Bacteria	Actinomycetota	Actinomycetes	Streptomycetales	Streptomycetaceae	Streptomyces	Streptomyces sp003846175	Streptomyces sanglieri JCM 12607
GCA_039527935.1_ASM3952793v1_genomic	Bacteria	Actinomycetota	Actinomycetes	Streptomycetales	Streptomycetaceae	Streptomyces	Streptomyces sp000719775	Streptomyces hebeiensis JCM 12696
GCA_039528095.1_ASM3952809v1_genomic	Bacteria	Actinomycetota	Actinomycetes	Streptomycetales	Streptomycetaceae	Kitasatospora	Kitasatospora sp.	Kitasatospora arboriphila JCM 13002
GCA_039528115.1_ASM3952811v1_genomic	Bacteria	Actinomycetota	Actinomycetes	Streptomycetales	Streptomycetaceae	Kitasatospora	Kitasatospora gansuensis	Kitasatospora gansuensis JCM 13003
GCA_039528135.1_ASM3952813v1_genomic	Bacteria	Actinomycetota	Actinomycetes	Streptomycetales	Streptomycetaceae	Kitasatospora	Kitasatospora sp.	Kitasatospora nipponensis JCM 13004
GCA_039528375.1_ASM3952837v1_genomic	Bacteria	Actinomycetota	Actinomycetes	Streptomycetales	Streptomycetaceae	Streptomyces	Streptomyces yatensis	Streptomyces yatensis JCM 13244
GCA_039529215.1_ASM3952921v1_genomic	Bacteria	Actinomycetota	Actinomycetes	Streptomycetales	Streptomycetaceae	Streptomyces	Streptomyces sp.	Streptomyces sodiiphilus JCM 13581
GCA_039529395.1_ASM3952939v1_genomic	Bacteria	Actinomycetota	Actinomycetes	Streptomycetales	Streptomycetaceae	Streptomyces	Streptomyces albidochromogenes	Streptomyces albidochromogenes JCM 13858
GCA_039529415.1_ASM3952941v1_genomic	Bacteria	Actinomycetota	Actinomycetes	Streptomycetales	Streptomycetaceae	Streptomyces	Streptomyces sp003949955	Streptomyces globosus JCM 13859
GCA_039529535.1_ASM3952953v1_genomic	Bacteria	Actinomycetota	Actinomycetes	Streptomycetales	Streptomycetaceae	Kitasatospora	Kitasatospora viridis	Kitasatospora viridis JCM 14111
GCA_039529795.1_ASM3952979v1_genomic	Bacteria	Actinomycetota	Actinomycetes	Streptomycetales	Streptomycetaceae	Streptantibioticus	Streptantibioticus ferralitis	Streptantibioticus ferralitis JCM 14344
GCA_039529885.1_ASM3952988v1_genomic	Bacteria	Actinomycetota	Actinomycetes	Streptomycetales	Streptomycetaceae	Streptomyces	Streptomyces harbinensis	Streptomyces cheonanensis JCM 14549
GCA_039529925.1_ASM3952992v1_genomic	Bacteria	Actinomycetota	Actinomycetes	Streptomycetales	Streptomycetaceae	Kitasatospora	Kitasatospora sp.	Kitasatospora saccharophila JCM 14559
GCA_039529945.1_ASM3952994v1_genomic	Bacteria	Actinomycetota	Actinomycetes	Streptomycetales	Streptomycetaceae	Kitasatospora	Kitasatospora sp.	Kitasatospora kazusensis JCM 14560
GCA_039530525.1_ASM3953052v1_genomic	Bacteria	Actinomycetota	Actinomycetes	Streptomycetales	Streptomycetaceae	Streptomyces	Streptomyces tricolor	Streptomyces bangladeshensis JCM 14924
GCA_039530985.1_ASM3953098v1_genomic	Bacteria	Actinomycetota	Actinomycetes	Streptomycetales	Streptomycetaceae	Streptomyces	Streptomyces sp.	Streptomyces albiaxialis JCM 15478
GCA_039531005.1_ASM3953100v1_genomic	Bacteria	Actinomycetota	Actinomycetes	Streptomycetales	Streptomycetaceae	Streptomyces	Streptomyces sp000514715	Streptomyces synnematoformans JCM 15481
GCA_039531655.1_ASM3953165v1_genomic	Bacteria	Actinomycetota	Actinomycetes	Streptomycetales	Streptomycetaceae	Streptomyces	Streptomyces durmitorensis	Streptomyces durmitorensis JCM 16011
GCA_039532135.1_ASM3953213v1_genomic	Bacteria	Actinomycetota	Actinomycetes	Streptomycetales	Streptomycetaceae	Streptomyces	Streptomyces sp.	Streptomyces axinellae JCM 16373
GCA_039532155.1_ASM3953215v1_genomic	Bacteria	Actinomycetota	Actinomycetes	Streptomycetales	Streptomycetaceae	Streptomyces	Streptomyces sp.	Streptomyces lunalinharesii JCM 16374
GCA_039532425.1_ASM3953242v1_genomic	Bacteria	Actinomycetota	Actinomycetes	Streptomycetales	Streptomycetaceae	Streptomyces	Streptomyces paradoxus	Streptomyces paradoxus JCM 3052
GCA_039532485.1_ASM3953248v1_genomic	Bacteria	Actinomycetota	Actinomycetes	Streptomycetales	Streptomycetaceae	Streptomyces	Streptomyces indiaensis	Streptomyces indiaensis JCM 3053
GCA_039532645.1_ASM3953264v1_genomic	Bacteria	Actinomycetota	Actinomycetes	Streptomycetales	Streptomycetaceae	Streptomyces	Streptomyces tubercidicus	Streptomyces tubercidicus JCM 4054
GCA_039532665.1_ASM3953266v1_genomic	Bacteria	Actinomycetota	Actinomycetes	Streptomycetales	Streptomycetaceae	Streptomyces	Streptomyces inusitatus	Streptomyces amakusaensis JCM 4167
GCA_039532685.1_ASM3953268v1_genomic	Bacteria	Actinomycetota	Actinomycetes	Streptomycetales	Streptomycetaceae	Streptomyces	Streptomyces sp.	Streptomyces hawaiiensis JCM 4172
GCA_039532705.1_ASM3953270v1_genomic	Bacteria	Actinomycetota	Actinomycetes	Streptomycetales	Streptomycetaceae	Streptomyces	Streptomyces sparsogenes	Streptomyces cuspidosporus JCM 4316
GCA_039532725.1_ASM3953272v1_genomic	Bacteria	Actinomycetota	Actinomycetes	Streptomycetales	Streptomycetaceae	Streptomyces	Streptomyces coeruleorubidus	Streptomyces coeruleofuscus JCM 4358
GCA_039532745.1_ASM3953274v1_genomic	Bacteria	Actinomycetota	Actinomycetes	Streptomycetales	Streptomycetaceae	Streptomyces	Streptomyces albulus_A	Streptomyces lavendulocolor JCM 4390
GCA_039532765.1_ASM3953276v1_genomic	Bacteria	Actinomycetota	Actinomycetes	Streptomycetales	Streptomycetaceae	Streptomyces	Streptomyces sp.	Streptomyces longisporus JCM 4395
GCA_039532785.1_ASM3953278v1_genomic	Bacteria	Actinomycetota	Actinomycetes	Streptomycetales	Streptomycetaceae	Streptomyces	Streptomyces albidoflavus	Streptomyces intermedius JCM 4483
GCA_039532805.1_ASM3953280v1_genomic	Bacteria	Actinomycetota	Actinomycetes	Streptomycetales	Streptomycetaceae	Streptomyces	Streptomyces violaceus	Streptomyces roseoviolaceus JCM 4513
GCA_039532825.1_ASM3953282v1_genomic	Bacteria	Actinomycetota	Actinomycetes	Streptomycetales	Streptomycetaceae	Streptomyces	Streptomyces sp.	Streptomyces vastus JCM 4524
GCA_039532845.1_ASM3953284v1_genomic	Bacteria	Actinomycetota	Actinomycetes	Streptomycetales	Streptomycetaceae	Streptomyces	Streptomyces anthocyanicus	Streptomyces violaceolatus JCM 4531
GCA_039532865.1_ASM3953286v1_genomic	Bacteria	Actinomycetota	Actinomycetes	Streptomycetales	Streptomycetaceae	Streptomyces	Streptomyces sp.	Streptomyces luteosporeus JCM 4542
GCA_039532885.1_ASM3953288v1_genomic	Bacteria	Actinomycetota	Actinomycetes	Streptomycetales	Streptomycetaceae	Streptomyces	Streptomyces sp.	Streptomyces nogalater JCM 4799
GCA_039532905.1_ASM3953290v1_genomic	Bacteria	Actinomycetota	Actinomycetes	Streptomycetales	Streptomycetaceae	Streptomyces	Streptomyces ruber	Streptomyces roseiscleroticus JCM 4823
GCA_039532925.1_ASM3953292v1_genomic	Bacteria	Actinomycetota	Actinomycetes	Streptomycetales	Streptomycetaceae	Streptomyces	Streptomyces violaceusniger	Streptomyces violaceusniger JCM 4850
GCA_039532945.1_ASM3953294v1_genomic	Bacteria	Actinomycetota	Actinomycetes	Streptomycetales	Streptomycetaceae	Streptomyces	Streptomyces sp001509795	Streptomyces viridochromogenes JCM 4856
GCA_039532965.1_ASM3953296v1_genomic	Bacteria	Actinomycetota	Actinomycetes	Streptomycetales	Streptomycetaceae	Streptomyces	Streptomyces violascens	Streptomyces mauvecolor JCM 5002
GCA_039532985.1_ASM3953298v1_genomic	Bacteria	Actinomycetota	Actinomycetes	Streptomycetales	Streptomycetaceae	Streptomyces	Streptomyces sp.	Streptomyces gobitricini JCM 5062
GCA_039533005.1_ASM3953300v1_genomic	Bacteria	Actinomycetota	Actinomycetes	Streptomycetales	Streptomycetaceae	Streptomyces	Streptomyces sp031181555	Streptomyces fimbriatus JCM 5080
GCA_039533045.1_ASM3953304v1_genomic	Bacteria	Actinomycetota	Actinomycetes	Streptomycetales	Streptomycetaceae	Streptomyces	Streptomyces aculeolatus	Streptomyces aculeolatus JCM 6055
GCA_039533145.1_ASM3953314v1_genomic	Bacteria	Actinomycetota	Actinomycetes	Streptomycetales	Streptomycetaceae	Streptomyces	Streptomyces sp.	Streptomyces macrosporus JCM 6305
GCA_039533165.1_ASM3953316v1_genomic	Bacteria	Actinomycetota	Actinomycetes	Streptomycetales	Streptomycetaceae	SCUT-3	SCUT-3 sp014083985	Streptomyces thermolineatus JCM 6307
GCA_039533285.1_ASM3953328v1_genomic	Bacteria	Actinomycetota	Actinomycetes	Streptomycetales	Streptomycetaceae	Streptomyces	Streptomyces sp001905725	Streptomyces atrovirens JCM 6913
GCA_039533305.1_ASM3953330v1_genomic	Bacteria	Actinomycetota	Actinomycetes	Streptomycetales	Streptomycetaceae	Streptomyces	Streptomyces caniferus	Streptomyces caniferus JCM 6914
GCA_039533325.1_ASM3953332v1_genomic	Bacteria	Actinomycetota	Actinomycetes	Streptomycetales	Streptomycetaceae	Streptomyces	Streptomyces harbinensis	Streptomyces carpaticus JCM 6915
GCA_039533345.1_ASM3953334v1_genomic	Bacteria	Actinomycetota	Actinomycetes	Streptomycetales	Streptomycetaceae	Streptomyces	Streptomyces sp.	Streptomyces glaucosporus JCM 6921
GCA_039533365.1_ASM3953336v1_genomic	Bacteria	Actinomycetota	Actinomycetes	Streptomycetales	Streptomycetaceae	Streptomyces	Streptomyces sp.	Streptomyces glaucus JCM 6922
GCA_039533385.1_ASM3953338v1_genomic	Bacteria	Actinomycetota	Actinomycetes	Streptomycetales	Streptomycetaceae	Streptomyces	Streptomyces murinus	Streptomyces graminearus JCM 6923
GCA_039533405.1_ASM3953340v1_genomic	Bacteria	Actinomycetota	Actinomycetes	Streptomycetales	Streptomycetaceae	Streptomyces	Streptomyces sp002237655	Streptomyces levis JCM 6924
GCA_039533425.1_ASM3953342v1_genomic	Bacteria	Actinomycetota	Actinomycetes	Streptomycetales	Streptomycetaceae	Streptomyces	Streptomyces lienomycini	Streptomyces lienomycini JCM 6925
GCA_039533455.1_ASM3953345v1_genomic	Bacteria	Actinomycetota	Actinomycetes	Streptomycetales	Streptomycetaceae	Streptomyces	Streptomyces spororaveus	Streptomyces spororaveus JCM 6928
GCA_039533515.1_ASM3953351v1_genomic	Bacteria	Actinomycetota	Actinomycetes	Streptomycetales	Streptomycetaceae	Kitasatospora	Kitasatospora sp.	Kitasatospora cystarginea JCM 7356
GCA_039533535.1_ASM3953353v1_genomic	Bacteria	Actinomycetota	Actinomycetes	Streptomycetales	Streptomycetaceae	Streptomyces	Streptomyces sp.	Streptomyces kunmingensis JCM 7473
GCA_039533575.1_ASM3953357v1_genomic	Bacteria	Actinomycetota	Actinomycetes	Streptomycetales	Streptomycetaceae	Streptomyces	Streptomyces sp900091725	Streptomyces pulveraceus JCM 7545
GCA_039533705.1_ASM3953370v1_genomic	Bacteria	Actinomycetota	Actinomycetes	Streptomycetales	Streptomycetaceae	Kitasatospora	Kitasatospora paracochleata	Kitasatospora cinereorecta JCM 8799
GCA_039533725.1_ASM3953372v1_genomic	Bacteria	Actinomycetota	Actinomycetes	Streptomycetales	Streptomycetaceae	Kitasatospora	Kitasatospora paracochleata	Kitasatospora paracochleata JCM 8800
GCA_039533765.1_ASM3953376v1_genomic	Bacteria	Actinomycetota	Actinomycetes	Streptomycetales	Streptomycetaceae	Streptomyces	Streptomyces sp.	Streptomyces enissocaesilis JCM 9088
GCA_039533785.1_ASM3953378v1_genomic	Bacteria	Actinomycetota	Actinomycetes	Streptomycetales	Streptomycetaceae	Streptomyces	Streptomyces fulvorobeus	Streptomyces fulvorobeus JCM 9090
GCA_039533805.1_ASM3953380v1_genomic	Bacteria	Actinomycetota	Actinomycetes	Streptomycetales	Streptomycetaceae	Streptomyces	Streptomyces glomeratus	Streptomyces glomeratus JCM 9091
GCA_039533825.1_ASM3953382v1_genomic	Bacteria	Actinomycetota	Actinomycetes	Streptomycetales	Streptomycetaceae	Streptomyces	Streptomyces sp.	Streptomyces rectiviolaceus JCM 9092
GCA_039533845.1_ASM3953384v1_genomic	Bacteria	Actinomycetota	Actinomycetes	Streptomycetales	Streptomycetaceae	Streptomyces	Streptomyces calvus	Streptomyces virens JCM 9095
GCA_039534145.1_ASM3953414v1_genomic	Bacteria	Actinomycetota	Actinomycetes	Streptomycetales	Streptomycetaceae	Streptomyces	Streptomyces griseoincarnatus	Streptomyces labedae JCM 9381
GCA_039534285.1_ASM3953428v1_genomic	Bacteria	Actinomycetota	Actinomycetes	Streptomycetales	Streptomycetaceae	Streptomyces	Streptomyces griseoincarnatus	Streptomyces erythrogriseus JCM 9650
GCA_039534405.1_ASM3953440v1_genomic	Bacteria	Actinomycetota	Actinomycetes	Streptomycetales	Streptomycetaceae	Streptomyces	Streptomyces lavendulae	Streptomyces lavendulae subsp. grasserius
GCA_039534425.1_ASM3953442v1_genomic	Bacteria	Actinomycetota	Actinomycetes	Streptomycetales	Streptomycetaceae	Kitasatospora	Kitasatospora sp.	Kitasatospora aburaviensis JCM 4613
GCA_039534465.1_ASM3953446v1_genomic	Bacteria	Actinomycetota	Actinomycetes	Streptomycetales	Streptomycetaceae	Streptomyces	Streptomyces sp.	Kitasatospora cinereorecta JCM 6916
GCA_039534485.1_ASM3953448v1_genomic	Bacteria	Actinomycetota	Actinomycetes	Streptomycetales	Streptomycetaceae	Kitasatospora	Kitasatospora sp.	Streptomyces lactacystinicus JCM 10101
GCA_039534525.1_ASM3953452v1_genomic	Bacteria	Actinomycetota	Actinomycetes	Streptomycetales	Streptomycetaceae	Streptomyces	Streptomyces sp.	Streptomyces rameus JCM 11574
GCA_039534585.1_ASM3953458v1_genomic	Bacteria	Actinomycetota	Actinomycetes	Streptomycetales	Streptomycetaceae	Streptomyces	Streptomyces mexicanus	Streptomyces mexicanus JCM 12681
GCA_039534625.1_ASM3953462v1_genomic	Bacteria	Actinomycetota	Actinomycetes	Streptomycetales	Streptomycetaceae	Streptomyces	Streptomyces sp900105515	Streptomyces drozdowiczii JCM 13580
GCA_039534835.1_ASM3953483v1_genomic	Bacteria	Actinomycetota	Actinomycetes	Streptomycetales	Streptomycetaceae	Streptomyces	Streptomyces violaceus	Streptomyces violaceus JCM 4533
GCA_039534915.1_ASM3953491v1_genomic	Bacteria	Actinomycetota	Actinomycetes	Streptomycetales	Streptomycetaceae	Streptomyces	Streptomyces sp.	Streptomyces roseofulvus JCM 4334
GCA_039534935.1_ASM3953493v1_genomic	Bacteria	Actinomycetota	Actinomycetes	Streptomycetales	Streptomycetaceae	Streptomyces	Streptomyces echinatus	Streptomyces echinatus JCM 4144
GCA_039534955.1_ASM3953495v1_genomic	Bacteria	Actinomycetota	Actinomycetes	Streptomycetales	Streptomycetaceae	Streptomyces	Streptomyces sp.	Streptomyces ramulosus JCM 4193
GCA_039535195.1_ASM3953519v1_genomic	Bacteria	Actinomycetota	Actinomycetes	Streptomycetales	Streptomycetaceae	Streptomyces	Streptomyces antimycoticus	Streptomyces antimycoticus JCM 4228
GCA_039535215.1_ASM3953521v1_genomic	Bacteria	Actinomycetota	Actinomycetes	Streptomycetales	Streptomycetaceae	Streptomyces	Streptomyces sp000158895	Streptomyces racemochromogenes JCM 4407
GCA_039535235.1_ASM3953523v1_genomic	Bacteria	Actinomycetota	Actinomycetes	Streptomycetales	Streptomycetaceae	Streptomyces	Streptomyces sp.	Streptomyces roseoviridis JCM 4414
GCA_039535415.1_ASM3953541v1_genomic	Bacteria	Actinomycetota	Actinomycetes	Streptomycetales	Streptomycetaceae	Streptomyces	Streptomyces sp026339735	Streptomyces yanii JCM 3331
GCA_039535435.1_ASM3953543v1_genomic	Bacteria	Actinomycetota	Actinomycetes	Streptomycetales	Streptomycetaceae	Streptomyces	Streptomyces sp.	Streptomyces cremeus JCM 4362
GCA_039535475.1_ASM3953547v1_genomic	Bacteria	Actinomycetota	Actinomycetes	Streptomycetales	Streptomycetaceae	Streptomyces	Streptomyces showdoensis	Streptomyces showdoensis JCM 4830
GCA_039535705.1_ASM3953570v1_genomic	Bacteria	Actinomycetota	Actinomycetes	Streptomycetales	Streptomycetaceae	Streptomyces	Streptomyces olivoverticillatus	Streptomyces olivoverticillatus JCM 4100
GCA_039535885.1_ASM3953588v1_genomic	Bacteria	Actinomycetota	Actinomycetes	Streptomycetales	Streptomycetaceae	Streptomyces	Streptomyces sp000177195	Streptomyces flavovirens JCM 4578
GCA_039535905.1_ASM3953590v1_genomic	Bacteria	Actinomycetota	Actinomycetes	Streptomycetales	Streptomycetaceae	Kitasatospora	Kitasatospora sp.	Kitasatospora albolonga JCM 4716
GCA_039535925.1_ASM3953592v1_genomic	Bacteria	Actinomycetota	Actinomycetes	Streptomycetales	Streptomycetaceae	Streptomyces	Streptomyces goshikiensis	Streptomyces goshikiensis JCM 6929
GCA_039535965.1_ASM3953596v1_genomic	Bacteria	Actinomycetota	Actinomycetes	Streptomycetales	Streptomycetaceae	Streptomyces	Streptomyces sp023072675	Streptomyces thermocoprophilus JCM 10918
GCA_039536025.1_ASM3953602v1_genomic	Bacteria	Actinomycetota	Actinomycetes	Streptomycetales	Streptomycetaceae	Streptomyces	Streptomyces sp.	Streptomyces cinereospinus JCM 6917
GCA_039536205.1_ASM3953620v1_genomic	Bacteria	Actinomycetota	Actinomycetes	Streptomycetales	Streptomycetaceae	Streptomyces	Streptomyces sp.	Streptomyces sannanensis JCM 9651
GCA_039536645.1_ASM3953664v1_genomic	Bacteria	Actinomycetota	Actinomycetes	Streptomycetales	Streptomycetaceae	Streptomyces	Streptomyces sp.	Streptomyces chiangmaiensis JCM 16577
GCA_039536665.1_ASM3953666v1_genomic	Bacteria	Actinomycetota	Actinomycetes	Streptomycetales	Streptomycetaceae	Streptomyces	Streptomyces sp001507435	Streptomyces lannensis JCM 16578
GCA_039537025.1_ASM3953702v1_genomic	Bacteria	Actinomycetota	Actinomycetes	Streptomycetales	Streptomycetaceae	Streptomyces	Streptomyces sedi	Streptomyces sedi JCM 16909
GCA_039537125.1_ASM3953712v1_genomic	Bacteria	Actinomycetota	Actinomycetes	Streptomycetales	Streptomycetaceae	Streptomyces	Streptomyces sp030817655	Streptomyces plumbiresistens JCM 16924
GCA_039537145.1_ASM3953714v1_genomic	Bacteria	Actinomycetota	Actinomycetes	Streptomycetales	Streptomycetaceae	Streptomyces	Streptomyces cyaneochromogenes	Streptomyces shaanxiensis JCM 16925
GCA_039537365.1_ASM3953736v1_genomic	Bacteria	Actinomycetota	Actinomycetes	Streptomycetales	Streptomycetaceae	Streptomyces	Streptomyces sp031178505	Streptomyces gulbargensis JCM 16956
GCA_039538105.1_ASM3953810v1_genomic	Bacteria	Actinomycetota	Actinomycetes	Streptomycetales	Streptomycetaceae	Streptomyces	Streptomyces sp002803085	Streptomyces hundungensis JCM 17577
GCA_039538125.1_ASM3953812v1_genomic	Bacteria	Actinomycetota	Actinomycetes	Streptomycetales	Streptomycetaceae	Streptomyces	Streptomyces griseoincarnatus	Streptomyces tunisiensis JCM 17589
GCA_039538545.1_ASM3953854v1_genomic	Bacteria	Actinomycetota	Actinomycetes	Streptomycetales	Streptomycetaceae	Streptomyces	Streptomyces chartreusis	Streptomyces osmaniensis JCM 17656
GCA_039539045.1_ASM3953904v1_genomic	Bacteria	Actinomycetota	Actinomycetes	Streptomycetales	Streptomycetaceae	Streptomyces	Streptomyces sp.	Streptomyces marokkonensis JCM 17027
GCA_039539465.1_ASM3953946v1_genomic	Bacteria	Actinomycetota	Actinomycetes	Streptomycetales	Streptomycetaceae	Streptomyces	Streptomyces coacervatus	Streptomyces coacervatus JCM 17138
GCA_039539725.1_ASM3953972v1_genomic	Bacteria	Actinomycetota	Actinomycetes	Streptomycetales	Streptomycetaceae	Streptomyces	Streptomyces iranensis	Streptomyces iranensis JCM 17327
GCA_039540175.1_ASM3954017v1_genomic	Bacteria	Actinomycetota	Actinomycetes	Streptomycetales	Streptomycetaceae	Streptomyces	Streptomyces chitinivorans	Streptomyces chitinivorans JCM 30611
GCA_039540215.1_ASM3954021v1_genomic	Bacteria	Actinomycetota	Actinomycetes	Streptomycetales	Streptomycetaceae	Streptomyces	Streptomyces sp.	Streptomyces tremellae JCM 30846
GCA_039540235.1_ASM3954023v1_genomic	Bacteria	Actinomycetota	Actinomycetes	Streptomycetales	Streptomycetaceae	Streptomyces	Streptomyces phyllanthi	Streptomyces phyllanthi JCM 30865
GCA_039540255.1_ASM3954025v1_genomic	Bacteria	Actinomycetota	Actinomycetes	Streptomycetales	Streptomycetaceae	Streptomyces	Streptomyces lacrimifluminis	Streptomyces lacrimifluminis JCM 31054
GCA_039540295.1_ASM3954029v1_genomic	Bacteria	Actinomycetota	Actinomycetes	Streptomycetales	Streptomycetaceae	Streptomyces	Streptomyces viridochromogenes_B	Streptomyces venetus JCM 31290
GCA_039540655.1_ASM3954065v1_genomic	Bacteria	Actinomycetota	Actinomycetes	Streptomycetales	Streptomycetaceae	Streptomyces	Streptomyces collinus	Streptomyces collinus JCM 4361
GCA_039541755.1_ASM3954175v1_genomic	Bacteria	Actinomycetota	Actinomycetes	Streptomycetales	Streptomycetaceae	Streptomyces	Streptomyces anthocyanicus	Streptomyces violaceoruber JCM 4423
GCA_039542605.1_ASM3954260v1_genomic	Bacteria	Actinomycetota	Actinomycetes	Streptomycetales	Streptomycetaceae	Streptomyces	Streptomyces sp.	Streptomyces ziwulingensis JCM 18081
GCA_039542905.1_ASM3954290v1_genomic	Bacteria	Actinomycetota	Actinomycetes	Streptomycetales	Streptomycetaceae	Kitasatospora	Kitasatospora sp.	Kitasatospora terrestris JCM 13006
GCA_039542925.1_ASM3954292v1_genomic	Bacteria	Actinomycetota	Actinomycetes	Streptomycetales	Streptomycetaceae	Streptomyces	Streptomyces sp.	Streptomyces coeruleoprunus JCM 6919
GCA_039542965.1_ASM3954296v1_genomic	Bacteria	Actinomycetota	Actinomycetes	Streptomycetales	Streptomycetaceae	Streptomyces	Streptomyces hyderabadensis	Streptomyces hyderabadensis JCM 17657
GCA_039543405.1_ASM3954340v1_genomic	Bacteria	Actinomycetota	Actinomycetes	Streptomycetales	Streptomycetaceae	Streptomyces	Streptomyces sp003671715	Streptomyces thinghirensis JCM 18306
GCA_039543425.1_ASM3954342v1_genomic	Bacteria	Actinomycetota	Actinomycetes	Streptomycetales	Streptomycetaceae	Streptomyces	Streptomyces buecherae	Streptomyces youssoufiensis JCM 18307
GCA_039543485.1_ASM3954348v1_genomic	Bacteria	Actinomycetota	Actinomycetes	Streptomycetales	Streptomycetaceae	Streptomyces	Streptomyces sp024497955	Streptomyces sanyensis JCM 18324
GCA_039543605.1_ASM3954360v1_genomic	Bacteria	Actinomycetota	Actinomycetes	Streptomycetales	Streptomycetaceae	Streptomyces	Streptomyces sp002300165	Streptomyces siamensis JCM 18409
GCA_039543625.1_ASM3954362v1_genomic	Bacteria	Actinomycetota	Actinomycetes	Streptomycetales	Streptomycetaceae	Streptomyces	Streptomyces seoulensis_A	Streptomyces similanensis JCM 18410
GCA_039543805.1_ASM3954380v1_genomic	Bacteria	Actinomycetota	Actinomycetes	Streptomycetales	Streptomycetaceae	Streptomyces	Streptomyces chumphonensis	Streptomyces chumphonensis JCM 18522
GCA_039544005.1_ASM3954400v1_genomic	Bacteria	Actinomycetota	Actinomycetes	Streptomycetales	Streptomycetaceae	Kitasatospora	Kitasatospora sp.	Kitasatospora paranensis JCM 13005
GCA_039544735.1_ASM3954473v1_genomic	Bacteria	Actinomycetota	Actinomycetes	Streptomycetales	Streptomycetaceae	Streptomyces	Streptomyces griseus	Streptomyces griseus NBRC 12875
GCA_039544755.1_ASM3954475v1_genomic	Bacteria	Actinomycetota	Actinomycetes	Streptomycetales	Streptomycetaceae	Streptomyces	Streptomyces platensis	Streptomyces platensis NBRC 12901
GCA_039544815.1_ASM3954481v1_genomic	Bacteria	Actinomycetota	Actinomycetes	Streptomycetales	Streptomycetaceae	Streptomyces	Streptomyces avermitilis	Streptomyces avermitilis NBRC 14893
GCA_039581505.1_ASM3958150v1_genomic	Bacteria	Actinomycetota	Actinomycetes	Streptomycetales	Streptomycetaceae	Streptomyces	Streptomyces rimosus	Streptomyces rimosus ED65
GCA_039605595.1_ASM3960559v1_genomic	Bacteria	Actinomycetota	Actinomycetes	Streptomycetales	Streptomycetaceae	Streptomyces	Streptomyces sp.	Streptomyces sp. ODS28
GCA_039634375.1_USP-BRB040_genomic	Bacteria	Actinomycetota	Actinomycetes	Streptomycetales	Streptomycetaceae	Streptomyces	Streptomyces coelicoflavus	Streptomyces sp. BRB040
GCA_039636755.1_ASM3963675v1_genomic	Bacteria	Actinomycetota	Actinomycetes	Streptomycetales	Streptomycetaceae	Streptomyces	Streptomyces sp003116725	Streptomyces sp. DSS69
GCA_039649645.1_ASM3964964v1_genomic	Bacteria	Actinomycetota	Actinomycetes	Streptomycetales	Streptomycetaceae	Streptomyces	Streptomyces sp016598575	Streptomyces sp. ZYX-F-203
GCA_039766235.1_ASM3976623v1_genomic	Bacteria	Actinomycetota	Actinomycetes	Streptomycetales	Streptomycetaceae	Streptomyces	Streptomyces sp.	Streptomyces sp. 21So2-11
GCA_039871525.1_ASM3987152v1_genomic	Bacteria	Actinomycetota	Actinomycetes	Streptomycetales	Streptomycetaceae	Streptomyces	Streptomyces sp.	Streptomyces sp. B6B3
GCA_039871555.1_ASM3987155v1_genomic	Bacteria	Actinomycetota	Actinomycetes	Streptomycetales	Streptomycetaceae	Streptomyces	Streptomyces sp.	Streptomyces sp. B5E4
GCA_039871565.1_ASM3987156v1_genomic	Bacteria	Actinomycetota	Actinomycetes	Streptomycetales	Streptomycetaceae	Streptomyces	Streptomyces sp.	Streptomyces sp. B8F3
GCA_039871835.1_ASM3987183v1_genomic	Bacteria	Actinomycetota	Actinomycetes	Streptomycetales	Streptomycetaceae	Streptomyces	Streptomyces sp001011035	Streptomyces sp. B22F1
GCA_039888735.1_ASM3988873v1_genomic	Bacteria	Actinomycetota	Actinomycetes	Streptomycetales	Streptomycetaceae	Streptomyces	Streptomyces sp.	Streptomyces sp. CAU 1734
GCA_040114435.1_ASM4011443v1_genomic	Bacteria	Actinomycetota	Actinomycetes	Streptomycetales	Streptomycetaceae	Streptomyces	Streptomyces rapamycinicus	Streptomyces rapamycinicus CQUSh011
GCA_040120715.1_ASM4012071v1_genomic	Bacteria	Actinomycetota	Actinomycetes	Streptomycetales	Streptomycetaceae	Streptomyces	Streptomyces albidoflavus	Streptomyces sp. YIM 103828
GCA_040137785.1_ASM4013778v1_genomic	Bacteria	Actinomycetota	Actinomycetes	Streptomycetales	Streptomycetaceae	Streptomyces	Streptomyces bacillaris	Streptomyces cavourensis 60S
GCA_040152105.1_ASM4015210v1_genomic	Bacteria	Actinomycetota	Actinomycetes	Streptomycetales	Streptomycetaceae	Streptomyces	Streptomyces salinarius	Streptomyces salinarius Lnu-12
GCA_040203675.1_Bin.001.fasta_assembly_genomic	Bacteria	Actinomycetota	Actinomycetes	Streptomycetales	Streptomycetaceae	Streptomyces	Streptomyces sp000527195	Streptomyces sp. OP7
GCA_040240285.1_ASM4024028v1_genomic	Bacteria	Actinomycetota	Actinomycetes	Streptomycetales	Streptomycetaceae	Streptomyces	Streptomyces sp.	Streptomyces sp. HSW2009
GCA_040253615.1_ASM4025361v1_genomic	Bacteria	Actinomycetota	Actinomycetes	Streptomycetales	Streptomycetaceae	Streptomyces	Streptomyces sp.	Streptomyces sp. Edi4
GCA_040253635.1_ASM4025363v1_genomic	Bacteria	Actinomycetota	Actinomycetes	Streptomycetales	Streptomycetaceae	Streptomyces	Streptomyces sp.	Streptomyces sp. Edi2
GCA_040253725.1_ASM4025372v1_genomic	Bacteria	Actinomycetota	Actinomycetes	Streptomycetales	Streptomycetaceae	Streptomyces	Streptomyces microflavus	Streptomyces microflavus WY141
GCA_040446465.1_ASM4044646v1_genomic	Bacteria	Actinomycetota	Actinomycetes	Streptomycetales	Streptomycetaceae	Streptomyces	Streptomyces sp.	Streptomyces sp. RG80
GCA_040529335.1_ASM4052933v1_genomic	Bacteria	Actinomycetota	Actinomycetes	Streptomycetales	Streptomycetaceae	Streptomyces	Streptomyces sp.	Streptomyces sp. HUAS MG91
GCA_040537935.1_ASM4053793v1_genomic	Bacteria	Actinomycetota	Actinomycetes	Streptomycetales	Streptomycetaceae	Streptomyces	Streptomyces harbinensis	Streptomyces harbinensis OP7
GCA_040547435.1_ASM4054743v1_genomic	Bacteria	Actinomycetota	Actinomycetes	Streptomycetales	Streptomycetaceae	Streptomyces	Streptomyces sp.	Streptomyces sp. PvR034
GCA_040549125.1_ASM4054912v1_genomic	Bacteria	Actinomycetota	Actinomycetes	Streptomycetales	Streptomycetaceae	Streptomyces	Streptomyces fungicidicus	Streptomyces sp. PvP037
GCA_040549235.1_ASM4054923v1_genomic	Bacteria	Actinomycetota	Actinomycetes	Streptomycetales	Streptomycetaceae	Streptomyces	Streptomyces microflavus	Streptomyces sp. PvR018
GCA_040549255.1_ASM4054925v1_genomic	Bacteria	Actinomycetota	Actinomycetes	Streptomycetales	Streptomycetaceae	Streptomyces	Streptomyces sp000719575	Streptomyces atratus PvR053
GCA_040556325.1_A612_genomic	Bacteria	Actinomycetota	Actinomycetes	Streptomycetales	Streptomycetaceae	Streptomyces	Streptomyces parvus	Streptomyces parvus A612
GCA_040560175.1_ASM4056017v1_genomic	Bacteria	Actinomycetota	Actinomycetes	Streptomycetales	Streptomycetaceae	Streptomyces	Streptomyces sp.	Streptomyces sp. PSRA5
GCA_040571325.1_ASM4057132v1_genomic	Bacteria	Actinomycetota	Actinomycetes	Streptomycetales	Streptomycetaceae	Kitasatospora	Kitasatospora sp.	Kitasatospora sp. HUAS MG31
GCA_040571425.1_ASM4057142v1_genomic	Bacteria	Actinomycetota	Actinomycetes	Streptomycetales	Streptomycetaceae	Streptomyces	Streptomyces parvus	Streptomyces sp. JL1001
GCA_040676235.1_ASM4067623v1_genomic	Bacteria	Actinomycetota	Actinomycetes	Streptomycetales	Streptomycetaceae	Streptomyces	Streptomyces ossamyceticus	Streptomyces ossamyceticus LMF1-1-1.1
GCA_040730185.1_ASM4073018v1_genomic	Bacteria	Actinomycetota	Actinomycetes	Streptomycetales	Streptomycetaceae	Streptomyces	Streptomyces sp.	Streptomyces sp. Je 1-332
GCA_040742845.1_ASM4074284v1_genomic	Bacteria	Actinomycetota	Actinomycetes	Streptomycetales	Streptomycetaceae	Streptomyces	Streptomyces klenkii	Streptomyces sp. STD57
GCA_040746085.1_ASM4074608v1_genomic	Bacteria	Actinomycetota	Actinomycetes	Streptomycetales	Streptomycetaceae	Streptomyces	Streptomyces sp003665095	Streptomyces phytohabitans HBERC20821
GCA_040750195.1_ASM4075019v1_genomic	Bacteria	Actinomycetota	Actinomycetes	Streptomycetales	Streptomycetaceae	Streptomyces	Streptomyces bikiniensis	Streptomyces cinereoruber UTDF22-16-39
GCA_040750255.1_ASM4075025v1_genomic	Bacteria	Actinomycetota	Actinomycetes	Streptomycetales	Streptomycetaceae	Streptomyces	Streptomyces cyaneofuscatus	Streptomyces cyaneofuscatus UTDF22-4-2
GCA_040750315.1_ASM4075031v1_genomic	Bacteria	Actinomycetota	Actinomycetes	Streptomycetales	Streptomycetaceae	Streptomyces	Streptomyces virginiae	Streptomyces virginiae UTDF21-MLD
GCA_040750355.1_ASM4075035v1_genomic	Bacteria	Actinomycetota	Actinomycetes	Streptomycetales	Streptomycetaceae	Streptomyces	Streptomyces hydrogenans	Streptomyces hydrogenans UTDF21-MLA
GCA_040750495.1_ASM4075049v1_genomic	Bacteria	Actinomycetota	Actinomycetes	Streptomycetales	Streptomycetaceae	Streptomyces	Streptomyces sennicomposti	Streptomyces sp. 16-176A
GCA_040782645.1_ASM4078264v1_genomic	Bacteria	Actinomycetota	Actinomycetes	Streptomycetales	Streptomycetaceae	Streptomyces	Streptomyces sp.	Streptomyces sp. HUAS ZL42
GCA_040796665.1_ASM4079666v1_genomic	Bacteria	Actinomycetota	Actinomycetes	Streptomycetales	Streptomycetaceae	Streptomyces	Streptomyces tanashiensis	Streptomyces tanashiensis DSM 40314
GCA_040815545.1_ASM4081554v1_genomic	Bacteria	Actinomycetota	Actinomycetes	Streptomycetales	Streptomycetaceae	Streptomyces	Streptomyces sp.	Streptomyces sp. LMG1-1-1.1
GCA_040819605.1_ASM4081960v1_genomic	Bacteria	Actinomycetota	Actinomycetes	Streptomycetales	Streptomycetaceae	Streptomyces	Streptomyces rochei	Streptomyces rochei SR1102
GCA_040907265.1_ASM4090726v1_genomic	Bacteria	Actinomycetota	Actinomycetes	Streptomycetales	Streptomycetaceae	Streptomyces	Streptomyces sclerotialus	Streptomyces sclerotialus NRRL ISP-5269
GCA_040932245.1_ASM4093224v1_genomic	Bacteria	Actinomycetota	Actinomycetes	Streptomycetales	Streptomycetaceae	Streptomyces	Streptomyces sioyaensis	Streptomyces sp. C184
GCA_040932295.1_ASM4093229v1_genomic	Bacteria	Actinomycetota	Actinomycetes	Streptomycetales	Streptomycetaceae	Streptomyces	Streptomyces triculaminicus_A	Streptomyces sp. C36
GCA_040989845.1_ASM4098984v1_genomic	Bacteria	Actinomycetota	Actinomycetes	Streptomycetales	Streptomycetaceae	Streptomyces	Streptomyces rubiginosohelvolus	Streptomyces sp. WGS_02
GCA_041014795.1_ASM4101479v1_genomic	Bacteria	Actinomycetota	Actinomycetes	Streptomycetales	Streptomycetaceae	Streptomyces	Streptomyces californicus	Streptomyces californicus DJ09
GCA_041020245.1_ASM4102024v1_genomic	Bacteria	Actinomycetota	Actinomycetes	Streptomycetales	Streptomycetaceae	Streptomyces	Streptomyces sp002078175	Streptomyces sp. Midd1
GCA_041021105.1_ASM4102110v1_genomic	Bacteria	Actinomycetota	Actinomycetes	Streptomycetales	Streptomycetaceae	Streptomyces	Streptomyces sp.	Streptomyces sp. NEAU-BLH26
GCA_041021135.1_ASM4102113v1_genomic	Bacteria	Actinomycetota	Actinomycetes	Streptomycetales	Streptomycetaceae	Streptomyces	Streptomyces klenkii	Streptomyces klenkii STD57
GCA_041028145.1_ASM4102814v1_genomic	Bacteria	Actinomycetota	Actinomycetes	Streptomycetales	Streptomycetaceae	Streptomyces	Streptomyces sp.	Streptomyces djakartensis PU_KB8-2
GCA_041028165.1_ASM4102816v1_genomic	Bacteria	Actinomycetota	Actinomycetes	Streptomycetales	Streptomycetaceae	Streptomyces	Streptomyces mutabilis	Streptomyces mutabilis PU_KB6-10
GCA_041028215.1_ASM4102821v1_genomic	Bacteria	Actinomycetota	Actinomycetes	Streptomycetales	Streptomycetaceae	Streptomyces	Streptomyces sp.	Streptomyces flavofungini PU_SAS22
GCA_041028235.1_ASM4102823v1_genomic	Bacteria	Actinomycetota	Actinomycetes	Streptomycetales	Streptomycetaceae	Streptomyces	Streptomyces californicus	Streptomyces sp. AFD10
GCA_041028275.1_ASM4102827v1_genomic	Bacteria	Actinomycetota	Actinomycetes	Streptomycetales	Streptomycetaceae	Streptomyces	Streptomyces sp.	Streptomyces sp. PU-14G
GCA_041051855.1_Strbol_genomic	Bacteria	Actinomycetota	Actinomycetes	Streptomycetales	Streptomycetaceae	Streptomyces	Streptomyces bobili	Streptomyces bobili GDT1
GCA_041051885.1_ASM4105188v1_genomic	Bacteria	Actinomycetota	Actinomycetes	Streptomycetales	Streptomycetaceae	Streptomyces	Streptomyces pseudogriseolus	Streptomyces sp. R02
GCA_041051895.1_ASM4105189v1_genomic	Bacteria	Actinomycetota	Actinomycetes	Streptomycetales	Streptomycetaceae	Streptomyces	Streptomyces sp016893485	Streptomyces sp. R08
GCA_041051905.1_ASM4105190v1_genomic	Bacteria	Actinomycetota	Actinomycetes	Streptomycetales	Streptomycetaceae	Streptomyces	Streptomyces sp.	Streptomyces sp. R11
GCA_041051945.1_ASM4105194v1_genomic	Bacteria	Actinomycetota	Actinomycetes	Streptomycetales	Streptomycetaceae	Streptomyces	Streptomyces pseudogriseolus	Streptomyces sp. R17
GCA_041051975.1_ASM4105197v1_genomic	Bacteria	Actinomycetota	Actinomycetes	Streptomycetales	Streptomycetaceae	Streptomyces	Streptomyces sp.	Streptomyces sp. R21
GCA_041052385.1_ASM4105238v1_genomic	Bacteria	Actinomycetota	Actinomycetes	Streptomycetales	Streptomycetaceae	Streptomyces	Streptomyces sp.	Streptomyces sp. R28
GCA_041053035.1_ASM4105303v1_genomic	Bacteria	Actinomycetota	Actinomycetes	Streptomycetales	Streptomycetaceae	Streptomyces	Streptomyces sp.	Streptomyces sp. R35
GCA_041053045.1_ASM4105304v1_genomic	Bacteria	Actinomycetota	Actinomycetes	Streptomycetales	Streptomycetaceae	Streptomyces	Streptomyces shenzhenensis	Streptomyces sp. R39
GCA_041053055.1_ASM4105305v1_genomic	Bacteria	Actinomycetota	Actinomycetes	Streptomycetales	Streptomycetaceae	Streptomyces	Streptomyces sp.	Streptomyces sp. R41
GCA_041053105.1_ASM4105310v1_genomic	Bacteria	Actinomycetota	Actinomycetes	Streptomycetales	Streptomycetaceae	Streptomyces	Streptomyces sp.	Streptomyces sp. R44
GCA_041053115.1_ASM4105311v1_genomic	Bacteria	Actinomycetota	Actinomycetes	Streptomycetales	Streptomycetaceae	Kitasatospora	Kitasatospora rubellomurina	Streptomyces sp. Y1
GCA_041080625.1_ASM4108062v1_genomic	Bacteria	Actinomycetota	Actinomycetes	Streptomycetales	Streptomycetaceae	Streptomyces	Streptomyces sp.	Streptomyces sp. CG1
GCA_041080655.1_ASM4108065v1_genomic	Bacteria	Actinomycetota	Actinomycetes	Streptomycetales	Streptomycetaceae	Streptomyces	Streptomyces sp.	Streptomyces sp. CG4
GCA_041080665.1_ASM4108066v1_genomic	Bacteria	Actinomycetota	Actinomycetes	Streptomycetales	Streptomycetaceae	Streptomyces	Streptomyces sp019774615	Streptomyces sp. cg2
GCA_041080675.1_ASM4108067v1_genomic	Bacteria	Actinomycetota	Actinomycetes	Streptomycetales	Streptomycetaceae	Streptomyces	Streptomyces sp.	Streptomyces sp. cg36
GCA_041106235.1_ASM4110623v1_genomic	Bacteria	Actinomycetota	Actinomycetes	Streptomycetales	Streptomycetaceae	Streptomyces	Streptomyces sp.	Streptomyces sp. BF23-18
GCA_041106295.1_ASM4110629v1_genomic	Bacteria	Actinomycetota	Actinomycetes	Streptomycetales	Streptomycetaceae	Streptomyces	Streptomyces virginiae_A	Streptomyces sp. BF23-30
GCA_041106355.1_ASM4110635v1_genomic	Bacteria	Actinomycetota	Actinomycetes	Streptomycetales	Streptomycetaceae	Streptomyces	Streptomyces virginiae_A	Streptomyces sp. BF23-19
GCA_041199445.1_ASM4119944v1_genomic	Bacteria	Actinomycetota	Actinomycetes	Streptomycetales	Streptomycetaceae	Streptomyces	Streptomyces albidoflavus	Streptomyces sp. PGLac3x
GCA_041200175.1_ASM4120017v1_genomic	Bacteria	Actinomycetota	Actinomycetes	Streptomycetales	Streptomycetaceae	Streptomyces	Streptomyces katrae_B	Streptomyces sp. R33
GCA_041204945.1_ASM4120494v1_genomic	Bacteria	Actinomycetota	Actinomycetes	Streptomycetales	Streptomycetaceae	Streptomyces	Streptomyces pilosus	Streptomyces pilosus AARac2
GCA_041260625.1_ASM4126062v1_genomic	Bacteria	Actinomycetota	Actinomycetes	Streptomycetales	Streptomycetaceae	Kitasatospora	Kitasatospora sp029892095	Kitasatospora sp. MAP12-22
GCA_041260745.1_ASM4126074v1_genomic	Bacteria	Actinomycetota	Actinomycetes	Streptomycetales	Streptomycetaceae	Streptacidiphilus	Streptacidiphilus sp.	Streptacidiphilus sp. MAP5-52
GCA_041261225.1_ASM4126122v1_genomic	Bacteria	Actinomycetota	Actinomycetes	Streptomycetales	Streptomycetaceae	Streptomyces	Streptomyces sp.	Streptomyces sp. V4I8
GCA_041261265.1_ASM4126126v1_genomic	Bacteria	Actinomycetota	Actinomycetes	Streptomycetales	Streptomycetaceae	Streptacidiphilus	Streptacidiphilus sp.	Streptacidiphilus sp. MAP12-33
GCA_041261385.1_ASM4126138v1_genomic	Bacteria	Actinomycetota	Actinomycetes	Streptomycetales	Streptomycetaceae	Streptomyces	Streptomyces calvus	Streptomyces calvus SAI-214
GCA_041261405.1_ASM4126140v1_genomic	Bacteria	Actinomycetota	Actinomycetes	Streptomycetales	Streptomycetaceae	Streptacidiphilus	Streptacidiphilus sp004365705	Streptacidiphilus sp. EB103A
GCA_041261465.1_ASM4126146v1_genomic	Bacteria	Actinomycetota	Actinomycetes	Streptomycetales	Streptomycetaceae	Streptomyces	Streptomyces albogriseolus	Streptomyces albogriseolus SAI-173
GCA_041261565.1_ASM4126156v1_genomic	Bacteria	Actinomycetota	Actinomycetes	Streptomycetales	Streptomycetaceae	Kitasatospora	Kitasatospora sp029892155	Kitasatospora sp. GAS206B
GCA_041262165.1_ASM4126216v1_genomic	Bacteria	Actinomycetota	Actinomycetes	Streptomycetales	Streptomycetaceae	Streptacidiphilus	Streptacidiphilus sp.	Streptacidiphilus sp. MAP12-16
GCA_041262485.1_ASM4126248v1_genomic	Bacteria	Actinomycetota	Actinomycetes	Streptomycetales	Streptomycetaceae	Streptacidiphilus	Streptacidiphilus sp.	Streptacidiphilus sp. BW17
GCA_041262505.1_ASM4126250v1_genomic	Bacteria	Actinomycetota	Actinomycetes	Streptomycetales	Streptomycetaceae	Streptacidiphilus	Streptacidiphilus sp.	Streptacidiphilus sp. MAP5-3
GCA_041262525.1_ASM4126252v1_genomic	Bacteria	Actinomycetota	Actinomycetes	Streptomycetales	Streptomycetaceae	Streptacidiphilus	Streptacidiphilus sp.	Streptacidiphilus sp. MAP12-20
GCA_041262605.1_ASM4126260v1_genomic	Bacteria	Actinomycetota	Actinomycetes	Streptomycetales	Streptomycetaceae	Kitasatospora	Kitasatospora sp029892155	Kitasatospora sp. GAS1066B
GCA_041262645.1_ASM4126264v1_genomic	Bacteria	Actinomycetota	Actinomycetes	Streptomycetales	Streptomycetaceae	Streptacidiphilus	Streptacidiphilus sp.	Streptacidiphilus sp. EB129
GCA_041270065.1_ASM4127006v1_genomic	Bacteria	Actinomycetota	Actinomycetes	Streptomycetales	Streptomycetaceae	Streptomyces	Streptomyces sp026236535	Streptomyces fradiae T2-24
GCA_041276375.1_ASM4127637v1_genomic	Bacteria	Actinomycetota	Actinomycetes	Streptomycetales	Streptomycetaceae	Streptomyces	Streptomyces althioticus	Streptomyces griseorubens 32638_91863
GCA_041283565.1_ASM4128356v1_genomic	Bacteria	Actinomycetota	Actinomycetes	Streptomycetales	Streptomycetaceae	Streptomyces	Streptomyces syringius	Streptomyces sp. QH1-20
GCA_041320455.1_ASM4132045v1_genomic	Bacteria	Actinomycetota	Actinomycetes	Streptomycetales	Streptomycetaceae	Streptomyces	Streptomyces tendae	Streptomyces sp. IBSBF 2507
GCA_041363955.1_ASM4136395v1_genomic	Bacteria	Actinomycetota	Actinomycetes	Streptomycetales	Streptomycetaceae	Streptomyces	Streptomyces sp003846175	Streptomyces sanglieri PU_15B
GCA_041363995.1_ASM4136399v1_genomic	Bacteria	Actinomycetota	Actinomycetes	Streptomycetales	Streptomycetaceae	Streptomyces	Streptomyces sp002114215	Streptomyces sp. PU_AKi4
GCA_041365895.1_ASM4136589v1_genomic	Bacteria	Actinomycetota	Actinomycetes	Streptomycetales	Streptomycetaceae	Streptomyces	Streptomyces iranensis	Streptomyces rapamycinicus NEAU-383
GCA_041380215.1_ASM4138021v1_genomic	Bacteria	Actinomycetota	Actinomycetes	Streptomycetales	Streptomycetaceae	Streptomyces	Streptomyces sp.	Streptomyces pimonensis TRM75549
GCA_041402325.1_ASM4140232v1_genomic	Bacteria	Actinomycetota	Actinomycetes	Streptomycetales	Streptomycetaceae	Streptomyces	Streptomyces sp001293595	Streptomyces sp. AD55
GCA_041402685.1_ASM4140268v1_genomic	Bacteria	Actinomycetota	Actinomycetes	Streptomycetales	Streptomycetaceae	Streptomyces	Streptomyces althioticus	Streptomyces sp. MAD19A
GCA_041431075.1_ASM4143107v1_genomic	Bacteria	Actinomycetota	Actinomycetes	Streptomycetales	Streptomycetaceae	Streptomyces	Streptomyces clavifer	Streptomyces clavifer NBC 00607
GCA_041431095.1_ASM4143109v1_genomic	Bacteria	Actinomycetota	Actinomycetes	Streptomycetales	Streptomycetaceae	Streptomyces	Streptomyces sp.	Streptomyces sp. NBC_00597
GCA_041431115.1_ASM4143111v1_genomic	Bacteria	Actinomycetota	Actinomycetes	Streptomycetales	Streptomycetaceae	Streptomyces	Streptomyces sp026341825	Streptomyces sp. NBC_00564
GCA_041431135.1_ASM4143113v1_genomic	Bacteria	Actinomycetota	Actinomycetes	Streptomycetales	Streptomycetaceae	Streptomyces	Streptomyces sp026341825	Streptomyces sp. NBC_00554
GCA_041431155.1_ASM4143115v1_genomic	Bacteria	Actinomycetota	Actinomycetes	Streptomycetales	Streptomycetaceae	Streptomyces	Streptomyces longwoodensis	Streptomyces longwoodensis NBC 00538
GCA_041431415.1_ASM4143141v1_genomic	Bacteria	Actinomycetota	Actinomycetes	Streptomycetales	Streptomycetaceae	Streptomyces	Streptomyces sp001279725	Streptomyces sp. NBC_00513
GCA_041432505.1_ASM4143250v1_genomic	Bacteria	Actinomycetota	Actinomycetes	Streptomycetales	Streptomycetaceae	Streptomyces	Streptomyces virginiae_A	Streptomyces virginiae NBC 00488
GCA_041433975.1_ASM4143397v1_genomic	Bacteria	Actinomycetota	Actinomycetes	Streptomycetales	Streptomycetaceae	Streptomyces	Streptomyces sp026341035	Streptomyces sp. NBC_00470
GCA_041433995.1_ASM4143399v1_genomic	Bacteria	Actinomycetota	Actinomycetes	Streptomycetales	Streptomycetaceae	Streptomyces	Streptomyces sp.	Streptomyces sp. NBC_00466
GCA_041434015.1_ASM4143401v1_genomic	Bacteria	Actinomycetota	Actinomycetes	Streptomycetales	Streptomycetaceae	Streptomyces	Streptomyces sp.	Streptomyces sp. NBC_00454
GCA_041434035.1_ASM4143403v1_genomic	Bacteria	Actinomycetota	Actinomycetes	Streptomycetales	Streptomycetaceae	Streptomyces	Streptomyces tubercidicus	Streptomyces tubercidicus NBC 00383
GCA_041434935.1_ASM4143493v1_genomic	Bacteria	Actinomycetota	Actinomycetes	Streptomycetales	Streptomycetaceae	Kitasatospora	Kitasatospora sp.	Kitasatospora sp. NBC_00374
GCA_041435015.1_ASM4143501v1_genomic	Bacteria	Actinomycetota	Actinomycetes	Streptomycetales	Streptomycetaceae	Streptomyces	Streptomyces sp.	Streptomyces canus NBC 00349
GCA_041435055.1_ASM4143505v1_genomic	Bacteria	Actinomycetota	Actinomycetes	Streptomycetales	Streptomycetaceae	Streptomyces	Streptomyces sp001905365	Streptomyces sp. NBC_00341
GCA_041435075.1_ASM4143507v1_genomic	Bacteria	Actinomycetota	Actinomycetes	Streptomycetales	Streptomycetaceae	Streptomyces	Streptomyces virginiae_A	Streptomyces virginiae NBC 00324
GCA_041435095.1_ASM4143509v1_genomic	Bacteria	Actinomycetota	Actinomycetes	Streptomycetales	Streptomycetaceae	Kitasatospora	Kitasatospora sp.	Kitasatospora sp. NBC_00315
GCA_041435115.1_ASM4143511v1_genomic	Bacteria	Actinomycetota	Actinomycetes	Streptomycetales	Streptomycetaceae	Streptomyces	Streptomyces sp.	Streptomyces sp. NBC_00289
GCA_041435135.1_ASM4143513v1_genomic	Bacteria	Actinomycetota	Actinomycetes	Streptomycetales	Streptomycetaceae	Streptomyces	Streptomyces sp.	Streptomyces sp. NBC_00280
GCA_041435155.1_ASM4143515v1_genomic	Bacteria	Actinomycetota	Actinomycetes	Streptomycetales	Streptomycetaceae	Streptomyces	Streptomyces zaomyceticus	Streptomyces zaomyceticus NBC 00278
GCA_041435175.1_ASM4143517v1_genomic	Bacteria	Actinomycetota	Actinomycetes	Streptomycetales	Streptomycetaceae	Streptomyces	Streptomyces virginiae_A	Streptomyces virginiae NBC 00226
GCA_041435195.1_ASM4143519v1_genomic	Bacteria	Actinomycetota	Actinomycetes	Streptomycetales	Streptomycetaceae	Streptomyces	Streptomyces sp.	Streptomyces sp. NBC_00224
GCA_041435215.1_ASM4143521v1_genomic	Bacteria	Actinomycetota	Actinomycetes	Streptomycetales	Streptomycetaceae	Streptomyces	Streptomyces sp.	Streptomyces sp. NBC_01314
GCA_041435235.1_ASM4143523v1_genomic	Bacteria	Actinomycetota	Actinomycetes	Streptomycetales	Streptomycetaceae	Kitasatospora	Kitasatospora sp001625365	Kitasatospora sp. NBC_01300
GCA_041435335.1_ASM4143533v1_genomic	Bacteria	Actinomycetota	Actinomycetes	Streptomycetales	Streptomycetaceae	Streptomyces	Streptomyces sp.	Streptomyces sp. NBC_01283
GCA_041435355.1_ASM4143535v1_genomic	Bacteria	Actinomycetota	Actinomycetes	Streptomycetales	Streptomycetaceae	Streptomyces	Streptomyces sp.	Streptomyces sp. NBC_01276
GCA_041435375.1_ASM4143537v1_genomic	Bacteria	Actinomycetota	Actinomycetes	Streptomycetales	Streptomycetaceae	Streptomyces	Streptomyces albidoflavus	Streptomyces albidoflavus NBC_01274
GCA_041435395.1_ASM4143539v1_genomic	Bacteria	Actinomycetota	Actinomycetes	Streptomycetales	Streptomycetaceae	Streptomyces	Streptomyces sp001905365	Streptomyces sp. NBC_01259
GCA_041435415.1_ASM4143541v1_genomic	Bacteria	Actinomycetota	Actinomycetes	Streptomycetales	Streptomycetaceae	Streptomyces	Streptomyces mirabilis	Streptomyces mirabilis NBC_01248
GCA_041435435.1_ASM4143543v1_genomic	Bacteria	Actinomycetota	Actinomycetes	Streptomycetales	Streptomycetaceae	Streptomyces	Streptomyces sp026340885	Streptomyces sp. NBC_01241
GCA_041435455.1_ASM4143545v1_genomic	Bacteria	Actinomycetota	Actinomycetes	Streptomycetales	Streptomycetaceae	Streptomyces	Streptomyces poriferorum	Streptomyces sp. NBC_01220
GCA_041435475.1_ASM4143547v1_genomic	Bacteria	Actinomycetota	Actinomycetes	Streptomycetales	Streptomycetaceae	Streptomyces	Streptomyces sp008042155	Streptomyces sp. NBC_01213
GCA_041435495.1_ASM4143549v1_genomic	Bacteria	Actinomycetota	Actinomycetes	Streptomycetales	Streptomycetaceae	Streptomyces	Streptomyces sp.	Streptomyces sp. NBC_01116
GCA_041435515.1_ASM4143551v1_genomic	Bacteria	Actinomycetota	Actinomycetes	Streptomycetales	Streptomycetaceae	Streptomyces	Streptomyces rhizosphaerihabitans	Streptomyces sp. NBC_01007
GCA_041438585.1_ASM4143858v1_genomic	Bacteria	Actinomycetota	Actinomycetes	Streptomycetales	Streptomycetaceae	Streptomyces	Streptomyces albidoflavus	Streptomyces albidoflavus NBC 01791
GCA_041438605.1_ASM4143860v1_genomic	Bacteria	Actinomycetota	Actinomycetes	Streptomycetales	Streptomycetaceae	Streptomyces	Streptomyces albidoflavus	Streptomyces albidoflavus NBC 01790
GCA_041438645.1_ASM4143864v1_genomic	Bacteria	Actinomycetota	Actinomycetes	Streptomycetales	Streptomycetaceae	Streptomyces	Streptomyces cellulosae	Streptomyces cellulosae NBC 01778
GCA_041438665.1_ASM4143866v1_genomic	Bacteria	Actinomycetota	Actinomycetes	Streptomycetales	Streptomycetaceae	Streptomyces	Streptomyces albidoflavus	Streptomyces albidoflavus NBC 01747
GCA_041438685.1_ASM4143868v1_genomic	Bacteria	Actinomycetota	Actinomycetes	Streptomycetales	Streptomycetaceae	Streptomyces	Streptomyces sp003846175	Streptomyces sp. NBC_01732
GCA_041438725.1_ASM4143872v1_genomic	Bacteria	Actinomycetota	Actinomycetes	Streptomycetales	Streptomycetaceae	Streptomyces	Streptomyces sp900116325	Streptomyces sp. NBC_01718
GCA_041438805.1_ASM4143880v1_genomic	Bacteria	Actinomycetota	Actinomycetes	Streptomycetales	Streptomycetaceae	Streptomyces	Streptomyces sp900116325	Streptomyces sp. NBC_01707
GCA_041438825.1_ASM4143882v1_genomic	Bacteria	Actinomycetota	Actinomycetes	Streptomycetales	Streptomycetaceae	Streptomyces	Streptomyces albidoflavus	Streptomyces albidoflavus NBC 01692
GCA_041438845.1_ASM4143884v1_genomic	Bacteria	Actinomycetota	Actinomycetes	Streptomycetales	Streptomycetaceae	Streptomyces	Streptomyces albidoflavus	Streptomyces albidoflavus NBC_01616
GCA_041438865.1_ASM4143886v1_genomic	Bacteria	Actinomycetota	Actinomycetes	Streptomycetales	Streptomycetaceae	Streptomyces	Streptomyces sp.	Streptomyces sp. NBC_01471
GCA_041438905.1_ASM4143890v1_genomic	Bacteria	Actinomycetota	Actinomycetes	Streptomycetales	Streptomycetaceae	Streptomyces	Streptomyces sp001905365	Streptomyces sp. NBC_01438
GCA_041438945.1_ASM4143894v1_genomic	Bacteria	Actinomycetota	Actinomycetes	Streptomycetales	Streptomycetaceae	Streptomyces	Streptomyces sp026343345	Streptomyces sp. NBC_01397
GCA_041439005.1_ASM4143900v1_genomic	Bacteria	Actinomycetota	Actinomycetes	Streptomycetales	Streptomycetaceae	Streptomyces	Streptomyces griseoaurantiacus	Streptomyces griseoaurantiacus NBC_01366
GCA_041447365.1_ASM4144736v1_genomic	Bacteria	Actinomycetota	Actinomycetes	Streptomycetales	Streptomycetaceae	Streptomyces	Streptomyces rochei	Streptomyces rochei 8ER183
GCA_041519305.1_ASM4151930v1_genomic	Bacteria	Actinomycetota	Actinomycetes	Streptomycetales	Streptomycetaceae	Streptomyces	Streptomyces sp.	Streptomyces luteireticuli ASG80
GCA_041537965.1_ASM4153796v1_genomic	Bacteria	Actinomycetota	Actinomycetes	Streptomycetales	Streptomycetaceae	Streptomyces	Streptomyces sp026340095	Streptomyces aureus CACIA-1.46HGO
GCA_041538145.1_ASM4153814v1_genomic	Bacteria	Actinomycetota	Actinomycetes	Streptomycetales	Streptomycetaceae	Streptomyces	Streptomyces sp.	Streptomyces sp. MMCC 100
GCA_041695395.1_ASM4169539v1_genomic	Bacteria	Actinomycetota	Actinomycetes	Streptomycetales	Streptomycetaceae	Streptomyces	Streptomyces xanthophaeus_A	Streptomyces sp. NRRL S-448
GCA_041695405.1_ASM4169540v1_genomic	Bacteria	Actinomycetota	Actinomycetes	Streptomycetales	Streptomycetaceae	Streptomyces	Streptomyces sp.	Streptomyces sp. NRRL B-2790
GCA_041862005.1_ASM4186200v1_genomic	Bacteria	Actinomycetota	Actinomycetes	Streptomycetales	Streptomycetaceae	Streptomyces	Streptomyces sp.	Streptomyces sp. AGS-58
GCA_041862025.1_ASM4186202v1_genomic	Bacteria	Actinomycetota	Actinomycetes	Streptomycetales	Streptomycetaceae	Streptomyces	Streptomyces sp.	Streptomyces sp. AB3(2024)
GCA_041894675.1_ASM4189467v1_genomic	Bacteria	Actinomycetota	Actinomycetes	Streptomycetales	Streptomycetaceae	Streptomyces	Streptomyces chrestomyceticus	Streptomyces chrestomyceticus GCAL-9
GCA_041937565.1_FIM95_F1_genomic	Bacteria	Actinomycetota	Actinomycetes	Streptomycetales	Streptomycetaceae	Streptomyces	Streptomyces fradiae	Streptomyces fradiae W444
GCA_041950195.1_Streptomyces_sp._FH1_genomic	Bacteria	Actinomycetota	Actinomycetes	Streptomycetales	Streptomycetaceae	Streptomyces	Streptomyces harbinensis	Streptomyces carpaticus FH1
GCA_042325135.1_ASM4232513v1_genomic	Bacteria	Actinomycetota	Actinomycetes	Streptomycetales	Streptomycetaceae	Streptomyces	Streptomyces sp018070565	Streptomyces broussonetiae A57
GCA_042325165.1_ASM4232516v1_genomic	Bacteria	Actinomycetota	Actinomycetes	Streptomycetales	Streptomycetaceae	Streptomyces	Streptomyces sp008973465	Streptomyces nigra A90
GCA_042325185.1_ASM4232518v1_genomic	Bacteria	Actinomycetota	Actinomycetes	Streptomycetales	Streptomycetaceae	Streptomyces	Streptomyces parvulus	Streptomyces parvulus A03
GCA_042325195.1_ASM4232519v1_genomic	Bacteria	Actinomycetota	Actinomycetes	Streptomycetales	Streptomycetaceae	Streptomyces	Streptomyces albogriseolus	Streptomyces albogriseolus A45
GCA_042428625.1_ASM4242862v1_genomic	Bacteria	Actinomycetota	Actinomycetes	Streptomycetales	Streptomycetaceae	Streptomyces	Streptomyces spiralis	Streptomyces spiralis JCM 3302
GCA_042429225.1_ASM4242922v1_genomic	Bacteria	Actinomycetota	Actinomycetes	Streptomycetales	Streptomycetaceae	Streptomyces	Streptomyces sp023072675	Streptomyces thermocoprophilus JCM 10918
GCA_042430225.1_ASM4243022v1_genomic	Bacteria	Actinomycetota	Actinomycetes	Streptomycetales	Streptomycetaceae	Kitasatospora	Kitasatospora sp.	Kitasatospora albolonga JCM 4716
GCA_042430705.1_ASM4243070v1_genomic	Bacteria	Actinomycetota	Actinomycetes	Streptomycetales	Streptomycetaceae	Streptomyces	Streptomyces goshikiensis	Streptomyces goshikiensis JCM 6929
GCA_042430725.1_ASM4243072v1_genomic	Bacteria	Actinomycetota	Actinomycetes	Streptomycetales	Streptomycetaceae	Streptomyces	Streptomyces sp.	Streptomyces cinereospinus JCM 6917
GCA_042430745.1_ASM4243074v1_genomic	Bacteria	Actinomycetota	Actinomycetes	Streptomycetales	Streptomycetaceae	Streptomyces	Streptomyces aurantiacus	Streptomyces aurantiacus JCM 4677
GCA_042430765.1_ASM4243076v1_genomic	Bacteria	Actinomycetota	Actinomycetes	Streptomycetales	Streptomycetaceae	Streptomyces	Streptomyces tuirus	Streptomyces tuirus JCM 4255
GCA_042430785.1_ASM4243078v1_genomic	Bacteria	Actinomycetota	Actinomycetes	Streptomycetales	Streptomycetaceae	Streptomyces	Streptomyces violaceus	Streptomyces violaceus JCM 4533
GCA_042430825.1_ASM4243082v1_genomic	Bacteria	Actinomycetota	Actinomycetes	Streptomycetales	Streptomycetaceae	Streptomyces	Streptomyces sp000158895	Streptomyces racemochromogenes JCM 4407
GCA_042430845.1_ASM4243084v1_genomic	Bacteria	Actinomycetota	Actinomycetes	Streptomycetales	Streptomycetaceae	Streptomyces	Streptomyces antimycoticus	Streptomyces antimycoticus JCM 4228
GCA_042430865.1_ASM4243086v1_genomic	Bacteria	Actinomycetota	Actinomycetes	Streptomycetales	Streptomycetaceae	Streptomyces	Streptomyces sp.	Streptomyces roseoviridis JCM 4414
GCA_042430885.1_ASM4243088v1_genomic	Bacteria	Actinomycetota	Actinomycetes	Streptomycetales	Streptomycetaceae	Streptomyces	Streptomyces showdoensis	Streptomyces showdoensis JCM 4830
GCA_042430905.1_ASM4243090v1_genomic	Bacteria	Actinomycetota	Actinomycetes	Streptomycetales	Streptomycetaceae	Streptomyces	Streptomyces sp.	Streptomyces cremeus JCM 4362
GCA_042430925.1_ASM4243092v1_genomic	Bacteria	Actinomycetota	Actinomycetes	Streptomycetales	Streptomycetaceae	Streptomyces	Streptomyces echinatus	Streptomyces echinatus JCM 4144
GCA_042430935.1_ASM4243093v1_genomic	Bacteria	Actinomycetota	Actinomycetes	Streptomycetales	Streptomycetaceae	Streptomyces	Streptomyces purpureus	Streptomyces purpureus JCM 3172
GCA_042430985.1_ASM4243098v1_genomic	Bacteria	Actinomycetota	Actinomycetes	Streptomycetales	Streptomycetaceae	Streptomyces	Streptomyces sp.	Streptomyces roseofulvus JCM 4334
GCA_042431005.1_ASM4243100v1_genomic	Bacteria	Actinomycetota	Actinomycetes	Streptomycetales	Streptomycetaceae	Streptomyces	Streptomyces filamentosus	Streptomyces filamentosus JCM 4122
GCA_042431145.1_ASM4243114v1_genomic	Bacteria	Actinomycetota	Actinomycetes	Streptomycetales	Streptomycetaceae	Streptomyces	Streptomyces sp026339735	Streptomyces yanii JCM 3331
GCA_042431185.1_ASM4243118v1_genomic	Bacteria	Actinomycetota	Actinomycetes	Streptomycetales	Streptomycetaceae	Streptomyces	Streptomyces sp.	Streptomyces coeruleoprunus JCM 6919
GCA_042431345.1_ASM4243134v1_genomic	Bacteria	Actinomycetota	Actinomycetes	Streptomycetales	Streptomycetaceae	Streptomyces	Streptomyces caelestis_A	Streptomyces heliomycini JCM 9767
GCA_042431885.1_ASM4243188v1_genomic	Bacteria	Actinomycetota	Actinomycetes	Streptomycetales	Streptomycetaceae	Streptomyces	Streptomyces actinomycinicus	Streptomyces actinomycinicus PCU 342
GCA_042433635.1_ASM4243363v1_genomic	Bacteria	Actinomycetota	Actinomycetes	Streptomycetales	Streptomycetaceae	Streptomyces	Streptomyces mutabilis	Streptomyces mutabilis JCM 4400
GCA_042434075.1_ASM4243407v1_genomic	Bacteria	Actinomycetota	Actinomycetes	Streptomycetales	Streptomycetaceae	Streptomyces	Streptomyces palmae	Streptomyces palmae TBRC 1999
GCA_042434885.1_ASM4243488v1_genomic	Bacteria	Actinomycetota	Actinomycetes	Streptomycetales	Streptomycetaceae	Streptomyces	Streptomyces griseoluteus	Streptomyces griseoluteus JCM 4765
GCA_042434995.1_ASM4243499v1_genomic	Bacteria	Actinomycetota	Actinomycetes	Streptomycetales	Streptomycetaceae	Streptomyces	Streptomyces melanogenes	Streptomyces noboritoensis JCM 4557
GCA_042447705.1_ASM4244770v1_genomic	Bacteria	Actinomycetota	Actinomycetes	Streptomycetales	Streptomycetaceae	Streptomyces	Streptomyces albidoflavus	Streptomyces albidoflavus S20
GCA_042464855.1_ASM4246485v1_genomic	Bacteria	Actinomycetota	Actinomycetes	Streptomycetales	Streptomycetaceae	Streptomyces	Streptomyces prasinus	Streptomyces sp. Sce081
GCA_042465085.1_ASM4246508v1_genomic	Bacteria	Actinomycetota	Actinomycetes	Streptomycetales	Streptomycetaceae	Streptomyces	Streptomyces albulus_C	Streptomyces noursei Ah11601
GCA_042465705.1_ASM4246570v1_genomic	Bacteria	Actinomycetota	Actinomycetes	Streptomycetales	Streptomycetaceae	Streptomyces	Streptomyces niveus_A	Streptomyces niveus P8-A1
GCA_042465715.1_ASM4246571v1_genomic	Bacteria	Actinomycetota	Actinomycetes	Streptomycetales	Streptomycetaceae	Streptomyces	Streptomyces sp003846175	Streptomyces sp. P8-A8
GCA_042466025.1_ASM4246602v1_genomic	Bacteria	Actinomycetota	Actinomycetes	Streptomycetales	Streptomycetaceae	Streptomyces	Streptomyces rochei	Streptomyces sp. CC302I
GCA_042466515.1_ASM4246651v1_genomic	Bacteria	Actinomycetota	Actinomycetes	Streptomycetales	Streptomycetaceae	Streptomyces	Streptomyces iranensis	Streptomyces iranensis DSM 41954
GCA_042466595.1_ASM4246659v1_genomic	Bacteria	Actinomycetota	Actinomycetes	Streptomycetales	Streptomycetaceae	Streptomyces	Streptomyces nigra	Streptomyces nigra MT6
GCA_042466665.1_ASM4246666v1_genomic	Bacteria	Actinomycetota	Actinomycetes	Streptomycetales	Streptomycetaceae	Peterkaempfera	Peterkaempfera sp.	Peterkaempfera sp. SMS 1(5)a
GCA_042466695.1_ASM4246669v1_genomic	Bacteria	Actinomycetota	Actinomycetes	Streptomycetales	Streptomycetaceae	Streptomyces	Streptomyces eurythermus	Streptomyces eurythermus GDS1
GCA_042510925.1_ASM4251092v1_genomic	Bacteria	Actinomycetota	Actinomycetes	Streptomycetales	Streptomycetaceae	Streptacidiphilus	Streptacidiphilus jeojiense	Streptacidiphilus sp. N1-5
GCA_042510935.1_ASM4251093v1_genomic	Bacteria	Actinomycetota	Actinomycetes	Streptomycetales	Streptomycetaceae	Streptacidiphilus	Streptacidiphilus sp.	Streptacidiphilus sp. N1-12
GCA_042510945.1_ASM4251094v1_genomic	Bacteria	Actinomycetota	Actinomycetes	Streptomycetales	Streptomycetaceae	Streptacidiphilus	Streptacidiphilus sp.	Streptacidiphilus sp. N1-3
GCA_042510955.1_ASM4251095v1_genomic	Bacteria	Actinomycetota	Actinomycetes	Streptomycetales	Streptomycetaceae	Streptacidiphilus	Streptacidiphilus sp.	Streptacidiphilus sp. N8-3
GCA_042510965.1_ASM4251096v1_genomic	Bacteria	Actinomycetota	Actinomycetes	Streptomycetales	Streptomycetaceae	Streptacidiphilus	Streptacidiphilus jeojiense	Streptacidiphilus sp. N1-10
GCA_042511045.1_ASM4251104v1_genomic	Bacteria	Actinomycetota	Actinomycetes	Streptomycetales	Streptomycetaceae	Streptacidiphilus	Streptacidiphilus sp.	Streptacidiphilus sp. N1-1
GCA_042646905.1_ASM4264690v1_genomic	Bacteria	Actinomycetota	Actinomycetes	Streptomycetales	Streptomycetaceae	Streptomyces	Streptomyces xanthochromogenes	Streptomyces xanthochromogenes JCM 4594
GCA_042646965.1_ASM4264696v1_genomic	Bacteria	Actinomycetota	Actinomycetes	Streptomycetales	Streptomycetaceae	Streptomyces	Streptomyces nitrosporeus	Streptomyces nitrosporeus JCM 4598
GCA_042646985.1_ASM4264698v1_genomic	Bacteria	Actinomycetota	Actinomycetes	Streptomycetales	Streptomycetaceae	Streptomyces	Streptomyces echinoruber	Streptomyces echinoruber JCM 5016
GCA_042647945.1_ASM4264794v1_genomic	Bacteria	Actinomycetota	Actinomycetes	Streptomycetales	Streptomycetaceae	Streptomyces	Streptomyces pseudogriseolus	Streptomyces lusitanus JCM 4785
GCA_042648045.1_ASM4264804v1_genomic	Bacteria	Actinomycetota	Actinomycetes	Streptomycetales	Streptomycetaceae	Streptomyces	Streptomyces sp.	Streptomyces yaanensis CGMCC 4.7035
GCA_042648065.1_ASM4264806v1_genomic	Bacteria	Actinomycetota	Actinomycetes	Streptomycetales	Streptomycetaceae	Streptantibioticus	Streptantibioticus rubrisoli	Streptantibioticus rubrisoli CGMCC 4.7025
GCA_042650325.1_ASM4265032v1_genomic	Bacteria	Actinomycetota	Actinomycetes	Streptomycetales	Streptomycetaceae	Actinacidiphila	Actinacidiphila sp.	Streptomyces polygonati CGMCC 4.7237
GCA_042651015.1_ASM4265101v1_genomic	Bacteria	Actinomycetota	Actinomycetes	Streptomycetales	Streptomycetaceae	Streptomyces	Streptomyces sp000177195	Streptomyces flavovirens CCM 3243
GCA_042651645.1_ASM4265164v1_genomic	Bacteria	Actinomycetota	Actinomycetes	Streptomycetales	Streptomycetaceae	Streptomyces	Streptomyces sp001654495	Streptomyces andamanensis PCU 347
GCA_042652065.1_ASM4265206v1_genomic	Bacteria	Actinomycetota	Actinomycetes	Streptomycetales	Streptomycetaceae	Streptomyces	Streptomyces sp.	Streptomyces coeruleoprunus CGMCC 4.7216
GCA_042652165.1_ASM4265216v1_genomic	Bacteria	Actinomycetota	Actinomycetes	Streptomycetales	Streptomycetaceae	Streptomyces	Streptomyces violascens	Streptomyces mauvecolor CCM 7224
GCA_042652185.1_ASM4265218v1_genomic	Bacteria	Actinomycetota	Actinomycetes	Streptomycetales	Streptomycetaceae	Actinacidiphila	Actinacidiphila fildesensis	Streptomyces fildesensis CCUG 56181
GCA_042652205.1_ASM4265220v1_genomic	Bacteria	Actinomycetota	Actinomycetes	Streptomycetales	Streptomycetaceae	Streptomyces	Streptomyces atroolivaceus	Streptomyces atroolivaceus ICMP 257
GCA_042652365.1_ASM4265236v1_genomic	Bacteria	Actinomycetota	Actinomycetes	Streptomycetales	Streptomycetaceae	Streptomyces	Streptomyces lienomycini	Streptomyces lienomycini CGMCC 4.1542
GCA_042652405.1_ASM4265240v1_genomic	Bacteria	Actinomycetota	Actinomycetes	Streptomycetales	Streptomycetaceae	Streptomyces	Streptomyces sp.	Kitasatospora cinereorecta CGMCC 4.7173
GCA_042652445.1_ASM4265244v1_genomic	Bacteria	Actinomycetota	Actinomycetes	Streptomycetales	Streptomycetaceae	Streptomyces	Streptomyces beijiangensis	Streptomyces beijiangensis CGMCC 1.10703
GCA_042653885.1_ASM4265388v1_genomic	Bacteria	Actinomycetota	Actinomycetes	Streptomycetales	Streptomycetaceae	Streptomyces	Streptomyces sp.	Streptomyces ovatisporus KCTC 12848
GCA_042653945.1_ASM4265394v1_genomic	Bacteria	Actinomycetota	Actinomycetes	Streptomycetales	Streptomycetaceae	Streptomyces	Streptomyces sp.	Streptomyces vulcanius CCUG 49562
GCA_042654005.1_ASM4265400v1_genomic	Bacteria	Actinomycetota	Actinomycetes	Streptomycetales	Streptomycetaceae	Streptomyces	Streptomyces sp.	Streptomyces mangrovi CCUG 52462
GCA_042654145.1_ASM4265414v1_genomic	Bacteria	Actinomycetota	Actinomycetes	Streptomycetales	Streptomycetaceae	Streptomyces	Streptomyces abikoensis	Streptomyces ehimensis CECT 8064
GCA_042654885.1_ASM4265488v1_genomic	Bacteria	Actinomycetota	Actinomycetes	Streptomycetales	Streptomycetaceae	Streptomyces	Streptomyces sp018614585	Streptomyces maoxianensis CCUG 54519
GCA_042654925.1_ASM4265492v1_genomic	Bacteria	Actinomycetota	Actinomycetes	Streptomycetales	Streptomycetaceae	Streptomyces	Streptomyces sp.	Streptomyces xiangluensis DT43
GCA_042655865.1_ASM4265586v1_genomic	Bacteria	Actinomycetota	Actinomycetes	Streptomycetales	Streptomycetaceae	Streptomyces	Streptomyces formicae	Streptomyces formicae CCUG 53902
GCA_042655885.1_ASM4265588v1_genomic	Bacteria	Actinomycetota	Actinomycetes	Streptomycetales	Streptomycetaceae	Streptomyces	Streptomyces sp.	Streptomyces chlorus JCM 10411
GCA_042655925.1_ASM4265592v1_genomic	Bacteria	Actinomycetota	Actinomycetes	Streptomycetales	Streptomycetaceae	Actinacidiphila	Actinacidiphila bryophytorum	Actinacidiphila bryophytorum CCUG 47987
GCA_042656005.1_ASM4265600v1_genomic	Bacteria	Actinomycetota	Actinomycetes	Streptomycetales	Streptomycetaceae	Kitasatospora	Kitasatospora sp.	Kitasatospora misakiensis ICMP 19512
GCA_042656045.1_ASM4265604v1_genomic	Bacteria	Actinomycetota	Actinomycetes	Streptomycetales	Streptomycetaceae	Streptomyces	Streptomyces sp026340095	Streptomyces aureus CGMCC 1.16029
GCA_042656105.1_ASM4265610v1_genomic	Bacteria	Actinomycetota	Actinomycetes	Streptomycetales	Streptomycetaceae	Streptomyces	Streptomyces sp.	Streptomyces nogalater KCTC 5701
GCA_042656125.1_ASM4265612v1_genomic	Bacteria	Actinomycetota	Actinomycetes	Streptomycetales	Streptomycetaceae	Kitasatospora	Kitasatospora paracochleata	Kitasatospora cinereorecta CGMCC 4.7150
GCA_042656145.1_ASM4265614v1_genomic	Bacteria	Actinomycetota	Actinomycetes	Streptomycetales	Streptomycetaceae	Kitasatospora	Kitasatospora sp.	Kitasatospora aburaviensis KCTC 22506
GCA_042656345.1_ASM4265634v1_genomic	Bacteria	Actinomycetota	Actinomycetes	Streptomycetales	Streptomycetaceae	Streptomyces	Streptomyces sp.	Streptomyces incanus JCM 13852
GCA_042656425.1_ASM4265642v1_genomic	Bacteria	Actinomycetota	Actinomycetes	Streptomycetales	Streptomycetaceae	Streptomyces	Streptomyces virginiae	Streptomyces virginiae KCTC 33579
GCA_042656465.1_ASM4265646v1_genomic	Bacteria	Actinomycetota	Actinomycetes	Streptomycetales	Streptomycetaceae	Streptomyces	Streptomyces sp.	Streptomyces gamaensis DT85
GCA_042657025.1_ASM4265702v1_genomic	Bacteria	Actinomycetota	Actinomycetes	Streptomycetales	Streptomycetaceae	Streptomyces	Streptomyces heilongjiangensis	Streptomyces heilongjiangensis JCM 9918
GCA_042657145.1_ASM4265714v1_genomic	Bacteria	Actinomycetota	Actinomycetes	Streptomycetales	Streptomycetaceae	Streptomyces	Streptomyces sp.	Streptomyces bullii CGMCC 4.7248
GCA_042657225.1_ASM4265722v1_genomic	Bacteria	Actinomycetota	Actinomycetes	Streptomycetales	Streptomycetaceae	Streptomyces	Streptomyces sp.	Streptomyces cinereospinus CGMCC 4.7212
GCA_042657245.1_ASM4265724v1_genomic	Bacteria	Actinomycetota	Actinomycetes	Streptomycetales	Streptomycetaceae	Streptomyces	Streptomyces sp001905725	Streptomyces atrovirens CGMCC 4.7131
GCA_042657345.1_ASM4265734v1_genomic	Bacteria	Actinomycetota	Actinomycetes	Streptomycetales	Streptomycetaceae	Streptomyces	Streptomyces inusitatus	Streptomyces amakusaensis PCU 266
GCA_042657725.1_ASM4265772v1_genomic	Bacteria	Actinomycetota	Actinomycetes	Streptomycetales	Streptomycetaceae	Streptomyces	Streptomyces sp012273515	Streptomyces kaempferi CGMCC 4.1004
GCA_042657825.1_ASM4265782v1_genomic	Bacteria	Actinomycetota	Actinomycetes	Streptomycetales	Streptomycetaceae	Streptomyces	Streptomyces sp031181555	Streptomyces fimbriatus CCM 8479
GCA_042657865.1_ASM4265786v1_genomic	Bacteria	Actinomycetota	Actinomycetes	Streptomycetales	Streptomycetaceae	Streptomyces	Streptomyces nigrescens	Streptomyces nigrescens KCTC 23864
GCA_042657885.1_ASM4265788v1_genomic	Bacteria	Actinomycetota	Actinomycetes	Streptomycetales	Streptomycetaceae	Streptomyces	Streptomyces roseifaciens	Streptomyces aureoversilis PCU 275
GCA_042657935.1_ASM4265793v1_genomic	Bacteria	Actinomycetota	Actinomycetes	Streptomycetales	Streptomycetaceae	Streptomyces	Streptomyces mutomycini	Streptomyces mutomycini CGMCC 4.1721
GCA_042657965.1_ASM4265796v1_genomic	Bacteria	Actinomycetota	Actinomycetes	Streptomycetales	Streptomycetaceae	Streptomyces	Streptomyces sp.	Streptomyces coerulescens KCTC 42586
GCA_042658025.1_ASM4265802v1_genomic	Bacteria	Actinomycetota	Actinomycetes	Streptomycetales	Streptomycetaceae	Streptomyces	Streptomyces spororaveus	Streptomyces spororaveus CGMCC 4.7101
GCA_042658045.1_ASM4265804v1_genomic	Bacteria	Actinomycetota	Actinomycetes	Streptomycetales	Streptomycetaceae	Streptomyces	Streptomyces sp900091725	Streptomyces pulveraceus JCM 4147
GCA_042658105.1_ASM4265810v1_genomic	Bacteria	Actinomycetota	Actinomycetes	Streptomycetales	Streptomycetaceae	Streptomyces	Streptomyces sp.	Streptomyces ramulosus CGMCC 1.15809
GCA_042658125.1_ASM4265812v1_genomic	Bacteria	Actinomycetota	Actinomycetes	Streptomycetales	Streptomycetaceae	Streptomyces	Streptomyces sp.	Streptomyces pratens JCM 12763
GCA_042658185.1_ASM4265818v1_genomic	Bacteria	Actinomycetota	Actinomycetes	Streptomycetales	Streptomycetaceae	Streptomyces	Streptomyces ochraceiscleroticus	Streptomyces ochraceiscleroticus CGMCC 1.15180
GCA_042658225.1_ASM4265822v1_genomic	Bacteria	Actinomycetota	Actinomycetes	Streptomycetales	Streptomycetaceae	Streptomyces	Streptomyces zhihengii	Streptomyces zhihengii TISTR 1996
GCA_042658505.1_ASM4265850v1_genomic	Bacteria	Actinomycetota	Actinomycetes	Streptomycetales	Streptomycetaceae	Streptacidiphilus	Streptacidiphilus sp.	Streptacidiphilus monticola JCM 4816
GCA_042658725.1_ASM4265872v1_genomic	Bacteria	Actinomycetota	Actinomycetes	Streptomycetales	Streptomycetaceae	Streptomyces	Streptomyces sp.	Streptomyces pratens JCM 19679
GCA_042659945.1_ASM4265994v1_genomic	Bacteria	Actinomycetota	Actinomycetes	Streptomycetales	Streptomycetaceae	Streptomyces	Streptomyces goshikiensis	Streptomyces goshikiensis KCTC 32373
GCA_042660765.1_ASM4266076v1_genomic	Bacteria	Actinomycetota	Actinomycetes	Streptomycetales	Streptomycetaceae	Streptomyces	Streptomyces goshikiensis	Streptomyces goshikiensis KCTC 32442
GCA_042660825.1_ASM4266082v1_genomic	Bacteria	Actinomycetota	Actinomycetes	Streptomycetales	Streptomycetaceae	Streptomyces	Streptomyces rochei	Streptomyces plicatus KCTC 32017
GCA_042661005.1_ASM4266100v1_genomic	Bacteria	Actinomycetota	Actinomycetes	Streptomycetales	Streptomycetaceae	Kitasatospora	Kitasatospora sp.	Kitasatospora paranensis CGMCC 1.13672
GCA_042661045.1_ASM4266104v1_genomic	Bacteria	Actinomycetota	Actinomycetes	Streptomycetales	Streptomycetaceae	Streptomyces	Streptomyces sp023072675	Streptomyces thermocoprophilus JCM 11685
GCA_042661905.1_ASM4266190v1_genomic	Bacteria	Actinomycetota	Actinomycetes	Streptomycetales	Streptomycetaceae	Streptomyces	Streptomyces atroolivaceus	Streptomyces atroolivaceus ICMP 512
GCA_042662145.1_ASM4266214v1_genomic	Bacteria	Actinomycetota	Actinomycetes	Streptomycetales	Streptomycetaceae	Streptomyces	Streptomyces goshikiensis	Streptomyces goshikiensis KCTC 32289
GCA_042662155.1_ASM4266215v1_genomic	Bacteria	Actinomycetota	Actinomycetes	Streptomycetales	Streptomycetaceae	Streptomyces	Streptomyces caelestis	Streptomyces caelestis KCTC 52897
GCA_042662645.1_ASM4266264v1_genomic	Bacteria	Actinomycetota	Actinomycetes	Streptomycetales	Streptomycetaceae	Streptomyces	Streptomyces viridiviolaceus	Streptomyces viridiviolaceus CGMCC 1.12430
GCA_042663125.1_ASM4266312v1_genomic	Bacteria	Actinomycetota	Actinomycetes	Streptomycetales	Streptomycetaceae	Streptomyces	Streptomyces sp.	Streptomyces polyrhachis CGMCC 1.13681
GCA_042663625.1_ASM4266362v1_genomic	Bacteria	Actinomycetota	Actinomycetes	Streptomycetales	Streptomycetaceae	Kitasatospora	Kitasatospora sp.	Kitasatospora paranensis CGMCC 1.12859
GCA_042663945.1_ASM4266394v1_genomic	Bacteria	Actinomycetota	Actinomycetes	Streptomycetales	Streptomycetaceae	Streptomyces	Streptomyces cirratus	Streptomyces cirratus CCM 8636
GCA_042664825.1_ASM4266482v1_genomic	Bacteria	Actinomycetota	Actinomycetes	Streptomycetales	Streptomycetaceae	Streptomyces	Streptomyces sp.	Streptomyces lutosisoli SHR3
GCA_042665355.1_ASM4266535v1_genomic	Bacteria	Actinomycetota	Actinomycetes	Streptomycetales	Streptomycetaceae	Streptomyces	Streptomyces sp.	Streptomyces monticola SYNS20
GCA_042665405.1_ASM4266540v1_genomic	Bacteria	Actinomycetota	Actinomycetes	Streptomycetales	Streptomycetaceae	Streptomyces	Streptomyces fimicarius	Streptomyces caviscabies ICMP 19430
GCA_042665815.1_ASM4266581v1_genomic	Bacteria	Actinomycetota	Actinomycetes	Streptomycetales	Streptomycetaceae	Streptomyces	Streptomyces thermovulgaris	Streptomyces thermogriseus JCM 11269
GCA_042666495.1_ASM4266649v1_genomic	Bacteria	Actinomycetota	Actinomycetes	Streptomycetales	Streptomycetaceae	Streptomyces	Streptomyces cellulosae	Streptomyces thermocarboxydus JCM 10368
GCA_042674625.1_ASM4267462v1_genomic	Bacteria	Actinomycetota	Actinomycetes	Streptomycetales	Streptomycetaceae	Streptomyces	Streptomyces sp.	Streptomyces flavalbus CGMCC 4.7400
GCA_042674645.1_ASM4267464v1_genomic	Bacteria	Actinomycetota	Actinomycetes	Streptomycetales	Streptomycetaceae	Streptomyces	Streptomyces sp.	Streptomyces lutosisoli CGMCC 4.7198
GCA_042674665.1_ASM4267466v1_genomic	Bacteria	Actinomycetota	Actinomycetes	Streptomycetales	Streptomycetaceae	Kitasatospora	Kitasatospora sp.	Kitasatospora aburaviensis CGMCC 4.1469
GCA_042674685.1_ASM4267468v1_genomic	Bacteria	Actinomycetota	Actinomycetes	Streptomycetales	Streptomycetaceae	Streptomyces	Streptomyces sp.	Streptomyces nogalater CGMCC 4.1442
GCA_042674705.1_ASM4267470v1_genomic	Bacteria	Actinomycetota	Actinomycetes	Streptomycetales	Streptomycetaceae	Streptomyces	Streptomyces zhihengii	Streptomyces zhihengii CGMCC 4.7248
GCA_042674765.1_ASM4267476v1_genomic	Bacteria	Actinomycetota	Actinomycetes	Streptomycetales	Streptomycetaceae	Streptomyces	Streptomyces sp026340095	Streptomyces aureus CGMCC 4.1833
GCA_042674785.1_ASM4267478v1_genomic	Bacteria	Actinomycetota	Actinomycetes	Streptomycetales	Streptomycetaceae	Streptomyces	Streptomyces griseoincarnatus	Streptomyces erythrogriseus JCM 9650
GCA_042674805.1_ASM4267480v1_genomic	Bacteria	Actinomycetota	Actinomycetes	Streptomycetales	Streptomycetaceae	Streptomyces	Streptomyces anthocyanicus	Streptomyces violaceoruber JCM 4423
GCA_042674825.1_ASM4267482v1_genomic	Bacteria	Actinomycetota	Actinomycetes	Streptomycetales	Streptomycetaceae	Streptomyces	Streptomyces sp.	Streptomyces stramineus JCM 10649
GCA_042674885.1_ASM4267488v1_genomic	Bacteria	Actinomycetota	Actinomycetes	Streptomycetales	Streptomycetaceae	Streptomyces	Streptomyces sp.	Streptomyces rectiviolaceus JCM 9092
GCA_042674905.1_ASM4267490v1_genomic	Bacteria	Actinomycetota	Actinomycetes	Streptomycetales	Streptomycetaceae	Streptomyces	Streptomyces asiaticus	Streptomyces indonesiensis JCM 11445
GCA_042674925.1_ASM4267492v1_genomic	Bacteria	Actinomycetota	Actinomycetes	Streptomycetales	Streptomycetaceae	Streptomyces	Streptomyces asiaticus	Streptomyces rhizosphaericus JCM 11447
GCA_042674945.1_ASM4267494v1_genomic	Bacteria	Actinomycetota	Actinomycetes	Streptomycetales	Streptomycetaceae	Kitasatospora	Kitasatospora sp.	Kitasatospora saccharophila JCM 14559
GCA_042674955.1_ASM4267495v1_genomic	Bacteria	Actinomycetota	Actinomycetes	Streptomycetales	Streptomycetaceae	Kitasatospora	Kitasatospora sp.	Kitasatospora arboriphila JCM 13002
GCA_042675005.1_ASM4267500v1_genomic	Bacteria	Actinomycetota	Actinomycetes	Streptomycetales	Streptomycetaceae	Streptomyces	Streptomyces sp.	Streptomyces chiangmaiensis JCM 16577
GCA_042675065.1_ASM4267506v1_genomic	Bacteria	Actinomycetota	Actinomycetes	Streptomycetales	Streptomycetaceae	Streptacidiphilus	Streptacidiphilus sp.	Streptacidiphilus monticola CGMCC 4.7427
GCA_042675185.1_ASM4267518v1_genomic	Bacteria	Actinomycetota	Actinomycetes	Streptomycetales	Streptomycetaceae	Streptomyces	Streptomyces mexicanus	Streptomyces mexicanus JCM 12681
GCA_042675205.1_ASM4267520v1_genomic	Bacteria	Actinomycetota	Actinomycetes	Streptomycetales	Streptomycetaceae	Streptomyces	Streptomyces sp026340095	Streptomyces aureus JCM 12605
GCA_042675225.1_ASM4267522v1_genomic	Bacteria	Actinomycetota	Actinomycetes	Streptomycetales	Streptomycetaceae	Streptomyces	Streptomyces samsunensis	Streptomyces malaysiensis JCM 10672
GCA_042675245.1_ASM4267524v1_genomic	Bacteria	Actinomycetota	Actinomycetes	Streptomycetales	Streptomycetaceae	Streptomyces	Streptomyces sp003846175	Streptomyces sanglieri JCM 12607
GCA_042675285.1_ASM4267528v1_genomic	Bacteria	Actinomycetota	Actinomycetes	Streptomycetales	Streptomycetaceae	Kitasatospora	Kitasatospora gansuensis	Kitasatospora gansuensis JCM 13003
GCA_042675305.1_ASM4267530v1_genomic	Bacteria	Actinomycetota	Actinomycetes	Streptomycetales	Streptomycetaceae	Streptomyces	Streptomyces sp003949955	Streptomyces globosus JCM 13859
GCA_042678085.1_ASM4267808v1_genomic	Bacteria	Actinomycetota	Actinomycetes	Streptomycetales	Streptomycetaceae	Streptomyces	Streptomyces calvus	Streptomyces calvus PCU 279
GCA_042678285.1_ASM4267828v1_genomic	Bacteria	Actinomycetota	Actinomycetes	Streptomycetales	Streptomycetaceae	Streptomyces	Streptomyces sp.	Streptomyces caeni CGMCC 1.12470
GCA_042679505.1_ASM4267950v1_genomic	Bacteria	Actinomycetota	Actinomycetes	Streptomycetales	Streptomycetaceae	Streptomyces	Streptomyces sp012273515	Streptomyces kaempferi CGMCC 4.7020
GCA_042679625.1_ASM4267962v1_genomic	Bacteria	Actinomycetota	Actinomycetes	Streptomycetales	Streptomycetaceae	Streptomyces	Streptomyces sp012273515	Streptomyces kaempferi CGMCC 4.7020
GCA_042680865.1_ASM4268086v1_genomic	Bacteria	Actinomycetota	Actinomycetes	Streptomycetales	Streptomycetaceae	Streptomyces	Streptomyces sp.	Kitasatospora cinereorecta CGMCC 4.7144
GCA_042680905.1_ASM4268090v1_genomic	Bacteria	Actinomycetota	Actinomycetes	Streptomycetales	Streptomycetaceae	Streptomyces	Streptomyces lienomycini	Streptomyces lienomycini CGMCC 4.1537
GCA_042681365.1_ASM4268136v1_genomic	Bacteria	Actinomycetota	Actinomycetes	Streptomycetales	Streptomycetaceae	Streptomyces	Streptomyces sp.	Streptomyces desertarenae DYSN1
GCA_042681725.1_ASM4268172v1_genomic	Bacteria	Actinomycetota	Actinomycetes	Streptomycetales	Streptomycetaceae	Streptomyces	Streptomyces narbonensis	Streptomyces narbonensis CCM 7300
GCA_042681765.1_ASM4268176v1_genomic	Bacteria	Actinomycetota	Actinomycetes	Streptomycetales	Streptomycetaceae	Streptomyces	Streptomyces beijiangensis	Streptomyces beijiangensis KCTC 32497
GCA_042683205.1_ASM4268320v1_genomic	Bacteria	Actinomycetota	Actinomycetes	Streptomycetales	Streptomycetaceae	Streptomyces	Streptomyces pseudogriseolus	Streptomyces lusitanus JCM 4785
GCA_042685065.1_ASM4268506v1_genomic	Bacteria	Actinomycetota	Actinomycetes	Streptomycetales	Streptomycetaceae	Streptomyces	Streptomyces phyllanthi	Streptomyces phyllanthi TISTR 2346
GCA_042685165.1_ASM4268516v1_genomic	Bacteria	Actinomycetota	Actinomycetes	Streptomycetales	Streptomycetaceae	Streptomyces	Streptomyces chumphonensis	Streptomyces chumphonensis TISTR 2106
GCA_042691725.1_ASM4269172v1_genomic	Bacteria	Actinomycetota	Actinomycetes	Streptomycetales	Streptomycetaceae	Kitasatospora	Kitasatospora sp.	Kitasatospora purpeofusca ZZ-48
GCA_042787475.1_ASM4278747v1_genomic	Bacteria	Actinomycetota	Actinomycetes	Streptomycetales	Streptomycetaceae	Streptomyces	Streptomyces albogriseolus	Streptomyces sp. YIM B13502
GCA_042787615.1_ASM4278761v1_genomic	Bacteria	Actinomycetota	Actinomycetes	Streptomycetales	Streptomycetaceae	Streptomyces	Streptomyces albogriseolus	Streptomyces sp. YIM B13508
GCA_042787635.1_ASM4278763v1_genomic	Bacteria	Actinomycetota	Actinomycetes	Streptomycetales	Streptomycetaceae	Streptomyces	Streptomyces caelestis_A	Streptomyces sp. YIM B13518
GCA_042850305.1_ASM4285030v1_genomic	Bacteria	Actinomycetota	Actinomycetes	Streptomycetales	Streptomycetaceae	Streptomyces	Streptomyces sp.	Streptomyces sp. KM77-8
GCA_043195415.1_ASM4319541v1_genomic	Bacteria	Actinomycetota	Actinomycetes	Streptomycetales	Streptomycetaceae	Streptomyces	Streptomyces sp.	Streptomyces sp. Y7
GCA_043195475.1_ASM4319547v1_genomic	Bacteria	Actinomycetota	Actinomycetes	Streptomycetales	Streptomycetaceae	Streptomyces	Streptomyces sp.	Streptomyces sp. Y20
GCA_043203755.1_ASM4320375v1_genomic	Bacteria	Actinomycetota	Actinomycetes	Streptomycetales	Streptomycetaceae	Streptomyces	Streptomyces sp.	Streptomyces sp. LN785
GCA_043203765.1_ASM4320376v1_genomic	Bacteria	Actinomycetota	Actinomycetes	Streptomycetales	Streptomycetaceae	Streptomyces	Streptomyces sp012273515	Streptomyces sp. LN704
GCA_043203795.1_ASM4320379v1_genomic	Bacteria	Actinomycetota	Actinomycetes	Streptomycetales	Streptomycetaceae	Streptomyces	Streptomyces sp026627505	Streptomyces sp. LN699
GCA_043203805.1_ASM4320380v1_genomic	Bacteria	Actinomycetota	Actinomycetes	Streptomycetales	Streptomycetaceae	Streptomyces	Streptomyces sp.	Streptomyces sp. LN549
GCA_043203855.1_ASM4320385v1_genomic	Bacteria	Actinomycetota	Actinomycetes	Streptomycetales	Streptomycetaceae	Streptomyces	Streptomyces sp000719575	Streptomyces sp. LN590
GCA_043203915.1_ASM4320391v1_genomic	Bacteria	Actinomycetota	Actinomycetes	Streptomycetales	Streptomycetaceae	Streptomyces	Streptomyces sp000719575	Streptomyces sp. LN500
GCA_043203955.1_ASM4320395v1_genomic	Bacteria	Actinomycetota	Actinomycetes	Streptomycetales	Streptomycetaceae	Streptomyces	Streptomyces sp012273515	Streptomyces sp. LN325
GCA_043203995.1_ASM4320399v1_genomic	Bacteria	Actinomycetota	Actinomycetes	Streptomycetales	Streptomycetaceae	Streptomyces	Streptomyces sp000719575	Streptomyces sp. LN499
GCA_043204025.1_ASM4320402v1_genomic	Bacteria	Actinomycetota	Actinomycetes	Streptomycetales	Streptomycetaceae	Streptomyces	Streptomyces sp.	Streptomyces sp. LN245
GCA_043231255.1_SBR177_genomic	Bacteria	Actinomycetota	Actinomycetes	Streptomycetales	Streptomycetaceae	Streptomyces	Streptomyces sp.	Streptomyces sp. SBR177
GCA_043359675.1_ASM4335967v1_genomic	Bacteria	Actinomycetota	Actinomycetes	Streptomycetales	Streptomycetaceae	Streptomyces	Streptomyces murinus	Streptomyces murinus SPC1
GCA_043498155.1_ASM4349815v1_genomic	Bacteria	Actinomycetota	Actinomycetes	Streptomycetales	Streptomycetaceae	Streptomyces	Streptomyces rochei	Streptomyces rochei MTOC-St3
GCA_043523415.1_ASM4352341v1_genomic	Bacteria	Actinomycetota	Actinomycetes	Streptomycetales	Streptomycetaceae	Streptomyces	Streptomyces sp.	-
GCA_043603005.1_ASM4360300v1_genomic	Bacteria	Actinomycetota	Actinomycetes	Streptomycetales	Streptomycetaceae	Streptomyces	Streptomyces cacaoi	Streptomyces cacaoi R2A-843A
GCA_043660855.1_ASM4366085v1_genomic	Bacteria	Actinomycetota	Actinomycetes	Streptomycetales	Streptomycetaceae	Streptomyces	Streptomyces sp.	Streptomyces sp. HK10
GCA_043660895.1_ASM4366089v1_genomic	Bacteria	Actinomycetota	Actinomycetes	Streptomycetales	Streptomycetaceae	Streptomyces	Streptomyces chitinivorans	Streptomyces chitinivorans KCTC29696
GCA_043673425.1_ASM4367342v1_genomic	Bacteria	Actinomycetota	Actinomycetes	Streptomycetales	Streptomycetaceae	Streptomyces	Streptomyces sp.	Streptomyces sp. M41
GCA_043799935.1_ASM4379993v1_genomic	Bacteria	Actinomycetota	Actinomycetes	Streptomycetales	Streptomycetaceae	Streptomyces	Streptomyces griseus_I	-
GCA_900090155.1_IMG-taxon_2518645618_annotated_assembly_genomic	Bacteria	Actinomycetota	Actinomycetes	Streptomycetales	Streptomycetaceae	Streptomyces	Streptomyces microflavus	Streptomyces sp. ScaeMP-e48
GCA_900091735.1_IMG-taxon_2657245705_annotated_assembly_genomic	Bacteria	Actinomycetota	Actinomycetes	Streptomycetales	Streptomycetaceae	Streptomyces	Streptomyces althioticus	Streptomyces sp. di50b
GCA_900091805.1_IMG-taxon_2657245712_annotated_assembly_genomic	Bacteria	Actinomycetota	Actinomycetes	Streptomycetales	Streptomycetaceae	Streptomyces	Streptomyces althioticus	Streptomyces sp. di188
GCA_900105395.1_IMG-taxon_2671180173_annotated_assembly_genomic	Bacteria	Actinomycetota	Actinomycetes	Streptomycetales	Streptomycetaceae	Kitasatospora	Kitasatospora sp900105395	Streptomyces sp. TLI_053
GCA_900142595.1_IMG-taxon_2667527450_annotated_assembly_genomic	Bacteria	Actinomycetota	Actinomycetes	Streptomycetales	Streptomycetaceae	Streptomyces	Streptomyces yunnanensis	Streptomyces yunnanensis CGMCC 4.3555
GCA_900182715.1_IMG-taxon_2724679801_annotated_assembly_genomic	Bacteria	Actinomycetota	Actinomycetes	Streptomycetales	Streptomycetaceae	Streptomyces	Streptomyces massasporeus	Streptomyces sp. Ag82_O1-12
GCA_935184445.1_ASM93518444v1_genomic	Bacteria	Actinomycetota	Actinomycetes	Streptomycetales	Streptomycetaceae	Streptomyces	Streptomyces globisporus	Streptomyces globisporus Streptomyces globisporus 4-3
GCA_963424245.1_N9_70c_genomic	Bacteria	Actinomycetota	Actinomycetes	Streptomycetales	Streptomycetaceae	Streptomyces	Streptomyces lydicus	Streptomyces lydicus N9
GCA_963454945.1_N2A_genomic	Bacteria	Actinomycetota	Actinomycetes	Streptomycetales	Streptomycetaceae	Streptomyces	Streptomyces sp000720175	Streptomyces sp. N2A
GCA_963873625.1_ena-yuan-GCF_002154375.1_genomic	Bacteria	Actinomycetota	Actinomycetes	Streptomycetales	Streptomycetaceae	Streptomyces	Streptomyces glaucescens	Streptomyces glaucescens ena-yuan-GCF_002154375.1
GCA_963924135.1_Streptomyces_chodovensis_sp._nov._genome_genomic	Bacteria	Actinomycetota	Actinomycetes	Streptomycetales	Streptomycetaceae	Streptomyces	Streptomyces sp.	Streptomyces sp. AC2023
GCA_964272335.1_SUDANB5_genomic	Bacteria	Actinomycetota	Actinomycetes	Streptomycetales	Streptomycetaceae	Streptomyces	Streptomyces rochei	Streptomyces sp. SudanB5_2050
GCA_964272455.1_SUDANB91_genomic	Bacteria	Actinomycetota	Actinomycetes	Streptomycetales	Streptomycetaceae	Streptomyces	Streptomyces rochei	Streptomyces sp. SudanB91_2054
GCA_964272505.1_SUDANB135_genomic	Bacteria	Actinomycetota	Actinomycetes	Streptomycetales	Streptomycetaceae	Streptomyces	Streptomyces rochei	Streptomyces sp. SudanB135_2055
