genome	Kingdom	Phylum	Class	Order	Family	Genus	Species	Organism
NPDC000023	Bacteria	Actinomycetota	Actinomycetia	Streptomycetales	Streptomycetaceae	Streptomyces	Streptomyces albidoflavus	Streptomyces albidoflavus NPDC000023
NPDC000038	Bacteria	Actinomycetota	Actinomycetia	Streptomycetales	Streptomycetaceae	Streptomyces	Streptomyces rubradiris	Streptomyces rubradiris NPDC000038
NPDC000046	Bacteria	Actinomycetota	Actinomycetia	Streptomycetales	Streptomycetaceae	Streptomyces	Streptomyces diastaticus	Streptomyces diastaticus NPDC000046
NPDC000056	Bacteria	Actinomycetota	Actinomycetia	Streptomycetales	Streptomycetaceae	Streptomyces	Streptomyces albidoflavus	Streptomyces koyangensis NPDC000056
NPDC000061	Bacteria	Actinomycetota	Actinomycetia	Streptomycetales	Streptomycetaceae	Streptomyces	Streptomyces aurantiacus_A	Streptomyces aurantiacus NPDC000061
NPDC000070	Bacteria	Actinomycetota	Actinomycetia	Streptomycetales	Streptomycetaceae	Streptomyces	Streptomyces sp.	Streptomyces sp. NPDC000070
NPDC000072	Bacteria	Actinomycetota	Actinomycetia	Streptomycetales	Streptomycetaceae	Streptomyces	Streptomyces hydrogenans	Streptomyces hydrogenans NPDC000072
NPDC000075	Bacteria	Actinomycetota	Actinomycetia	Streptomycetales	Streptomycetaceae	Streptomyces	Streptomyces sp.	Streptomyces sp. NPDC000075
NPDC000080	Bacteria	Actinomycetota	Actinomycetia	Streptomycetales	Streptomycetaceae	Streptomyces	Streptomyces anthocyanicus	Streptomyces anthocyanicus NPDC000080
NPDC000084	Bacteria	Actinomycetota	Actinomycetia	Streptomycetales	Streptomycetaceae	Kitasatospora	Kitasatospora aureofaciens	Kitasatospora aureofaciens NPDC000084
NPDC000100	Bacteria	Actinomycetota	Actinomycetia	Streptomycetales	Streptomycetaceae	Streptomyces	Streptomyces microflavus	Streptomyces microflavus NPDC000100
NPDC000133	Bacteria	Actinomycetota	Actinomycetia	Streptomycetales	Streptomycetaceae	Streptomyces	Streptomyces sp900116325	Streptomyces sp. NPDC000133
NPDC000134	Bacteria	Actinomycetota	Actinomycetia	Streptomycetales	Streptomycetaceae	Streptomyces	Streptomyces sp.	Streptomyces sp. NPDC000134
NPDC000137	Bacteria	Actinomycetota	Actinomycetia	Streptomycetales	Streptomycetaceae	Streptomyces	Streptomyces griseoluteus	Streptomyces griseoluteus NPDC000137
NPDC000143	Bacteria	Actinomycetota	Actinomycetia	Streptomycetales	Streptomycetaceae	Streptomyces	Streptomyces cacaoi	Streptomyces cacaoi NPDC000143
NPDC000144	Bacteria	Actinomycetota	Actinomycetia	Streptomycetales	Streptomycetaceae	Streptomyces	Streptomyces niveus	Streptomyces niveus NPDC000144
NPDC000147	Bacteria	Actinomycetota	Actinomycetia	Streptomycetales	Streptomycetaceae	Streptomyces	Streptomyces halstedii	Streptomyces halstedii NPDC000147
NPDC000151	Bacteria	Actinomycetota	Actinomycetia	Streptomycetales	Streptomycetaceae	Streptomyces	Streptomyces sp.	Streptomyces sp. NPDC000151
NPDC000155	Bacteria	Actinomycetota	Actinomycetia	Streptomycetales	Streptomycetaceae	Streptomyces	Streptomyces lanatus	Streptomyces lanatus NPDC000155
NPDC000158	Bacteria	Actinomycetota	Actinomycetia	Streptomycetales	Streptomycetaceae	Streptomyces	Streptomyces rochei	Streptomyces rochei NPDC000158
NPDC000160	Bacteria	Actinomycetota	Actinomycetia	Streptomycetales	Streptomycetaceae	Streptomyces	Streptomyces lydicus	Streptomyces lydicus NPDC000160
NPDC000162	Bacteria	Actinomycetota	Actinomycetia	Streptomycetales	Streptomycetaceae	Streptomyces	Streptomyces lydicus	Streptomyces lydicus NPDC000162
NPDC000164	Bacteria	Actinomycetota	Actinomycetia	Streptomycetales	Streptomycetaceae	Streptomyces	Streptomyces lydicus	Streptomyces lydicus NPDC000164
NPDC000166	Bacteria	Actinomycetota	Actinomycetia	Streptomycetales	Streptomycetaceae	Streptomyces	Streptomyces mesophilus	Streptomyces mesophilus NPDC000166
NPDC000175	Bacteria	Actinomycetota	Actinomycetia	Streptomycetales	Streptomycetaceae	Streptomyces	Streptomyces flaveolus	Streptomyces flaveolus NPDC000175
NPDC000177	Bacteria	Actinomycetota	Actinomycetia	Streptomycetales	Streptomycetaceae	Streptomyces	Streptomyces collinus	Streptomyces collinus NPDC000177
NPDC000181	Bacteria	Actinomycetota	Actinomycetia	Streptomycetales	Streptomycetaceae	Streptomyces	Streptomyces xanthochromogenes	Streptomyces xanthochromogenes NPDC000181
NPDC000188	Bacteria	Actinomycetota	Actinomycetia	Streptomycetales	Streptomycetaceae	Streptomyces	Streptomyces sp002803065	Streptomyces sp. NPDC000188
NPDC000198	Bacteria	Actinomycetota	Actinomycetia	Streptomycetales	Streptomycetaceae	Streptomyces	Streptomyces flaveolus	Streptomyces flaveolus NPDC000198
NPDC000217	Bacteria	Actinomycetota	Actinomycetia	Streptomycetales	Streptomycetaceae	Streptomyces	Streptomyces lydicus	Streptomyces lydicus NPDC000217
NPDC000218	Bacteria	Actinomycetota	Actinomycetia	Streptomycetales	Streptomycetaceae	Streptomyces	Streptomyces lydicus	Streptomyces lydicus NPDC000218
NPDC000229	Bacteria	Actinomycetota	Actinomycetia	Streptomycetales	Streptomycetaceae	Streptomyces	Streptomyces sp.	Streptomyces sp. NPDC000229
NPDC000234	Bacteria	Actinomycetota	Actinomycetia	Streptomycetales	Streptomycetaceae	Streptomyces	Streptomyces hyaluromycini	Streptomyces hyaluromycini NPDC000234
NPDC000308	Bacteria	Actinomycetota	Actinomycetia	Streptomycetales	Streptomycetaceae	Streptomyces	Streptomyces halstedii	Streptomyces halstedii NPDC000308
NPDC000335	Bacteria	Actinomycetota	Actinomycetia	Streptomycetales	Streptomycetaceae	Streptomyces	Streptomyces rubradiris	Streptomyces rubradiris NPDC000335
NPDC000338	Bacteria	Actinomycetota	Actinomycetia	Streptomycetales	Streptomycetaceae	Streptomyces	Streptomyces eurythermus	Streptomyces eurythermus NPDC000338
NPDC000341	Bacteria	Actinomycetota	Actinomycetia	Streptomycetales	Streptomycetaceae	Streptomyces	Streptomyces papulosus	Streptomyces sp. NPDC000341
NPDC000343	Bacteria	Actinomycetota	Actinomycetia	Streptomycetales	Streptomycetaceae	Streptomyces	Streptomyces goshikiensis	Streptomyces goshikiensis NPDC000343
NPDC000344	Bacteria	Actinomycetota	Actinomycetia	Streptomycetales	Streptomycetaceae	Streptomyces	Streptomyces griseoincarnatus	Streptomyces griseoincarnatus NPDC000344
NPDC000345	Bacteria	Actinomycetota	Actinomycetia	Streptomycetales	Streptomycetaceae	Streptomyces	Streptomyces sp.	Streptomyces sp. NPDC000345
NPDC000346	Bacteria	Actinomycetota	Actinomycetia	Streptomycetales	Streptomycetaceae	Streptomyces	Streptomyces humidus	Streptomyces humidus NPDC000346
NPDC000347	Bacteria	Actinomycetota	Actinomycetia	Streptomycetales	Streptomycetaceae	Streptomyces	Streptomyces jumonjinensis_A	Streptomyces jumonjinensis NPDC000347
NPDC000348	Bacteria	Actinomycetota	Actinomycetia	Streptomycetales	Streptomycetaceae	Streptomyces	Streptomyces sp.	Streptomyces sp. NPDC000348
NPDC000349	Bacteria	Actinomycetota	Actinomycetia	Streptomycetales	Streptomycetaceae	Streptomyces	Streptomyces sp003947455	Streptomyces sp. NPDC000349
NPDC000350	Bacteria	Actinomycetota	Actinomycetia	Streptomycetales	Streptomycetaceae	Streptomyces	Streptomyces althioticus	Streptomyces althioticus NPDC000350
NPDC000351	Bacteria	Actinomycetota	Actinomycetia	Streptomycetales	Streptomycetaceae	Streptomyces	Streptomyces sp.	Streptomyces sp. NPDC000351
NPDC000360	Bacteria	Actinomycetota	Actinomycetia	Streptomycetales	Streptomycetaceae	Streptomyces	Streptomyces albidoflavus	Streptomyces albidoflavus NPDC000360
NPDC000386	Bacteria	Actinomycetota	Actinomycetia	Streptomycetales	Streptomycetaceae	Streptomyces	Streptomyces syringium	Streptomyces syringium NPDC000386
NPDC000394	Bacteria	Actinomycetota	Actinomycetia	Streptomycetales	Streptomycetaceae	Streptomyces	Streptomyces albidoflavus	Streptomyces albidoflavus NPDC000394
NPDC000395	Bacteria	Actinomycetota	Actinomycetia	Streptomycetales	Streptomycetaceae	Streptomyces	Streptomyces sp.	Streptomyces sp. NPDC000395
NPDC000398	Bacteria	Actinomycetota	Actinomycetia	Streptomycetales	Streptomycetaceae	Streptomyces	Streptomyces olivaceus	Streptomyces olivaceus NPDC000398
NPDC000402	Bacteria	Actinomycetota	Actinomycetia	Streptomycetales	Streptomycetaceae	Streptomyces	Streptomyces parvus	Streptomyces parvus NPDC000402
NPDC000403	Bacteria	Actinomycetota	Actinomycetia	Streptomycetales	Streptomycetaceae	Streptomyces	Streptomyces microflavus	Streptomyces microflavus NPDC000403
NPDC000404	Bacteria	Actinomycetota	Actinomycetia	Streptomycetales	Streptomycetaceae	Streptomyces	Streptomyces sp.	Streptomyces sp. NPDC000404
NPDC000405	Bacteria	Actinomycetota	Actinomycetia	Streptomycetales	Streptomycetaceae	Streptomyces	Streptomyces abikoensis	Streptomyces abikoensis NPDC000405
NPDC000410	Bacteria	Actinomycetota	Actinomycetia	Streptomycetales	Streptomycetaceae	Streptomyces	Streptomyces sp.	Streptomyces sp. NPDC000410
NPDC000411	Bacteria	Actinomycetota	Actinomycetia	Streptomycetales	Streptomycetaceae	Streptomyces	Streptomyces rochei	Streptomyces rochei NPDC000411
NPDC000443	Bacteria	Actinomycetota	Actinomycetia	Streptomycetales	Streptomycetaceae	Streptomyces	Streptomyces rochei	Streptomyces rochei NPDC000443
NPDC000480	Bacteria	Actinomycetota	Actinomycetia	Streptomycetales	Streptomycetaceae	Streptomyces	Streptomyces halstedii	Streptomyces halstedii NPDC000480
NPDC000493	Bacteria	Actinomycetota	Actinomycetia	Streptomycetales	Streptomycetaceae	Streptomyces	Streptomyces albidoflavus	Streptomyces albidoflavus NPDC000493
NPDC000512	Bacteria	Actinomycetota	Actinomycetia	Streptomycetales	Streptomycetaceae	Streptomyces	Streptomyces halstedii	Streptomyces halstedii NPDC000512
NPDC000513	Bacteria	Actinomycetota	Actinomycetia	Streptomycetales	Streptomycetaceae	Streptomyces	Streptomyces halstedii	Streptomyces halstedii NPDC000513
NPDC000544	Bacteria	Actinomycetota	Actinomycetia	Streptomycetales	Streptomycetaceae	Streptomyces	Streptomyces halstedii	Streptomyces halstedii NPDC000544
NPDC000556	Bacteria	Actinomycetota	Actinomycetia	Streptomycetales	Streptomycetaceae	Streptomyces	Streptomyces papulosus	Kitasatospora papulosa NPDC000556
NPDC000569	Bacteria	Actinomycetota	Actinomycetia	Streptomycetales	Streptomycetaceae	Streptomyces	Streptomyces althioticus	Streptomyces althioticus NPDC000569
NPDC000594	Bacteria	Actinomycetota	Actinomycetia	Streptomycetales	Streptomycetaceae	Streptomyces	Streptomyces sp.	Streptomyces sp. NPDC000594
NPDC000609	Bacteria	Actinomycetota	Actinomycetia	Streptomycetales	Streptomycetaceae	Streptomyces	Streptomyces sp900091725	Streptomyces sp. NPDC000609
NPDC000614	Bacteria	Actinomycetota	Actinomycetia	Streptomycetales	Streptomycetaceae	Streptomyces	Streptomyces platensis	Streptomyces platensis NPDC000614
NPDC000618	Bacteria	Actinomycetota	Actinomycetia	Streptomycetales	Streptomycetaceae	Streptomyces	Streptomyces sp.	Streptomyces sp. NPDC000618
NPDC000632	Bacteria	Actinomycetota	Actinomycetia	Streptomycetales	Streptomycetaceae	Streptomyces	Streptomyces flaveolus	Streptomyces flaveolus NPDC000632
NPDC000634	Bacteria	Actinomycetota	Actinomycetia	Streptomycetales	Streptomycetaceae	Streptomyces	Streptomyces carpinensis	Streptomyces carpinensis NPDC000634
NPDC000635	Bacteria	Actinomycetota	Actinomycetia	Streptomycetales	Streptomycetaceae	Streptomyces	Streptomyces spiralis	Streptomyces spiralis NPDC000635
NPDC000641	Bacteria	Actinomycetota	Actinomycetia	Streptomycetales	Streptomycetaceae	Streptomyces	Streptomyces massasporeus	Streptomyces tuirus NPDC000641
NPDC000656	Bacteria	Actinomycetota	Actinomycetia	Streptomycetales	Streptomycetaceae	Streptomyces	Streptomyces flavotricini	Streptomyces sp. NPDC000656
NPDC000658	Bacteria	Actinomycetota	Actinomycetia	Streptomycetales	Streptomycetaceae	Streptomyces	Streptomyces sp.	Streptomyces sp. NPDC000658
NPDC000659	Bacteria	Actinomycetota	Actinomycetia	Streptomycetales	Streptomycetaceae	Streptomyces	Streptomyces flavotricini	Streptomyces sp. NPDC000659
NPDC000664	Bacteria	Actinomycetota	Actinomycetia	Streptomycetales	Streptomycetaceae	Streptomyces	Streptomyces halstedii	Streptomyces halstedii NPDC000664
NPDC000665	Bacteria	Actinomycetota	Actinomycetia	Streptomycetales	Streptomycetaceae	Streptomyces	Streptomyces flavotricini	Streptomyces sp. NPDC000665
NPDC000667	Bacteria	Actinomycetota	Actinomycetia	Streptomycetales	Streptomycetaceae	Streptomyces	Streptomyces anthocyanicus	Streptomyces anthocyanicus NPDC000667
NPDC000675	Bacteria	Actinomycetota	Actinomycetia	Streptomycetales	Streptomycetaceae	Streptomyces	Streptomyces flaveolus	Streptomyces flaveolus NPDC000675
NPDC000678	Bacteria	Actinomycetota	Actinomycetia	Streptomycetales	Streptomycetaceae	Streptomyces	Streptomyces sp.	Streptomyces sp. NPDC000678
NPDC000683	Bacteria	Actinomycetota	Actinomycetia	Streptomycetales	Streptomycetaceae	Streptomyces	Streptomyces pilosus	Streptomyces pilosus NPDC000683
NPDC000685	Bacteria	Actinomycetota	Actinomycetia	Streptomycetales	Streptomycetaceae	Streptomyces	Streptomyces cellulosae	Streptomyces cellulosae NPDC000685
NPDC000686	Bacteria	Actinomycetota	Actinomycetia	Streptomycetales	Streptomycetaceae	Streptomyces	Streptomyces cellulosae	Streptomyces cellulosae NPDC000686
NPDC000697	Bacteria	Actinomycetota	Actinomycetia	Streptomycetales	Streptomycetaceae	Streptomyces	Streptomyces halstedii	Streptomyces halstedii NPDC000697
NPDC000703	Bacteria	Actinomycetota	Actinomycetia	Streptomycetales	Streptomycetaceae	Streptomyces	Streptomyces halstedii	Streptomyces halstedii NPDC000703
NPDC000731	Bacteria	Actinomycetota	Actinomycetia	Streptomycetales	Streptomycetaceae	Streptomyces	Streptomyces bacillaris	Streptomyces bacillaris NPDC000731
NPDC000732	Bacteria	Actinomycetota	Actinomycetia	Streptomycetales	Streptomycetaceae	Streptomyces	Streptomyces minutiscleroticus	Streptomyces minutiscleroticus NPDC000732
NPDC000738	Bacteria	Actinomycetota	Actinomycetia	Streptomycetales	Streptomycetaceae	Streptomyces	Streptomyces fumanus	Streptomyces fumanus NPDC000738
NPDC000780	Bacteria	Actinomycetota	Actinomycetia	Streptomycetales	Streptomycetaceae	Streptomyces	Streptomyces anthocyanicus	Streptomyces anthocyanicus NPDC000780
NPDC000783	Bacteria	Actinomycetota	Actinomycetia	Streptomycetales	Streptomycetaceae	Streptomyces	Streptomyces rochei	Streptomyces rochei NPDC000783
NPDC000785	Bacteria	Actinomycetota	Actinomycetia	Streptomycetales	Streptomycetaceae	Streptomyces	Streptomyces silaceus	Streptomyces silaceus NPDC000785
NPDC000786	Bacteria	Actinomycetota	Actinomycetia	Streptomycetales	Streptomycetaceae	Streptomyces	Streptomyces sp000772045	Streptomyces sp. NPDC000786
NPDC000787	Bacteria	Actinomycetota	Actinomycetia	Streptomycetales	Streptomycetaceae	Streptomyces	Streptomyces anthocyanicus	Streptomyces anthocyanicus NPDC000787
NPDC000790	Bacteria	Actinomycetota	Actinomycetia	Streptomycetales	Streptomycetaceae	Streptomyces	Streptomyces anthocyanicus	Streptomyces anthocyanicus NPDC000790
NPDC000791	Bacteria	Actinomycetota	Actinomycetia	Streptomycetales	Streptomycetaceae	Streptomyces	Streptomyces microflavus	Streptomyces microflavus NPDC000791
NPDC000793	Bacteria	Actinomycetota	Actinomycetia	Streptomycetales	Streptomycetaceae	Streptomyces	Streptomyces indiaensis	Streptomyces indiaensis NPDC000793
NPDC000795	Bacteria	Actinomycetota	Actinomycetia	Streptomycetales	Streptomycetaceae	Streptomyces	Streptomyces sp000720185	Streptomyces sp. NPDC000795
NPDC000818	Bacteria	Actinomycetota	Actinomycetia	Streptomycetales	Streptomycetaceae	Streptomyces	Streptomyces puniciscabiei	Streptomyces puniciscabiei NPDC000818
NPDC000837	Bacteria	Actinomycetota	Actinomycetia	Streptomycetales	Streptomycetaceae	Streptomyces	Streptomyces xantholiticus	Streptomyces xantholiticus NPDC000837
NPDC000851	Bacteria	Actinomycetota	Actinomycetia	Streptomycetales	Streptomycetaceae	Streptomyces	Streptomyces sp004187715	Streptomyces sp. NPDC000851
NPDC000877	Bacteria	Actinomycetota	Actinomycetia	Streptomycetales	Streptomycetaceae	Streptomyces	Streptomyces sp003330845	Streptomyces sp. NPDC000877
NPDC000884	Bacteria	Actinomycetota	Actinomycetia	Streptomycetales	Streptomycetaceae	Streptomyces	Streptomyces phaeochromogenes	Streptomyces phaeochromogenes NPDC000884
NPDC000926	Bacteria	Actinomycetota	Actinomycetia	Streptomycetales	Streptomycetaceae	Streptomyces	Streptomyces olivaceoviridis	Streptomyces olivaceoviridis NPDC000926
NPDC000927	Bacteria	Actinomycetota	Actinomycetia	Streptomycetales	Streptomycetaceae	Streptomyces	Streptomyces sp001905795	Streptomyces sp. NPDC000927
NPDC000931	Bacteria	Actinomycetota	Actinomycetia	Streptomycetales	Streptomycetaceae	Streptomyces	Streptomyces sp002114215	Streptomyces sp. NPDC000931
NPDC000936	Bacteria	Actinomycetota	Actinomycetia	Streptomycetales	Streptomycetaceae	Streptomyces	Streptomyces althioticus	Streptomyces althioticus NPDC000936
NPDC000959	Bacteria	Actinomycetota	Actinomycetia	Streptomycetales	Streptomycetaceae	Streptomyces	Streptomyces fimicarius	Streptomyces griseus NPDC000959
NPDC000961	Bacteria	Actinomycetota	Actinomycetia	Streptomycetales	Streptomycetaceae	Streptomyces	Streptomyces sp001280125	Streptomyces sp. NPDC000961
NPDC000962	Bacteria	Actinomycetota	Actinomycetia	Streptomycetales	Streptomycetaceae	Streptomyces	Streptomyces parvus	Streptomyces parvus NPDC000962
NPDC000968	Bacteria	Actinomycetota	Actinomycetia	Streptomycetales	Streptomycetaceae	Streptomyces	Streptomyces anulatus	Streptomyces anulatus NPDC000968
NPDC000971	Bacteria	Actinomycetota	Actinomycetia	Streptomycetales	Streptomycetaceae	Streptomyces	Streptomyces papulosus	Streptomyces sp. NPDC000971
NPDC000973	Bacteria	Actinomycetota	Actinomycetia	Streptomycetales	Streptomycetaceae	Streptomyces	Streptomyces microflavus	Streptomyces microflavus NPDC000973
NPDC000983	Bacteria	Actinomycetota	Actinomycetia	Streptomycetales	Streptomycetaceae	Streptomyces	Streptomyces sp.	Streptomyces sp. NPDC000983
NPDC000987	Bacteria	Actinomycetota	Actinomycetia	Streptomycetales	Streptomycetaceae	Streptomyces	Streptomyces sp.	Streptomyces sp. NPDC000987
NPDC000990	Bacteria	Actinomycetota	Actinomycetia	Streptomycetales	Streptomycetaceae	Streptomyces	Streptomyces fungicidicus	Streptomyces fungicidicus NPDC000990
NPDC000991	Bacteria	Actinomycetota	Actinomycetia	Streptomycetales	Streptomycetaceae	Streptomyces	Streptomyces fungicidicus	Streptomyces fungicidicus NPDC000991
NPDC001027	Bacteria	Actinomycetota	Actinomycetia	Streptomycetales	Streptomycetaceae	Streptomyces	Streptomyces sp.	Streptomyces sp. NPDC001027
NPDC001029	Bacteria	Actinomycetota	Actinomycetia	Streptomycetales	Streptomycetaceae	Streptomyces	Streptomyces tendae	Streptomyces tendae NPDC001029
NPDC001034	Bacteria	Actinomycetota	Actinomycetia	Streptomycetales	Streptomycetaceae	Streptomyces	Streptomyces sp.	Streptomyces sp. NPDC001034
NPDC001037	Bacteria	Actinomycetota	Actinomycetia	Streptomycetales	Streptomycetaceae	Streptomyces	Streptomyces sp007176755	Streptomyces sp. NPDC001037
NPDC001046	Bacteria	Actinomycetota	Actinomycetia	Streptomycetales	Streptomycetaceae	Streptomyces	Streptomyces sp.	Streptomyces sp. NPDC001046
NPDC001048	Bacteria	Actinomycetota	Actinomycetia	Streptomycetales	Streptomycetaceae	Streptomyces	Streptomyces albogriseolus	Streptomyces albogriseolus NPDC001048
NPDC001050	Bacteria	Actinomycetota	Actinomycetia	Streptomycetales	Streptomycetaceae	Streptomyces	Streptomyces coelicoflavus	Streptomyces coelicoflavus NPDC001050
NPDC001053	Bacteria	Actinomycetota	Actinomycetia	Streptomycetales	Streptomycetaceae	Streptomyces	Streptomyces nigra	Streptomyces nigra NPDC001053
NPDC001066	Bacteria	Actinomycetota	Actinomycetia	Streptomycetales	Streptomycetaceae	Streptomyces	Streptomyces rubiginosohelvolus	Streptomyces rubiginosohelvolus NPDC001066
NPDC001068	Bacteria	Actinomycetota	Actinomycetia	Streptomycetales	Streptomycetaceae	Streptomyces	Streptomyces sp.	Streptomyces sp. NPDC001068
NPDC001069	Bacteria	Actinomycetota	Actinomycetia	Streptomycetales	Streptomycetaceae	Streptomyces	Streptomyces sp900105245	Streptomyces sp. NPDC001069
NPDC001077	Bacteria	Actinomycetota	Actinomycetia	Streptomycetales	Streptomycetaceae	Streptomyces	Streptomyces rubiginosohelvolus	Streptomyces rubiginosohelvolus NPDC001077
NPDC001082	Bacteria	Actinomycetota	Actinomycetia	Streptomycetales	Streptomycetaceae	Streptomyces	Streptomyces olivaceus	Streptomyces olivaceus NPDC001082
NPDC001083	Bacteria	Actinomycetota	Actinomycetia	Streptomycetales	Streptomycetaceae	Streptomyces	Streptomyces sp008042115	Streptomyces sp. NPDC001083
NPDC001093	Bacteria	Actinomycetota	Actinomycetia	Streptomycetales	Streptomycetaceae	Streptomyces	Streptomyces sp.	Streptomyces sp. NPDC001093
NPDC001095	Bacteria	Actinomycetota	Actinomycetia	Streptomycetales	Streptomycetaceae	Kitasatospora	Kitasatospora sp.	Kitasatospora sp. NPDC001095
NPDC001097	Bacteria	Actinomycetota	Actinomycetia	Streptomycetales	Streptomycetaceae	Streptomyces	Streptomyces humidus	Streptomyces humidus NPDC001097
NPDC001102	Bacteria	Actinomycetota	Actinomycetia	Streptomycetales	Streptomycetaceae	Streptomyces	Streptomyces panaciradicis	Streptomyces panaciradicis NPDC001102
NPDC001104	Bacteria	Actinomycetota	Actinomycetia	Streptomycetales	Streptomycetaceae	Streptomyces	Streptomyces filamentosus	Streptomyces filamentosus NPDC001104
NPDC001108	Bacteria	Actinomycetota	Actinomycetia	Streptomycetales	Streptomycetaceae	Streptomyces	Streptomyces sp.	Streptomyces sp. NPDC001108
NPDC001110	Bacteria	Actinomycetota	Actinomycetia	Streptomycetales	Streptomycetaceae	Streptomyces	Streptomyces papulosus	Streptomyces papulosus NPDC001110
NPDC001116	Bacteria	Actinomycetota	Actinomycetia	Streptomycetales	Streptomycetaceae	Streptomyces	Streptomyces virginiae	Streptomyces virginiae NPDC001116
NPDC001119	Bacteria	Actinomycetota	Actinomycetia	Streptomycetales	Streptomycetaceae	Kitasatospora	Kitasatospora sp001905545	Kitasatospora sp. NPDC001119
NPDC001123	Bacteria	Actinomycetota	Actinomycetia	Streptomycetales	Streptomycetaceae	Streptomyces	Streptomyces sp.	Streptomyces sp. NPDC001123
NPDC001124	Bacteria	Actinomycetota	Actinomycetia	Streptomycetales	Streptomycetaceae	Streptomyces	Streptomyces chattanoogensis	Streptomyces chattanoogensis NPDC001124
NPDC001126	Bacteria	Actinomycetota	Actinomycetia	Streptomycetales	Streptomycetaceae	Streptomyces	Streptomyces nigra	Streptomyces nigra NPDC001126
NPDC001127	Bacteria	Actinomycetota	Actinomycetia	Streptomycetales	Streptomycetaceae	Streptomyces	Streptomyces sp.	Streptomyces sp. NPDC001127
NPDC001132	Bacteria	Actinomycetota	Actinomycetia	Streptomycetales	Streptomycetaceae	Kitasatospora	Kitasatospora sp.	Kitasatospora sp. NPDC001132
NPDC001137	Bacteria	Actinomycetota	Actinomycetia	Streptomycetales	Streptomycetaceae	Streptomyces	Streptomyces sp.	Streptomyces sp. NPDC001137
NPDC001144	Bacteria	Actinomycetota	Actinomycetia	Streptomycetales	Streptomycetaceae	Streptomyces	Streptomyces griseofuscus	Streptomyces griseofuscus NPDC001144
NPDC001145	Bacteria	Actinomycetota	Actinomycetia	Streptomycetales	Streptomycetaceae	Streptomyces	Streptomyces papulosus	Kitasatospora papulosa NPDC001145
NPDC001165	Bacteria	Actinomycetota	Actinomycetia	Streptomycetales	Streptomycetaceae	Streptomyces	Streptomyces sp.	Streptomyces sp. NPDC001165
NPDC001166	Bacteria	Actinomycetota	Actinomycetia	Streptomycetales	Streptomycetaceae	Streptomyces	Streptomyces sp900105245	Streptomyces sp900105245 NPDC001166
NPDC001169	Bacteria	Actinomycetota	Actinomycetia	Streptomycetales	Streptomycetaceae	Streptomyces	Streptomyces viridosporus	Streptomyces viridosporus NPDC001169
NPDC001179	Bacteria	Actinomycetota	Actinomycetia	Streptomycetales	Streptomycetaceae	Streptomyces	Streptomyces collinus_A	Streptomyces collinus NPDC001179
NPDC001184	Bacteria	Actinomycetota	Actinomycetia	Streptomycetales	Streptomycetaceae	Streptomyces	Streptomyces humidus	Streptomyces humidus NPDC001184
NPDC001185	Bacteria	Actinomycetota	Actinomycetia	Streptomycetales	Streptomycetaceae	Streptomyces	Streptomyces sp008042115	Streptomyces sp. NPDC001185
NPDC001192	Bacteria	Actinomycetota	Actinomycetia	Streptomycetales	Streptomycetaceae	Streptomyces	Streptomyces sp900105245	Streptomyces sp900105245 NPDC001192
NPDC001194	Bacteria	Actinomycetota	Actinomycetia	Streptomycetales	Streptomycetaceae	Streptomyces	Streptomyces flavotricini	Streptomyces sp. NPDC001194
NPDC001201	Bacteria	Actinomycetota	Actinomycetia	Streptomycetales	Streptomycetaceae	Streptomyces	Streptomyces mirabilis	Streptomyces mirabilis NPDC001201
NPDC001204	Bacteria	Actinomycetota	Actinomycetia	Streptomycetales	Streptomycetaceae	Streptomyces	Streptomyces sp006540305	Streptomyces sp. NPDC001204
NPDC001220	Bacteria	Actinomycetota	Actinomycetia	Streptomycetales	Streptomycetaceae	Streptomyces	Streptomyces sp.	Streptomyces sp. NPDC001220
NPDC001222	Bacteria	Actinomycetota	Actinomycetia	Streptomycetales	Streptomycetaceae	Streptomyces	Streptomyces sp.	Streptomyces sp. NPDC001222
NPDC001228	Bacteria	Actinomycetota	Actinomycetia	Streptomycetales	Streptomycetaceae	Streptomyces	Streptomyces sp.	Streptomyces sp. NPDC001228
NPDC001230	Bacteria	Actinomycetota	Actinomycetia	Streptomycetales	Streptomycetaceae	Streptomyces	Streptomyces sp900105755	Streptomyces sp. NPDC001230
NPDC001231	Bacteria	Actinomycetota	Actinomycetia	Streptomycetales	Streptomycetaceae	Streptomyces	Streptomyces sp006540305	Streptomyces sp. NPDC001231
NPDC001250	Bacteria	Actinomycetota	Actinomycetia	Streptomycetales	Streptomycetaceae	Streptomyces	Streptomyces sp.	Streptomyces sp. NPDC001250
NPDC001255	Bacteria	Actinomycetota	Actinomycetia	Streptomycetales	Streptomycetaceae	Streptomyces	Streptomyces sp000213055	Streptomyces sp. NPDC001255
NPDC001260	Bacteria	Actinomycetota	Actinomycetia	Streptomycetales	Streptomycetaceae	Streptomyces	Streptomyces sp006715395	Streptomyces sp. NPDC001260
NPDC001261	Bacteria	Actinomycetota	Actinomycetia	Streptomycetales	Streptomycetaceae	Kitasatospora	Kitasatospora sp001905545	Kitasatospora sp. NPDC001261
NPDC001262	Bacteria	Actinomycetota	Actinomycetia	Streptomycetales	Streptomycetaceae	Streptomyces	Streptomyces sp.	Streptomyces sp. NPDC001262
NPDC001268	Bacteria	Actinomycetota	Actinomycetia	Streptomycetales	Streptomycetaceae	Streptomyces	Streptomyces sp.	Streptomyces sp. NPDC001268
NPDC001270	Bacteria	Actinomycetota	Actinomycetia	Streptomycetales	Streptomycetaceae	Streptomyces	Streptomyces sp.	Streptomyces sp. NPDC001270
NPDC001276	Bacteria	Actinomycetota	Actinomycetia	Streptomycetales	Streptomycetaceae	Streptomyces	Streptomyces sp006540305	Streptomyces sp. NPDC001276
NPDC001279	Bacteria	Actinomycetota	Actinomycetia	Streptomycetales	Streptomycetaceae	Streptomyces	Streptomyces sp001905795	Streptomyces sp. NPDC001279
NPDC001280	Bacteria	Actinomycetota	Actinomycetia	Streptomycetales	Streptomycetaceae	Streptomyces	Streptomyces collinus_A	Streptomyces collinus NPDC001280
NPDC001282	Bacteria	Actinomycetota	Actinomycetia	Streptomycetales	Streptomycetaceae	Streptomyces	Streptomyces sp001905795	Streptomyces sp. NPDC001282
NPDC001292	Bacteria	Actinomycetota	Actinomycetia	Streptomycetales	Streptomycetaceae	Streptomyces	Streptomyces sp.	Streptomyces sp. NPDC001292
NPDC001296	Bacteria	Actinomycetota	Actinomycetia	Streptomycetales	Streptomycetaceae	Streptomyces	Streptomyces sp.	Streptomyces sp. NPDC001296
NPDC001297	Bacteria	Actinomycetota	Actinomycetia	Streptomycetales	Streptomycetaceae	Streptomyces	Streptomyces sp.	Streptomyces sp. NPDC001297
NPDC001300	Bacteria	Actinomycetota	Actinomycetia	Streptomycetales	Streptomycetaceae	Streptomyces	Streptomyces chattanoogensis	Streptomyces chattanoogensis NPDC001300
NPDC001307	Bacteria	Actinomycetota	Actinomycetia	Streptomycetales	Streptomycetaceae	Streptomyces	Streptomyces sp.	Streptomyces sp. NPDC001307
NPDC001309	Bacteria	Actinomycetota	Actinomycetia	Streptomycetales	Streptomycetaceae	Kitasatospora	Kitasatospora sp.	Kitasatospora sp. NPDC001309
NPDC001312	Bacteria	Actinomycetota	Actinomycetia	Streptomycetales	Streptomycetaceae	Streptomyces	Streptomyces sp.	Streptomyces sp. NPDC001312
NPDC001314	Bacteria	Actinomycetota	Actinomycetia	Streptomycetales	Streptomycetaceae	Streptomyces	Streptomyces griseorubiginosus	Streptomyces griseorubiginosus NPDC001314
NPDC001317	Bacteria	Actinomycetota	Actinomycetia	Streptomycetales	Streptomycetaceae	Streptomyces	Streptomyces populi	Streptomyces populi NPDC001317
NPDC001322	Bacteria	Actinomycetota	Actinomycetia	Streptomycetales	Streptomycetaceae	Streptomyces	Streptomyces albidoflavus	Streptomyces albidoflavus NPDC001322
NPDC001323	Bacteria	Actinomycetota	Actinomycetia	Streptomycetales	Streptomycetaceae	Streptomyces	Streptomyces mirabilis	Streptomyces mirabilis NPDC001323
NPDC001328	Bacteria	Actinomycetota	Actinomycetia	Streptomycetales	Streptomycetaceae	Streptomyces	Streptomyces eurythermus	Streptomyces eurythermus NPDC001328
NPDC001333	Bacteria	Actinomycetota	Actinomycetia	Streptomycetales	Streptomycetaceae	Streptomyces	Streptomyces griseorubiginosus	Streptomyces griseorubiginosus NPDC001333
NPDC001339	Bacteria	Actinomycetota	Actinomycetia	Streptomycetales	Streptomycetaceae	Streptomyces	Streptomyces sp.	Streptomyces sp. NPDC001339
NPDC001349	Bacteria	Actinomycetota	Actinomycetia	Streptomycetales	Streptomycetaceae	Streptomyces	Streptomyces mirabilis	Streptomyces mirabilis NPDC001349
NPDC001351	Bacteria	Actinomycetota	Actinomycetia	Streptomycetales	Streptomycetaceae	Streptomyces	Streptomyces sp.	Streptomyces sp. NPDC001351
NPDC001373	Bacteria	Actinomycetota	Actinomycetia	Streptomycetales	Streptomycetaceae	Streptomyces	Streptomyces sp.	Streptomyces sp. NPDC001373
NPDC001380	Bacteria	Actinomycetota	Actinomycetia	Streptomycetales	Streptomycetaceae	Streptomyces_D	Streptomyces_D sp020991365	Streptomyces sp. NPDC001380
NPDC001381	Bacteria	Actinomycetota	Actinomycetia	Streptomycetales	Streptomycetaceae	Streptomyces	Streptomyces sp.	Streptomyces sp. NPDC001381
NPDC001382	Bacteria	Actinomycetota	Actinomycetia	Streptomycetales	Streptomycetaceae	Streptomyces	Streptomyces tendae	Streptomyces tendae NPDC001382
NPDC001386	Bacteria	Actinomycetota	Actinomycetia	Streptomycetales	Streptomycetaceae	Streptomyces	Streptomyces olivaceus	Streptomyces olivaceus NPDC001386
NPDC001387	Bacteria	Actinomycetota	Actinomycetia	Streptomycetales	Streptomycetaceae	Streptomyces	Streptomyces albidoflavus	Streptomyces albidoflavus NPDC001387
NPDC001388	Bacteria	Actinomycetota	Actinomycetia	Streptomycetales	Streptomycetaceae	Streptomyces	Streptomyces sp.	Streptomyces sp. NPDC001388
NPDC001389	Bacteria	Actinomycetota	Actinomycetia	Streptomycetales	Streptomycetaceae	Streptomyces	Streptomyces sp.	Streptomyces sp. NPDC001389
NPDC001390	Bacteria	Actinomycetota	Actinomycetia	Streptomycetales	Streptomycetaceae	Streptomyces	Streptomyces bluensis	Streptomyces bluensis NPDC001390
NPDC001401	Bacteria	Actinomycetota	Actinomycetia	Streptomycetales	Streptomycetaceae	Streptomyces	Streptomyces sp.	Streptomyces sp. NPDC001401
NPDC001404	Bacteria	Actinomycetota	Actinomycetia	Streptomycetales	Streptomycetaceae	Streptomyces	Streptomyces sp.	Streptomyces sp. NPDC001404
NPDC001406	Bacteria	Actinomycetota	Actinomycetia	Streptomycetales	Streptomycetaceae	Streptomyces	Streptomyces sp.	Streptomyces sp. NPDC001406
NPDC001407	Bacteria	Actinomycetota	Actinomycetia	Streptomycetales	Streptomycetaceae	Streptomyces	Streptomyces sp.	Streptomyces sp. NPDC001407
NPDC001410	Bacteria	Actinomycetota	Actinomycetia	Streptomycetales	Streptomycetaceae	Streptomyces	Streptomyces sp.	Streptomyces sp. NPDC001410
NPDC001414	Bacteria	Actinomycetota	Actinomycetia	Streptomycetales	Streptomycetaceae	Streptomyces	Streptomyces sp.	Streptomyces sp. NPDC001414
NPDC001422	Bacteria	Actinomycetota	Actinomycetia	Streptomycetales	Streptomycetaceae	Streptomyces	Streptomyces sp002078175	Streptomyces sp. NPDC001422
NPDC001435	Bacteria	Actinomycetota	Actinomycetia	Streptomycetales	Streptomycetaceae	Streptomyces	Streptomyces sp.	Streptomyces sp. NPDC001435
NPDC001450	Bacteria	Actinomycetota	Actinomycetia	Streptomycetales	Streptomycetaceae	Streptomyces	Streptomyces sp.	Streptomyces sp. NPDC001450
NPDC001455	Bacteria	Actinomycetota	Actinomycetia	Streptomycetales	Streptomycetaceae	Streptomyces	Streptomyces sp001905795	Streptomyces sp. NPDC001455
NPDC001473	Bacteria	Actinomycetota	Actinomycetia	Streptomycetales	Streptomycetaceae	Streptomyces	Streptomyces mirabilis	Streptomyces mirabilis NPDC001473
NPDC001474	Bacteria	Actinomycetota	Actinomycetia	Streptomycetales	Streptomycetaceae	Streptomyces	Streptomyces mirabilis	Streptomyces mirabilis NPDC001474
NPDC001479	Bacteria	Actinomycetota	Actinomycetia	Streptomycetales	Streptomycetaceae	Streptomyces	Streptomyces griseorubiginosus	Streptomyces griseorubiginosus NPDC001479
NPDC001480	Bacteria	Actinomycetota	Actinomycetia	Streptomycetales	Streptomycetaceae	Streptomyces	Streptomyces sp.	Streptomyces sp. NPDC001480
NPDC001502	Bacteria	Actinomycetota	Actinomycetia	Streptomycetales	Streptomycetaceae	Streptomyces	Streptomyces sp.	Streptomyces sp. NPDC001502
NPDC001507	Bacteria	Actinomycetota	Actinomycetia	Streptomycetales	Streptomycetaceae	Streptomyces	Streptomyces sp900105755	Streptomyces sp. NPDC001507
NPDC001508	Bacteria	Actinomycetota	Actinomycetia	Streptomycetales	Streptomycetaceae	Streptomyces	Streptomyces sp.	Streptomyces sp. NPDC001508
NPDC001513	Bacteria	Actinomycetota	Actinomycetia	Streptomycetales	Streptomycetaceae	Streptomyces	Streptomyces sp000720115	Streptomyces sp. NPDC001513
NPDC001515	Bacteria	Actinomycetota	Actinomycetia	Streptomycetales	Streptomycetaceae	Streptomyces	Streptomyces sp.	Streptomyces sp. NPDC001515
NPDC001517	Bacteria	Actinomycetota	Actinomycetia	Streptomycetales	Streptomycetaceae	Streptomyces	Streptomyces venezuelae_E	Streptomyces venezuelae NPDC001517
NPDC001520	Bacteria	Actinomycetota	Actinomycetia	Streptomycetales	Streptomycetaceae	Streptomyces	Streptomyces sp018883605	Streptomyces sp. NPDC001520
NPDC001523	Bacteria	Actinomycetota	Actinomycetia	Streptomycetales	Streptomycetaceae	Streptomyces	Streptomyces sp001279725	Streptomyces sp. NPDC001523
NPDC001525	Bacteria	Actinomycetota	Actinomycetia	Streptomycetales	Streptomycetaceae	Streptomyces	Streptomyces albidoflavus	Streptomyces albidoflavus NPDC001525
NPDC001527	Bacteria	Actinomycetota	Actinomycetia	Streptomycetales	Streptomycetaceae	Kitasatospora	Kitasatospora sp.	Kitasatospora sp. NPDC001527
NPDC001530	Bacteria	Actinomycetota	Actinomycetia	Streptomycetales	Streptomycetaceae	Streptomyces	Streptomyces sp.	Streptomyces sp. NPDC001530
NPDC001532	Bacteria	Actinomycetota	Actinomycetia	Streptomycetales	Streptomycetaceae	Streptomyces	Streptomyces sp.	Streptomyces sp. NPDC001532
NPDC001536	Bacteria	Actinomycetota	Actinomycetia	Streptomycetales	Streptomycetaceae	Streptomyces	Streptomyces sp.	Streptomyces sp. NPDC001536
NPDC001537	Bacteria	Actinomycetota	Actinomycetia	Streptomycetales	Streptomycetaceae	Streptomyces	Streptomyces sp.	Streptomyces sp. NPDC001537
NPDC001538	Bacteria	Actinomycetota	Actinomycetia	Streptomycetales	Streptomycetaceae	Streptomyces	Streptomyces vinaceus	Streptomyces vinaceus NPDC001538
NPDC001539	Bacteria	Actinomycetota	Actinomycetia	Streptomycetales	Streptomycetaceae	Kitasatospora	Kitasatospora sp.	Kitasatospora sp. NPDC001539
NPDC001540	Bacteria	Actinomycetota	Actinomycetia	Streptomycetales	Streptomycetaceae	Kitasatospora	Kitasatospora sp.	Kitasatospora sp. NPDC001540
NPDC001542	Bacteria	Actinomycetota	Actinomycetia	Streptomycetales	Streptomycetaceae	Streptomyces	Streptomyces collinus_A	Streptomyces collinus NPDC001542
NPDC001544	Bacteria	Actinomycetota	Actinomycetia	Streptomycetales	Streptomycetaceae	Streptomyces	Streptomyces sp.	Streptomyces sp. NPDC001544
NPDC001546	Bacteria	Actinomycetota	Actinomycetia	Streptomycetales	Streptomycetaceae	Streptomyces	Streptomyces sp.	Streptomyces sp. NPDC001546
NPDC001547	Bacteria	Actinomycetota	Actinomycetia	Streptomycetales	Streptomycetaceae	Kitasatospora	Kitasatospora sp.	Kitasatospora sp. NPDC001547
NPDC001548	Bacteria	Actinomycetota	Actinomycetia	Streptomycetales	Streptomycetaceae	Streptomyces	Streptomyces kronopolitis	Streptomyces kronopolitis NPDC001548
NPDC001549	Bacteria	Actinomycetota	Actinomycetia	Streptomycetales	Streptomycetaceae	Streptomyces	Streptomyces sp.	Streptomyces sp. NPDC001549
NPDC001552	Bacteria	Actinomycetota	Actinomycetia	Streptomycetales	Streptomycetaceae	Streptomyces	Streptomyces sp.	Streptomyces sp. NPDC001552
NPDC001553	Bacteria	Actinomycetota	Actinomycetia	Streptomycetales	Streptomycetaceae	Streptomyces	Streptomyces sp001279725	Streptomyces sp. NPDC001553
NPDC001555	Bacteria	Actinomycetota	Actinomycetia	Streptomycetales	Streptomycetaceae	Streptomyces	Streptomyces aureus_B	Streptomyces aureus NPDC001555
NPDC001560	Bacteria	Actinomycetota	Actinomycetia	Streptomycetales	Streptomycetaceae	Streptomyces	Streptomyces scopuliridis	Streptomyces scopuliridis NPDC001560
NPDC001568	Bacteria	Actinomycetota	Actinomycetia	Streptomycetales	Streptomycetaceae	Streptomyces	Streptomyces sp.	Streptomyces sp. NPDC001568
NPDC001570	Bacteria	Actinomycetota	Actinomycetia	Streptomycetales	Streptomycetaceae	Streptomyces	Streptomyces clavifer	Streptomyces clavifer NPDC001570
NPDC001579	Bacteria	Actinomycetota	Actinomycetia	Streptomycetales	Streptomycetaceae	Streptomyces	Streptomyces goshikiensis	Streptomyces goshikiensis NPDC001579
NPDC001580	Bacteria	Actinomycetota	Actinomycetia	Streptomycetales	Streptomycetaceae	Streptomyces	Streptomyces cyaneofuscatus	Streptomyces cyaneofuscatus NPDC001580
NPDC001581	Bacteria	Actinomycetota	Actinomycetia	Streptomycetales	Streptomycetaceae	Streptomyces	Streptomyces sp000720115	Streptomyces sp. NPDC001581
NPDC001584	Bacteria	Actinomycetota	Actinomycetia	Streptomycetales	Streptomycetaceae	Streptomyces	Streptomyces sp.	Streptomyces sp. NPDC001584
NPDC001586	Bacteria	Actinomycetota	Actinomycetia	Streptomycetales	Streptomycetaceae	Streptomyces	Streptomyces sp000720115	Streptomyces sp. NPDC001586
NPDC001587	Bacteria	Actinomycetota	Actinomycetia	Streptomycetales	Streptomycetaceae	Streptomyces	Streptomyces sviceus	Streptomyces sviceus NPDC001587
NPDC001589	Bacteria	Actinomycetota	Actinomycetia	Streptomycetales	Streptomycetaceae	Streptomyces	Streptomyces papulosus	Kitasatospora papulosa NPDC001589
NPDC001591	Bacteria	Actinomycetota	Actinomycetia	Streptomycetales	Streptomycetaceae	Streptomyces	Streptomyces sp.	Streptomyces sp. NPDC001591
NPDC001594	Bacteria	Actinomycetota	Actinomycetia	Streptomycetales	Streptomycetaceae	Streptomyces	Streptomyces sp.	Streptomyces sp. NPDC001594
NPDC001601	Bacteria	Actinomycetota	Actinomycetia	Streptomycetales	Streptomycetaceae	Streptomyces	Streptomyces sp900105755	Streptomyces sp. NPDC001601
NPDC001602	Bacteria	Actinomycetota	Actinomycetia	Streptomycetales	Streptomycetaceae	Streptomyces	Streptomyces sp900105245	Streptomyces sp900105245 NPDC001602
NPDC001603	Bacteria	Actinomycetota	Actinomycetia	Streptomycetales	Streptomycetaceae	Kitasatospora	Kitasatospora sp.	Kitasatospora sp. NPDC001603
NPDC001604	Bacteria	Actinomycetota	Actinomycetia	Streptomycetales	Streptomycetaceae	Streptomyces	Streptomyces sp.	Streptomyces sp. NPDC001604
NPDC001606	Bacteria	Actinomycetota	Actinomycetia	Streptomycetales	Streptomycetaceae	Streptomyces	Streptomyces sp.	Streptomyces sp. NPDC001606
NPDC001610	Bacteria	Actinomycetota	Actinomycetia	Streptomycetales	Streptomycetaceae	Streptomyces	Streptomyces griseorubiginosus	Streptomyces griseorubiginosus NPDC001610
NPDC001615	Bacteria	Actinomycetota	Actinomycetia	Streptomycetales	Streptomycetaceae	Streptomyces	Streptomyces violaceorubidus	Streptomyces violaceorubidus NPDC001615
NPDC001616	Bacteria	Actinomycetota	Actinomycetia	Streptomycetales	Streptomycetaceae	Streptomyces	Streptomyces papulosus	Streptomyces sp. NPDC001616
NPDC001620	Bacteria	Actinomycetota	Actinomycetia	Streptomycetales	Streptomycetaceae	Streptomyces	Streptomyces sp900105245	Streptomyces sp900105245 NPDC001620
NPDC001621	Bacteria	Actinomycetota	Actinomycetia	Streptomycetales	Streptomycetaceae	Streptomyces	Streptomyces sp900105245	Streptomyces sp. NPDC001621
NPDC001623	Bacteria	Actinomycetota	Actinomycetia	Streptomycetales	Streptomycetaceae	Streptomyces	Streptomyces mirabilis	Streptomyces mirabilis NPDC001623
NPDC001629	Bacteria	Actinomycetota	Actinomycetia	Streptomycetales	Streptomycetaceae	Streptomyces	Streptomyces sp900105755	Streptomyces sp900105755 NPDC001629
NPDC001634	Bacteria	Actinomycetota	Actinomycetia	Streptomycetales	Streptomycetaceae	Streptomyces	Streptomyces sp.	Streptomyces sp. NPDC001634
NPDC001642	Bacteria	Actinomycetota	Actinomycetia	Streptomycetales	Streptomycetaceae	Streptomyces	Streptomyces sp016893485	Streptomyces sp. NPDC001642
NPDC001644	Bacteria	Actinomycetota	Actinomycetia	Streptomycetales	Streptomycetaceae	Streptomyces	Streptomyces virginiae_A	Streptomyces virginiae NPDC001644
NPDC001645	Bacteria	Actinomycetota	Actinomycetia	Streptomycetales	Streptomycetaceae	Streptomyces	Streptomyces rubiginosohelvolus	Streptomyces rubiginosohelvolus NPDC001645
NPDC001650	Bacteria	Actinomycetota	Actinomycetia	Streptomycetales	Streptomycetaceae	Streptomyces	Streptomyces nondiastaticus	Streptomyces nondiastaticus NPDC001650
NPDC001651	Bacteria	Actinomycetota	Actinomycetia	Streptomycetales	Streptomycetaceae	Streptomyces	Streptomyces sp001509795	Streptomyces sp. NPDC001651
NPDC001652	Bacteria	Actinomycetota	Actinomycetia	Streptomycetales	Streptomycetaceae	Streptomyces	Streptomyces sp.	Streptomyces sp. NPDC001652
NPDC001657	Bacteria	Actinomycetota	Actinomycetia	Streptomycetales	Streptomycetaceae	Streptomyces	Streptomyces sp000720175	Streptomyces sp. NPDC001657
NPDC001663	Bacteria	Actinomycetota	Actinomycetia	Streptomycetales	Streptomycetaceae	Streptomyces	Streptomyces sp.	Streptomyces sp. NPDC001663
NPDC001664	Bacteria	Actinomycetota	Actinomycetia	Streptomycetales	Streptomycetaceae	Kitasatospora	Kitasatospora sp.	Kitasatospora sp. NPDC001664
NPDC001668	Bacteria	Actinomycetota	Actinomycetia	Streptomycetales	Streptomycetaceae	Streptomyces	Streptomyces sp.	Streptomyces sp. NPDC001668
NPDC001673	Bacteria	Actinomycetota	Actinomycetia	Streptomycetales	Streptomycetaceae	Streptomyces	Streptomyces althioticus	Streptomyces althioticus NPDC001673
NPDC001674	Bacteria	Actinomycetota	Actinomycetia	Streptomycetales	Streptomycetaceae	Streptomyces	Streptomyces sp.	Streptomyces sp. NPDC001674
NPDC001678	Bacteria	Actinomycetota	Actinomycetia	Streptomycetales	Streptomycetaceae	Streptomyces	Streptomyces sp.	Streptomyces sp. NPDC001678
NPDC001687	Bacteria	Actinomycetota	Actinomycetia	Streptomycetales	Streptomycetaceae	Streptomyces	Streptomyces sp900105755	Streptomyces sp. NPDC001687
NPDC001691	Bacteria	Actinomycetota	Actinomycetia	Streptomycetales	Streptomycetaceae	Streptomyces	Streptomyces sp003324565	Streptomyces sp. NPDC001691
NPDC001694	Bacteria	Actinomycetota	Actinomycetia	Streptomycetales	Streptomycetaceae	Streptomyces	Streptomyces sp900105755	Streptomyces sp900105755 NPDC001694
NPDC001698	Bacteria	Actinomycetota	Actinomycetia	Streptomycetales	Streptomycetaceae	Streptomyces	Streptomyces sp006540305	Streptomyces sp. NPDC001698
NPDC001708	Bacteria	Actinomycetota	Actinomycetia	Streptomycetales	Streptomycetaceae	Streptomyces	Streptomyces sp.	Streptomyces sp. NPDC001708
NPDC001714	Bacteria	Actinomycetota	Actinomycetia	Streptomycetales	Streptomycetaceae	Streptomyces	Streptomyces sp.	Streptomyces sp. NPDC001714
NPDC001717	Bacteria	Actinomycetota	Actinomycetia	Streptomycetales	Streptomycetaceae	Streptomyces	Streptomyces sp.	Streptomyces sp. NPDC001717
NPDC001721	Bacteria	Actinomycetota	Actinomycetia	Streptomycetales	Streptomycetaceae	Streptomyces	Streptomyces californicus	Streptomyces californicus NPDC001721
NPDC001723	Bacteria	Actinomycetota	Actinomycetia	Streptomycetales	Streptomycetaceae	Streptomyces	Streptomyces cyaneofuscatus	Streptomyces cyaneofuscatus NPDC001723
NPDC001725	Bacteria	Actinomycetota	Actinomycetia	Streptomycetales	Streptomycetaceae	Streptomyces	Streptomyces papulosus	Streptomyces sp. NPDC001725
NPDC001727	Bacteria	Actinomycetota	Actinomycetia	Streptomycetales	Streptomycetaceae	Streptomyces	Streptomyces mirabilis	Streptomyces mirabilis NPDC001727
NPDC001728	Bacteria	Actinomycetota	Actinomycetia	Streptomycetales	Streptomycetaceae	Streptomyces	Streptomyces sp.	Streptomyces sp. NPDC001728
NPDC001732	Bacteria	Actinomycetota	Actinomycetia	Streptomycetales	Streptomycetaceae	Streptomyces	Streptomyces sp.	Streptomyces sp. NPDC001732
NPDC001737	Bacteria	Actinomycetota	Actinomycetia	Streptomycetales	Streptomycetaceae	Streptomyces	Streptomyces sp900105245	Streptomyces sp. NPDC001737
NPDC001741	Bacteria	Actinomycetota	Actinomycetia	Streptomycetales	Streptomycetaceae	Streptomyces	Streptomyces sp.	Streptomyces sp. NPDC001741
NPDC001743	Bacteria	Actinomycetota	Actinomycetia	Streptomycetales	Streptomycetaceae	Streptomyces	Streptomyces sp004795105	Streptomyces sp. NPDC001743
NPDC001744	Bacteria	Actinomycetota	Actinomycetia	Streptomycetales	Streptomycetaceae	Streptomyces	Streptomyces sp.	Streptomyces sp. NPDC001744
NPDC001745	Bacteria	Actinomycetota	Actinomycetia	Streptomycetales	Streptomycetaceae	Streptomyces	Streptomyces albidoflavus	Streptomyces albidoflavus NPDC001745
NPDC001749	Bacteria	Actinomycetota	Actinomycetia	Streptomycetales	Streptomycetaceae	Streptomyces	Streptomyces abikoensis	Streptomyces abikoensis NPDC001749
NPDC001750	Bacteria	Actinomycetota	Actinomycetia	Streptomycetales	Streptomycetaceae	Streptomyces	Streptomyces sp001905795	Streptomyces sp. NPDC001750
NPDC001751	Bacteria	Actinomycetota	Actinomycetia	Streptomycetales	Streptomycetaceae	Streptomyces	Streptomyces sp900105755	Streptomyces sp900105755 NPDC001751
NPDC001772	Bacteria	Actinomycetota	Actinomycetia	Streptomycetales	Streptomycetaceae	Streptomyces	Streptomyces platensis	Streptomyces platensis NPDC001772
NPDC001775	Bacteria	Actinomycetota	Actinomycetia	Streptomycetales	Streptomycetaceae	Streptomyces	Streptomyces bluensis	Streptomyces bluensis NPDC001775
NPDC001777	Bacteria	Actinomycetota	Actinomycetia	Streptomycetales	Streptomycetaceae	Streptomyces	Streptomyces sp008120935	Streptomyces sp. NPDC001777
NPDC001778	Bacteria	Actinomycetota	Actinomycetia	Streptomycetales	Streptomycetaceae	Streptomyces	Streptomyces hirsutus	Streptomyces hirsutus NPDC001778
NPDC001785	Bacteria	Actinomycetota	Actinomycetia	Streptomycetales	Streptomycetaceae	Streptomyces	Streptomyces hirsutus	Streptomyces hirsutus NPDC001785
NPDC001787	Bacteria	Actinomycetota	Actinomycetia	Streptomycetales	Streptomycetaceae	Streptomyces	Streptomyces sp.	Streptomyces sp. NPDC001787
NPDC001792	Bacteria	Actinomycetota	Actinomycetia	Streptomycetales	Streptomycetaceae	Streptomyces	Streptomyces sp.	Streptomyces sp. NPDC001792
NPDC001793	Bacteria	Actinomycetota	Actinomycetia	Streptomycetales	Streptomycetaceae	Streptomyces	Streptomyces sp019774615	Streptomyces sp. NPDC001793
NPDC001795	Bacteria	Actinomycetota	Actinomycetia	Streptomycetales	Streptomycetaceae	Streptomyces	Streptomyces sp.	Streptomyces sp. NPDC001795
NPDC001796	Bacteria	Actinomycetota	Actinomycetia	Streptomycetales	Streptomycetaceae	Streptomyces	Streptomyces sp014905555	Streptomyces sp. NPDC001796
NPDC001797	Bacteria	Actinomycetota	Actinomycetia	Streptomycetales	Streptomycetaceae	Streptomyces	Streptomyces sp900105755	Streptomyces sp. NPDC001797
NPDC001805	Bacteria	Actinomycetota	Actinomycetia	Streptomycetales	Streptomycetaceae	Streptomyces	Streptomyces nondiastaticus	Streptomyces nondiastaticus NPDC001805
NPDC001811	Bacteria	Actinomycetota	Actinomycetia	Streptomycetales	Streptomycetaceae	Streptomyces	Streptomyces spinosus	Streptomyces spinosus NPDC001811
NPDC001812	Bacteria	Actinomycetota	Actinomycetia	Streptomycetales	Streptomycetaceae	Streptomyces	Streptomyces sp.	Streptomyces sp. NPDC001812
NPDC001815	Bacteria	Actinomycetota	Actinomycetia	Streptomycetales	Streptomycetaceae	Streptomyces	Streptomyces sp019090165	Streptomyces sp. NPDC001815
NPDC001816	Bacteria	Actinomycetota	Actinomycetia	Streptomycetales	Streptomycetaceae	Streptomyces	Streptomyces sp.	Streptomyces sp. NPDC001816
NPDC001817	Bacteria	Actinomycetota	Actinomycetia	Streptomycetales	Streptomycetaceae	Streptomyces	Streptomyces sp.	Streptomyces sp. NPDC001817
NPDC001819	Bacteria	Actinomycetota	Actinomycetia	Streptomycetales	Streptomycetaceae	Streptomyces	Streptomyces collinus_A	Streptomyces collinus_A NPDC001819
NPDC001820	Bacteria	Actinomycetota	Actinomycetia	Streptomycetales	Streptomycetaceae	Streptomyces	Streptomyces sp018614585	Streptomyces sp. NPDC001820
NPDC001821	Bacteria	Actinomycetota	Actinomycetia	Streptomycetales	Streptomycetaceae	Streptomyces	Streptomyces viridosporus	Streptomyces viridosporus NPDC001821
NPDC001822	Bacteria	Actinomycetota	Actinomycetia	Streptomycetales	Streptomycetaceae	Streptomyces	Streptomyces sp.	Streptomyces sp. NPDC001822
NPDC001823	Bacteria	Actinomycetota	Actinomycetia	Streptomycetales	Streptomycetaceae	Streptomyces	Streptomyces bluensis	Streptomyces bluensis NPDC001823
NPDC001827	Bacteria	Actinomycetota	Actinomycetia	Streptomycetales	Streptomycetaceae	Streptomyces	Streptomyces hirsutus	Streptomyces hirsutus NPDC001827
NPDC001828	Bacteria	Actinomycetota	Actinomycetia	Streptomycetales	Streptomycetaceae	Streptomyces	Streptomyces sp.	Streptomyces sp. NPDC001828
NPDC001830	Bacteria	Actinomycetota	Actinomycetia	Streptomycetales	Streptomycetaceae	Streptomyces	Streptomyces sparsogenes	Streptomyces sparsogenes NPDC001830
NPDC001832	Bacteria	Actinomycetota	Actinomycetia	Streptomycetales	Streptomycetaceae	Streptomyces	Streptomyces sp.	Streptomyces sp. NPDC001832
NPDC001833	Bacteria	Actinomycetota	Actinomycetia	Streptomycetales	Streptomycetaceae	Streptomyces	Streptomyces sp.	Streptomyces sp. NPDC001833
NPDC001834	Bacteria	Actinomycetota	Actinomycetia	Streptomycetales	Streptomycetaceae	Streptomyces	Streptomyces sp.	Streptomyces sp. NPDC001834
NPDC001835	Bacteria	Actinomycetota	Actinomycetia	Streptomycetales	Streptomycetaceae	Streptomyces	Streptomyces sp.	Streptomyces sp. NPDC001835
NPDC001837	Bacteria	Actinomycetota	Actinomycetia	Streptomycetales	Streptomycetaceae	Streptomyces	Streptomyces papulosus	Kitasatospora papulosa NPDC001837
NPDC001842	Bacteria	Actinomycetota	Actinomycetia	Streptomycetales	Streptomycetaceae	Streptomyces	Streptomyces papulosus	Kitasatospora papulosa NPDC001842
NPDC001843	Bacteria	Actinomycetota	Actinomycetia	Streptomycetales	Streptomycetaceae	Streptomyces	Streptomyces sp.	Streptomyces sp. NPDC001843
NPDC001848	Bacteria	Actinomycetota	Actinomycetia	Streptomycetales	Streptomycetaceae	Streptomyces	Streptomyces sp.	Streptomyces sp. NPDC001848
NPDC001849	Bacteria	Actinomycetota	Actinomycetia	Streptomycetales	Streptomycetaceae	Streptomyces	Streptomyces hirsutus	Streptomyces hirsutus NPDC001849
NPDC001851	Bacteria	Actinomycetota	Actinomycetia	Streptomycetales	Streptomycetaceae	Streptomyces	Streptomyces sp.	Streptomyces sp. NPDC001851
NPDC001852	Bacteria	Actinomycetota	Actinomycetia	Streptomycetales	Streptomycetaceae	Streptomyces	Streptomyces sp.	Streptomyces sp. NPDC001852
NPDC001856	Bacteria	Actinomycetota	Actinomycetia	Streptomycetales	Streptomycetaceae	Streptomyces	Streptomyces sp004217285	Streptomyces sp. NPDC001856
NPDC001857	Bacteria	Actinomycetota	Actinomycetia	Streptomycetales	Streptomycetaceae	Streptomyces	Streptomyces sp004217285	Streptomyces sp. NPDC001857
NPDC001862	Bacteria	Actinomycetota	Actinomycetia	Streptomycetales	Streptomycetaceae	Streptomyces	Streptomyces sviceus	Streptomyces sviceus NPDC001862
NPDC001864	Bacteria	Actinomycetota	Actinomycetia	Streptomycetales	Streptomycetaceae	Streptomyces	Streptomyces griseorubiginosus	Streptomyces griseorubiginosus NPDC001864
NPDC001868	Bacteria	Actinomycetota	Actinomycetia	Streptomycetales	Streptomycetaceae	Streptomyces	Streptomyces sp.	Streptomyces sp. NPDC001868
NPDC001874	Bacteria	Actinomycetota	Actinomycetia	Streptomycetales	Streptomycetaceae	Streptomyces	Streptomyces anulatus	Streptomyces anulatus NPDC001874
NPDC001876	Bacteria	Actinomycetota	Actinomycetia	Streptomycetales	Streptomycetaceae	Streptomyces	Streptomyces sp.	Streptomyces sp. NPDC001876
NPDC001877	Bacteria	Actinomycetota	Actinomycetia	Streptomycetales	Streptomycetaceae	Streptomyces	Streptomyces chartreusis	Streptomyces chartreusis NPDC001877
NPDC001878	Bacteria	Actinomycetota	Actinomycetia	Streptomycetales	Streptomycetaceae	Streptomyces	Streptomyces californicus	Streptomyces californicus NPDC001878
NPDC001881	Bacteria	Actinomycetota	Actinomycetia	Streptomycetales	Streptomycetaceae	Streptomyces	Streptomyces phaeofaciens	Streptomyces phaeofaciens NPDC001881
NPDC001882	Bacteria	Actinomycetota	Actinomycetia	Streptomycetales	Streptomycetaceae	Streptomyces	Streptomyces chartreusis	Streptomyces chartreusis NPDC001882
NPDC001887	Bacteria	Actinomycetota	Actinomycetia	Streptomycetales	Streptomycetaceae	Streptomyces	Streptomyces nigra	Streptomyces nigra NPDC001887
NPDC001890	Bacteria	Actinomycetota	Actinomycetia	Streptomycetales	Streptomycetaceae	Streptomyces	Streptomyces sp.	Streptomyces sp. NPDC001890
NPDC001893	Bacteria	Actinomycetota	Actinomycetia	Streptomycetales	Streptomycetaceae	Streptomyces	Streptomyces sp003403055	Streptomyces sp. NPDC001893
NPDC001904	Bacteria	Actinomycetota	Actinomycetia	Streptomycetales	Streptomycetaceae	Streptomyces	Streptomyces sp.	Streptomyces sp. NPDC001904
NPDC001906	Bacteria	Actinomycetota	Actinomycetia	Streptomycetales	Streptomycetaceae	Streptomyces	Streptomyces cyaneofuscatus	Streptomyces cyaneofuscatus NPDC001906
NPDC001910	Bacteria	Actinomycetota	Actinomycetia	Streptomycetales	Streptomycetaceae	Streptomyces	Streptomyces sp002078175	Streptomyces sp. NPDC001910
NPDC001914	Bacteria	Actinomycetota	Actinomycetia	Streptomycetales	Streptomycetaceae	Streptomyces	Streptomyces sp.	Streptomyces sp. NPDC001914
NPDC001918	Bacteria	Actinomycetota	Actinomycetia	Streptomycetales	Streptomycetaceae	Streptomyces	Streptomyces olivochromogenes	Streptomyces mirabilis NPDC001918
NPDC001920	Bacteria	Actinomycetota	Actinomycetia	Streptomycetales	Streptomycetaceae	Streptomyces	Streptomyces sp.	Streptomyces sp. NPDC001920
NPDC001928	Bacteria	Actinomycetota	Actinomycetia	Streptomycetales	Streptomycetaceae	Streptomyces	Streptomyces sp008042075	Streptomyces sp. NPDC001928
NPDC001930	Bacteria	Actinomycetota	Actinomycetia	Streptomycetales	Streptomycetaceae	Streptomyces	Streptomyces sp014451325	Streptomyces sp. NPDC001930
NPDC001932	Bacteria	Actinomycetota	Actinomycetia	Streptomycetales	Streptomycetaceae	Streptomyces	Streptomyces phaeochromogenes	Streptomyces phaeochromogenes NPDC001932
NPDC001933	Bacteria	Actinomycetota	Actinomycetia	Streptomycetales	Streptomycetaceae	Streptomyces	Streptomyces sp.	Streptomyces sp. NPDC001933
NPDC001935	Bacteria	Actinomycetota	Actinomycetia	Streptomycetales	Streptomycetaceae	Streptomyces	Streptomyces sp.	Streptomyces sp. NPDC001935
NPDC001941	Bacteria	Actinomycetota	Actinomycetia	Streptomycetales	Streptomycetaceae	Streptomyces	Streptomyces sp.	Streptomyces sp. NPDC001941
NPDC001953	Bacteria	Actinomycetota	Actinomycetia	Streptomycetales	Streptomycetaceae	Streptomyces	Streptomyces sp001507435	Streptomyces sp. NPDC001953
NPDC001959	Bacteria	Actinomycetota	Actinomycetia	Streptomycetales	Streptomycetaceae	Streptomyces	Streptomyces libani	Streptomyces libani NPDC001959
NPDC001968	Bacteria	Actinomycetota	Actinomycetia	Streptomycetales	Streptomycetaceae	Streptomyces	Streptomyces kronopolitis	Streptomyces kronopolitis NPDC001968
NPDC001970	Bacteria	Actinomycetota	Actinomycetia	Streptomycetales	Streptomycetaceae	Streptomyces	Streptomyces sp.	Streptomyces sp. NPDC001970
NPDC001978	Bacteria	Actinomycetota	Actinomycetia	Streptomycetales	Streptomycetaceae	Streptomyces	Streptomyces sp.	Streptomyces sp. NPDC001978
NPDC001981	Bacteria	Actinomycetota	Actinomycetia	Streptomycetales	Streptomycetaceae	Streptomyces	Streptomyces sp900116325	Streptomyces sp. NPDC001981
NPDC001982	Bacteria	Actinomycetota	Actinomycetia	Streptomycetales	Streptomycetaceae	Streptomyces	Streptomyces sp.	Streptomyces sp. NPDC001982
NPDC001985	Bacteria	Actinomycetota	Actinomycetia	Streptomycetales	Streptomycetaceae	Streptomyces	Streptomyces sp.	Streptomyces sp. NPDC001985
NPDC001996	Bacteria	Actinomycetota	Actinomycetia	Streptomycetales	Streptomycetaceae	Streptomyces	Streptomyces sp900105245	Streptomyces sp900105245 NPDC001996
NPDC002012	Bacteria	Actinomycetota	Actinomycetia	Streptomycetales	Streptomycetaceae	Streptomyces	Streptomyces sp.	Streptomyces sp. NPDC002012
NPDC002018	Bacteria	Actinomycetota	Actinomycetia	Streptomycetales	Streptomycetaceae	Streptomyces	Streptomyces sp.	Streptomyces sp. NPDC002018
NPDC002021	Bacteria	Actinomycetota	Actinomycetia	Streptomycetales	Streptomycetaceae	Streptomyces	Streptomyces mirabilis	Streptomyces mirabilis NPDC002021
NPDC002031	Bacteria	Actinomycetota	Actinomycetia	Streptomycetales	Streptomycetaceae	Streptomyces	Streptomyces prasinus	Streptomyces prasinus NPDC002031
NPDC002032	Bacteria	Actinomycetota	Actinomycetia	Streptomycetales	Streptomycetaceae	Streptomyces	Streptomyces sp.	Streptomyces sp. NPDC002032
NPDC002033	Bacteria	Actinomycetota	Actinomycetia	Streptomycetales	Streptomycetaceae	Streptomyces	Streptomyces sp.	Streptomyces sp. NPDC002033
NPDC002039	Bacteria	Actinomycetota	Actinomycetia	Streptomycetales	Streptomycetaceae	Streptomyces	Streptomyces sp001279725	Streptomyces sp. NPDC002039
NPDC002040	Bacteria	Actinomycetota	Actinomycetia	Streptomycetales	Streptomycetaceae	Kitasatospora	Kitasatospora sp.	Kitasatospora sp. NPDC002040
NPDC002044	Bacteria	Actinomycetota	Actinomycetia	Streptomycetales	Streptomycetaceae	Streptomyces	Streptomyces sp.	Streptomyces sp. NPDC002044
NPDC002054	Bacteria	Actinomycetota	Actinomycetia	Streptomycetales	Streptomycetaceae	Streptomyces	Streptomyces sp.	Streptomyces sp. NPDC002054
NPDC002055	Bacteria	Actinomycetota	Actinomycetia	Streptomycetales	Streptomycetaceae	Streptomyces	Streptomyces sp.	Streptomyces sp. NPDC002055
NPDC002057	Bacteria	Actinomycetota	Actinomycetia	Streptomycetales	Streptomycetaceae	Streptomyces	Streptomyces sp.	Streptomyces sp. NPDC002057
NPDC002066	Bacteria	Actinomycetota	Actinomycetia	Streptomycetales	Streptomycetaceae	Streptomyces	Streptomyces mobaraensis	Streptomyces mobaraensis NPDC002066
NPDC002068	Bacteria	Actinomycetota	Actinomycetia	Streptomycetales	Streptomycetaceae	Streptomyces	Streptomyces bacillaris	Streptomyces bacillaris NPDC002068
NPDC002077	Bacteria	Actinomycetota	Actinomycetia	Streptomycetales	Streptomycetaceae	Streptomyces	Streptomyces bluensis	Streptomyces bluensis NPDC002077
NPDC002081	Bacteria	Actinomycetota	Actinomycetia	Streptomycetales	Streptomycetaceae	Streptomyces	Streptomyces erythrochromogenes_A	Streptomyces erythrochromogenes NPDC002081
NPDC002082	Bacteria	Actinomycetota	Actinomycetia	Streptomycetales	Streptomycetaceae	Streptomyces	Streptomyces sp.	Streptomyces sp. NPDC002082
NPDC002088	Bacteria	Actinomycetota	Actinomycetia	Streptomycetales	Streptomycetaceae	Streptomyces	Streptomyces sp.	Streptomyces sp. NPDC002088
NPDC002093	Bacteria	Actinomycetota	Actinomycetia	Streptomycetales	Streptomycetaceae	Streptomyces	Streptomyces prasinus	Streptomyces prasinus NPDC002093
NPDC002095	Bacteria	Actinomycetota	Actinomycetia	Streptomycetales	Streptomycetaceae	Streptomyces	Streptomyces mirabilis	Streptomyces mirabilis NPDC002095
NPDC002105	Bacteria	Actinomycetota	Actinomycetia	Streptomycetales	Streptomycetaceae	Streptomyces	Streptomyces capoamus	Streptomyces capoamus NPDC002105
NPDC002108	Bacteria	Actinomycetota	Actinomycetia	Streptomycetales	Streptomycetaceae	Streptomyces	Streptomyces nitrosporeus	Streptomyces nitrosporeus NPDC002108
NPDC002113	Bacteria	Actinomycetota	Actinomycetia	Streptomycetales	Streptomycetaceae	Streptomyces	Streptomyces eurythermus	Streptomyces eurythermus NPDC002113
NPDC002120	Bacteria	Actinomycetota	Actinomycetia	Streptomycetales	Streptomycetaceae	Streptomyces	Streptomyces sp000720115	Streptomyces sp. NPDC002120
NPDC002122	Bacteria	Actinomycetota	Actinomycetia	Streptomycetales	Streptomycetaceae	Streptomyces	Streptomyces sp001426585	Streptomyces sp. NPDC002122
NPDC002125	Bacteria	Actinomycetota	Actinomycetia	Streptomycetales	Streptomycetaceae	Streptomyces	Streptomyces sp001905505	Streptomyces sp. NPDC002125
NPDC002131	Bacteria	Actinomycetota	Actinomycetia	Streptomycetales	Streptomycetaceae	Streptomyces	Streptomyces sp002078175	Streptomyces sp. NPDC002131
NPDC002132	Bacteria	Actinomycetota	Actinomycetia	Streptomycetales	Streptomycetaceae	Streptomyces	Streptomyces sp004217285	Streptomyces sp. NPDC002132
NPDC002133	Bacteria	Actinomycetota	Actinomycetia	Streptomycetales	Streptomycetaceae	Streptomyces	Streptomyces sp.	Streptomyces sp. NPDC002133
NPDC002134	Bacteria	Actinomycetota	Actinomycetia	Streptomycetales	Streptomycetaceae	Streptomyces	Streptomyces sp004217285	Streptomyces sp. NPDC002134
NPDC002138	Bacteria	Actinomycetota	Actinomycetia	Streptomycetales	Streptomycetaceae	Streptomyces	Streptomyces sp.	Streptomyces sp. NPDC002138
NPDC002164	Bacteria	Actinomycetota	Actinomycetia	Streptomycetales	Streptomycetaceae	Streptomyces	Streptomyces sp001905795	Streptomyces sp. NPDC002164
NPDC002176	Bacteria	Actinomycetota	Actinomycetia	Streptomycetales	Streptomycetaceae	Streptomyces	Streptomyces sp.	Streptomyces sp. NPDC002176
NPDC002181	Bacteria	Actinomycetota	Actinomycetia	Streptomycetales	Streptomycetaceae	Streptomyces	Streptomyces sp.	Streptomyces sp. NPDC002181
NPDC002185	Bacteria	Actinomycetota	Actinomycetia	Streptomycetales	Streptomycetaceae	Streptomyces	Streptomyces sp.	Streptomyces sp. NPDC002185
NPDC002198	Bacteria	Actinomycetota	Actinomycetia	Streptomycetales	Streptomycetaceae	Streptomyces	Streptomyces olivochromogenes	Streptomyces olivochromogenes NPDC002198
NPDC002202	Bacteria	Actinomycetota	Actinomycetia	Streptomycetales	Streptomycetaceae	Streptomyces	Streptomyces mirabilis	Streptomyces mirabilis NPDC002202
NPDC002205	Bacteria	Actinomycetota	Actinomycetia	Streptomycetales	Streptomycetaceae	Streptomyces	Streptomyces sp.	Streptomyces sp. NPDC002205
NPDC002206	Bacteria	Actinomycetota	Actinomycetia	Streptomycetales	Streptomycetaceae	Streptomyces	Streptomyces sp.	Streptomyces sp. NPDC002206
NPDC002209	Bacteria	Actinomycetota	Actinomycetia	Streptomycetales	Streptomycetaceae	Streptomyces	Streptomyces sp.	Streptomyces sp. NPDC002209
NPDC002214	Bacteria	Actinomycetota	Actinomycetia	Streptomycetales	Streptomycetaceae	Streptomyces	Streptomyces goshikiensis	Streptomyces goshikiensis NPDC002214
NPDC002215	Bacteria	Actinomycetota	Actinomycetia	Streptomycetales	Streptomycetaceae	Streptomyces	Streptomyces sp.	Streptomyces sp. NPDC002215
NPDC002221	Bacteria	Actinomycetota	Actinomycetia	Streptomycetales	Streptomycetaceae	Streptomyces	Streptomyces sp002803085	Streptomyces sp. NPDC002221
NPDC002224	Bacteria	Actinomycetota	Actinomycetia	Streptomycetales	Streptomycetaceae	Streptomyces	Streptomyces olivaceus	Streptomyces olivaceus NPDC002224
NPDC002225	Bacteria	Actinomycetota	Actinomycetia	Streptomycetales	Streptomycetaceae	Streptomyces	Streptomyces sp.	Streptomyces sp. NPDC002225
NPDC002227	Bacteria	Actinomycetota	Actinomycetia	Streptomycetales	Streptomycetaceae	Kitasatospora	Kitasatospora sp.	Kitasatospora sp. NPDC002227
NPDC002228	Bacteria	Actinomycetota	Actinomycetia	Streptomycetales	Streptomycetaceae	Streptomyces	Streptomyces buecherae	Streptomyces buecherae NPDC002228
NPDC002231	Bacteria	Actinomycetota	Actinomycetia	Streptomycetales	Streptomycetaceae	Streptomyces	Streptomyces asoensis	Streptomyces asoensis NPDC002231
NPDC002232	Bacteria	Actinomycetota	Actinomycetia	Streptomycetales	Streptomycetaceae	Streptomyces	Streptomyces sp.	Streptomyces sp. NPDC002232
NPDC002233	Bacteria	Actinomycetota	Actinomycetia	Streptomycetales	Streptomycetaceae	Streptomyces	Streptomyces lavendulae_C	Streptomyces lavendulae_C NPDC002233
NPDC002238	Bacteria	Actinomycetota	Actinomycetia	Streptomycetales	Streptomycetaceae	Streptomyces	Streptomyces papulosus	Streptomyces sp. NPDC002238
NPDC002240	Bacteria	Actinomycetota	Actinomycetia	Streptomycetales	Streptomycetaceae	Streptomyces	Streptomyces capoamus	Streptomyces capoamus NPDC002240
NPDC002242	Bacteria	Actinomycetota	Actinomycetia	Streptomycetales	Streptomycetaceae	Streptomyces	Streptomyces albidoflavus	Streptomyces albidoflavus NPDC002242
NPDC002244	Bacteria	Actinomycetota	Actinomycetia	Streptomycetales	Streptomycetaceae	Streptomyces	Streptomyces mirabilis	Streptomyces mirabilis NPDC002244
NPDC002248	Bacteria	Actinomycetota	Actinomycetia	Streptomycetales	Streptomycetaceae	Streptomyces	Streptomyces sp000213055	Streptomyces sp. NPDC002248
NPDC002250	Bacteria	Actinomycetota	Actinomycetia	Streptomycetales	Streptomycetaceae	Streptomyces	Streptomyces sp.	Streptomyces sp. NPDC002250
NPDC002262	Bacteria	Actinomycetota	Actinomycetia	Streptomycetales	Streptomycetaceae	Streptomyces	Streptomyces sp.	Streptomyces sp. NPDC002262
NPDC002265	Bacteria	Actinomycetota	Actinomycetia	Streptomycetales	Streptomycetaceae	Streptomyces	Streptomyces sp.	Streptomyces sp. NPDC002265
NPDC002285	Bacteria	Actinomycetota	Actinomycetia	Streptomycetales	Streptomycetaceae	Streptomyces	Streptomyces sp.	Streptomyces sp. NPDC002285
NPDC002287	Bacteria	Actinomycetota	Actinomycetia	Streptomycetales	Streptomycetaceae	Streptomyces	Streptomyces sp.	Streptomyces sp. NPDC002287
NPDC002289	Bacteria	Actinomycetota	Actinomycetia	Streptomycetales	Streptomycetaceae	Streptomyces	Streptomyces griseus	Streptomyces griseus NPDC002289
NPDC002291	Bacteria	Actinomycetota	Actinomycetia	Streptomycetales	Streptomycetaceae	Streptomyces	Streptomyces griseus	Streptomyces griseus NPDC002291
NPDC002292	Bacteria	Actinomycetota	Actinomycetia	Streptomycetales	Streptomycetaceae	Streptomyces	Streptomyces mirabilis	Streptomyces mirabilis NPDC002292
NPDC002312	Bacteria	Actinomycetota	Actinomycetia	Streptomycetales	Streptomycetaceae	Streptomyces	Streptomyces olivochromogenes	Streptomyces mirabilis NPDC002312
NPDC002323	Bacteria	Actinomycetota	Actinomycetia	Streptomycetales	Streptomycetaceae	Streptomyces	Streptomyces eurythermus	Streptomyces eurythermus NPDC002323
NPDC002324	Bacteria	Actinomycetota	Actinomycetia	Streptomycetales	Streptomycetaceae	Streptomyces	Streptomyces sp.	Streptomyces sp. NPDC002324
NPDC002328	Bacteria	Actinomycetota	Actinomycetia	Streptomycetales	Streptomycetaceae	Streptomyces	Streptomyces sp.	Streptomyces sp. NPDC002328
NPDC002343	Bacteria	Actinomycetota	Actinomycetia	Streptomycetales	Streptomycetaceae	Streptomyces	Streptomyces sp.	Streptomyces sp. NPDC002343
NPDC002386	Bacteria	Actinomycetota	Actinomycetia	Streptomycetales	Streptomycetaceae	Streptomyces	Streptomyces sp016432725	Streptomyces sp. NPDC002386
NPDC002387	Bacteria	Actinomycetota	Actinomycetia	Streptomycetales	Streptomycetaceae	Streptomyces	Streptomyces sp001507435	Streptomyces sp. NPDC002387
NPDC002418	Bacteria	Actinomycetota	Actinomycetia	Streptomycetales	Streptomycetaceae	Streptomyces	Streptomyces papulosus	Streptomyces sp. NPDC002418
NPDC002422	Bacteria	Actinomycetota	Actinomycetia	Streptomycetales	Streptomycetaceae	Streptomyces	Streptomyces tsukubensis	Streptomyces tsukubensis NPDC002422
NPDC002435	Bacteria	Actinomycetota	Actinomycetia	Streptomycetales	Streptomycetaceae	Streptomyces	Streptomyces massasporeus	Streptomyces massasporeus NPDC002435
NPDC002445	Bacteria	Actinomycetota	Actinomycetia	Streptomycetales	Streptomycetaceae	Streptomyces	Streptomyces antibioticus_B	Streptomyces antibioticus_B NPDC002445
NPDC002454	Bacteria	Actinomycetota	Actinomycetia	Streptomycetales	Streptomycetaceae	Streptomyces	Streptomyces sp.	Streptomyces sp. NPDC002454
NPDC002455	Bacteria	Actinomycetota	Actinomycetia	Streptomycetales	Streptomycetaceae	Streptomyces	Streptomyces silvae	Streptomyces silvae NPDC002455
NPDC002458	Bacteria	Actinomycetota	Actinomycetia	Streptomycetales	Streptomycetaceae	Streptomyces	Streptomyces silvae	Streptomyces sp. NPDC002458
NPDC002463	Bacteria	Actinomycetota	Actinomycetia	Streptomycetales	Streptomycetaceae	Streptomyces	Streptomyces nymphaeiformis	Streptomyces sp. NPDC002463
NPDC002466	Bacteria	Actinomycetota	Actinomycetia	Streptomycetales	Streptomycetaceae	Streptomyces	Streptomyces sp008120935	Streptomyces sp. NPDC002466
NPDC002467	Bacteria	Actinomycetota	Actinomycetia	Streptomycetales	Streptomycetaceae	Streptomyces	Streptomyces sp.	Streptomyces sp. NPDC002467
NPDC002469	Bacteria	Actinomycetota	Actinomycetia	Streptomycetales	Streptomycetaceae	Streptomyces	Streptomyces griseus	Streptomyces griseus NPDC002469
NPDC002476	Bacteria	Actinomycetota	Actinomycetia	Streptomycetales	Streptomycetaceae	Streptomyces	Streptomyces sp001905795	Streptomyces sp. NPDC002476
NPDC002484	Bacteria	Actinomycetota	Actinomycetia	Streptomycetales	Streptomycetaceae	Streptomyces	Streptomyces platensis	Streptomyces platensis NPDC002484
NPDC002490	Bacteria	Actinomycetota	Actinomycetia	Streptomycetales	Streptomycetaceae	Streptomyces	Streptomyces sp.	Streptomyces sp. NPDC002490
NPDC002506	Bacteria	Actinomycetota	Actinomycetia	Streptomycetales	Streptomycetaceae	Streptomyces	Streptomyces sp002803085	Streptomyces sp. NPDC002506
NPDC002508	Bacteria	Actinomycetota	Actinomycetia	Streptomycetales	Streptomycetaceae	Streptomyces	Streptomyces rubiginosohelvolus	Streptomyces rubiginosohelvolus NPDC002508
NPDC002551	Bacteria	Actinomycetota	Actinomycetia	Streptomycetales	Streptomycetaceae	Kitasatospora	Kitasatospora sp.	Kitasatospora sp. NPDC002551
NPDC002553	Bacteria	Actinomycetota	Actinomycetia	Streptomycetales	Streptomycetaceae	Streptomyces	Streptomyces sp004217285	Streptomyces sp. NPDC002553
NPDC002561	Bacteria	Actinomycetota	Actinomycetia	Streptomycetales	Streptomycetaceae	Streptomyces	Streptomyces sp008120935	Streptomyces sp. NPDC002561
NPDC002588	Bacteria	Actinomycetota	Actinomycetia	Streptomycetales	Streptomycetaceae	Streptomyces	Streptomyces sp.	Streptomyces sp. NPDC002588
NPDC002589	Bacteria	Actinomycetota	Actinomycetia	Streptomycetales	Streptomycetaceae	Streptomyces	Streptomyces sp.	Streptomyces sp. NPDC002589
NPDC002599	Bacteria	Actinomycetota	Actinomycetia	Streptomycetales	Streptomycetaceae	Streptomyces	Streptomyces sp.	Streptomyces sp. NPDC002599
NPDC002624	Bacteria	Actinomycetota	Actinomycetia	Streptomycetales	Streptomycetaceae	Streptomyces	Streptomyces sp008042035	Streptomyces sp. NPDC002624
NPDC002640	Bacteria	Actinomycetota	Actinomycetia	Streptomycetales	Streptomycetaceae	Streptomyces	Streptomyces sp.	Streptomyces sp. NPDC002640
NPDC002643	Bacteria	Actinomycetota	Actinomycetia	Streptomycetales	Streptomycetaceae	Streptomyces	Streptomyces sp.	Streptomyces sp. NPDC002643
NPDC002644	Bacteria	Actinomycetota	Actinomycetia	Streptomycetales	Streptomycetaceae	Streptomyces	Streptomyces sp.	Streptomyces sp. NPDC002644
NPDC002659	Bacteria	Actinomycetota	Actinomycetia	Streptomycetales	Streptomycetaceae	Streptomyces	Streptomyces sp.	Streptomyces sp. NPDC002659
NPDC002668	Bacteria	Actinomycetota	Actinomycetia	Streptomycetales	Streptomycetaceae	Streptomyces	Streptomyces sp.	Streptomyces sp. NPDC002668
NPDC002669	Bacteria	Actinomycetota	Actinomycetia	Streptomycetales	Streptomycetaceae	Streptomyces	Streptomyces sp008120935	Streptomyces sp. NPDC002669
NPDC002671	Bacteria	Actinomycetota	Actinomycetia	Streptomycetales	Streptomycetaceae	Streptomyces	Streptomyces sp.	Streptomyces sp. NPDC002671
NPDC002674	Bacteria	Actinomycetota	Actinomycetia	Streptomycetales	Streptomycetaceae	Streptomyces	Streptomyces olivochromogenes	Streptomyces mirabilis NPDC002674
NPDC002677	Bacteria	Actinomycetota	Actinomycetia	Streptomycetales	Streptomycetaceae	Streptomyces	Streptomyces sp.	Streptomyces sp. NPDC002677
NPDC002680	Bacteria	Actinomycetota	Actinomycetia	Streptomycetales	Streptomycetaceae	Streptomyces	Streptomyces sp.	Streptomyces sp. NPDC002680
NPDC002685	Bacteria	Actinomycetota	Actinomycetia	Streptomycetales	Streptomycetaceae	Streptomyces	Streptomyces sp.	Streptomyces sp. NPDC002685
NPDC002688	Bacteria	Actinomycetota	Actinomycetia	Streptomycetales	Streptomycetaceae	Streptomyces	Streptomyces sp.	Streptomyces sp. NPDC002688
NPDC002698	Bacteria	Actinomycetota	Actinomycetia	Streptomycetales	Streptomycetaceae	Streptomyces	Streptomyces sp.	Streptomyces sp. NPDC002698
NPDC002701	Bacteria	Actinomycetota	Actinomycetia	Streptomycetales	Streptomycetaceae	Streptomyces	Streptomyces sp.	Streptomyces sp. NPDC002701
NPDC002722	Bacteria	Actinomycetota	Actinomycetia	Streptomycetales	Streptomycetaceae	Streptomyces	Streptomyces sp003846175	Streptomyces sp. NPDC002722
NPDC002730	Bacteria	Actinomycetota	Actinomycetia	Streptomycetales	Streptomycetaceae	Streptomyces	Streptomyces sp.	Streptomyces sp. NPDC002730
NPDC002734	Bacteria	Actinomycetota	Actinomycetia	Streptomycetales	Streptomycetaceae	Streptomyces	Streptomyces sp.	Streptomyces sp. NPDC002734
NPDC002738	Bacteria	Actinomycetota	Actinomycetia	Streptomycetales	Streptomycetaceae	Streptomyces	Streptomyces sp.	Streptomyces sp. NPDC002738
NPDC002742	Bacteria	Actinomycetota	Actinomycetia	Streptomycetales	Streptomycetaceae	Streptomyces	Streptomyces sp.	Streptomyces sp. NPDC002742
NPDC002746	Bacteria	Actinomycetota	Actinomycetia	Streptomycetales	Streptomycetaceae	Streptomyces	Streptomyces sp001905365	Streptomyces sp. NPDC002746
NPDC002752	Bacteria	Actinomycetota	Actinomycetia	Streptomycetales	Streptomycetaceae	Streptomyces	Streptomyces olivochromogenes	Streptomyces mirabilis NPDC002752
NPDC002754	Bacteria	Actinomycetota	Actinomycetia	Streptomycetales	Streptomycetaceae	Streptomyces	Streptomyces sp.	Streptomyces sp. NPDC002754
NPDC002755	Bacteria	Actinomycetota	Actinomycetia	Streptomycetales	Streptomycetaceae	Streptomyces	Streptomyces sp.	Streptomyces sp. NPDC002755
NPDC002763	Bacteria	Actinomycetota	Actinomycetia	Streptomycetales	Streptomycetaceae	Streptomyces	Streptomyces sp.	Streptomyces sp. NPDC002763
NPDC002764	Bacteria	Actinomycetota	Actinomycetia	Streptomycetales	Streptomycetaceae	Streptomyces	Streptomyces sp.	Streptomyces sp. NPDC002764
NPDC002765	Bacteria	Actinomycetota	Actinomycetia	Streptomycetales	Streptomycetaceae	Streptomyces	Streptomyces sp.	Streptomyces sp. NPDC002765
NPDC002766	Bacteria	Actinomycetota	Actinomycetia	Streptomycetales	Streptomycetaceae	Streptomyces	Streptomyces sp.	Streptomyces sp. NPDC002766
NPDC002769	Bacteria	Actinomycetota	Actinomycetia	Streptomycetales	Streptomycetaceae	Streptomyces	Streptomyces sp.	Streptomyces sp. NPDC002769
NPDC002773	Bacteria	Actinomycetota	Actinomycetia	Streptomycetales	Streptomycetaceae	Streptomyces	Streptomyces sp.	Streptomyces sp. NPDC002773
NPDC002776	Bacteria	Actinomycetota	Actinomycetia	Streptomycetales	Streptomycetaceae	Streptomyces	Streptomyces sp.	Streptomyces sp. NPDC002776
NPDC002778	Bacteria	Actinomycetota	Actinomycetia	Streptomycetales	Streptomycetaceae	Streptomyces	Streptomyces sp.	Streptomyces sp. NPDC002778
NPDC002779	Bacteria	Actinomycetota	Actinomycetia	Streptomycetales	Streptomycetaceae	Streptomyces	Streptomyces sp.	Streptomyces sp. NPDC002779
NPDC002781	Bacteria	Actinomycetota	Actinomycetia	Streptomycetales	Streptomycetaceae	Yinghuangia	Yinghuangia sp.	Yinghuangia sp. NPDC002781
NPDC002784	Bacteria	Actinomycetota	Actinomycetia	Streptomycetales	Streptomycetaceae	Streptomyces	Streptomyces sp.	Streptomyces sp. NPDC002784
NPDC002785	Bacteria	Actinomycetota	Actinomycetia	Streptomycetales	Streptomycetaceae	Streptomyces	Streptomyces sp.	Streptomyces sp. NPDC002785
NPDC002787	Bacteria	Actinomycetota	Actinomycetia	Streptomycetales	Streptomycetaceae	Streptomyces	Streptomyces sp.	Streptomyces sp. NPDC002787
NPDC002788	Bacteria	Actinomycetota	Actinomycetia	Streptomycetales	Streptomycetaceae	Streptomyces	Streptomyces sp.	Streptomyces sp. NPDC002788
NPDC002790	Bacteria	Actinomycetota	Actinomycetia	Streptomycetales	Streptomycetaceae	Streptomyces	Streptomyces sp.	Streptomyces sp. NPDC002790
NPDC002793	Bacteria	Actinomycetota	Actinomycetia	Streptomycetales	Streptomycetaceae	Streptomyces	Streptomyces sp.	Streptomyces sp. NPDC002793
NPDC002795	Bacteria	Actinomycetota	Actinomycetia	Streptomycetales	Streptomycetaceae	Streptomyces	Streptomyces sp.	Streptomyces sp. NPDC002795
NPDC002803	Bacteria	Actinomycetota	Actinomycetia	Streptomycetales	Streptomycetaceae	Streptomyces	Streptomyces massasporeus	Streptomyces massasporeus NPDC002803
NPDC002806	Bacteria	Actinomycetota	Actinomycetia	Streptomycetales	Streptomycetaceae	Streptomyces	Streptomyces virginiae_A	Streptomyces virginiae NPDC002806
NPDC002807	Bacteria	Actinomycetota	Actinomycetia	Streptomycetales	Streptomycetaceae	Streptomyces	Streptomyces glaucescens	Streptomyces pharetrae NPDC002807
NPDC002809	Bacteria	Actinomycetota	Actinomycetia	Streptomycetales	Streptomycetaceae	Streptomyces	Streptomyces sp.	Streptomyces sp. NPDC002809
NPDC002812	Bacteria	Actinomycetota	Actinomycetia	Streptomycetales	Streptomycetaceae	Streptomyces	Streptomyces sp.	Streptomyces sp. NPDC002812
NPDC002825	Bacteria	Actinomycetota	Actinomycetia	Streptomycetales	Streptomycetaceae	Streptomyces	Streptomyces sp.	Streptomyces sp. NPDC002825
NPDC002835	Bacteria	Actinomycetota	Actinomycetia	Streptomycetales	Streptomycetaceae	Streptomyces	Streptomyces sp.	Streptomyces sp. NPDC002835
NPDC002836	Bacteria	Actinomycetota	Actinomycetia	Streptomycetales	Streptomycetaceae	Streptomyces	Streptomyces tauricus	Streptomyces tauricus NPDC002836
NPDC002838	Bacteria	Actinomycetota	Actinomycetia	Streptomycetales	Streptomycetaceae	Streptomyces	Streptomyces sp.	Streptomyces sp. NPDC002838
NPDC002845	Bacteria	Actinomycetota	Actinomycetia	Streptomycetales	Streptomycetaceae	Streptomyces	Streptomyces sp.	Streptomyces sp. NPDC002845
NPDC002850	Bacteria	Actinomycetota	Actinomycetia	Streptomycetales	Streptomycetaceae	Streptomyces	Streptomyces lasiicapitis	Streptomyces lasiicapitis NPDC002850
NPDC002853	Bacteria	Actinomycetota	Actinomycetia	Streptomycetales	Streptomycetaceae	Streptomyces	Streptomyces sp.	Streptomyces sp. NPDC002853
NPDC002855	Bacteria	Actinomycetota	Actinomycetia	Streptomycetales	Streptomycetaceae	Streptomyces	Streptomyces sp.	Streptomyces sp. NPDC002855
NPDC002861	Bacteria	Actinomycetota	Actinomycetia	Streptomycetales	Streptomycetaceae	Streptomyces	Streptomyces flaveus	Streptomyces flaveus NPDC002861
NPDC002870	Bacteria	Actinomycetota	Actinomycetia	Streptomycetales	Streptomycetaceae	Streptomyces	Streptomyces sp.	Streptomyces sp. NPDC002870
NPDC002884	Bacteria	Actinomycetota	Actinomycetia	Streptomycetales	Streptomycetaceae	Streptomyces	Streptomyces sp.	Streptomyces sp. NPDC002884
NPDC002886	Bacteria	Actinomycetota	Actinomycetia	Streptomycetales	Streptomycetaceae	Streptomyces	Streptomyces sp.	Streptomyces sp. NPDC002886
NPDC002888	Bacteria	Actinomycetota	Actinomycetia	Streptomycetales	Streptomycetaceae	Streptomyces	Streptomyces sp.	Streptomyces sp. NPDC002888
NPDC002896	Bacteria	Actinomycetota	Actinomycetia	Streptomycetales	Streptomycetaceae	Streptomyces	Streptomyces sp.	Streptomyces sp. NPDC002896
NPDC002907	Bacteria	Actinomycetota	Actinomycetia	Streptomycetales	Streptomycetaceae	Streptomyces	Streptomyces glauciniger	Actinacidiphila glaucinigra NPDC002907
NPDC002911	Bacteria	Actinomycetota	Actinomycetia	Streptomycetales	Streptomycetaceae	Streptomyces	Streptomyces sp.	Streptomyces sp. NPDC002911
NPDC002917	Bacteria	Actinomycetota	Actinomycetia	Streptomycetales	Streptomycetaceae	Streptomyces	Streptomyces sp.	Streptomyces sp. NPDC002917
NPDC002922	Bacteria	Actinomycetota	Actinomycetia	Streptomycetales	Streptomycetaceae	Streptomyces	Streptomyces sp.	Streptomyces sp. NPDC002922
NPDC002928	Bacteria	Actinomycetota	Actinomycetia	Streptomycetales	Streptomycetaceae	Streptomyces	Streptomyces sp.	Streptomyces sp. NPDC002928
NPDC002932	Bacteria	Actinomycetota	Actinomycetia	Streptomycetales	Streptomycetaceae	Streptomyces	Streptomyces sp001905365	Streptomyces sp. NPDC002932
NPDC002935	Bacteria	Actinomycetota	Actinomycetia	Streptomycetales	Streptomycetaceae	Streptomyces	Streptomyces sp.	Streptomyces sp. NPDC002935
NPDC002938	Bacteria	Actinomycetota	Actinomycetia	Streptomycetales	Streptomycetaceae	Streptomyces	Streptomyces tauricus	Streptomyces tauricus NPDC002938
NPDC002951	Bacteria	Actinomycetota	Actinomycetia	Streptomycetales	Streptomycetaceae	Streptomyces	Streptomyces canus	Streptomyces canus NPDC002951
NPDC002952	Bacteria	Actinomycetota	Actinomycetia	Streptomycetales	Streptomycetaceae	Streptomyces	Streptomyces sp.	Streptomyces sp. NPDC002952
NPDC002962	Bacteria	Actinomycetota	Actinomycetia	Streptomycetales	Streptomycetaceae	Streptomyces	Streptomyces sp001298545	Streptomyces sp. NPDC002962
NPDC002965	Bacteria	Actinomycetota	Actinomycetia	Streptomycetales	Streptomycetaceae	Kitasatospora	Kitasatospora sp.	Kitasatospora sp. NPDC002965
NPDC002979	Bacteria	Actinomycetota	Actinomycetia	Streptomycetales	Streptomycetaceae	Streptomyces	Streptomyces viridiviolaceus	Streptomyces viridiviolaceus NPDC002979
NPDC002992	Bacteria	Actinomycetota	Actinomycetia	Streptomycetales	Streptomycetaceae	Streptomyces	Streptomyces sp.	Streptomyces sp. NPDC002992
NPDC002993	Bacteria	Actinomycetota	Actinomycetia	Streptomycetales	Streptomycetaceae	Streptomyces	Streptomyces coeruleorubidus	Streptomyces coeruleorubidus NPDC002993
NPDC002994	Bacteria	Actinomycetota	Actinomycetia	Streptomycetales	Streptomycetaceae	Streptomyces	Streptomyces sp.	Streptomyces sp. NPDC002994
NPDC003013	Bacteria	Actinomycetota	Actinomycetia	Streptomycetales	Streptomycetaceae	Streptomyces	Streptomyces flavidovirens	Streptomyces flavidovirens NPDC003013
NPDC003023	Bacteria	Actinomycetota	Actinomycetia	Streptomycetales	Streptomycetaceae	Streptomyces	Streptomyces sp.	Streptomyces sp. NPDC003023
NPDC003029	Bacteria	Actinomycetota	Actinomycetia	Streptomycetales	Streptomycetaceae	Streptomyces	Streptomyces flavidovirens	Streptomyces flavidovirens NPDC003029
NPDC003035	Bacteria	Actinomycetota	Actinomycetia	Streptomycetales	Streptomycetaceae	Streptomyces	Streptomyces sp.	Streptomyces sp. NPDC003035
NPDC003036	Bacteria	Actinomycetota	Actinomycetia	Streptomycetales	Streptomycetaceae	Streptomyces	Streptomyces sp.	Streptomyces sp. NPDC003036
NPDC003038	Bacteria	Actinomycetota	Actinomycetia	Streptomycetales	Streptomycetaceae	Streptomyces	Streptomyces sp.	Streptomyces sp. NPDC003038
NPDC003050	Bacteria	Actinomycetota	Actinomycetia	Streptomycetales	Streptomycetaceae	Streptomyces	Streptomyces chrestomyceticus	Streptomyces chrestomyceticus NPDC003050
NPDC003077	Bacteria	Actinomycetota	Actinomycetia	Streptomycetales	Streptomycetaceae	Streptomyces	Streptomyces sp.	Streptomyces sp. NPDC003077
NPDC003090	Bacteria	Actinomycetota	Actinomycetia	Streptomycetales	Streptomycetaceae	Streptomyces	Streptomyces sp.	Streptomyces sp. NPDC003090
NPDC003180	Bacteria	Actinomycetota	Actinomycetia	Streptomycetales	Streptomycetaceae	Streptomyces	Streptomyces cellulosae	Streptomyces cellulosae NPDC003180
NPDC003184	Bacteria	Actinomycetota	Actinomycetia	Streptomycetales	Streptomycetaceae	Streptomyces	Streptomyces cellulosae	Streptomyces cellulosae NPDC003184
NPDC003188	Bacteria	Actinomycetota	Actinomycetia	Streptomycetales	Streptomycetaceae	Streptomyces	Streptomyces cellulosae	Streptomyces cellulosae NPDC003188
NPDC003189	Bacteria	Actinomycetota	Actinomycetia	Streptomycetales	Streptomycetaceae	Streptomyces	Streptomyces griseoflavus	Streptomyces griseoflavus NPDC003189
NPDC003195	Bacteria	Actinomycetota	Actinomycetia	Streptomycetales	Streptomycetaceae	Streptomyces	Streptomyces griseoflavus	Streptomyces griseoflavus NPDC003195
NPDC003196	Bacteria	Actinomycetota	Actinomycetia	Streptomycetales	Streptomycetaceae	Streptomyces	Streptomyces anthocyanicus	Streptomyces anthocyanicus NPDC003196
NPDC003247	Bacteria	Actinomycetota	Actinomycetia	Streptomycetales	Streptomycetaceae	Streptomyces	Streptomyces sp.	Streptomyces sp. NPDC003247
NPDC003250	Bacteria	Actinomycetota	Actinomycetia	Streptomycetales	Streptomycetaceae	Streptomyces	Streptomyces cellulosae	Streptomyces cellulosae NPDC003250
NPDC003251	Bacteria	Actinomycetota	Actinomycetia	Streptomycetales	Streptomycetaceae	Streptomyces	Streptomyces misionensis	Streptomyces misionensis NPDC003251
NPDC003252	Bacteria	Actinomycetota	Actinomycetia	Streptomycetales	Streptomycetaceae	Streptomyces	Streptomyces misionensis	Streptomyces misionensis NPDC003252
NPDC003257	Bacteria	Actinomycetota	Actinomycetia	Streptomycetales	Streptomycetaceae	Streptomyces	Streptomyces misionensis	Streptomyces misionensis NPDC003257
NPDC003273	Bacteria	Actinomycetota	Actinomycetia	Streptomycetales	Streptomycetaceae	Streptomyces	Streptomyces sp007176755	Streptomyces sp. NPDC003273
NPDC003278	Bacteria	Actinomycetota	Actinomycetia	Streptomycetales	Streptomycetaceae	Streptomyces	Streptomyces sp007176755	Streptomyces sp. NPDC003278
NPDC003280	Bacteria	Actinomycetota	Actinomycetia	Streptomycetales	Streptomycetaceae	Streptomyces	Streptomyces sp007176755	Streptomyces sp. NPDC003280
NPDC003283	Bacteria	Actinomycetota	Actinomycetia	Streptomycetales	Streptomycetaceae	Streptomyces	Streptomyces sp001654495	Streptomyces sp. NPDC003283
NPDC003284	Bacteria	Actinomycetota	Actinomycetia	Streptomycetales	Streptomycetaceae	Streptomyces	Streptomyces sp001654495	Streptomyces sp. NPDC003284
NPDC003300	Bacteria	Actinomycetota	Actinomycetia	Streptomycetales	Streptomycetaceae	Streptomyces	Streptomyces sp014596445	Streptomyces sp. NPDC003300
NPDC003314	Bacteria	Actinomycetota	Actinomycetia	Streptomycetales	Streptomycetaceae	Streptomyces	Streptomyces sp001280125	Streptomyces sp. NPDC003314
NPDC003330	Bacteria	Actinomycetota	Actinomycetia	Streptomycetales	Streptomycetaceae	Streptomyces	Streptomyces albogriseolus	Streptomyces albogriseolus NPDC003330
NPDC003337	Bacteria	Actinomycetota	Actinomycetia	Streptomycetales	Streptomycetaceae	Streptomyces	Streptomyces cellulosae	Streptomyces cellulosae NPDC003337
NPDC003344	Bacteria	Actinomycetota	Actinomycetia	Streptomycetales	Streptomycetaceae	Streptomyces	Streptomyces sp007176755	Streptomyces sp. NPDC003344
NPDC003414	Bacteria	Actinomycetota	Actinomycetia	Streptomycetales	Streptomycetaceae	Streptomyces	Streptomyces olivaceus	Streptomyces olivaceus NPDC003414
NPDC003456	Bacteria	Actinomycetota	Actinomycetia	Streptomycetales	Streptomycetaceae	Streptomyces	Streptomyces sp.	Streptomyces sp. NPDC003456
NPDC003515	Bacteria	Actinomycetota	Actinomycetia	Streptomycetales	Streptomycetaceae	Streptomyces	Streptomyces cellulosae	Streptomyces cellulosae NPDC003515
NPDC003520	Bacteria	Actinomycetota	Actinomycetia	Streptomycetales	Streptomycetaceae	Streptomyces	Streptomyces olivaceus	Streptomyces olivaceus NPDC003520
NPDC003522	Bacteria	Actinomycetota	Actinomycetia	Streptomycetales	Streptomycetaceae	Streptomyces	Streptomyces sp.	Streptomyces sp. NPDC003522
NPDC003551	Bacteria	Actinomycetota	Actinomycetia	Streptomycetales	Streptomycetaceae	Streptomyces	Streptomyces tendae	Streptomyces tendae NPDC003551
NPDC003698	Bacteria	Actinomycetota	Actinomycetia	Streptomycetales	Streptomycetaceae	Streptomyces	Streptomyces spiralis	Streptomyces spiralis NPDC003698
NPDC003710	Bacteria	Actinomycetota	Actinomycetia	Streptomycetales	Streptomycetaceae	Streptomyces	Streptomyces glomeratus	Streptomyces glomeratus NPDC003710
NPDC003717	Bacteria	Actinomycetota	Actinomycetia	Streptomycetales	Streptomycetaceae	Streptomyces	Streptomyces sp.	Streptomyces sp. NPDC003717
NPDC003720	Bacteria	Actinomycetota	Actinomycetia	Streptomycetales	Streptomycetaceae	Streptomyces	Streptomyces sp.	Streptomyces sp. NPDC003720
NPDC003737	Bacteria	Actinomycetota	Actinomycetia	Streptomycetales	Streptomycetaceae	Streptomyces	Streptomyces sp001507435	Streptomyces sp. NPDC003737
NPDC003747	Bacteria	Actinomycetota	Actinomycetia	Streptomycetales	Streptomycetaceae	Streptomyces	Streptomyces tendae	Streptomyces tendae NPDC003747
NPDC003768	Bacteria	Actinomycetota	Actinomycetia	Streptomycetales	Streptomycetaceae	Streptomyces	Streptomyces tendae	Streptomyces tendae NPDC003768
NPDC003773	Bacteria	Actinomycetota	Actinomycetia	Streptomycetales	Streptomycetaceae	Streptomyces	Streptomyces tendae	Streptomyces tendae NPDC003773
NPDC003781	Bacteria	Actinomycetota	Actinomycetia	Streptomycetales	Streptomycetaceae	Streptomyces	Streptomyces hyderabadensis	Streptomyces sp. NPDC003781
NPDC003786	Bacteria	Actinomycetota	Actinomycetia	Streptomycetales	Streptomycetaceae	Streptomyces	Streptomyces tendae	Streptomyces tendae NPDC003786
NPDC003830	Bacteria	Actinomycetota	Actinomycetia	Streptomycetales	Streptomycetaceae	Streptomyces	Streptomyces tendae	Streptomyces tendae NPDC003830
NPDC003831	Bacteria	Actinomycetota	Actinomycetia	Streptomycetales	Streptomycetaceae	Streptomyces	Streptomyces antibioticus_B	Streptomyces antibioticus NPDC003831
NPDC003837	Bacteria	Actinomycetota	Actinomycetia	Streptomycetales	Streptomycetaceae	Streptomyces	Streptomyces chartreusis	Streptomyces chartreusis NPDC003837
NPDC003843	Bacteria	Actinomycetota	Actinomycetia	Streptomycetales	Streptomycetaceae	Streptomyces	Streptomyces parvulus	Streptomyces parvulus NPDC003843
NPDC003845	Bacteria	Actinomycetota	Actinomycetia	Streptomycetales	Streptomycetaceae	Streptomyces	Streptomyces parvulus	Streptomyces parvulus NPDC003845
NPDC003902	Bacteria	Actinomycetota	Actinomycetia	Streptomycetales	Streptomycetaceae	Streptomyces	Streptomyces parvulus	Streptomyces parvulus NPDC003902
NPDC003948	Bacteria	Actinomycetota	Actinomycetia	Streptomycetales	Streptomycetaceae	Streptomyces	Streptomyces tendae	Streptomyces tendae NPDC003948
NPDC003952	Bacteria	Actinomycetota	Actinomycetia	Streptomycetales	Streptomycetaceae	Streptomyces	Streptomyces sp.	Streptomyces sp. NPDC003952
NPDC003954	Bacteria	Actinomycetota	Actinomycetia	Streptomycetales	Streptomycetaceae	Streptomyces	Streptomyces coelicoflavus	Streptomyces coelicoflavus NPDC003954
NPDC003969	Bacteria	Actinomycetota	Actinomycetia	Streptomycetales	Streptomycetaceae	Streptomyces	Streptomyces sp.	Streptomyces sp. NPDC003969
NPDC004000	Bacteria	Actinomycetota	Actinomycetia	Streptomycetales	Streptomycetaceae	Kitasatospora	Kitasatospora aureofaciens	Kitasatospora aureofaciens NPDC004000
NPDC004008	Bacteria	Actinomycetota	Actinomycetia	Streptomycetales	Streptomycetaceae	Streptomyces	Streptomyces sp.	Streptomyces sp. NPDC004008
NPDC004014	Bacteria	Actinomycetota	Actinomycetia	Streptomycetales	Streptomycetaceae	Streptomyces	Streptomyces sp007176755	Streptomyces sp. NPDC004014
NPDC004033	Bacteria	Actinomycetota	Actinomycetia	Streptomycetales	Streptomycetaceae	Streptomyces	Streptomyces antibioticus_B	Streptomyces antibioticus NPDC004033
NPDC004037	Bacteria	Actinomycetota	Actinomycetia	Streptomycetales	Streptomycetaceae	Streptomyces	Streptomyces bacillaris	Streptomyces bacillaris NPDC004037
NPDC004038	Bacteria	Actinomycetota	Actinomycetia	Streptomycetales	Streptomycetaceae	Streptomyces	Streptomyces bacillaris	Streptomyces bacillaris NPDC004038
NPDC004039	Bacteria	Actinomycetota	Actinomycetia	Streptomycetales	Streptomycetaceae	Streptomyces	Streptomyces griseoincarnatus	Streptomyces griseoincarnatus NPDC004039
NPDC004040	Bacteria	Actinomycetota	Actinomycetia	Streptomycetales	Streptomycetaceae	Streptomyces	Streptomyces griseoincarnatus	Streptomyces griseoincarnatus NPDC004040
NPDC004041	Bacteria	Actinomycetota	Actinomycetia	Streptomycetales	Streptomycetaceae	Streptomyces	Streptomyces sp001895105	Streptomyces sp. NPDC004041
NPDC004042	Bacteria	Actinomycetota	Actinomycetia	Streptomycetales	Streptomycetaceae	Streptomyces	Streptomyces sp001654495	Streptomyces sp. NPDC004042
NPDC004053	Bacteria	Actinomycetota	Actinomycetia	Streptomycetales	Streptomycetaceae	Streptomyces	Streptomyces bacillaris	Streptomyces bacillaris NPDC004053
NPDC004054	Bacteria	Actinomycetota	Actinomycetia	Streptomycetales	Streptomycetaceae	Streptomyces	Streptomyces antibioticus_B	Streptomyces antibioticus NPDC004054
NPDC004055	Bacteria	Actinomycetota	Actinomycetia	Streptomycetales	Streptomycetaceae	Streptomyces	Streptomyces antibioticus_B	Streptomyces antibioticus NPDC004055
NPDC004057	Bacteria	Actinomycetota	Actinomycetia	Streptomycetales	Streptomycetaceae	Streptomyces	Streptomyces longwoodensis	Streptomyces longwoodensis NPDC004057
NPDC004064	Bacteria	Actinomycetota	Actinomycetia	Streptomycetales	Streptomycetaceae	Streptomyces	Streptomyces spiralis	Streptomyces spiralis NPDC004064
NPDC004065	Bacteria	Actinomycetota	Actinomycetia	Streptomycetales	Streptomycetaceae	Streptomyces	Streptomyces sp.	Streptomyces sp. NPDC004065
NPDC004067	Bacteria	Actinomycetota	Actinomycetia	Streptomycetales	Streptomycetaceae	Streptomyces	Streptomyces collinus_A	Streptomyces collinus_A NPDC004067
NPDC004074	Bacteria	Actinomycetota	Actinomycetia	Streptomycetales	Streptomycetaceae	Streptomyces	Streptomyces sp.	Streptomyces sp. NPDC004074
NPDC004075	Bacteria	Actinomycetota	Actinomycetia	Streptomycetales	Streptomycetaceae	Streptomyces	Streptomyces nodosus	Streptomyces nodosus NPDC004075
NPDC004111	Bacteria	Actinomycetota	Actinomycetia	Streptomycetales	Streptomycetaceae	Streptomyces	Streptomyces sp.	Streptomyces sp. NPDC004111
NPDC004112	Bacteria	Actinomycetota	Actinomycetia	Streptomycetales	Streptomycetaceae	Streptomyces	Streptomyces cyaneofuscatus	Streptomyces cyaneofuscatus NPDC004112
NPDC004113	Bacteria	Actinomycetota	Actinomycetia	Streptomycetales	Streptomycetaceae	Streptomyces	Streptomyces hydrogenans	Streptomyces hydrogenans NPDC004113
NPDC004214	Bacteria	Actinomycetota	Actinomycetia	Streptomycetales	Streptomycetaceae	Streptomyces	Streptomyces hydrogenans	Streptomyces hydrogenans NPDC004214
NPDC004223	Bacteria	Actinomycetota	Actinomycetia	Streptomycetales	Streptomycetaceae	Streptomyces	Streptomyces pseudogriseolus	Streptomyces pseudogriseolus NPDC004223
NPDC004232	Bacteria	Actinomycetota	Actinomycetia	Streptomycetales	Streptomycetaceae	Streptomyces	Streptomyces sp.	Streptomyces sp. NPDC004232
NPDC004235	Bacteria	Actinomycetota	Actinomycetia	Streptomycetales	Streptomycetaceae	Streptomyces	Streptomyces mirabilis	Streptomyces mirabilis NPDC004235
NPDC004237	Bacteria	Actinomycetota	Actinomycetia	Streptomycetales	Streptomycetaceae	Streptomyces	Streptomyces sp.	Streptomyces sp. NPDC004237
NPDC004246	Bacteria	Actinomycetota	Actinomycetia	Streptomycetales	Streptomycetaceae	Streptomyces	Streptomyces albogriseolus	Streptomyces albogriseolus NPDC004246
NPDC004250	Bacteria	Actinomycetota	Actinomycetia	Streptomycetales	Streptomycetaceae	Streptomyces	Streptomyces sp003947455	Streptomyces sp. NPDC004250
NPDC004257	Bacteria	Actinomycetota	Actinomycetia	Streptomycetales	Streptomycetaceae	Streptomyces	Streptomyces bauhiniae	Streptomyces bauhiniae NPDC004257
NPDC004266	Bacteria	Actinomycetota	Actinomycetia	Streptomycetales	Streptomycetaceae	Streptomyces	Streptomyces sp900105415	Streptomyces sp. NPDC004266
NPDC004267	Bacteria	Actinomycetota	Actinomycetia	Streptomycetales	Streptomycetaceae	Streptomyces	Streptomyces sp.	Streptomyces sp. NPDC004267
NPDC004281	Bacteria	Actinomycetota	Actinomycetia	Streptomycetales	Streptomycetaceae	Streptomyces	Streptomyces fimicarius	Streptomyces griseus NPDC004281
NPDC004284	Bacteria	Actinomycetota	Actinomycetia	Streptomycetales	Streptomycetaceae	Streptomyces	Streptomyces sp.	Streptomyces sp. NPDC004284
NPDC004286	Bacteria	Actinomycetota	Actinomycetia	Streptomycetales	Streptomycetaceae	Streptomyces	Streptomyces sp.	Streptomyces sp. NPDC004286
NPDC004290	Bacteria	Actinomycetota	Actinomycetia	Streptomycetales	Streptomycetaceae	Streptomyces	Streptomyces sp.	Streptomyces sp. NPDC004290
NPDC004292	Bacteria	Actinomycetota	Actinomycetia	Streptomycetales	Streptomycetaceae	Streptomyces	Streptomyces sp001280125	Streptomyces sp. NPDC004292
NPDC004295	Bacteria	Actinomycetota	Actinomycetia	Streptomycetales	Streptomycetaceae	Streptomyces	Streptomyces filamentosus	Streptomyces filamentosus NPDC004295
NPDC004296	Bacteria	Actinomycetota	Actinomycetia	Streptomycetales	Streptomycetaceae	Streptomyces	Streptomyces sp002803155	Streptomyces sp. NPDC004296
NPDC004311	Bacteria	Actinomycetota	Actinomycetia	Streptomycetales	Streptomycetaceae	Streptomyces	Streptomyces sp.	Streptomyces sp. NPDC004311
NPDC004312	Bacteria	Actinomycetota	Actinomycetia	Streptomycetales	Streptomycetaceae	Streptomyces	Streptomyces globisporus	Streptomyces globisporus NPDC004312
NPDC004318	Bacteria	Actinomycetota	Actinomycetia	Streptomycetales	Streptomycetaceae	Streptomyces	Streptomyces fimicarius	Streptomyces griseus NPDC004318
NPDC004324	Bacteria	Actinomycetota	Actinomycetia	Streptomycetales	Streptomycetaceae	Streptomyces	Streptomyces sp008042115	Streptomyces sp. NPDC004324
NPDC004327	Bacteria	Actinomycetota	Actinomycetia	Streptomycetales	Streptomycetaceae	Streptomyces	Streptomyces sp.	Streptomyces sp. NPDC004327
NPDC004330	Bacteria	Actinomycetota	Actinomycetia	Streptomycetales	Streptomycetaceae	Streptomyces	Streptomyces sp.	Streptomyces sp. NPDC004330
NPDC004362	Bacteria	Actinomycetota	Actinomycetia	Streptomycetales	Streptomycetaceae	Streptomyces	Streptomyces sp001507435	Streptomyces sp. NPDC004362
NPDC004375	Bacteria	Actinomycetota	Actinomycetia	Streptomycetales	Streptomycetaceae	Streptomyces	Streptomyces olivaceoviridis	Streptomyces olivaceoviridis NPDC004375
NPDC004435	Bacteria	Actinomycetota	Actinomycetia	Streptomycetales	Streptomycetaceae	Streptomyces	Streptomyces sp.	Streptomyces sp. NPDC004435
NPDC004520	Bacteria	Actinomycetota	Actinomycetia	Streptomycetales	Streptomycetaceae	Streptomyces	Streptomyces sp.	Streptomyces sp. NPDC004520
NPDC004528	Bacteria	Actinomycetota	Actinomycetia	Streptomycetales	Streptomycetaceae	Streptomyces	Streptomyces sp008042115	Streptomyces sp. NPDC004528
NPDC004533	Bacteria	Actinomycetota	Actinomycetia	Streptomycetales	Streptomycetaceae	Streptomyces	Streptomyces sp.	Streptomyces sp. NPDC004533
NPDC004538	Bacteria	Actinomycetota	Actinomycetia	Streptomycetales	Streptomycetaceae	Streptomyces	Streptomyces sp003947455	Streptomyces sp. NPDC004538
NPDC004539	Bacteria	Actinomycetota	Actinomycetia	Streptomycetales	Streptomycetaceae	Streptomyces	Streptomyces sp.	Streptomyces sp. NPDC004539
NPDC004541	Bacteria	Actinomycetota	Actinomycetia	Streptomycetales	Streptomycetaceae	Streptomyces	Streptomyces zhihengii	Streptomyces zhihengii NPDC004541
NPDC004542	Bacteria	Actinomycetota	Actinomycetia	Streptomycetales	Streptomycetaceae	Streptomyces	Streptomyces sp.	Streptomyces sp. NPDC004542
NPDC004546	Bacteria	Actinomycetota	Actinomycetia	Streptomycetales	Streptomycetaceae	Streptomyces	Streptomyces sp.	Streptomyces sp. NPDC004546
NPDC004549	Bacteria	Actinomycetota	Actinomycetia	Streptomycetales	Streptomycetaceae	Streptomyces	Streptomyces sp016482685	Streptomyces sp. NPDC004549
NPDC004553	Bacteria	Actinomycetota	Actinomycetia	Streptomycetales	Streptomycetaceae	Streptomyces	Streptomyces albidoflavus	Streptomyces albidoflavus NPDC004553
NPDC004562	Bacteria	Actinomycetota	Actinomycetia	Streptomycetales	Streptomycetaceae	Streptomyces	Streptomyces sp001509795	Streptomyces sp. NPDC004562
NPDC004571	Bacteria	Actinomycetota	Actinomycetia	Streptomycetales	Streptomycetaceae	Streptomyces	Streptomyces rubiginosohelvolus	Streptomyces rubiginosohelvolus NPDC004571
NPDC004575	Bacteria	Actinomycetota	Actinomycetia	Streptomycetales	Streptomycetaceae	Streptomyces	Streptomyces vinaceus	Streptomyces vinaceus NPDC004575
NPDC004576	Bacteria	Actinomycetota	Actinomycetia	Streptomycetales	Streptomycetaceae	Streptomyces	Streptomyces rubiginosohelvolus	Streptomyces rubiginosohelvolus NPDC004576
NPDC004579	Bacteria	Actinomycetota	Actinomycetia	Streptomycetales	Streptomycetaceae	Streptomyces	Streptomyces sp.	Streptomyces sp. NPDC004579
NPDC004583	Bacteria	Actinomycetota	Actinomycetia	Streptomycetales	Streptomycetaceae	Streptomyces	Streptomyces albogriseolus	Streptomyces albogriseolus NPDC004583
NPDC004589	Bacteria	Actinomycetota	Actinomycetia	Streptomycetales	Streptomycetaceae	Streptomyces	Streptomyces sp.	Streptomyces sp. NPDC004589
NPDC004590	Bacteria	Actinomycetota	Actinomycetia	Streptomycetales	Streptomycetaceae	Streptomyces	Streptomyces griseus	Streptomyces griseus NPDC004590
NPDC004595	Bacteria	Actinomycetota	Actinomycetia	Streptomycetales	Streptomycetaceae	Streptomyces	Streptomyces rubiginosohelvolus	Streptomyces rubiginosohelvolus NPDC004595
NPDC004608	Bacteria	Actinomycetota	Actinomycetia	Streptomycetales	Streptomycetaceae	Streptomyces	Streptomyces sp.	Streptomyces sp. NPDC004608
NPDC004609	Bacteria	Actinomycetota	Actinomycetia	Streptomycetales	Streptomycetaceae	Streptomyces	Streptomyces sp.	Streptomyces sp. NPDC004609
NPDC004610	Bacteria	Actinomycetota	Actinomycetia	Streptomycetales	Streptomycetaceae	Streptomyces	Streptomyces sp.	Streptomyces sp. NPDC004610
NPDC004611	Bacteria	Actinomycetota	Actinomycetia	Streptomycetales	Streptomycetaceae	Streptomyces	Streptomyces sp.	Streptomyces sp. NPDC004611
NPDC004614	Bacteria	Actinomycetota	Actinomycetia	Streptomycetales	Streptomycetaceae	Kitasatospora	Kitasatospora sp.	Kitasatospora sp. NPDC004614
NPDC004615	Bacteria	Actinomycetota	Actinomycetia	Streptomycetales	Streptomycetaceae	Kitasatospora	Kitasatospora sp.	Kitasatospora sp. NPDC004615
NPDC004622	Bacteria	Actinomycetota	Actinomycetia	Streptomycetales	Streptomycetaceae	Kitasatospora	Kitasatospora sp.	Kitasatospora sp. NPDC004622
NPDC004623	Bacteria	Actinomycetota	Actinomycetia	Streptomycetales	Streptomycetaceae	Streptomyces	Streptomyces papulosus	Streptomyces sp. NPDC004623
NPDC004629	Bacteria	Actinomycetota	Actinomycetia	Streptomycetales	Streptomycetaceae	Streptomyces	Streptomyces sp.	Streptomyces sp. NPDC004629
NPDC004634	Bacteria	Actinomycetota	Actinomycetia	Streptomycetales	Streptomycetaceae	Streptomyces	Streptomyces althioticus	Streptomyces althioticus NPDC004634
NPDC004638	Bacteria	Actinomycetota	Actinomycetia	Streptomycetales	Streptomycetaceae	Streptomyces	Streptomyces misionensis	Streptomyces misionensis NPDC004638
NPDC004640	Bacteria	Actinomycetota	Actinomycetia	Streptomycetales	Streptomycetaceae	Streptomyces	Streptomyces mexicanus	Streptomyces mexicanus NPDC004640
NPDC004645	Bacteria	Actinomycetota	Actinomycetia	Streptomycetales	Streptomycetaceae	Streptomyces	Streptomyces pseudogriseolus	Streptomyces pseudogriseolus NPDC004645
NPDC004646	Bacteria	Actinomycetota	Actinomycetia	Streptomycetales	Streptomycetaceae	Streptomyces	Streptomyces sp016482685	Streptomyces sp. NPDC004646
NPDC004647	Bacteria	Actinomycetota	Actinomycetia	Streptomycetales	Streptomycetaceae	Streptomyces	Streptomyces sp.	Streptomyces sp. NPDC004647
NPDC004656	Bacteria	Actinomycetota	Actinomycetia	Streptomycetales	Streptomycetaceae	Streptomyces	Streptomyces misionensis	Streptomyces misionensis NPDC004656
NPDC004658	Bacteria	Actinomycetota	Actinomycetia	Streptomycetales	Streptomycetaceae	Streptomyces	Streptomyces sp.	Streptomyces sp. NPDC004658
NPDC004660	Bacteria	Actinomycetota	Actinomycetia	Streptomycetales	Streptomycetaceae	Streptomyces	Streptomyces albidoflavus	Streptomyces albidoflavus NPDC004660
NPDC004663	Bacteria	Actinomycetota	Actinomycetia	Streptomycetales	Streptomycetaceae	Streptomyces	Streptomyces parvus	Streptomyces parvus NPDC004663
NPDC004664	Bacteria	Actinomycetota	Actinomycetia	Streptomycetales	Streptomycetaceae	Streptomyces	Streptomyces griseus	Streptomyces griseus NPDC004664
NPDC004667	Bacteria	Actinomycetota	Actinomycetia	Streptomycetales	Streptomycetaceae	Streptomyces	Streptomyces sp.	Streptomyces sp. NPDC004667
NPDC004669	Bacteria	Actinomycetota	Actinomycetia	Streptomycetales	Streptomycetaceae	Kitasatospora	Kitasatospora sp.	Kitasatospora sp. NPDC004669
NPDC004672	Bacteria	Actinomycetota	Actinomycetia	Streptomycetales	Streptomycetaceae	Streptomyces	Streptomyces californicus	Streptomyces californicus NPDC004672
NPDC004674	Bacteria	Actinomycetota	Actinomycetia	Streptomycetales	Streptomycetaceae	Streptomyces	Streptomyces californicus	Streptomyces californicus NPDC004674
NPDC004675	Bacteria	Actinomycetota	Actinomycetia	Streptomycetales	Streptomycetaceae	Streptomyces	Streptomyces sp.	Streptomyces sp. NPDC004675
NPDC004678	Bacteria	Actinomycetota	Actinomycetia	Streptomycetales	Streptomycetaceae	Streptomyces	Streptomyces tendae	Streptomyces tendae NPDC004678
NPDC004680	Bacteria	Actinomycetota	Actinomycetia	Streptomycetales	Streptomycetaceae	Streptomyces	Streptomyces sp.	Streptomyces sp. NPDC004680
NPDC004682	Bacteria	Actinomycetota	Actinomycetia	Streptomycetales	Streptomycetaceae	Streptomyces	Streptomyces sp016482685	Streptomyces sp. NPDC004682
NPDC004690	Bacteria	Actinomycetota	Actinomycetia	Streptomycetales	Streptomycetaceae	Streptomyces	Streptomyces sennicomposti	Streptomyces sennicomposti NPDC004690
NPDC004691	Bacteria	Actinomycetota	Actinomycetia	Streptomycetales	Streptomycetaceae	Streptomyces	Streptomyces tendae	Streptomyces tendae NPDC004691
NPDC004693	Bacteria	Actinomycetota	Actinomycetia	Streptomycetales	Streptomycetaceae	Streptomyces	Streptomyces bauhiniae	Streptomyces bauhiniae NPDC004693
NPDC004694	Bacteria	Actinomycetota	Actinomycetia	Streptomycetales	Streptomycetaceae	Streptomyces	Streptomyces albidoflavus	Streptomyces albidoflavus NPDC004694
NPDC004723	Bacteria	Actinomycetota	Actinomycetia	Streptomycetales	Streptomycetaceae	Kitasatospora	Kitasatospora sp.	Kitasatospora sp. NPDC004723
NPDC004728	Bacteria	Actinomycetota	Actinomycetia	Streptomycetales	Streptomycetaceae	Streptomyces	Streptomyces sp.	Streptomyces sp. NPDC004728
NPDC004729	Bacteria	Actinomycetota	Actinomycetia	Streptomycetales	Streptomycetaceae	Streptomyces	Streptomyces californicus	Streptomyces californicus NPDC004729
NPDC004732	Bacteria	Actinomycetota	Actinomycetia	Streptomycetales	Streptomycetaceae	Streptomyces	Streptomyces sp.	Streptomyces sp. NPDC004732
NPDC004735	Bacteria	Actinomycetota	Actinomycetia	Streptomycetales	Streptomycetaceae	Streptomyces	Streptomyces papulosus	Streptomyces sp. NPDC004735
NPDC004741	Bacteria	Actinomycetota	Actinomycetia	Streptomycetales	Streptomycetaceae	Streptomyces	Streptomyces althioticus	Streptomyces althioticus NPDC004741
NPDC004742	Bacteria	Actinomycetota	Actinomycetia	Streptomycetales	Streptomycetaceae	Streptomyces	Streptomyces bacillaris	Streptomyces bacillaris NPDC004742
NPDC004743	Bacteria	Actinomycetota	Actinomycetia	Streptomycetales	Streptomycetaceae	Streptomyces	Streptomyces albidoflavus	Streptomyces albidoflavus NPDC004743
NPDC004745	Bacteria	Actinomycetota	Actinomycetia	Streptomycetales	Streptomycetaceae	Kitasatospora	Kitasatospora sp.	Kitasatospora sp. NPDC004745
NPDC004752	Bacteria	Actinomycetota	Actinomycetia	Streptomycetales	Streptomycetaceae	Streptomyces	Streptomyces sp.	Streptomyces sp. NPDC004752
NPDC004781	Bacteria	Actinomycetota	Actinomycetia	Streptomycetales	Streptomycetaceae	Streptomyces	Streptomyces rubiginosohelvolus	Streptomyces rubiginosohelvolus NPDC004781
NPDC004783	Bacteria	Actinomycetota	Actinomycetia	Streptomycetales	Streptomycetaceae	Streptomyces	Streptomyces sp.	Streptomyces sp. NPDC004783
NPDC004784	Bacteria	Actinomycetota	Actinomycetia	Streptomycetales	Streptomycetaceae	Streptomyces	Streptomyces fungicidicus	Streptomyces fungicidicus NPDC004784
NPDC004787	Bacteria	Actinomycetota	Actinomycetia	Streptomycetales	Streptomycetaceae	Streptomyces	Streptomyces sp.	Streptomyces sp. NPDC004787
NPDC004799	Bacteria	Actinomycetota	Actinomycetia	Streptomycetales	Streptomycetaceae	Kitasatospora	Kitasatospora sp.	Kitasatospora sp. NPDC004799
NPDC004813	Bacteria	Actinomycetota	Actinomycetia	Streptomycetales	Streptomycetaceae	Streptomyces	Streptomyces cellulosae	Streptomyces cellulosae NPDC004813
NPDC004856	Bacteria	Actinomycetota	Actinomycetia	Streptomycetales	Streptomycetaceae	Streptomyces	Streptomyces sp.	Streptomyces sp. NPDC004856
NPDC004958	Bacteria	Actinomycetota	Actinomycetia	Streptomycetales	Streptomycetaceae	Streptomyces	Streptomyces flaveolus_A	Streptomyces flaveolus NPDC004958
NPDC004959	Bacteria	Actinomycetota	Actinomycetia	Streptomycetales	Streptomycetaceae	Streptomyces	Streptomyces sp000719475	Streptomyces sp. NPDC004959
NPDC004972	Bacteria	Actinomycetota	Actinomycetia	Streptomycetales	Streptomycetaceae	Streptomyces	Streptomyces papulosus	Kitasatospora papulosa NPDC004972
NPDC004977	Bacteria	Actinomycetota	Actinomycetia	Streptomycetales	Streptomycetaceae	Streptomyces	Streptomyces tendae	Streptomyces tendae NPDC004977
NPDC004981	Bacteria	Actinomycetota	Actinomycetia	Streptomycetales	Streptomycetaceae	Streptomyces	Streptomyces papulosus	Streptomyces sp. NPDC004981
NPDC004982	Bacteria	Actinomycetota	Actinomycetia	Streptomycetales	Streptomycetaceae	Streptomyces	Streptomyces anulatus	Streptomyces anulatus NPDC004982
NPDC004997	Bacteria	Actinomycetota	Actinomycetia	Streptomycetales	Streptomycetaceae	Streptomyces	Streptomyces parvulus	Streptomyces parvulus NPDC004997
NPDC004999	Bacteria	Actinomycetota	Actinomycetia	Streptomycetales	Streptomycetaceae	Streptomyces	Streptomyces collinus_A	Streptomyces collinus NPDC004999
NPDC005012	Bacteria	Actinomycetota	Actinomycetia	Streptomycetales	Streptomycetaceae	Streptomyces	Streptomyces sp.	Streptomyces sp. NPDC005012
NPDC005015	Bacteria	Actinomycetota	Actinomycetia	Streptomycetales	Streptomycetaceae	Streptomyces	Streptomyces chartreusis	Streptomyces chartreusis NPDC005015
NPDC005017	Bacteria	Actinomycetota	Actinomycetia	Streptomycetales	Streptomycetaceae	Streptomyces	Streptomyces sp.	Streptomyces sp. NPDC005017
NPDC005018	Bacteria	Actinomycetota	Actinomycetia	Streptomycetales	Streptomycetaceae	Streptomyces	Streptomyces anthocyanicus	Streptomyces anthocyanicus NPDC005018
NPDC005052	Bacteria	Actinomycetota	Actinomycetia	Streptomycetales	Streptomycetaceae	Streptomyces	Streptomyces microflavus	Streptomyces microflavus NPDC005052
NPDC005065	Bacteria	Actinomycetota	Actinomycetia	Streptomycetales	Streptomycetaceae	Streptomyces	Streptomyces sp.	Streptomyces sp. NPDC005065
NPDC005077	Bacteria	Actinomycetota	Actinomycetia	Streptomycetales	Streptomycetaceae	Streptomyces	Streptomyces sp.	Streptomyces sp. NPDC005077
NPDC005078	Bacteria	Actinomycetota	Actinomycetia	Streptomycetales	Streptomycetaceae	Streptomyces	Streptomyces sp.	Streptomyces sp. NPDC005078
NPDC005096	Bacteria	Actinomycetota	Actinomycetia	Streptomycetales	Streptomycetaceae	Streptomyces	Streptomyces sp.	Streptomyces sp. NPDC005096
NPDC005098	Bacteria	Actinomycetota	Actinomycetia	Streptomycetales	Streptomycetaceae	Streptomyces	Streptomyces sp.	Streptomyces sp. NPDC005098
NPDC005129	Bacteria	Actinomycetota	Actinomycetia	Streptomycetales	Streptomycetaceae	Streptomyces	Streptomyces sp900116325	Streptomyces sp900116325 NPDC005129
NPDC005132	Bacteria	Actinomycetota	Actinomycetia	Streptomycetales	Streptomycetaceae	Streptomyces	Streptomyces sp012273515	Streptomyces sp. NPDC005132
NPDC005137	Bacteria	Actinomycetota	Actinomycetia	Streptomycetales	Streptomycetaceae	Streptomyces	Streptomyces sp900116325	Streptomyces sp900116325 NPDC005137
NPDC005195	Bacteria	Actinomycetota	Actinomycetia	Streptomycetales	Streptomycetaceae	Streptomyces	Streptomyces sp012273515	Streptomyces sp. NPDC005195
NPDC005207	Bacteria	Actinomycetota	Actinomycetia	Streptomycetales	Streptomycetaceae	Streptomyces	Streptomyces anthocyanicus	Streptomyces anthocyanicus NPDC005207
NPDC005227	Bacteria	Actinomycetota	Actinomycetia	Streptomycetales	Streptomycetaceae	Streptomyces	Streptomyces sp.	Streptomyces sp. NPDC005227
NPDC005235	Bacteria	Actinomycetota	Actinomycetia	Streptomycetales	Streptomycetaceae	Streptomyces	Streptomyces microflavus	Streptomyces microflavus NPDC005235
NPDC005244	Bacteria	Actinomycetota	Actinomycetia	Streptomycetales	Streptomycetaceae	Streptomyces	Streptomyces sp.	Streptomyces sp. NPDC005244
NPDC005247	Bacteria	Actinomycetota	Actinomycetia	Streptomycetales	Streptomycetaceae	Streptomyces	Streptomyces microflavus	Streptomyces microflavus NPDC005247
NPDC005248	Bacteria	Actinomycetota	Actinomycetia	Streptomycetales	Streptomycetaceae	Streptomyces	Streptomyces sp900116325	Streptomyces sp. NPDC005248
NPDC005262	Bacteria	Actinomycetota	Actinomycetia	Streptomycetales	Streptomycetaceae	Streptomyces	Streptomyces sp.	Streptomyces sp. NPDC005262
NPDC005263	Bacteria	Actinomycetota	Actinomycetia	Streptomycetales	Streptomycetaceae	Streptomyces	Streptomyces sp.	Streptomyces sp. NPDC005263
NPDC005266	Bacteria	Actinomycetota	Actinomycetia	Streptomycetales	Streptomycetaceae	Streptomyces	Streptomyces sp.	Streptomyces sp. NPDC005266
NPDC005275	Bacteria	Actinomycetota	Actinomycetia	Streptomycetales	Streptomycetaceae	Streptomyces	Streptomyces prasinus	Streptomyces prasinus NPDC005275
NPDC005277	Bacteria	Actinomycetota	Actinomycetia	Streptomycetales	Streptomycetaceae	Streptomyces	Streptomyces avermitilis	Streptomyces avermitilis NPDC005277
NPDC005279	Bacteria	Actinomycetota	Actinomycetia	Streptomycetales	Streptomycetaceae	Streptomyces	Streptomyces sp.	Streptomyces sp. NPDC005279
NPDC005300	Bacteria	Actinomycetota	Actinomycetia	Streptomycetales	Streptomycetaceae	Streptomyces	Streptomyces hirsutus	Streptomyces hirsutus NPDC005300
NPDC005302	Bacteria	Actinomycetota	Actinomycetia	Streptomycetales	Streptomycetaceae	Streptomyces	Streptomyces sp.	Streptomyces sp. NPDC005302
NPDC005327	Bacteria	Actinomycetota	Actinomycetia	Streptomycetales	Streptomycetaceae	Streptomyces	Streptomyces mirabilis	Streptomyces mirabilis NPDC005327
NPDC005330	Bacteria	Actinomycetota	Actinomycetia	Streptomycetales	Streptomycetaceae	Streptomyces	Streptomyces olivochromogenes	Streptomyces mirabilis NPDC005330
NPDC005340	Bacteria	Actinomycetota	Actinomycetia	Streptomycetales	Streptomycetaceae	Streptomyces	Streptomyces hirsutus	Streptomyces hirsutus NPDC005340
NPDC005374	Bacteria	Actinomycetota	Actinomycetia	Streptomycetales	Streptomycetaceae	Streptomyces	Streptomyces sp.	Streptomyces sp. NPDC005374
NPDC005381	Bacteria	Actinomycetota	Actinomycetia	Streptomycetales	Streptomycetaceae	Streptomyces	Streptomyces sp002078175	Streptomyces sp. NPDC005381
NPDC005382	Bacteria	Actinomycetota	Actinomycetia	Streptomycetales	Streptomycetaceae	Streptomyces	Streptomyces olivochromogenes	Streptomyces mirabilis NPDC005382
NPDC005383	Bacteria	Actinomycetota	Actinomycetia	Streptomycetales	Streptomycetaceae	Streptomyces	Streptomyces avermitilis	Streptomyces avermitilis NPDC005383
NPDC005386	Bacteria	Actinomycetota	Actinomycetia	Streptomycetales	Streptomycetaceae	Streptomyces	Streptomyces sp002078175	Streptomyces sp. NPDC005386
NPDC005435	Bacteria	Actinomycetota	Actinomycetia	Streptomycetales	Streptomycetaceae	Streptomyces	Streptomyces sp.	Streptomyces sp. NPDC005435
NPDC005441	Bacteria	Actinomycetota	Actinomycetia	Streptomycetales	Streptomycetaceae	Streptomyces	Streptomyces albidoflavus	Streptomyces albidoflavus NPDC005441
NPDC005450	Bacteria	Actinomycetota	Actinomycetia	Streptomycetales	Streptomycetaceae	Streptomyces	Streptomyces albidoflavus	Streptomyces albidoflavus NPDC005450
NPDC005463	Bacteria	Actinomycetota	Actinomycetia	Streptomycetales	Streptomycetaceae	Streptomyces	Streptomyces sp.	Streptomyces sp. NPDC005463
NPDC005471	Bacteria	Actinomycetota	Actinomycetia	Streptomycetales	Streptomycetaceae	Streptomyces	Streptomyces microflavus	Streptomyces microflavus NPDC005471
NPDC005473	Bacteria	Actinomycetota	Actinomycetia	Streptomycetales	Streptomycetaceae	Streptomyces	Streptomyces hirsutus	Streptomyces hirsutus NPDC005473
NPDC005474	Bacteria	Actinomycetota	Actinomycetia	Streptomycetales	Streptomycetaceae	Streptomyces	Streptomyces sp001280005	Streptomyces sp. NPDC005474
NPDC005479	Bacteria	Actinomycetota	Actinomycetia	Streptomycetales	Streptomycetaceae	Streptomyces	Streptomyces sp.	Streptomyces sp. NPDC005479
NPDC005480	Bacteria	Actinomycetota	Actinomycetia	Streptomycetales	Streptomycetaceae	Streptomyces	Streptomyces sp002803065	Streptomyces sp. NPDC005480
NPDC005481	Bacteria	Actinomycetota	Actinomycetia	Streptomycetales	Streptomycetaceae	Streptomyces	Streptomyces sp.	Streptomyces sp. NPDC005481
NPDC005483	Bacteria	Actinomycetota	Actinomycetia	Streptomycetales	Streptomycetaceae	Streptomyces	Streptomyces sp.	Streptomyces sp. NPDC005483
NPDC005490	Bacteria	Actinomycetota	Actinomycetia	Streptomycetales	Streptomycetaceae	Streptomyces	Streptomyces avermitilis	Streptomyces avermitilis NPDC005490
NPDC005491	Bacteria	Actinomycetota	Actinomycetia	Streptomycetales	Streptomycetaceae	Streptomyces	Streptomyces canus	Streptomyces canus NPDC005491
NPDC005494	Bacteria	Actinomycetota	Actinomycetia	Streptomycetales	Streptomycetaceae	Streptomyces	Streptomyces sp.	Streptomyces sp. NPDC005494
NPDC005496	Bacteria	Actinomycetota	Actinomycetia	Streptomycetales	Streptomycetaceae	Streptomyces	Streptomyces sp.	Streptomyces sp. NPDC005496
NPDC005497	Bacteria	Actinomycetota	Actinomycetia	Streptomycetales	Streptomycetaceae	Streptomyces	Streptomyces tibetensis	Streptomyces tibetensis NPDC005497
NPDC005498	Bacteria	Actinomycetota	Actinomycetia	Streptomycetales	Streptomycetaceae	Streptomyces	Streptomyces sp.	Streptomyces sp. NPDC005498
NPDC005499	Bacteria	Actinomycetota	Actinomycetia	Streptomycetales	Streptomycetaceae	Streptomyces	Streptomyces sp.	Streptomyces sp. NPDC005499
NPDC005500	Bacteria	Actinomycetota	Actinomycetia	Streptomycetales	Streptomycetaceae	Streptomyces	Streptomyces sp.	Streptomyces sp. NPDC005500
NPDC005505	Bacteria	Actinomycetota	Actinomycetia	Streptomycetales	Streptomycetaceae	Streptomyces	Streptomyces sp.	Streptomyces sp. NPDC005505
NPDC005507	Bacteria	Actinomycetota	Actinomycetia	Streptomycetales	Streptomycetaceae	Streptomyces	Streptomyces sp.	Streptomyces sp. NPDC005507
NPDC005508	Bacteria	Actinomycetota	Actinomycetia	Streptomycetales	Streptomycetaceae	Streptomyces	Streptomyces silvae	Streptomyces sp. NPDC005508
NPDC005513	Bacteria	Actinomycetota	Actinomycetia	Streptomycetales	Streptomycetaceae	Streptomyces	Streptomyces prasinus	Streptomyces prasinus NPDC005513
NPDC005522	Bacteria	Actinomycetota	Actinomycetia	Streptomycetales	Streptomycetaceae	Streptomyces	Streptomyces sp.	Streptomyces sp. NPDC005522
NPDC005525	Bacteria	Actinomycetota	Actinomycetia	Streptomycetales	Streptomycetaceae	Streptomyces	Streptomyces sp.	Streptomyces sp. NPDC005525
NPDC005529	Bacteria	Actinomycetota	Actinomycetia	Streptomycetales	Streptomycetaceae	Streptomyces	Streptomyces sp.	Streptomyces sp. NPDC005529
NPDC005546	Bacteria	Actinomycetota	Actinomycetia	Streptomycetales	Streptomycetaceae	Streptomyces	Streptomyces achromogenes	Streptomyces achromogenes NPDC005546
NPDC005547	Bacteria	Actinomycetota	Actinomycetia	Streptomycetales	Streptomycetaceae	Streptomyces	Streptomyces sp008042035	Streptomyces sp. NPDC005547
NPDC005548	Bacteria	Actinomycetota	Actinomycetia	Streptomycetales	Streptomycetaceae	Streptomyces	Streptomyces sp.	Streptomyces sp. NPDC005548
NPDC005551	Bacteria	Actinomycetota	Actinomycetia	Streptomycetales	Streptomycetaceae	Streptomyces	Streptomyces sp.	Streptomyces sp. NPDC005551
NPDC005559	Bacteria	Actinomycetota	Actinomycetia	Streptomycetales	Streptomycetaceae	Streptomyces	Streptomyces flaveolus	Streptomyces flaveolus NPDC005559
NPDC005560	Bacteria	Actinomycetota	Actinomycetia	Streptomycetales	Streptomycetaceae	Streptomyces	Streptomyces olivochromogenes	Streptomyces mirabilis NPDC005560
NPDC005562	Bacteria	Actinomycetota	Actinomycetia	Streptomycetales	Streptomycetaceae	Streptomyces	Streptomyces sp.	Streptomyces sp. NPDC005562
NPDC005564	Bacteria	Actinomycetota	Actinomycetia	Streptomycetales	Streptomycetaceae	Streptomyces	Streptomyces griseoloalbus	Streptomyces griseoloalbus NPDC005564
NPDC005576	Bacteria	Actinomycetota	Actinomycetia	Streptomycetales	Streptomycetaceae	Streptomyces	Streptomyces sp.	Streptomyces sp. NPDC005576
NPDC005577	Bacteria	Actinomycetota	Actinomycetia	Streptomycetales	Streptomycetaceae	Streptomyces	Streptomyces goshikiensis	Streptomyces goshikiensis NPDC005577
NPDC005578	Bacteria	Actinomycetota	Actinomycetia	Streptomycetales	Streptomycetaceae	Streptomyces	Streptomyces goshikiensis	Streptomyces goshikiensis NPDC005578
NPDC005579	Bacteria	Actinomycetota	Actinomycetia	Streptomycetales	Streptomycetaceae	Streptomyces	Streptomyces goshikiensis	Streptomyces goshikiensis NPDC005579
NPDC005663	Bacteria	Actinomycetota	Actinomycetia	Streptomycetales	Streptomycetaceae	Streptomyces	Streptomyces mirabilis	Streptomyces mirabilis NPDC005663
NPDC005708	Bacteria	Actinomycetota	Actinomycetia	Streptomycetales	Streptomycetaceae	Streptomyces	Streptomyces sp.	Streptomyces sp. NPDC005708
NPDC005765	Bacteria	Actinomycetota	Actinomycetia	Streptomycetales	Streptomycetaceae	Streptomyces	Streptomyces fagopyri	Streptomyces fagopyri NPDC005765
NPDC005766	Bacteria	Actinomycetota	Actinomycetia	Streptomycetales	Streptomycetaceae	Streptomyces	Streptomyces avermitilis	Streptomyces avermitilis NPDC005766
NPDC005770	Bacteria	Actinomycetota	Actinomycetia	Streptomycetales	Streptomycetaceae	Streptomyces	Streptomyces halstedii	Streptomyces halstedii NPDC005770
NPDC005773	Bacteria	Actinomycetota	Actinomycetia	Streptomycetales	Streptomycetaceae	Streptomyces	Streptomyces sp.	Streptomyces sp. NPDC005773
NPDC005774	Bacteria	Actinomycetota	Actinomycetia	Streptomycetales	Streptomycetaceae	Streptomyces	Streptomyces sp.	Streptomyces sp. NPDC005774
NPDC005775	Bacteria	Actinomycetota	Actinomycetia	Streptomycetales	Streptomycetaceae	Streptomyces	Streptomyces sp.	Streptomyces sp. NPDC005775
NPDC005776	Bacteria	Actinomycetota	Actinomycetia	Streptomycetales	Streptomycetaceae	Streptomyces	Streptomyces sp.	Streptomyces sp. NPDC005776
NPDC005780	Bacteria	Actinomycetota	Actinomycetia	Streptomycetales	Streptomycetaceae	Streptomyces	Streptomyces poriferorum	Streptomyces sp. NPDC005780
NPDC005782	Bacteria	Actinomycetota	Actinomycetia	Streptomycetales	Streptomycetaceae	Streptomyces	Streptomyces scopuliridis	Streptomyces scopuliridis NPDC005782
NPDC005784	Bacteria	Actinomycetota	Actinomycetia	Streptomycetales	Streptomycetaceae	Streptomyces	Streptomyces sp.	Streptomyces sp. NPDC005784
NPDC005786	Bacteria	Actinomycetota	Actinomycetia	Streptomycetales	Streptomycetaceae	Streptomyces	Streptomyces sp.	Streptomyces sp. NPDC005786
NPDC005789	Bacteria	Actinomycetota	Actinomycetia	Streptomycetales	Streptomycetaceae	Streptomyces	Streptomyces mirabilis	Streptomyces mirabilis NPDC005789
NPDC005790	Bacteria	Actinomycetota	Actinomycetia	Streptomycetales	Streptomycetaceae	Streptomyces	Streptomyces sp.	Streptomyces sp. NPDC005790
NPDC005791	Bacteria	Actinomycetota	Actinomycetia	Streptomycetales	Streptomycetaceae	Streptomyces	Streptomyces sp.	Streptomyces sp. NPDC005791
NPDC005792	Bacteria	Actinomycetota	Actinomycetia	Streptomycetales	Streptomycetaceae	Streptomyces	Streptomyces clavifer	Streptomyces clavifer NPDC005792
NPDC005794	Bacteria	Actinomycetota	Actinomycetia	Streptomycetales	Streptomycetaceae	Streptomyces	Streptomyces sp.	Streptomyces sp. NPDC005794
NPDC005795	Bacteria	Actinomycetota	Actinomycetia	Streptomycetales	Streptomycetaceae	Streptomyces	Streptomyces sp.	Streptomyces sp. NPDC005795
NPDC005797	Bacteria	Actinomycetota	Actinomycetia	Streptomycetales	Streptomycetaceae	Streptomyces	Streptomyces microflavus	Streptomyces microflavus NPDC005797
NPDC005799	Bacteria	Actinomycetota	Actinomycetia	Streptomycetales	Streptomycetaceae	Streptomyces	Streptomyces griseorubiginosus_B	Streptomyces sp. NPDC005799
NPDC005803	Bacteria	Actinomycetota	Actinomycetia	Streptomycetales	Streptomycetaceae	Streptomyces	Streptomyces sp.	Streptomyces sp. NPDC005803
NPDC005808	Bacteria	Actinomycetota	Actinomycetia	Streptomycetales	Streptomycetaceae	Streptomyces	Streptomyces sp.	Streptomyces sp. NPDC005808
NPDC005811	Bacteria	Actinomycetota	Actinomycetia	Streptomycetales	Streptomycetaceae	Streptomyces	Streptomyces sp.	Streptomyces sp. NPDC005811
NPDC005818	Bacteria	Actinomycetota	Actinomycetia	Streptomycetales	Streptomycetaceae	Streptomyces	Streptomyces microflavus	Streptomyces microflavus NPDC005818
NPDC005856	Bacteria	Actinomycetota	Actinomycetia	Streptomycetales	Streptomycetaceae	Kitasatospora	Kitasatospora sp.	Kitasatospora sp. NPDC005856
NPDC005863	Bacteria	Actinomycetota	Actinomycetia	Streptomycetales	Streptomycetaceae	Streptomyces	Streptomyces sp.	Streptomyces sp. NPDC005863
NPDC005872	Bacteria	Actinomycetota	Actinomycetia	Streptomycetales	Streptomycetaceae	Streptomyces	Streptomyces tibetensis	Streptomyces tibetensis NPDC005872
NPDC005879	Bacteria	Actinomycetota	Actinomycetia	Streptomycetales	Streptomycetaceae	Streptomyces	Streptomyces sp.	Streptomyces sp. NPDC005879
NPDC005890	Bacteria	Actinomycetota	Actinomycetia	Streptomycetales	Streptomycetaceae	Streptomyces	Streptomyces sp.	Streptomyces sp. NPDC005890
NPDC005900	Bacteria	Actinomycetota	Actinomycetia	Streptomycetales	Streptomycetaceae	Streptomyces	Streptomyces sp.	Streptomyces sp. NPDC005900
NPDC005904	Bacteria	Actinomycetota	Actinomycetia	Streptomycetales	Streptomycetaceae	Streptomyces	Streptomyces sp.	Streptomyces sp. NPDC005904
NPDC005907	Bacteria	Actinomycetota	Actinomycetia	Streptomycetales	Streptomycetaceae	Streptomyces	Streptomyces sp.	Streptomyces sp. NPDC005907
NPDC005909	Bacteria	Actinomycetota	Actinomycetia	Streptomycetales	Streptomycetaceae	Streptomyces	Streptomyces althioticus	Streptomyces althioticus NPDC005909
NPDC005911	Bacteria	Actinomycetota	Actinomycetia	Streptomycetales	Streptomycetaceae	Streptomyces	Streptomyces cyaneofuscatus	Streptomyces cyaneofuscatus NPDC005911
NPDC005930	Bacteria	Actinomycetota	Actinomycetia	Streptomycetales	Streptomycetaceae	Streptomyces	Streptomyces sp004364245	Streptomyces sp. NPDC005930
NPDC005931	Bacteria	Actinomycetota	Actinomycetia	Streptomycetales	Streptomycetaceae	Streptomyces	Streptomyces sp.	Streptomyces sp. NPDC005931
NPDC005947	Bacteria	Actinomycetota	Actinomycetia	Streptomycetales	Streptomycetaceae	Streptomyces	Streptomyces sp024497955	Streptomyces sp. NPDC005947
NPDC005951	Bacteria	Actinomycetota	Actinomycetia	Streptomycetales	Streptomycetaceae	Streptomyces	Streptomyces sp.	Streptomyces sp. NPDC005951
NPDC005955	Bacteria	Actinomycetota	Actinomycetia	Streptomycetales	Streptomycetaceae	Streptomyces	Streptomyces sp.	Streptomyces sp. NPDC005955
NPDC005962	Bacteria	Actinomycetota	Actinomycetia	Streptomycetales	Streptomycetaceae	Streptomyces	Streptomyces sp.	Streptomyces sp. NPDC005962
NPDC005967	Bacteria	Actinomycetota	Actinomycetia	Streptomycetales	Streptomycetaceae	Kitasatospora	Kitasatospora cineracea	Kitasatospora cineracea NPDC005967
NPDC005968	Bacteria	Actinomycetota	Actinomycetia	Streptomycetales	Streptomycetaceae	Streptomyces	Streptomyces sp001507435	Streptomyces sp. NPDC005968
NPDC006012	Bacteria	Actinomycetota	Actinomycetia	Streptomycetales	Streptomycetaceae	Streptomyces	Streptomyces sp.	Streptomyces sp. NPDC006012
NPDC006027	Bacteria	Actinomycetota	Actinomycetia	Streptomycetales	Streptomycetaceae	Streptomyces	Streptomyces albidoflavus	Streptomyces albidoflavus NPDC006027
NPDC006028	Bacteria	Actinomycetota	Actinomycetia	Streptomycetales	Streptomycetaceae	Streptomyces	Streptomyces rubiginosohelvolus	Streptomyces rubiginosohelvolus NPDC006028
NPDC006038	Bacteria	Actinomycetota	Actinomycetia	Streptomycetales	Streptomycetaceae	Streptomyces	Streptomyces albogriseolus	Streptomyces albogriseolus NPDC006038
NPDC006134	Bacteria	Actinomycetota	Actinomycetia	Streptomycetales	Streptomycetaceae	Streptomyces	Streptomyces sp.	Streptomyces sp. NPDC006134
NPDC006135	Bacteria	Actinomycetota	Actinomycetia	Streptomycetales	Streptomycetaceae	Streptomyces	Streptomyces sp003330845	Streptomyces sp. NPDC006135
NPDC006140	Bacteria	Actinomycetota	Actinomycetia	Streptomycetales	Streptomycetaceae	Streptomyces	Streptomyces sp003330845	Streptomyces sp. NPDC006140
NPDC006143	Bacteria	Actinomycetota	Actinomycetia	Streptomycetales	Streptomycetaceae	Streptomyces	Streptomyces sp003330845	Streptomyces sp. NPDC006143
NPDC006157	Bacteria	Actinomycetota	Actinomycetia	Streptomycetales	Streptomycetaceae	Streptomyces	Streptomyces microflavus	Streptomyces microflavus NPDC006157
NPDC006166	Bacteria	Actinomycetota	Actinomycetia	Streptomycetales	Streptomycetaceae	Streptomyces	Streptomyces ardesiacus	Streptomyces ardesiacus NPDC006166
NPDC006170	Bacteria	Actinomycetota	Actinomycetia	Streptomycetales	Streptomycetaceae	Streptomyces	Streptomyces sp003949805	Streptomyces sp. NPDC006170
NPDC006172	Bacteria	Actinomycetota	Actinomycetia	Streptomycetales	Streptomycetaceae	Streptomyces	Streptomyces sp.	Streptomyces sp. NPDC006172
NPDC006174	Bacteria	Actinomycetota	Actinomycetia	Streptomycetales	Streptomycetaceae	Streptomyces	Streptomyces sp.	Streptomyces sp. NPDC006174
NPDC006175	Bacteria	Actinomycetota	Actinomycetia	Streptomycetales	Streptomycetaceae	Streptomyces	Streptomyces sp.	Streptomyces sp. NPDC006175
NPDC006178	Bacteria	Actinomycetota	Actinomycetia	Streptomycetales	Streptomycetaceae	Streptomyces	Streptomyces halstedii	Streptomyces halstedii NPDC006178
NPDC006182	Bacteria	Actinomycetota	Actinomycetia	Streptomycetales	Streptomycetaceae	Streptomyces	Streptomyces microflavus	Streptomyces microflavus NPDC006182
NPDC006183	Bacteria	Actinomycetota	Actinomycetia	Streptomycetales	Streptomycetaceae	Streptomyces	Streptomyces sp003949805	Streptomyces sp. NPDC006183
NPDC006186	Bacteria	Actinomycetota	Actinomycetia	Streptomycetales	Streptomycetaceae	Streptomyces	Streptomyces sp023072675	Streptomyces sp. NPDC006186
NPDC006195	Bacteria	Actinomycetota	Actinomycetia	Streptomycetales	Streptomycetaceae	Streptomyces	Streptomyces sp004151105	Streptomyces sp. NPDC006195
NPDC006204	Bacteria	Actinomycetota	Actinomycetia	Streptomycetales	Streptomycetaceae	Streptomyces	Streptomyces bacillaris	Streptomyces bacillaris NPDC006204
NPDC006212	Bacteria	Actinomycetota	Actinomycetia	Streptomycetales	Streptomycetaceae	Streptomyces	Streptomyces canus	Streptomyces canus NPDC006212
NPDC006213	Bacteria	Actinomycetota	Actinomycetia	Streptomycetales	Streptomycetaceae	Streptomyces	Streptomyces massasporeus	Streptomyces massasporeus NPDC006213
NPDC006237	Bacteria	Actinomycetota	Actinomycetia	Streptomycetales	Streptomycetaceae	Streptomyces	Streptomyces sp003330845	Streptomyces sp. NPDC006237
NPDC006259	Bacteria	Actinomycetota	Actinomycetia	Streptomycetales	Streptomycetaceae	Streptomyces	Streptomyces sp.	Streptomyces sp. NPDC006259
NPDC006270	Bacteria	Actinomycetota	Actinomycetia	Streptomycetales	Streptomycetaceae	Streptomyces	Streptomyces sp.	Streptomyces sp. NPDC006270
NPDC006274	Bacteria	Actinomycetota	Actinomycetia	Streptomycetales	Streptomycetaceae	Streptomyces	Streptomyces sp.	Streptomyces sp. NPDC006274
NPDC006285	Bacteria	Actinomycetota	Actinomycetia	Streptomycetales	Streptomycetaceae	Streptomyces	Streptomyces sp.	Streptomyces sp. NPDC006285
NPDC006294	Bacteria	Actinomycetota	Actinomycetia	Streptomycetales	Streptomycetaceae	Streptomyces	Streptomyces sp.	Streptomyces sp. NPDC006294
NPDC006314	Bacteria	Actinomycetota	Actinomycetia	Streptomycetales	Streptomycetaceae	Streptomyces	Streptomyces sp.	Streptomyces sp. NPDC006314
NPDC006316	Bacteria	Actinomycetota	Actinomycetia	Streptomycetales	Streptomycetaceae	Streptomyces	Streptomyces microflavus	Streptomyces microflavus NPDC006316
NPDC006318	Bacteria	Actinomycetota	Actinomycetia	Streptomycetales	Streptomycetaceae	Streptomyces	Streptomyces microflavus	Streptomyces microflavus NPDC006318
NPDC006337	Bacteria	Actinomycetota	Actinomycetia	Streptomycetales	Streptomycetaceae	Streptomyces	Streptomyces albulus_A	Streptomyces lavendulocolor NPDC006337
NPDC006365	Bacteria	Actinomycetota	Actinomycetia	Streptomycetales	Streptomycetaceae	Streptomyces	Streptomyces sp.	Streptomyces sp. NPDC006365
NPDC006384	Bacteria	Actinomycetota	Actinomycetia	Streptomycetales	Streptomycetaceae	Streptomyces	Streptomyces sp.	Streptomyces sp. NPDC006384
NPDC006395	Bacteria	Actinomycetota	Actinomycetia	Streptomycetales	Streptomycetaceae	Streptomyces	Streptomyces rochei	Streptomyces rochei NPDC006395
NPDC006423	Bacteria	Actinomycetota	Actinomycetia	Streptomycetales	Streptomycetaceae	Streptomyces	Streptomyces glauciniger	Actinacidiphila glaucinigra NPDC006423
NPDC006429	Bacteria	Actinomycetota	Actinomycetia	Streptomycetales	Streptomycetaceae	Streptomyces	Streptomyces phaeochromogenes	Streptomyces umbrinus NPDC006429
NPDC006430	Bacteria	Actinomycetota	Actinomycetia	Streptomycetales	Streptomycetaceae	Streptomyces	Streptomyces sp.	Streptomyces sp. NPDC006430
NPDC006435	Bacteria	Actinomycetota	Actinomycetia	Streptomycetales	Streptomycetaceae	Streptomyces	Streptomyces sp008120935	Streptomyces sp. NPDC006435
NPDC006439	Bacteria	Actinomycetota	Actinomycetia	Streptomycetales	Streptomycetaceae	Streptomyces	Streptomyces syringium	Streptomyces syringium NPDC006439
NPDC006442	Bacteria	Actinomycetota	Actinomycetia	Streptomycetales	Streptomycetaceae	Streptomyces	Streptomyces griseus	Streptomyces griseus NPDC006442
NPDC006443	Bacteria	Actinomycetota	Actinomycetia	Streptomycetales	Streptomycetaceae	Streptomyces	Streptomyces zaomyceticus	Streptomyces zaomyceticus NPDC006443
NPDC006446	Bacteria	Actinomycetota	Actinomycetia	Streptomycetales	Streptomycetaceae	Streptomyces	Streptomyces sp.	Streptomyces sp. NPDC006446
NPDC006458	Bacteria	Actinomycetota	Actinomycetia	Streptomycetales	Streptomycetaceae	Streptomyces	Streptomyces sp.	Streptomyces sp. NPDC006458
NPDC006459	Bacteria	Actinomycetota	Actinomycetia	Streptomycetales	Streptomycetaceae	Streptomyces	Streptomyces sp002080455	Streptomyces sp. NPDC006459
NPDC006460	Bacteria	Actinomycetota	Actinomycetia	Streptomycetales	Streptomycetaceae	Streptomyces	Streptomyces sp008042125	Streptomyces sp. NPDC006460
NPDC006463	Bacteria	Actinomycetota	Actinomycetia	Streptomycetales	Streptomycetaceae	Streptomyces	Streptomyces sp.	Streptomyces sp. NPDC006463
NPDC006464	Bacteria	Actinomycetota	Actinomycetia	Streptomycetales	Streptomycetaceae	Streptomyces	Streptomyces sp008042125	Streptomyces sp. NPDC006464
NPDC006466	Bacteria	Actinomycetota	Actinomycetia	Streptomycetales	Streptomycetaceae	Streptomyces	Streptomyces canus	Streptomyces canus NPDC006466
NPDC006482	Bacteria	Actinomycetota	Actinomycetia	Streptomycetales	Streptomycetaceae	Streptomyces	Streptomyces sp.	Streptomyces sp. NPDC006482
NPDC006487	Bacteria	Actinomycetota	Actinomycetia	Streptomycetales	Streptomycetaceae	Streptomyces	Streptomyces sp.	Streptomyces sp. NPDC006487
NPDC006488	Bacteria	Actinomycetota	Actinomycetia	Streptomycetales	Streptomycetaceae	Streptomyces	Streptomyces hokutonensis	Streptomyces hokutonensis NPDC006488
NPDC006490	Bacteria	Actinomycetota	Actinomycetia	Streptomycetales	Streptomycetaceae	Streptomyces	Streptomyces spororaveus	Streptomyces spororaveus NPDC006490
NPDC006512	Bacteria	Actinomycetota	Actinomycetia	Streptomycetales	Streptomycetaceae	Streptomyces	Streptomyces sp.	Streptomyces sp. NPDC006512
NPDC006514	Bacteria	Actinomycetota	Actinomycetia	Streptomycetales	Streptomycetaceae	Streptomyces	Streptomyces sp.	Streptomyces sp. NPDC006514
NPDC006515	Bacteria	Actinomycetota	Actinomycetia	Streptomycetales	Streptomycetaceae	Streptomyces	Streptomyces massasporeus	Streptomyces massasporeus NPDC006515
NPDC006516	Bacteria	Actinomycetota	Actinomycetia	Streptomycetales	Streptomycetaceae	Streptomyces	Streptomyces sp.	Streptomyces sp. NPDC006516
NPDC006517	Bacteria	Actinomycetota	Actinomycetia	Streptomycetales	Streptomycetaceae	Streptomyces	Streptomyces griseoluteus_A	Streptomyces griseoluteus_A NPDC006517
NPDC006527	Bacteria	Actinomycetota	Actinomycetia	Streptomycetales	Streptomycetaceae	Streptomyces	Streptomyces sp.	Streptomyces sp. NPDC006527
NPDC006530	Bacteria	Actinomycetota	Actinomycetia	Streptomycetales	Streptomycetaceae	Streptomyces	Streptomyces sp.	Streptomyces sp. NPDC006530
NPDC006544	Bacteria	Actinomycetota	Actinomycetia	Streptomycetales	Streptomycetaceae	Streptomyces	Streptomyces sp.	Streptomyces sp. NPDC006544
NPDC006545	Bacteria	Actinomycetota	Actinomycetia	Streptomycetales	Streptomycetaceae	Streptomyces	Streptomyces virginiae	Streptomyces virginiae NPDC006545
NPDC006577	Bacteria	Actinomycetota	Actinomycetia	Streptomycetales	Streptomycetaceae	Streptomyces	Streptomyces albulus_A	Streptomyces lavendulocolor NPDC006577
NPDC006591	Bacteria	Actinomycetota	Actinomycetia	Streptomycetales	Streptomycetaceae	Streptomyces	Streptomyces anthocyanicus	Streptomyces anthocyanicus NPDC006591
NPDC006602	Bacteria	Actinomycetota	Actinomycetia	Streptomycetales	Streptomycetaceae	Streptomyces	Streptomyces sp.	Streptomyces sp. NPDC006602
NPDC006610	Bacteria	Actinomycetota	Actinomycetia	Streptomycetales	Streptomycetaceae	Streptomyces	Streptomyces sp.	Streptomyces sp. NPDC006610
NPDC006614	Bacteria	Actinomycetota	Actinomycetia	Streptomycetales	Streptomycetaceae	Streptomyces	Streptomyces flavidovirens	Streptomyces flavidovirens NPDC006614
NPDC006624	Bacteria	Actinomycetota	Actinomycetia	Streptomycetales	Streptomycetaceae	Streptomyces	Streptomyces sp.	Streptomyces sp. NPDC006624
NPDC006627	Bacteria	Actinomycetota	Actinomycetia	Streptomycetales	Streptomycetaceae	Streptomyces	Streptomyces sp020026305	Streptomyces sp. NPDC006627
NPDC006631	Bacteria	Actinomycetota	Actinomycetia	Streptomycetales	Streptomycetaceae	Streptomyces	Streptomyces sp002078175	Streptomyces sp. NPDC006631
NPDC006639	Bacteria	Actinomycetota	Actinomycetia	Streptomycetales	Streptomycetaceae	Streptomyces	Streptomyces sp900091725	Streptomyces sp. NPDC006639
NPDC006640	Bacteria	Actinomycetota	Actinomycetia	Streptomycetales	Streptomycetaceae	Streptomyces	Streptomyces sp002078175	Streptomyces sp. NPDC006640
NPDC006641	Bacteria	Actinomycetota	Actinomycetia	Streptomycetales	Streptomycetaceae	Streptomyces	Streptomyces sp900091725	Streptomyces sp. NPDC006641
NPDC006670	Bacteria	Actinomycetota	Actinomycetia	Streptomycetales	Streptomycetaceae	Streptomyces	Streptomyces sp.	Streptomyces sp. NPDC006670
NPDC006684	Bacteria	Actinomycetota	Actinomycetia	Streptomycetales	Streptomycetaceae	Streptomyces	Streptomyces sp000213055	Streptomyces sp. NPDC006684
NPDC006687	Bacteria	Actinomycetota	Actinomycetia	Streptomycetales	Streptomycetaceae	Streptomyces	Streptomyces sp.	Streptomyces sp. NPDC006687
NPDC006691	Bacteria	Actinomycetota	Actinomycetia	Streptomycetales	Streptomycetaceae	Streptomyces	Streptomyces sp002803085	Streptomyces sp. NPDC006691
NPDC006692	Bacteria	Actinomycetota	Actinomycetia	Streptomycetales	Streptomycetaceae	Streptomyces	Streptomyces sp.	Streptomyces sp. NPDC006692
NPDC006697	Bacteria	Actinomycetota	Actinomycetia	Streptomycetales	Streptomycetaceae	Kitasatospora	Kitasatospora sp.	Kitasatospora sp. NPDC006697
NPDC006698	Bacteria	Actinomycetota	Actinomycetia	Streptomycetales	Streptomycetaceae	Streptomyces	Streptomyces griseofuscus	Streptomyces griseofuscus NPDC006698
NPDC006700	Bacteria	Actinomycetota	Actinomycetia	Streptomycetales	Streptomycetaceae	Streptomyces	Streptomyces sp002803075	Streptomyces sp. NPDC006700
NPDC006701	Bacteria	Actinomycetota	Actinomycetia	Streptomycetales	Streptomycetaceae	Streptomyces	Streptomyces californicus	Streptomyces californicus NPDC006701
NPDC006702	Bacteria	Actinomycetota	Actinomycetia	Streptomycetales	Streptomycetaceae	Streptomyces	Streptomyces griseofuscus	Streptomyces griseofuscus NPDC006702
NPDC006703	Bacteria	Actinomycetota	Actinomycetia	Streptomycetales	Streptomycetaceae	Streptomyces	Streptomyces sp.	Streptomyces sp. NPDC006703
NPDC006704	Bacteria	Actinomycetota	Actinomycetia	Streptomycetales	Streptomycetaceae	Streptomyces	Streptomyces sp.	Streptomyces sp. NPDC006704
NPDC006706	Bacteria	Actinomycetota	Actinomycetia	Streptomycetales	Streptomycetaceae	Streptomyces	Streptomyces sp006540305	Streptomyces sp. NPDC006706
NPDC006711	Bacteria	Actinomycetota	Actinomycetia	Streptomycetales	Streptomycetaceae	Streptomyces	Streptomyces sp.	Streptomyces sp. NPDC006711
NPDC006715	Bacteria	Actinomycetota	Actinomycetia	Streptomycetales	Streptomycetaceae	Streptomyces	Streptomyces griseofuscus	Streptomyces griseofuscus NPDC006715
NPDC006721	Bacteria	Actinomycetota	Actinomycetia	Streptomycetales	Streptomycetaceae	Streptomyces	Streptomyces longwoodensis	Streptomyces longwoodensis NPDC006721
NPDC006732	Bacteria	Actinomycetota	Actinomycetia	Streptomycetales	Streptomycetaceae	Streptomyces	Streptomyces longwoodensis	Streptomyces longwoodensis NPDC006732
NPDC006735	Bacteria	Actinomycetota	Actinomycetia	Streptomycetales	Streptomycetaceae	Streptomyces	Streptomyces longwoodensis	Streptomyces longwoodensis NPDC006735
NPDC006739	Bacteria	Actinomycetota	Actinomycetia	Streptomycetales	Streptomycetaceae	Streptomyces	Streptomyces sp.	Streptomyces sp. NPDC006739
NPDC006741	Bacteria	Actinomycetota	Actinomycetia	Streptomycetales	Streptomycetaceae	Streptomyces	Streptomyces longwoodensis	Streptomyces longwoodensis NPDC006741
NPDC006742	Bacteria	Actinomycetota	Actinomycetia	Streptomycetales	Streptomycetaceae	Streptomyces	Streptomyces collinus_A	Streptomyces collinus NPDC006742
NPDC006743	Bacteria	Actinomycetota	Actinomycetia	Streptomycetales	Streptomycetaceae	Streptomyces	Streptomyces sp000720185	Streptomyces sp. NPDC006743
NPDC006756	Bacteria	Actinomycetota	Actinomycetia	Streptomycetales	Streptomycetaceae	Kitasatospora	Kitasatospora cineracea	Kitasatospora cineracea NPDC006756
NPDC006775	Bacteria	Actinomycetota	Actinomycetia	Streptomycetales	Streptomycetaceae	Streptomyces	Streptomyces niveus	Streptomyces niveus NPDC006775
NPDC006782	Bacteria	Actinomycetota	Actinomycetia	Streptomycetales	Streptomycetaceae	Streptomyces	Streptomyces griseoincarnatus	Streptomyces griseoincarnatus NPDC006782
NPDC006784	Bacteria	Actinomycetota	Actinomycetia	Streptomycetales	Streptomycetaceae	Streptomyces	Streptomyces sp.	Streptomyces sp. NPDC006784
NPDC006787	Bacteria	Actinomycetota	Actinomycetia	Streptomycetales	Streptomycetaceae	Streptomyces	Streptomyces griseoincarnatus	Streptomyces griseoincarnatus NPDC006787
NPDC006791	Bacteria	Actinomycetota	Actinomycetia	Streptomycetales	Streptomycetaceae	Streptomyces	Streptomyces albus	Streptomyces albus NPDC006791
NPDC006809	Bacteria	Actinomycetota	Actinomycetia	Streptomycetales	Streptomycetaceae	Streptomyces	Streptomyces albidoflavus	Streptomyces albidoflavus NPDC006809
NPDC006823	Bacteria	Actinomycetota	Actinomycetia	Streptomycetales	Streptomycetaceae	Streptomyces	Streptomyces albidoflavus	Streptomyces albidoflavus NPDC006823
NPDC006854	Bacteria	Actinomycetota	Actinomycetia	Streptomycetales	Streptomycetaceae	Streptomyces	Streptomyces sp001895105	Streptomyces sp. NPDC006854
NPDC006855	Bacteria	Actinomycetota	Actinomycetia	Streptomycetales	Streptomycetaceae	Streptomyces	Streptomyces sp001895105	Streptomyces sp. NPDC006855
NPDC006856	Bacteria	Actinomycetota	Actinomycetia	Streptomycetales	Streptomycetaceae	Streptomyces	Streptomyces sp001895105	Streptomyces sp. NPDC006856
NPDC006857	Bacteria	Actinomycetota	Actinomycetia	Streptomycetales	Streptomycetaceae	Streptomyces	Streptomyces olivaceus	Streptomyces olivaceus NPDC006857
NPDC006858	Bacteria	Actinomycetota	Actinomycetia	Streptomycetales	Streptomycetaceae	Streptomyces	Streptomyces olivaceus	Streptomyces olivaceus NPDC006858
NPDC006863	Bacteria	Actinomycetota	Actinomycetia	Streptomycetales	Streptomycetaceae	Streptomyces	Streptomyces sp001895105	Streptomyces sp. NPDC006863
NPDC006864	Bacteria	Actinomycetota	Actinomycetia	Streptomycetales	Streptomycetaceae	Streptomyces	Streptomyces sp001895105	Streptomyces sp. NPDC006864
NPDC006869	Bacteria	Actinomycetota	Actinomycetia	Streptomycetales	Streptomycetaceae	Streptomyces	Streptomyces bacillaris	Streptomyces bacillaris NPDC006869
NPDC006875	Bacteria	Actinomycetota	Actinomycetia	Streptomycetales	Streptomycetaceae	Streptomyces	Streptomyces sp008042115	Streptomyces sp. NPDC006875
NPDC006879	Bacteria	Actinomycetota	Actinomycetia	Streptomycetales	Streptomycetaceae	Streptomyces	Streptomyces sp.	Streptomyces sp. NPDC006879
NPDC006880	Bacteria	Actinomycetota	Actinomycetia	Streptomycetales	Streptomycetaceae	Streptomyces	Streptomyces cyaneofuscatus	Streptomyces cyaneofuscatus NPDC006880
NPDC006906	Bacteria	Actinomycetota	Actinomycetia	Streptomycetales	Streptomycetaceae	Streptomyces	Streptomyces sp001895105	Streptomyces sp. NPDC006906
NPDC006925	Bacteria	Actinomycetota	Actinomycetia	Streptomycetales	Streptomycetaceae	Streptomyces	Streptomyces sp000280905	Streptomyces sp. NPDC006925
NPDC006927	Bacteria	Actinomycetota	Actinomycetia	Streptomycetales	Streptomycetaceae	Streptomyces	Streptomyces platensis	Streptomyces platensis NPDC006927
NPDC006945	Bacteria	Actinomycetota	Actinomycetia	Streptomycetales	Streptomycetaceae	Streptomyces	Streptomyces anthocyanicus	Streptomyces anthocyanicus NPDC006945
NPDC006947	Bacteria	Actinomycetota	Actinomycetia	Streptomycetales	Streptomycetaceae	Streptomyces	Streptomyces albidoflavus	Streptomyces albidoflavus NPDC006947
NPDC006956	Bacteria	Actinomycetota	Actinomycetia	Streptomycetales	Streptomycetaceae	Streptomyces	Streptomyces griseoincarnatus	Streptomyces griseoincarnatus NPDC006956
NPDC006965	Bacteria	Actinomycetota	Actinomycetia	Streptomycetales	Streptomycetaceae	Streptomyces	Streptomyces albidoflavus	Streptomyces albidoflavus NPDC006965
NPDC006969	Bacteria	Actinomycetota	Actinomycetia	Streptomycetales	Streptomycetaceae	Streptomyces	Streptomyces griseoincarnatus	Streptomyces griseoincarnatus NPDC006969
NPDC006971	Bacteria	Actinomycetota	Actinomycetia	Streptomycetales	Streptomycetaceae	Streptomyces	Streptomyces sp001905795	Streptomyces sp. NPDC006971
NPDC006975	Bacteria	Actinomycetota	Actinomycetia	Streptomycetales	Streptomycetaceae	Streptomyces	Streptomyces sp.	Streptomyces sp. NPDC006975
NPDC006976	Bacteria	Actinomycetota	Actinomycetia	Streptomycetales	Streptomycetaceae	Streptomyces	Streptomyces sp000373645	Streptomyces sp. NPDC006976
NPDC006977	Bacteria	Actinomycetota	Actinomycetia	Streptomycetales	Streptomycetaceae	Streptomyces	Streptomyces albidoflavus	Streptomyces albidoflavus NPDC006977
NPDC006978	Bacteria	Actinomycetota	Actinomycetia	Streptomycetales	Streptomycetaceae	Streptomyces	Streptomyces silvae	Streptomyces sp. NPDC006978
NPDC006985	Bacteria	Actinomycetota	Actinomycetia	Streptomycetales	Streptomycetaceae	Streptomyces	Streptomyces griseoaurantiacus	Streptomyces griseoaurantiacus NPDC006985
NPDC006990	Bacteria	Actinomycetota	Actinomycetia	Streptomycetales	Streptomycetaceae	Streptomyces	Streptomyces sp000280905	Streptomyces sp. NPDC006990
NPDC007007	Bacteria	Actinomycetota	Actinomycetia	Streptomycetales	Streptomycetaceae	Streptomyces	Streptomyces sp001895105	Streptomyces sp. NPDC007007
NPDC007020	Bacteria	Actinomycetota	Actinomycetia	Streptomycetales	Streptomycetaceae	Streptomyces	Streptomyces sp001895105	Streptomyces sp. NPDC007020
NPDC007025	Bacteria	Actinomycetota	Actinomycetia	Streptomycetales	Streptomycetaceae	Streptomyces	Streptomyces sp000280905	Streptomyces sp. NPDC007025
NPDC007042	Bacteria	Actinomycetota	Actinomycetia	Streptomycetales	Streptomycetaceae	Streptomyces	Streptomyces incarnatus_A	Streptomyces incarnatus NPDC007042
NPDC007050	Bacteria	Actinomycetota	Actinomycetia	Streptomycetales	Streptomycetaceae	Streptomyces	Streptomyces syringium	Streptomyces syringium NPDC007050
NPDC007053	Bacteria	Actinomycetota	Actinomycetia	Streptomycetales	Streptomycetaceae	Streptomyces	Streptomyces albidoflavus	Streptomyces albidoflavus NPDC007053
NPDC007057	Bacteria	Actinomycetota	Actinomycetia	Streptomycetales	Streptomycetaceae	Streptomyces	Streptomyces sp002910825	Streptomyces sp. NPDC007057
NPDC007058	Bacteria	Actinomycetota	Actinomycetia	Streptomycetales	Streptomycetaceae	Streptomyces	Streptomyces albidoflavus	Streptomyces albidoflavus NPDC007058
NPDC007061	Bacteria	Actinomycetota	Actinomycetia	Streptomycetales	Streptomycetaceae	Streptomyces	Streptomyces bacillaris	Streptomyces bacillaris NPDC007061
NPDC007066	Bacteria	Actinomycetota	Actinomycetia	Streptomycetales	Streptomycetaceae	Streptomyces	Streptomyces massasporeus	Streptomyces massasporeus NPDC007066
NPDC007069	Bacteria	Actinomycetota	Actinomycetia	Streptomycetales	Streptomycetaceae	Streptomyces	Streptomyces incarnatus_A	Streptomyces incarnatus_A NPDC007069
NPDC007070	Bacteria	Actinomycetota	Actinomycetia	Streptomycetales	Streptomycetaceae	Streptomyces	Streptomyces sennicomposti	Streptomyces sp. NPDC007070
NPDC007073	Bacteria	Actinomycetota	Actinomycetia	Streptomycetales	Streptomycetaceae	Streptomyces	Streptomyces griseoviridis_A	Streptomyces griseoviridis NPDC007073
NPDC007077	Bacteria	Actinomycetota	Actinomycetia	Streptomycetales	Streptomycetaceae	Streptomyces	Streptomyces albidoflavus	Streptomyces albidoflavus NPDC007077
NPDC007084	Bacteria	Actinomycetota	Actinomycetia	Streptomycetales	Streptomycetaceae	Streptomyces	Streptomyces sp.	Streptomyces sp. NPDC007084
NPDC007088	Bacteria	Actinomycetota	Actinomycetia	Streptomycetales	Streptomycetaceae	Streptomyces	Streptomyces sp.	Streptomyces sp. NPDC007088
NPDC007091	Bacteria	Actinomycetota	Actinomycetia	Streptomycetales	Streptomycetaceae	Streptomyces	Streptomyces albidoflavus	Streptomyces albidoflavus NPDC007091
NPDC007095	Bacteria	Actinomycetota	Actinomycetia	Streptomycetales	Streptomycetaceae	Streptomyces	Streptomyces sp002846625	Streptomyces sp. NPDC007095
NPDC007103	Bacteria	Actinomycetota	Actinomycetia	Streptomycetales	Streptomycetaceae	Streptomyces	Streptomyces tubercidicus	Streptomyces tubercidicus NPDC007103
NPDC007109	Bacteria	Actinomycetota	Actinomycetia	Streptomycetales	Streptomycetaceae	Streptomyces	Streptomyces globisporus	Streptomyces globisporus NPDC007109
NPDC007113	Bacteria	Actinomycetota	Actinomycetia	Streptomycetales	Streptomycetaceae	Streptomyces	Streptomyces lavendulae_C	Streptomyces lavendulae NPDC007113
NPDC007115	Bacteria	Actinomycetota	Actinomycetia	Streptomycetales	Streptomycetaceae	Streptomyces	Streptomyces albidoflavus	Streptomyces albidoflavus NPDC007115
NPDC007117	Bacteria	Actinomycetota	Actinomycetia	Streptomycetales	Streptomycetaceae	Streptomyces	Streptomyces sp001895105	Streptomyces sp. NPDC007117
NPDC007126	Bacteria	Actinomycetota	Actinomycetia	Streptomycetales	Streptomycetaceae	Streptomyces	Streptomyces sp000772045	Streptomyces sp. NPDC007126
NPDC007131	Bacteria	Actinomycetota	Actinomycetia	Streptomycetales	Streptomycetaceae	Streptomyces	Streptomyces smyrnaeus	Streptomyces smyrnaeus NPDC007131
NPDC007147	Bacteria	Actinomycetota	Actinomycetia	Streptomycetales	Streptomycetaceae	Streptomyces	Streptomyces kebangsaanensis	Streptomyces kebangsaanensis NPDC007147
NPDC007148	Bacteria	Actinomycetota	Actinomycetia	Streptomycetales	Streptomycetaceae	Streptomyces	Streptomyces sp001507435	Streptomyces sp. NPDC007148
NPDC007149	Bacteria	Actinomycetota	Actinomycetia	Streptomycetales	Streptomycetaceae	Streptomyces	Streptomyces hygroscopicus	Streptomyces hygroscopicus NPDC007149
NPDC007152	Bacteria	Actinomycetota	Actinomycetia	Streptomycetales	Streptomycetaceae	Streptomyces	Streptomyces diastaticus	Streptomyces diastaticus NPDC007152
NPDC007153	Bacteria	Actinomycetota	Actinomycetia	Streptomycetales	Streptomycetaceae	Streptomyces	Streptomyces olivoreticuli	Streptomyces olivoreticuli NPDC007153
NPDC007157	Bacteria	Actinomycetota	Actinomycetia	Streptomycetales	Streptomycetaceae	Streptomyces	Streptomyces sp.	Streptomyces sp. NPDC007157
NPDC007172	Bacteria	Actinomycetota	Actinomycetia	Streptomycetales	Streptomycetaceae	Streptomyces	Streptomyces sp002803085	Streptomyces sp. NPDC007172
NPDC007189	Bacteria	Actinomycetota	Actinomycetia	Streptomycetales	Streptomycetaceae	Streptomyces	Streptomyces sp.	Streptomyces sp. NPDC007189
NPDC007205	Bacteria	Actinomycetota	Actinomycetia	Streptomycetales	Streptomycetaceae	Streptomyces	Streptomyces sp.	Streptomyces sp. NPDC007205
NPDC007206	Bacteria	Actinomycetota	Actinomycetia	Streptomycetales	Streptomycetaceae	Streptomyces	Streptomyces sp.	Streptomyces sp. NPDC007206
NPDC007209	Bacteria	Actinomycetota	Actinomycetia	Streptomycetales	Streptomycetaceae	Streptomyces	Streptomyces sp.	Streptomyces sp. NPDC007209
NPDC007251	Bacteria	Actinomycetota	Actinomycetia	Streptomycetales	Streptomycetaceae	Streptomyces	Streptomyces sp.	Streptomyces sp. NPDC007251
NPDC007259	Bacteria	Actinomycetota	Actinomycetia	Streptomycetales	Streptomycetaceae	Streptomyces	Streptomyces sp008042035	Streptomyces sp. NPDC007259
NPDC007264	Bacteria	Actinomycetota	Actinomycetia	Streptomycetales	Streptomycetaceae	Streptomyces	Streptomyces sp.	Streptomyces sp. NPDC007264
NPDC007290	Bacteria	Actinomycetota	Actinomycetia	Streptomycetales	Streptomycetaceae	Streptomyces	Streptomyces albus	Streptomyces albus NPDC007290
NPDC007325	Bacteria	Actinomycetota	Actinomycetia	Streptomycetales	Streptomycetaceae	Streptomyces	Streptomyces sp.	Streptomyces sp. NPDC007325
NPDC007346	Bacteria	Actinomycetota	Actinomycetia	Streptomycetales	Streptomycetaceae	Streptomyces	Streptomyces sp.	Streptomyces sp. NPDC007346
NPDC007355	Bacteria	Actinomycetota	Actinomycetia	Streptomycetales	Streptomycetaceae	Streptomyces	Streptomyces sp001905665	Streptomyces sp. NPDC007355
NPDC007356	Bacteria	Actinomycetota	Actinomycetia	Streptomycetales	Streptomycetaceae	Streptomyces	Streptomyces olivaceus	Streptomyces olivaceus NPDC007356
NPDC007366	Bacteria	Actinomycetota	Actinomycetia	Streptomycetales	Streptomycetaceae	Streptomyces	Streptomyces collinus	Streptomyces collinus NPDC007366
NPDC007369	Bacteria	Actinomycetota	Actinomycetia	Streptomycetales	Streptomycetaceae	Streptomyces	Streptomyces sp.	Streptomyces sp. NPDC007369
NPDC007796	Bacteria	Actinomycetota	Actinomycetia	Streptomycetales	Streptomycetaceae	Streptomyces	Streptomyces griseus	Streptomyces griseus NPDC007796
NPDC007798	Bacteria	Actinomycetota	Actinomycetia	Streptomycetales	Streptomycetaceae	Streptomyces	Streptomyces griseus	Streptomyces griseus NPDC007798
NPDC007802	Bacteria	Actinomycetota	Actinomycetia	Streptomycetales	Streptomycetaceae	Streptomyces	Streptomyces griseus	Streptomyces griseus NPDC007802
NPDC007807	Bacteria	Actinomycetota	Actinomycetia	Streptomycetales	Streptomycetaceae	Streptomyces	Streptomyces iakyrus	Streptomyces iakyrus NPDC007807
NPDC007813	Bacteria	Actinomycetota	Actinomycetia	Streptomycetales	Streptomycetaceae	Streptomyces	Streptomyces iakyrus	Streptomyces iakyrus NPDC007813
NPDC007820	Bacteria	Actinomycetota	Actinomycetia	Streptomycetales	Streptomycetaceae	Streptomyces	Streptomyces mutabilis	Streptomyces mutabilis NPDC007820
NPDC007823	Bacteria	Actinomycetota	Actinomycetia	Streptomycetales	Streptomycetaceae	Streptomyces	Streptomyces griseus	Streptomyces griseus NPDC007823
NPDC007824	Bacteria	Actinomycetota	Actinomycetia	Streptomycetales	Streptomycetaceae	Streptomyces	Streptomyces griseus	Streptomyces griseus NPDC007824
NPDC007838	Bacteria	Actinomycetota	Actinomycetia	Streptomycetales	Streptomycetaceae	Streptomyces	Streptomyces rochei	Streptomyces rochei NPDC007838
NPDC007841	Bacteria	Actinomycetota	Actinomycetia	Streptomycetales	Streptomycetaceae	Streptomyces	Streptomyces griseus	Streptomyces griseus NPDC007841
NPDC007842	Bacteria	Actinomycetota	Actinomycetia	Streptomycetales	Streptomycetaceae	Streptomyces	Streptomyces cyaneofuscatus	Streptomyces cyaneofuscatus NPDC007842
NPDC007850	Bacteria	Actinomycetota	Actinomycetia	Streptomycetales	Streptomycetaceae	Streptomyces	Streptomyces violaceusniger_A	Streptomyces violaceusniger NPDC007850
NPDC007851	Bacteria	Actinomycetota	Actinomycetia	Streptomycetales	Streptomycetaceae	Streptomyces	Streptomyces sp.	Streptomyces sp. NPDC007851
NPDC007855	Bacteria	Actinomycetota	Actinomycetia	Streptomycetales	Streptomycetaceae	Streptomyces	Streptomyces cellulosae	Streptomyces cellulosae NPDC007855
NPDC007856	Bacteria	Actinomycetota	Actinomycetia	Streptomycetales	Streptomycetaceae	Streptomyces	Streptomyces sp.	Streptomyces sp. NPDC007856
NPDC007861	Bacteria	Actinomycetota	Actinomycetia	Streptomycetales	Streptomycetaceae	Streptomyces	Streptomyces sp024584805	Streptomyces sp. NPDC007861
NPDC007863	Bacteria	Actinomycetota	Actinomycetia	Streptomycetales	Streptomycetaceae	Streptomyces	Streptomyces sp012927245	Streptomyces sp. NPDC007863
NPDC007866	Bacteria	Actinomycetota	Actinomycetia	Streptomycetales	Streptomycetaceae	Streptomyces	Streptomyces avermitilis	Streptomyces avermitilis NPDC007866
NPDC007871	Bacteria	Actinomycetota	Actinomycetia	Streptomycetales	Streptomycetaceae	Streptomyces	Streptomyces rubiginosohelvolus	Streptomyces rubiginosohelvolus NPDC007871
NPDC007872	Bacteria	Actinomycetota	Actinomycetia	Streptomycetales	Streptomycetaceae	Streptomyces	Streptomyces sp003949805	Streptomyces sp. NPDC007872
NPDC007883	Bacteria	Actinomycetota	Actinomycetia	Streptomycetales	Streptomycetaceae	Streptomyces	Streptomyces sp.	Streptomyces sp. NPDC007883
NPDC007885	Bacteria	Actinomycetota	Actinomycetia	Streptomycetales	Streptomycetaceae	Streptomyces	Streptomyces iakyrus	Streptomyces iakyrus NPDC007885
NPDC007889	Bacteria	Actinomycetota	Actinomycetia	Streptomycetales	Streptomycetaceae	Streptomyces	Streptomyces globisporus_A	Streptomyces globisporus NPDC007889
NPDC007891	Bacteria	Actinomycetota	Actinomycetia	Streptomycetales	Streptomycetaceae	Streptomyces	Streptomyces collinus	Streptomyces collinus NPDC007891
NPDC007892	Bacteria	Actinomycetota	Actinomycetia	Streptomycetales	Streptomycetaceae	Streptomyces	Streptomyces althioticus	Streptomyces althioticus NPDC007892
NPDC007894	Bacteria	Actinomycetota	Actinomycetia	Streptomycetales	Streptomycetaceae	Streptomyces	Streptomyces mirabilis	Streptomyces mirabilis NPDC007894
NPDC007896	Bacteria	Actinomycetota	Actinomycetia	Streptomycetales	Streptomycetaceae	Streptomyces	Streptomyces sp002846625	Streptomyces sp. NPDC007896
NPDC007901	Bacteria	Actinomycetota	Actinomycetia	Streptomycetales	Streptomycetaceae	Streptomyces	Streptomyces sp.	Streptomyces sp. NPDC007901
NPDC007902	Bacteria	Actinomycetota	Actinomycetia	Streptomycetales	Streptomycetaceae	Streptomyces	Streptomyces griseorubiginosus	Streptomyces griseorubiginosus NPDC007902
NPDC007904	Bacteria	Actinomycetota	Actinomycetia	Streptomycetales	Streptomycetaceae	Streptomyces	Streptomyces sp.	Streptomyces sp. NPDC007904
NPDC007905	Bacteria	Actinomycetota	Actinomycetia	Streptomycetales	Streptomycetaceae	Streptomyces	Streptomyces sp.	Streptomyces sp. NPDC007905
NPDC007910	Bacteria	Actinomycetota	Actinomycetia	Streptomycetales	Streptomycetaceae	Streptomyces	Streptomyces sp001280125	Streptomyces sp. NPDC007910
NPDC007911	Bacteria	Actinomycetota	Actinomycetia	Streptomycetales	Streptomycetaceae	Streptomyces	Streptomyces rubiginosohelvolus	Streptomyces rubiginosohelvolus NPDC007911
NPDC007916	Bacteria	Actinomycetota	Actinomycetia	Streptomycetales	Streptomycetaceae	Streptomyces	Streptomyces sp002846625	Streptomyces sp. NPDC007916
NPDC007919	Bacteria	Actinomycetota	Actinomycetia	Streptomycetales	Streptomycetaceae	Streptomyces	Streptomyces cyaneofuscatus	Streptomyces cyaneofuscatus NPDC007919
NPDC007937	Bacteria	Actinomycetota	Actinomycetia	Streptomycetales	Streptomycetaceae	Streptomyces	Streptomyces griseus	Streptomyces griseus NPDC007937
NPDC007939	Bacteria	Actinomycetota	Actinomycetia	Streptomycetales	Streptomycetaceae	Streptomyces	Streptomyces lydicus	Streptomyces lydicus NPDC007939
NPDC007940	Bacteria	Actinomycetota	Actinomycetia	Streptomycetales	Streptomycetaceae	Streptomyces	Streptomyces sp003814525	Streptomyces sp. NPDC007940
NPDC007945	Bacteria	Actinomycetota	Actinomycetia	Streptomycetales	Streptomycetaceae	Streptomyces	Streptomyces sp.	Streptomyces sp. NPDC007945
NPDC007946	Bacteria	Actinomycetota	Actinomycetia	Streptomycetales	Streptomycetaceae	Streptomyces	Streptomyces luteogriseus	Streptomyces luteogriseus NPDC007946
NPDC007950	Bacteria	Actinomycetota	Actinomycetia	Streptomycetales	Streptomycetaceae	Streptomyces	Streptomyces glauciniger	Actinacidiphila glaucinigra NPDC007950
NPDC007952	Bacteria	Actinomycetota	Actinomycetia	Streptomycetales	Streptomycetaceae	Streptomyces	Streptomyces massasporeus	Streptomyces massasporeus NPDC007952
NPDC007954	Bacteria	Actinomycetota	Actinomycetia	Streptomycetales	Streptomycetaceae	Streptomyces	Streptomyces griseus	Streptomyces griseus NPDC007954
NPDC007963	Bacteria	Actinomycetota	Actinomycetia	Streptomycetales	Streptomycetaceae	Streptomyces	Streptomyces griseus	Streptomyces griseus NPDC007963
NPDC007966	Bacteria	Actinomycetota	Actinomycetia	Streptomycetales	Streptomycetaceae	Streptomyces	Streptomyces griseus	Streptomyces griseus NPDC007966
NPDC007971	Bacteria	Actinomycetota	Actinomycetia	Streptomycetales	Streptomycetaceae	Streptomyces	Streptomyces sp.	Streptomyces sp. NPDC007971
NPDC007984	Bacteria	Actinomycetota	Actinomycetia	Streptomycetales	Streptomycetaceae	Streptomyces	Streptomyces sp.	Streptomyces sp. NPDC007984
NPDC007985	Bacteria	Actinomycetota	Actinomycetia	Streptomycetales	Streptomycetaceae	Streptomyces	Streptomyces griseorubiginosus	Streptomyces griseorubiginosus NPDC007985
NPDC007986	Bacteria	Actinomycetota	Actinomycetia	Streptomycetales	Streptomycetaceae	Streptomyces	Streptomyces syringium	Streptomyces syringium NPDC007986
NPDC007991	Bacteria	Actinomycetota	Actinomycetia	Streptomycetales	Streptomycetaceae	Streptomyces	Streptomyces sp.	Streptomyces sp. NPDC007991
NPDC008001	Bacteria	Actinomycetota	Actinomycetia	Streptomycetales	Streptomycetaceae	Streptomyces	Streptomyces sp.	Streptomyces sp. NPDC008001
NPDC008002	Bacteria	Actinomycetota	Actinomycetia	Streptomycetales	Streptomycetaceae	Streptomyces	Streptomyces rubiginosohelvolus	Streptomyces rubiginosohelvolus NPDC008002
NPDC008008	Bacteria	Actinomycetota	Actinomycetia	Streptomycetales	Streptomycetaceae	Streptomyces	Streptomyces rubiginosohelvolus	Streptomyces rubiginosohelvolus NPDC008008
NPDC008014	Bacteria	Actinomycetota	Actinomycetia	Streptomycetales	Streptomycetaceae	Streptomyces	Streptomyces lavendulae_C	Streptomyces lavendulae NPDC008014
NPDC008023	Bacteria	Actinomycetota	Actinomycetia	Streptomycetales	Streptomycetaceae	Streptomyces	Streptomyces bikiniensis	Streptomyces bikiniensis NPDC008023
NPDC008027	Bacteria	Actinomycetota	Actinomycetia	Streptomycetales	Streptomycetaceae	Streptomyces	Streptomyces mutabilis	Streptomyces mutabilis NPDC008027
NPDC008028	Bacteria	Actinomycetota	Actinomycetia	Streptomycetales	Streptomycetaceae	Streptomyces	Streptomyces mutabilis	Streptomyces mutabilis NPDC008028
NPDC008029	Bacteria	Actinomycetota	Actinomycetia	Streptomycetales	Streptomycetaceae	Streptomyces	Streptomyces cyaneofuscatus	Streptomyces cyaneofuscatus NPDC008029
NPDC008038	Bacteria	Actinomycetota	Actinomycetia	Streptomycetales	Streptomycetaceae	Streptomyces	Streptomyces anulatus	Streptomyces anulatus NPDC008038
NPDC008041	Bacteria	Actinomycetota	Actinomycetia	Streptomycetales	Streptomycetaceae	Streptomyces	Streptomyces pseudovenezuelae	Streptomyces pseudovenezuelae NPDC008041
NPDC008050	Bacteria	Actinomycetota	Actinomycetia	Streptomycetales	Streptomycetaceae	Kitasatospora	Kitasatospora sp.	Kitasatospora sp. NPDC008050
NPDC008052	Bacteria	Actinomycetota	Actinomycetia	Streptomycetales	Streptomycetaceae	Streptomyces	Streptomyces pseudovenezuelae	Streptomyces pseudovenezuelae NPDC008052
NPDC008053	Bacteria	Actinomycetota	Actinomycetia	Streptomycetales	Streptomycetaceae	Streptomyces	Streptomyces rubiginosohelvolus	Streptomyces rubiginosohelvolus NPDC008053
NPDC008056	Bacteria	Actinomycetota	Actinomycetia	Streptomycetales	Streptomycetaceae	Streptomyces	Streptomyces cellulosae	Streptomyces cellulosae NPDC008056
NPDC008207	Bacteria	Actinomycetota	Actinomycetia	Streptomycetales	Streptomycetaceae	Streptomyces	Streptomyces griseus	Streptomyces griseus NPDC008207
NPDC008210	Bacteria	Actinomycetota	Actinomycetia	Streptomycetales	Streptomycetaceae	Streptomyces	Streptomyces massasporeus	Streptomyces massasporeus NPDC008210
NPDC008340	Bacteria	Actinomycetota	Actinomycetia	Streptomycetales	Streptomycetaceae	Streptomyces	Streptomyces pseudogriseolus	Streptomyces pseudogriseolus NPDC008340
NPDC008722	Bacteria	Actinomycetota	Actinomycetia	Streptomycetales	Streptomycetaceae	Streptomyces	Streptomyces fungicidicus	Streptomyces fungicidicus NPDC008722
NPDC012339	Bacteria	Actinomycetota	Actinomycetia	Streptomycetales	Streptomycetaceae	Streptomyces	Streptomyces rubradiris	Streptomyces rubradiris NPDC012339
NPDC012352	Bacteria	Actinomycetota	Actinomycetia	Streptomycetales	Streptomycetaceae	Streptomyces	Streptomyces californicus	Streptomyces californicus NPDC012352
NPDC012403	Bacteria	Actinomycetota	Actinomycetia	Streptomycetales	Streptomycetaceae	Streptomyces	Streptomyces sp019049255	Streptomyces sp. NPDC012403
NPDC012406	Bacteria	Actinomycetota	Actinomycetia	Streptomycetales	Streptomycetaceae	Streptomyces	Streptomyces althioticus	Streptomyces althioticus NPDC012406
NPDC012424	Bacteria	Actinomycetota	Actinomycetia	Streptomycetales	Streptomycetaceae	Streptomyces	Streptomyces bacillaris	Streptomyces bacillaris NPDC012424
NPDC012425	Bacteria	Actinomycetota	Actinomycetia	Streptomycetales	Streptomycetaceae	Streptomyces	Streptomyces filamentosus	Streptomyces filamentosus NPDC012425
NPDC012433	Bacteria	Actinomycetota	Actinomycetia	Streptomycetales	Streptomycetaceae	Streptomyces	Streptomyces pseudogriseolus	Streptomyces pseudogriseolus NPDC012433
NPDC012440	Bacteria	Actinomycetota	Actinomycetia	Streptomycetales	Streptomycetaceae	Streptomyces	Streptomyces bacillaris	Streptomyces bacillaris NPDC012440
NPDC012450	Bacteria	Actinomycetota	Actinomycetia	Streptomycetales	Streptomycetaceae	Streptomyces	Streptomyces sp001280125	Streptomyces sp. NPDC012450
NPDC012451	Bacteria	Actinomycetota	Actinomycetia	Streptomycetales	Streptomycetaceae	Streptomyces	Streptomyces hydrogenans	Streptomyces hydrogenans NPDC012451
NPDC012461	Bacteria	Actinomycetota	Actinomycetia	Streptomycetales	Streptomycetaceae	Streptomyces	Streptomyces sp010548465	Streptomyces sp. NPDC012461
NPDC012466	Bacteria	Actinomycetota	Actinomycetia	Streptomycetales	Streptomycetaceae	Streptomyces	Streptomyces sp.	Streptomyces sp. NPDC012466
NPDC012473	Bacteria	Actinomycetota	Actinomycetia	Streptomycetales	Streptomycetaceae	Streptomyces	Streptomyces papulosus	Streptomyces sp. NPDC012473
NPDC012485	Bacteria	Actinomycetota	Actinomycetia	Streptomycetales	Streptomycetaceae	Streptomyces	Streptomyces papulosus	Streptomyces sp. NPDC012485
NPDC012486	Bacteria	Actinomycetota	Actinomycetia	Streptomycetales	Streptomycetaceae	Streptomyces	Streptomyces papulosus	Streptomyces sp. NPDC012486
NPDC012493	Bacteria	Actinomycetota	Actinomycetia	Streptomycetales	Streptomycetaceae	Streptomyces	Streptomyces pseudogriseolus	Streptomyces pseudogriseolus NPDC012493
NPDC012508	Bacteria	Actinomycetota	Actinomycetia	Streptomycetales	Streptomycetaceae	Streptomyces	Streptomyces sp.	Streptomyces sp. NPDC012508
NPDC012570	Bacteria	Actinomycetota	Actinomycetia	Streptomycetales	Streptomycetaceae	Streptomyces	Streptomyces cellulosae	Streptomyces cellulosae NPDC012570
NPDC012600	Bacteria	Actinomycetota	Actinomycetia	Streptomycetales	Streptomycetaceae	Streptomyces	Streptomyces albolongus	Streptomyces albolongus NPDC012600
NPDC012602	Bacteria	Actinomycetota	Actinomycetia	Streptomycetales	Streptomycetaceae	Streptomyces	Streptomyces roseolus	Streptomyces roseolus NPDC012602
NPDC012617	Bacteria	Actinomycetota	Actinomycetia	Streptomycetales	Streptomycetaceae	Streptomyces	Streptomyces papulosus	Streptomyces sp. NPDC012617
NPDC012660	Bacteria	Actinomycetota	Actinomycetia	Streptomycetales	Streptomycetaceae	Streptomyces	Streptomyces californicus	Streptomyces californicus NPDC012660
NPDC012681	Bacteria	Actinomycetota	Actinomycetia	Streptomycetales	Streptomycetaceae	Streptomyces	Streptomyces albulus_C	Streptomyces noursei NPDC012681
NPDC012687	Bacteria	Actinomycetota	Actinomycetia	Streptomycetales	Streptomycetaceae	Streptomyces	Streptomyces althioticus	Streptomyces althioticus NPDC012687
NPDC012710	Bacteria	Actinomycetota	Actinomycetia	Streptomycetales	Streptomycetaceae	Streptomyces	Streptomyces papulosus	Kitasatospora papulosa NPDC012710
NPDC012733	Bacteria	Actinomycetota	Actinomycetia	Streptomycetales	Streptomycetaceae	Streptomyces	Streptomyces pseudogriseolus	Streptomyces pseudogriseolus NPDC012733
NPDC012763	Bacteria	Actinomycetota	Actinomycetia	Streptomycetales	Streptomycetaceae	Streptomyces	Streptomyces pseudogriseolus	Streptomyces pseudogriseolus NPDC012763
NPDC012765	Bacteria	Actinomycetota	Actinomycetia	Streptomycetales	Streptomycetaceae	Streptomyces	Streptomyces sp002080455	Streptomyces sp. NPDC012765
NPDC012841	Bacteria	Actinomycetota	Actinomycetia	Streptomycetales	Streptomycetaceae	Streptomyces	Streptomyces pseudogriseolus	Streptomyces pseudogriseolus NPDC012841
NPDC012842	Bacteria	Actinomycetota	Actinomycetia	Streptomycetales	Streptomycetaceae	Streptomyces	Streptomyces papulosus	Streptomyces sp. NPDC012842
NPDC012847	Bacteria	Actinomycetota	Actinomycetia	Streptomycetales	Streptomycetaceae	Streptomyces	Streptomyces althioticus	Streptomyces althioticus NPDC012847
NPDC012998	Bacteria	Actinomycetota	Actinomycetia	Streptomycetales	Streptomycetaceae	Streptomyces	Streptomyces misionensis	Streptomyces misionensis NPDC012998
NPDC013074	Bacteria	Actinomycetota	Actinomycetia	Streptomycetales	Streptomycetaceae	Streptomyces	Streptomyces althioticus	Streptomyces althioticus NPDC013074
NPDC013172	Bacteria	Actinomycetota	Actinomycetia	Streptomycetales	Streptomycetaceae	Streptomyces	Streptomyces sp.	Streptomyces sp. NPDC013172
NPDC013178	Bacteria	Actinomycetota	Actinomycetia	Streptomycetales	Streptomycetaceae	Streptomyces	Streptomyces sp.	Streptomyces sp. NPDC013178
NPDC013332	Bacteria	Actinomycetota	Actinomycetia	Streptomycetales	Streptomycetaceae	Streptomyces	Streptomyces erythrochromogenes_A	Streptomyces erythrochromogenes NPDC013332
NPDC019208	Bacteria	Actinomycetota	Actinomycetia	Streptomycetales	Streptomycetaceae	Streptomyces	Streptomyces sp.	Streptomyces sp. NPDC019208
NPDC019224	Bacteria	Actinomycetota	Actinomycetia	Streptomycetales	Streptomycetaceae	Streptomyces	Streptomyces sp.	Streptomyces sp. NPDC019224
NPDC019239	Bacteria	Actinomycetota	Actinomycetia	Streptomycetales	Streptomycetaceae	Streptomyces	Streptomyces glauciniger	Streptomyces glauciniger NPDC019239
NPDC019252	Bacteria	Actinomycetota	Actinomycetia	Streptomycetales	Streptomycetaceae	Streptomyces	Streptomyces hygroscopicus	Streptomyces hygroscopicus NPDC019252
NPDC019396	Bacteria	Actinomycetota	Actinomycetia	Streptomycetales	Streptomycetaceae	Streptomyces	Streptomyces sp.	Streptomyces sp. NPDC019396
NPDC019443	Bacteria	Actinomycetota	Actinomycetia	Streptomycetales	Streptomycetaceae	Streptomyces	Streptomyces sp.	Streptomyces sp. NPDC019443
NPDC019485	Bacteria	Actinomycetota	Actinomycetia	Streptomycetales	Streptomycetaceae	Streptomyces	Streptomyces tubercidicus	Streptomyces tubercidicus NPDC019485
NPDC019490	Bacteria	Actinomycetota	Actinomycetia	Streptomycetales	Streptomycetaceae	Streptomyces	Streptomyces tubercidicus	Streptomyces tubercidicus NPDC019490
NPDC019500	Bacteria	Actinomycetota	Actinomycetia	Streptomycetales	Streptomycetaceae	Streptomyces	Streptomyces tubercidicus	Streptomyces tubercidicus NPDC019500
NPDC019501	Bacteria	Actinomycetota	Actinomycetia	Streptomycetales	Streptomycetaceae	Streptomyces	Streptomyces anulatus	Streptomyces anulatus NPDC019501
NPDC019507	Bacteria	Actinomycetota	Actinomycetia	Streptomycetales	Streptomycetaceae	Streptomyces	Streptomyces sp.	Streptomyces sp. NPDC019507
NPDC019531	Bacteria	Actinomycetota	Actinomycetia	Streptomycetales	Streptomycetaceae	Streptomyces	Streptomyces sp.	Streptomyces sp. NPDC019531
NPDC019539	Bacteria	Actinomycetota	Actinomycetia	Streptomycetales	Streptomycetaceae	Streptomyces	Streptomyces sp.	Streptomyces sp. NPDC019539
NPDC019543	Bacteria	Actinomycetota	Actinomycetia	Streptomycetales	Streptomycetaceae	Streptomyces	Streptomyces sioyaensis	Streptomyces sioyaensis NPDC019543
NPDC019544	Bacteria	Actinomycetota	Actinomycetia	Streptomycetales	Streptomycetaceae	Streptomyces	Streptomyces niveus	Streptomyces niveus NPDC019544
NPDC019545	Bacteria	Actinomycetota	Actinomycetia	Streptomycetales	Streptomycetaceae	Streptomyces	Streptomyces albidoflavus	Streptomyces albidoflavus NPDC019545
NPDC019569	Bacteria	Actinomycetota	Actinomycetia	Streptomycetales	Streptomycetaceae	Streptomyces	Streptomyces globisporus	Streptomyces globisporus NPDC019569
NPDC019583	Bacteria	Actinomycetota	Actinomycetia	Streptomycetales	Streptomycetaceae	Streptomyces	Streptomyces olindensis	Streptomyces olindensis NPDC019583
NPDC019645	Bacteria	Actinomycetota	Actinomycetia	Streptomycetales	Streptomycetaceae	Streptomyces	Streptomyces sp.	Streptomyces sp. NPDC019645
NPDC019679	Bacteria	Actinomycetota	Actinomycetia	Streptomycetales	Streptomycetaceae	Streptomyces	Streptomyces bungoensis	Streptomyces bungoensis NPDC019679
NPDC019732	Bacteria	Actinomycetota	Actinomycetia	Streptomycetales	Streptomycetaceae	Streptomyces	Streptomyces albogriseolus	Streptomyces albogriseolus NPDC019732
NPDC019765	Bacteria	Actinomycetota	Actinomycetia	Streptomycetales	Streptomycetaceae	Streptomyces	Streptomyces fradiae	Streptomyces fradiae NPDC019765
NPDC019769	Bacteria	Actinomycetota	Actinomycetia	Streptomycetales	Streptomycetaceae	Streptomyces	Streptomyces hygroscopicus	Streptomyces hygroscopicus NPDC019769
NPDC019783	Bacteria	Actinomycetota	Actinomycetia	Streptomycetales	Streptomycetaceae	Streptomyces	Streptomyces rimosus	Streptomyces rimosus NPDC019783
NPDC019793	Bacteria	Actinomycetota	Actinomycetia	Streptomycetales	Streptomycetaceae	Streptomyces	Streptomyces sp002939385	Streptomyces sp. NPDC019793
NPDC019808	Bacteria	Actinomycetota	Actinomycetia	Streptomycetales	Streptomycetaceae	Streptomyces	Streptomyces phaeochromogenes	Streptomyces phaeochromogenes NPDC019808
NPDC019826	Bacteria	Actinomycetota	Actinomycetia	Streptomycetales	Streptomycetaceae	Streptomyces	Streptomyces papulosus	Streptomyces sp. NPDC019826
NPDC019850	Bacteria	Actinomycetota	Actinomycetia	Streptomycetales	Streptomycetaceae	Streptomyces	Streptomyces gardneri	Streptomyces gardneri NPDC019850
NPDC019882	Bacteria	Actinomycetota	Actinomycetia	Streptomycetales	Streptomycetaceae	Streptomyces	Streptomyces coeruleorubidus	Streptomyces coeruleorubidus NPDC019882
NPDC019885	Bacteria	Actinomycetota	Actinomycetia	Streptomycetales	Streptomycetaceae	Streptomyces	Streptomyces coeruleorubidus	Streptomyces coeruleorubidus NPDC019885
NPDC019889	Bacteria	Actinomycetota	Actinomycetia	Streptomycetales	Streptomycetaceae	Streptomyces	Streptomyces massasporeus	Streptomyces massasporeus NPDC019889
NPDC019890	Bacteria	Actinomycetota	Actinomycetia	Streptomycetales	Streptomycetaceae	Streptomyces	Streptomyces sp.	Streptomyces sp. NPDC019890
NPDC019916	Bacteria	Actinomycetota	Actinomycetia	Streptomycetales	Streptomycetaceae	Streptomyces	Streptomyces pristinaespiralis	Streptomyces pristinaespiralis NPDC019916
NPDC019917	Bacteria	Actinomycetota	Actinomycetia	Streptomycetales	Streptomycetaceae	Streptomyces	Streptomyces sparsogenes	Streptomyces sparsogenes NPDC019917
NPDC019920	Bacteria	Actinomycetota	Actinomycetia	Streptomycetales	Streptomycetaceae	Streptomyces	Streptomyces abikoensis	Streptomyces abikoensis NPDC019920
NPDC019922	Bacteria	Actinomycetota	Actinomycetia	Streptomycetales	Streptomycetaceae	Streptomyces	Streptomyces papulosus	Streptomyces sp. NPDC019922
NPDC019937	Bacteria	Actinomycetota	Actinomycetia	Streptomycetales	Streptomycetaceae	Streptomyces	Streptomyces sp001417735	Streptomyces sp. NPDC019937
NPDC019953	Bacteria	Actinomycetota	Actinomycetia	Streptomycetales	Streptomycetaceae	Streptomyces	Streptomyces rimosus	Streptomyces rimosus NPDC019953
NPDC019990	Bacteria	Actinomycetota	Actinomycetia	Streptomycetales	Streptomycetaceae	Streptomyces	Streptomyces sp.	Streptomyces sp. NPDC019990
NPDC020012	Bacteria	Actinomycetota	Actinomycetia	Streptomycetales	Streptomycetaceae	Streptomyces	Streptomyces roseifaciens	Streptomyces roseifaciens NPDC020012
NPDC020024	Bacteria	Actinomycetota	Actinomycetia	Streptomycetales	Streptomycetaceae	Streptomyces	Streptomyces roseifaciens	Streptomyces roseifaciens NPDC020024
NPDC020031	Bacteria	Actinomycetota	Actinomycetia	Streptomycetales	Streptomycetaceae	Streptomyces	Streptomyces californicus	Streptomyces californicus NPDC020031
NPDC020039	Bacteria	Actinomycetota	Actinomycetia	Streptomycetales	Streptomycetaceae	Streptomyces	Streptomyces abikoensis	Streptomyces abikoensis NPDC020039
NPDC020049	Bacteria	Actinomycetota	Actinomycetia	Streptomycetales	Streptomycetaceae	Streptomyces	Streptomyces roseifaciens	Streptomyces roseifaciens NPDC020049
NPDC020062	Bacteria	Actinomycetota	Actinomycetia	Streptomycetales	Streptomycetaceae	Streptomyces	Streptomyces collinus	Streptomyces collinus NPDC020062
NPDC020066	Bacteria	Actinomycetota	Actinomycetia	Streptomycetales	Streptomycetaceae	Streptomyces	Streptomyces griseofuscus	Streptomyces griseofuscus NPDC020066
NPDC020081	Bacteria	Actinomycetota	Actinomycetia	Streptomycetales	Streptomycetaceae	Streptomyces	Streptomyces anthocyanicus	Streptomyces anthocyanicus NPDC020081
NPDC020086	Bacteria	Actinomycetota	Actinomycetia	Streptomycetales	Streptomycetaceae	Streptomyces	Streptomyces anthocyanicus	Streptomyces anthocyanicus NPDC020086
NPDC020096	Bacteria	Actinomycetota	Actinomycetia	Streptomycetales	Streptomycetaceae	Streptomyces	Streptomyces sp.	Streptomyces sp. NPDC020096
NPDC020125	Bacteria	Actinomycetota	Actinomycetia	Streptomycetales	Streptomycetaceae	Streptomyces	Streptomyces sp018883605	Streptomyces sp. NPDC020125
NPDC020127	Bacteria	Actinomycetota	Actinomycetia	Streptomycetales	Streptomycetaceae	Streptomyces	Streptomyces sparsogenes	Streptomyces sparsogenes NPDC020127
NPDC020131	Bacteria	Actinomycetota	Actinomycetia	Streptomycetales	Streptomycetaceae	Streptomyces	Streptomyces pristinaespiralis	Streptomyces pristinaespiralis NPDC020131
NPDC020133	Bacteria	Actinomycetota	Actinomycetia	Streptomycetales	Streptomycetaceae	Streptomyces	Streptomyces globisporus	Streptomyces globisporus NPDC020133
NPDC020134	Bacteria	Actinomycetota	Actinomycetia	Streptomycetales	Streptomycetaceae	Streptomyces	Streptomyces pristinaespiralis	Streptomyces pristinaespiralis NPDC020134
NPDC020137	Bacteria	Actinomycetota	Actinomycetia	Streptomycetales	Streptomycetaceae	Streptomyces	Streptomyces scabiei	Streptomyces scabiei NPDC020137
NPDC020139	Bacteria	Actinomycetota	Actinomycetia	Streptomycetales	Streptomycetaceae	Streptomyces	Streptomyces pristinaespiralis	Streptomyces pristinaespiralis NPDC020139
NPDC020141	Bacteria	Actinomycetota	Actinomycetia	Streptomycetales	Streptomycetaceae	Streptomyces	Streptomyces sp.	Streptomyces sp. NPDC020141
NPDC020153	Bacteria	Actinomycetota	Actinomycetia	Streptomycetales	Streptomycetaceae	Streptomyces	Streptomyces lydicus	Streptomyces lydicus NPDC020153
NPDC020175	Bacteria	Actinomycetota	Actinomycetia	Streptomycetales	Streptomycetaceae	Streptomyces	Streptomyces pseudogriseolus	Streptomyces pseudogriseolus NPDC020175
NPDC020176	Bacteria	Actinomycetota	Actinomycetia	Streptomycetales	Streptomycetaceae	Streptomyces	Streptomyces griseoincarnatus	Streptomyces griseoincarnatus NPDC020176
NPDC020184	Bacteria	Actinomycetota	Actinomycetia	Streptomycetales	Streptomycetaceae	Streptomyces	Streptomyces griseoincarnatus	Streptomyces griseoincarnatus NPDC020184
NPDC020189	Bacteria	Actinomycetota	Actinomycetia	Streptomycetales	Streptomycetaceae	Streptomyces	Streptomyces bottropensis	Streptomyces bottropensis NPDC020189
NPDC020190	Bacteria	Actinomycetota	Actinomycetia	Streptomycetales	Streptomycetaceae	Streptomyces	Streptomyces griseoincarnatus	Streptomyces griseoincarnatus NPDC020190
NPDC020192	Bacteria	Actinomycetota	Actinomycetia	Streptomycetales	Streptomycetaceae	Streptomyces	Streptomyces sp.	Streptomyces sp. NPDC020192
NPDC020194	Bacteria	Actinomycetota	Actinomycetia	Streptomycetales	Streptomycetaceae	Streptomyces	Streptomyces lydicus	Streptomyces lydicus NPDC020194
NPDC020196	Bacteria	Actinomycetota	Actinomycetia	Streptomycetales	Streptomycetaceae	Streptomyces	Streptomyces papulosus	Streptomyces sp. NPDC020196
NPDC020199	Bacteria	Actinomycetota	Actinomycetia	Streptomycetales	Streptomycetaceae	Streptomyces	Streptomyces lydicus	Streptomyces lydicus NPDC020199
NPDC020200	Bacteria	Actinomycetota	Actinomycetia	Streptomycetales	Streptomycetaceae	Streptomyces	Streptomyces chrestomyceticus	Streptomyces chrestomyceticus NPDC020200
NPDC020203	Bacteria	Actinomycetota	Actinomycetia	Streptomycetales	Streptomycetaceae	Streptomyces	Streptomyces lydicus	Streptomyces lydicus NPDC020203
NPDC020215	Bacteria	Actinomycetota	Actinomycetia	Streptomycetales	Streptomycetaceae	Streptomyces	Streptomyces lydicus	Streptomyces lydicus NPDC020215
NPDC020216	Bacteria	Actinomycetota	Actinomycetia	Streptomycetales	Streptomycetaceae	Streptomyces	Streptomyces cinnamoneus_A	Streptomyces cinnamoneus_A NPDC020216
NPDC020217	Bacteria	Actinomycetota	Actinomycetia	Streptomycetales	Streptomycetaceae	Streptomyces	Streptomyces rubiginosohelvolus	Streptomyces rubiginosohelvolus NPDC020217
NPDC020225	Bacteria	Actinomycetota	Actinomycetia	Streptomycetales	Streptomycetaceae	Streptomyces	Streptomyces buecherae	Streptomyces buecherae NPDC020225
NPDC020228	Bacteria	Actinomycetota	Actinomycetia	Streptomycetales	Streptomycetaceae	Streptomyces	Streptomyces buecherae	Streptomyces buecherae NPDC020228
NPDC020231	Bacteria	Actinomycetota	Actinomycetia	Streptomycetales	Streptomycetaceae	Streptomyces	Streptomyces althioticus	Streptomyces althioticus NPDC020231
NPDC020239	Bacteria	Actinomycetota	Actinomycetia	Streptomycetales	Streptomycetaceae	Streptomyces	Streptomyces rishiriensis	Streptomyces rishiriensis NPDC020239
NPDC020240	Bacteria	Actinomycetota	Actinomycetia	Streptomycetales	Streptomycetaceae	Streptomyces	Streptomyces fungicidicus	Streptomyces fungicidicus NPDC020240
NPDC020249	Bacteria	Actinomycetota	Actinomycetia	Streptomycetales	Streptomycetaceae	Streptomyces	Streptomyces griseus	Streptomyces griseus NPDC020249
NPDC020257	Bacteria	Actinomycetota	Actinomycetia	Streptomycetales	Streptomycetaceae	Streptomyces	Streptomyces griseoaurantiacus	Streptomyces griseoaurantiacus NPDC020257
NPDC020261	Bacteria	Actinomycetota	Actinomycetia	Streptomycetales	Streptomycetaceae	Streptomyces	Streptomyces mirabilis	Streptomyces mirabilis NPDC020261
NPDC020266	Bacteria	Actinomycetota	Actinomycetia	Streptomycetales	Streptomycetaceae	Streptomyces	Streptomyces fungicidicus	Streptomyces fungicidicus NPDC020266
NPDC020267	Bacteria	Actinomycetota	Actinomycetia	Streptomycetales	Streptomycetaceae	Streptomyces	Streptomyces lydicus	Streptomyces lydicus NPDC020267
NPDC020268	Bacteria	Actinomycetota	Actinomycetia	Streptomycetales	Streptomycetaceae	Streptomyces	Streptomyces rishiriensis	Streptomyces rishiriensis NPDC020268
NPDC020269	Bacteria	Actinomycetota	Actinomycetia	Streptomycetales	Streptomycetaceae	Streptomyces	Streptomyces fungicidicus	Streptomyces fungicidicus NPDC020269
NPDC020273	Bacteria	Actinomycetota	Actinomycetia	Streptomycetales	Streptomycetaceae	Streptomyces	Streptomyces fungicidicus	Streptomyces fungicidicus NPDC020273
NPDC020281	Bacteria	Actinomycetota	Actinomycetia	Streptomycetales	Streptomycetaceae	Streptomyces	Streptomyces pseudogriseolus	Streptomyces pseudogriseolus NPDC020281
NPDC020286	Bacteria	Actinomycetota	Actinomycetia	Streptomycetales	Streptomycetaceae	Streptomyces	Streptomyces xinghaiensis	Streptomyces xinghaiensis NPDC020286
NPDC020292	Bacteria	Actinomycetota	Actinomycetia	Streptomycetales	Streptomycetaceae	Streptomyces	Streptomyces virginiae_A	Streptomyces virginiae_A NPDC020292
NPDC020295	Bacteria	Actinomycetota	Actinomycetia	Streptomycetales	Streptomycetaceae	Streptomyces	Streptomyces olivaceoviridis	Streptomyces olivaceoviridis NPDC020295
NPDC020298	Bacteria	Actinomycetota	Actinomycetia	Streptomycetales	Streptomycetaceae	Streptomyces	Streptomyces sp.	Streptomyces sp. NPDC020298
NPDC020299	Bacteria	Actinomycetota	Actinomycetia	Streptomycetales	Streptomycetaceae	Streptomyces	Streptomyces sp.	Streptomyces sp. NPDC020299
NPDC020302	Bacteria	Actinomycetota	Actinomycetia	Streptomycetales	Streptomycetaceae	Streptomyces	Streptomyces rubiginosohelvolus	Streptomyces rubiginosohelvolus NPDC020302
NPDC020305	Bacteria	Actinomycetota	Actinomycetia	Streptomycetales	Streptomycetaceae	Streptomyces	Streptomyces venezuelae_B	Streptomyces venezuelae_B NPDC020305
NPDC020308	Bacteria	Actinomycetota	Actinomycetia	Streptomycetales	Streptomycetaceae	Streptomyces	Streptomyces sp.	Streptomyces sp. NPDC020308
NPDC020309	Bacteria	Actinomycetota	Actinomycetia	Streptomycetales	Streptomycetaceae	Streptomyces	Streptomyces pseudogriseolus	Streptomyces pseudogriseolus NPDC020309
NPDC020310	Bacteria	Actinomycetota	Actinomycetia	Streptomycetales	Streptomycetaceae	Streptomyces	Streptomyces purpureus	Streptomyces purpureus NPDC020310
NPDC020312	Bacteria	Actinomycetota	Actinomycetia	Streptomycetales	Streptomycetaceae	Streptomyces	Streptomyces purpureus	Streptomyces purpureus NPDC020312
NPDC020318	Bacteria	Actinomycetota	Actinomycetia	Streptomycetales	Streptomycetaceae	Streptomyces	Streptomyces globisporus	Streptomyces globisporus NPDC020318
NPDC020320	Bacteria	Actinomycetota	Actinomycetia	Streptomycetales	Streptomycetaceae	Streptomyces	Streptomyces griseofuscus	Streptomyces griseofuscus NPDC020320
NPDC020321	Bacteria	Actinomycetota	Actinomycetia	Streptomycetales	Streptomycetaceae	Streptomyces	Streptomyces griseofuscus	Streptomyces griseofuscus NPDC020321
NPDC020323	Bacteria	Actinomycetota	Actinomycetia	Streptomycetales	Streptomycetaceae	Streptomyces	Streptomyces triculaminicus_A	Streptomyces triculaminicus_A NPDC020323
NPDC020327	Bacteria	Actinomycetota	Actinomycetia	Streptomycetales	Streptomycetaceae	Streptomyces	Streptomyces pathocidini	Streptomyces pathocidini NPDC020327
NPDC020328	Bacteria	Actinomycetota	Actinomycetia	Streptomycetales	Streptomycetaceae	Streptomyces	Streptomyces sp002551245	Streptomyces sp. NPDC020328
NPDC020330	Bacteria	Actinomycetota	Actinomycetia	Streptomycetales	Streptomycetaceae	Streptomyces	Streptomyces sp002551245	Streptomyces sp. NPDC020330
NPDC020333	Bacteria	Actinomycetota	Actinomycetia	Streptomycetales	Streptomycetaceae	Streptomyces	Streptomyces althioticus	Streptomyces althioticus NPDC020333
NPDC020335	Bacteria	Actinomycetota	Actinomycetia	Streptomycetales	Streptomycetaceae	Streptomyces	Streptomyces olivaceoviridis	Streptomyces olivaceoviridis NPDC020335
NPDC020346	Bacteria	Actinomycetota	Actinomycetia	Streptomycetales	Streptomycetaceae	Streptomyces	Streptomyces globisporus	Streptomyces globisporus NPDC020346
NPDC020348	Bacteria	Actinomycetota	Actinomycetia	Streptomycetales	Streptomycetaceae	Streptomyces	Streptomyces jumonjinensis_A	Streptomyces jumonjinensis_A NPDC020348
NPDC020349	Bacteria	Actinomycetota	Actinomycetia	Streptomycetales	Streptomycetaceae	Streptomyces	Streptomyces wedmorensis	Streptomyces wedmorensis NPDC020349
NPDC020351	Bacteria	Actinomycetota	Actinomycetia	Streptomycetales	Streptomycetaceae	Streptomyces	Streptomyces pseudogriseolus	Streptomyces pseudogriseolus NPDC020351
NPDC020353	Bacteria	Actinomycetota	Actinomycetia	Streptomycetales	Streptomycetaceae	Streptomyces	Streptomyces milbemycinicus	Streptomyces milbemycinicus NPDC020353
NPDC020355	Bacteria	Actinomycetota	Actinomycetia	Streptomycetales	Streptomycetaceae	Streptomyces	Streptomyces althioticus	Streptomyces althioticus NPDC020355
NPDC020357	Bacteria	Actinomycetota	Actinomycetia	Streptomycetales	Streptomycetaceae	Streptomyces	Streptomyces althioticus	Streptomyces althioticus NPDC020357
NPDC020362	Bacteria	Actinomycetota	Actinomycetia	Streptomycetales	Streptomycetaceae	Streptomyces	Streptomyces sp.	Streptomyces sp. NPDC020362
NPDC020365	Bacteria	Actinomycetota	Actinomycetia	Streptomycetales	Streptomycetaceae	Streptomyces	Streptomyces jumonjinensis_A	Streptomyces jumonjinensis_A NPDC020365
NPDC020368	Bacteria	Actinomycetota	Actinomycetia	Streptomycetales	Streptomycetaceae	Streptomyces	Streptomyces althioticus	Streptomyces althioticus NPDC020368
NPDC020372	Bacteria	Actinomycetota	Actinomycetia	Streptomycetales	Streptomycetaceae	Streptomyces	Streptomyces globisporus	Streptomyces globisporus NPDC020372
NPDC020377	Bacteria	Actinomycetota	Actinomycetia	Streptomycetales	Streptomycetaceae	Streptomyces	Streptomyces sp001298545	Streptomyces sp. NPDC020377
NPDC020379	Bacteria	Actinomycetota	Actinomycetia	Streptomycetales	Streptomycetaceae	Streptomyces	Streptomyces sp.	Streptomyces sp. NPDC020379
NPDC020396	Bacteria	Actinomycetota	Actinomycetia	Streptomycetales	Streptomycetaceae	Streptomyces	Streptomyces californicus	Streptomyces californicus NPDC020396
NPDC020397	Bacteria	Actinomycetota	Actinomycetia	Streptomycetales	Streptomycetaceae	Streptomyces	Streptomyces rubiginosohelvolus	Streptomyces rubiginosohelvolus NPDC020397
NPDC020399	Bacteria	Actinomycetota	Actinomycetia	Streptomycetales	Streptomycetaceae	Streptomyces	Streptomyces jumonjinensis_A	Streptomyces jumonjinensis_A NPDC020399
NPDC020402	Bacteria	Actinomycetota	Actinomycetia	Streptomycetales	Streptomycetaceae	Streptomyces	Streptomyces aurantiacus	Streptomyces aurantiacus NPDC020402
NPDC020403	Bacteria	Actinomycetota	Actinomycetia	Streptomycetales	Streptomycetaceae	Streptomyces	Streptomyces sp.	Streptomyces sp. NPDC020403
NPDC020404	Bacteria	Actinomycetota	Actinomycetia	Streptomycetales	Streptomycetaceae	Streptomyces	Streptomyces microflavus	Streptomyces microflavus NPDC020404
NPDC020406	Bacteria	Actinomycetota	Actinomycetia	Streptomycetales	Streptomycetaceae	Streptomyces	Streptomyces sp.	Streptomyces sp. NPDC020406
NPDC020412	Bacteria	Actinomycetota	Actinomycetia	Streptomycetales	Streptomycetaceae	Streptomyces	Streptomyces sp.	Streptomyces sp. NPDC020412
NPDC020416	Bacteria	Actinomycetota	Actinomycetia	Streptomycetales	Streptomycetaceae	Streptomyces	Streptomyces sparsogenes	Streptomyces sparsogenes NPDC020416
NPDC020422	Bacteria	Actinomycetota	Actinomycetia	Streptomycetales	Streptomycetaceae	Streptomyces	Streptomyces sp.	Streptomyces sp. NPDC020422
NPDC020435	Bacteria	Actinomycetota	Actinomycetia	Streptomycetales	Streptomycetaceae	Streptomyces	Streptomyces microflavus	Streptomyces microflavus NPDC020435
NPDC020441	Bacteria	Actinomycetota	Actinomycetia	Streptomycetales	Streptomycetaceae	Streptomyces	Streptomyces venezuelae_B	Streptomyces venezuelae_B NPDC020441
NPDC020443	Bacteria	Actinomycetota	Actinomycetia	Streptomycetales	Streptomycetaceae	Streptomyces	Streptomyces venezuelae_D	Streptomyces venezuelae NPDC020443
NPDC020444	Bacteria	Actinomycetota	Actinomycetia	Streptomycetales	Streptomycetaceae	Streptomyces	Streptomyces wuyuanensis	Streptomyces wuyuanensis NPDC020444
NPDC020447	Bacteria	Actinomycetota	Actinomycetia	Streptomycetales	Streptomycetaceae	Streptomyces	Streptomyces venezuelae_B	Streptomyces venezuelae_B NPDC020447
NPDC020455	Bacteria	Actinomycetota	Actinomycetia	Streptomycetales	Streptomycetaceae	Streptomyces	Streptomyces griseoaurantiacus	Streptomyces griseoaurantiacus NPDC020455
NPDC020456	Bacteria	Actinomycetota	Actinomycetia	Streptomycetales	Streptomycetaceae	Streptomyces	Streptomyces wuyuanensis	Streptomyces wuyuanensis NPDC020456
NPDC020460	Bacteria	Actinomycetota	Actinomycetia	Streptomycetales	Streptomycetaceae	Streptomyces	Streptomyces globisporus	Streptomyces globisporus NPDC020460
NPDC020461	Bacteria	Actinomycetota	Actinomycetia	Streptomycetales	Streptomycetaceae	Streptomyces	Streptomyces wuyuanensis	Streptomyces wuyuanensis NPDC020461
NPDC020479	Bacteria	Actinomycetota	Actinomycetia	Streptomycetales	Streptomycetaceae	Streptomyces	Streptomyces olivaceoviridis	Streptomyces olivaceoviridis NPDC020479
NPDC020480	Bacteria	Actinomycetota	Actinomycetia	Streptomycetales	Streptomycetaceae	Streptomyces	Streptomyces sp.	Streptomyces sp. NPDC020480
NPDC020489	Bacteria	Actinomycetota	Actinomycetia	Streptomycetales	Streptomycetaceae	Streptomyces	Streptomyces sp.	Streptomyces sp. NPDC020489
NPDC020490	Bacteria	Actinomycetota	Actinomycetia	Streptomycetales	Streptomycetaceae	Streptomyces	Streptomyces sp.	Streptomyces sp. NPDC020490
NPDC020497	Bacteria	Actinomycetota	Actinomycetia	Streptomycetales	Streptomycetaceae	Streptomyces	Streptomyces fungicidicus	Streptomyces fungicidicus NPDC020497
NPDC020499	Bacteria	Actinomycetota	Actinomycetia	Streptomycetales	Streptomycetaceae	Streptomyces	Streptomyces fungicidicus	Streptomyces fungicidicus NPDC020499
NPDC020504	Bacteria	Actinomycetota	Actinomycetia	Streptomycetales	Streptomycetaceae	Streptomyces	Streptomyces fungicidicus	Streptomyces fungicidicus NPDC020504
NPDC020509	Bacteria	Actinomycetota	Actinomycetia	Streptomycetales	Streptomycetaceae	Streptomyces	Streptomyces mirabilis	Streptomyces mirabilis NPDC020509
NPDC020515	Bacteria	Actinomycetota	Actinomycetia	Streptomycetales	Streptomycetaceae	Streptomyces	Streptomyces coeruleorubidus	Streptomyces coeruleorubidus NPDC020515
NPDC020518	Bacteria	Actinomycetota	Actinomycetia	Streptomycetales	Streptomycetaceae	Streptomyces	Streptomyces globisporus	Streptomyces globisporus NPDC020518
NPDC020520	Bacteria	Actinomycetota	Actinomycetia	Streptomycetales	Streptomycetaceae	Streptomyces	Streptomyces griseoaurantiacus	Streptomyces griseoaurantiacus NPDC020520
NPDC020535	Bacteria	Actinomycetota	Actinomycetia	Streptomycetales	Streptomycetaceae	Streptomyces	Streptomyces chrestomyceticus	Streptomyces chrestomyceticus NPDC020535
NPDC020539	Bacteria	Actinomycetota	Actinomycetia	Streptomycetales	Streptomycetaceae	Streptomyces	Streptomyces pseudogriseolus	Streptomyces pseudogriseolus NPDC020539
NPDC020543	Bacteria	Actinomycetota	Actinomycetia	Streptomycetales	Streptomycetaceae	Streptomyces	Streptomyces californicus	Streptomyces californicus NPDC020543
NPDC020550	Bacteria	Actinomycetota	Actinomycetia	Streptomycetales	Streptomycetaceae	Streptomyces	Streptomyces californicus	Streptomyces californicus NPDC020550
NPDC020553	Bacteria	Actinomycetota	Actinomycetia	Streptomycetales	Streptomycetaceae	Streptomyces	Streptomyces olivaceoviridis	Streptomyces olivaceoviridis NPDC020553
NPDC020563	Bacteria	Actinomycetota	Actinomycetia	Streptomycetales	Streptomycetaceae	Streptomyces	Streptomyces sioyaensis	Streptomyces sioyaensis NPDC020563
NPDC020564	Bacteria	Actinomycetota	Actinomycetia	Streptomycetales	Streptomycetaceae	Streptomyces	Streptomyces pseudogriseolus	Streptomyces pseudogriseolus NPDC020564
NPDC020571	Bacteria	Actinomycetota	Actinomycetia	Streptomycetales	Streptomycetaceae	Streptomyces	Streptomyces sp002939385	Streptomyces sp. NPDC020571
NPDC020572	Bacteria	Actinomycetota	Actinomycetia	Streptomycetales	Streptomycetaceae	Streptomyces	Streptomyces sioyaensis	Streptomyces sioyaensis NPDC020572
NPDC020580	Bacteria	Actinomycetota	Actinomycetia	Streptomycetales	Streptomycetaceae	Streptomyces	Streptomyces halstedii	Streptomyces halstedii NPDC020580
NPDC020581	Bacteria	Actinomycetota	Actinomycetia	Streptomycetales	Streptomycetaceae	Streptomyces	Streptomyces virginiae_A	Streptomyces virginiae_A NPDC020581
NPDC020594	Bacteria	Actinomycetota	Actinomycetia	Streptomycetales	Streptomycetaceae	Streptomyces	Streptomyces flaveolus_A	Streptomyces flaveolus NPDC020594
NPDC020597	Bacteria	Actinomycetota	Actinomycetia	Streptomycetales	Streptomycetaceae	Streptomyces	Streptomyces sp.	Streptomyces sp. NPDC020597
NPDC020598	Bacteria	Actinomycetota	Actinomycetia	Streptomycetales	Streptomycetaceae	Streptomyces	Streptomyces sp.	Streptomyces sp. NPDC020598
NPDC020600	Bacteria	Actinomycetota	Actinomycetia	Streptomycetales	Streptomycetaceae	Streptomyces	Streptomyces californicus	Streptomyces californicus NPDC020600
NPDC020602	Bacteria	Actinomycetota	Actinomycetia	Streptomycetales	Streptomycetaceae	Streptomyces	Streptomyces litmocidini	Streptomyces litmocidini NPDC020602
NPDC020603	Bacteria	Actinomycetota	Actinomycetia	Streptomycetales	Streptomycetaceae	Streptomyces	Streptomyces griseofuscus	Streptomyces griseofuscus NPDC020603
NPDC020607	Bacteria	Actinomycetota	Actinomycetia	Streptomycetales	Streptomycetaceae	Streptomyces	Streptomyces sp.	Streptomyces sp. NPDC020607
NPDC020611	Bacteria	Actinomycetota	Actinomycetia	Streptomycetales	Streptomycetaceae	Streptomyces	Streptomyces anandii	Streptomyces anandii NPDC020611
NPDC020622	Bacteria	Actinomycetota	Actinomycetia	Streptomycetales	Streptomycetaceae	Streptomyces	Streptomyces acidicola	Streptomyces acidicola NPDC020622
NPDC020623	Bacteria	Actinomycetota	Actinomycetia	Streptomycetales	Streptomycetaceae	Streptomyces	Streptomyces roseus	Streptomyces roseus NPDC020623
NPDC020625	Bacteria	Actinomycetota	Actinomycetia	Streptomycetales	Streptomycetaceae	Streptomyces	Streptomyces griseofuscus	Streptomyces griseofuscus NPDC020625
NPDC020630	Bacteria	Actinomycetota	Actinomycetia	Streptomycetales	Streptomycetaceae	Embleya	Embleya sp.	Embleya sp. NPDC020630
NPDC020637	Bacteria	Actinomycetota	Actinomycetia	Streptomycetales	Streptomycetaceae	Streptomyces	Streptomyces antibioticus	Streptomyces antibioticus NPDC020637
NPDC020640	Bacteria	Actinomycetota	Actinomycetia	Streptomycetales	Streptomycetaceae	Streptomyces	Streptomyces griseoincarnatus	Streptomyces griseoincarnatus NPDC020640
NPDC020641	Bacteria	Actinomycetota	Actinomycetia	Streptomycetales	Streptomycetaceae	Streptomyces	Streptomyces pseudogriseolus	Streptomyces pseudogriseolus NPDC020641
NPDC020648	Bacteria	Actinomycetota	Actinomycetia	Streptomycetales	Streptomycetaceae	Streptomyces	Streptomyces griseofuscus	Streptomyces griseofuscus NPDC020648
NPDC020649	Bacteria	Actinomycetota	Actinomycetia	Streptomycetales	Streptomycetaceae	Streptomyces	Streptomyces rimosus	Streptomyces rimosus NPDC020649
NPDC020651	Bacteria	Actinomycetota	Actinomycetia	Streptomycetales	Streptomycetaceae	Streptomyces	Streptomyces griseofuscus	Streptomyces griseofuscus NPDC020651
NPDC020656	Bacteria	Actinomycetota	Actinomycetia	Streptomycetales	Streptomycetaceae	Streptomyces	Streptomyces olivoreticuli	Streptomyces olivoreticuli NPDC020656
NPDC020658	Bacteria	Actinomycetota	Actinomycetia	Streptomycetales	Streptomycetaceae	Streptomyces	Streptomyces griseofuscus	Streptomyces griseofuscus NPDC020658
NPDC020660	Bacteria	Actinomycetota	Actinomycetia	Streptomycetales	Streptomycetaceae	Streptomyces	Streptomyces longwoodensis	Streptomyces longwoodensis NPDC020660
NPDC020665	Bacteria	Actinomycetota	Actinomycetia	Streptomycetales	Streptomycetaceae	Streptomyces	Streptomyces griseofuscus	Streptomyces griseofuscus NPDC020665
NPDC020667	Bacteria	Actinomycetota	Actinomycetia	Streptomycetales	Streptomycetaceae	Streptomyces	Streptomyces sp.	Streptomyces sp. NPDC020667
NPDC020670	Bacteria	Actinomycetota	Actinomycetia	Streptomycetales	Streptomycetaceae	Streptomyces	Streptomyces acidicola	Streptomyces acidicola NPDC020670
NPDC020681	Bacteria	Actinomycetota	Actinomycetia	Streptomycetales	Streptomycetaceae	Streptomyces	Streptomyces sp.	Streptomyces sp. NPDC020681
NPDC020683	Bacteria	Actinomycetota	Actinomycetia	Streptomycetales	Streptomycetaceae	Streptomyces	Streptomyces griseoaurantiacus	Streptomyces griseoaurantiacus NPDC020683
NPDC020685	Bacteria	Actinomycetota	Actinomycetia	Streptomycetales	Streptomycetaceae	Streptomyces	Streptomyces avidinii	Streptomyces avidinii NPDC020685
NPDC020696	Bacteria	Actinomycetota	Actinomycetia	Streptomycetales	Streptomycetaceae	Streptomyces	Streptomyces bobili	Streptomyces bobili NPDC020696
NPDC020698	Bacteria	Actinomycetota	Actinomycetia	Streptomycetales	Streptomycetaceae	Kitasatospora	Kitasatospora cineracea	Kitasatospora cineracea NPDC020698
NPDC020700	Bacteria	Actinomycetota	Actinomycetia	Streptomycetales	Streptomycetaceae	Streptomyces	Streptomyces lydicus	Streptomyces lydicus NPDC020700
NPDC020702	Bacteria	Actinomycetota	Actinomycetia	Streptomycetales	Streptomycetaceae	Streptomyces	Streptomyces griseoruber	Streptomyces griseoruber NPDC020702
NPDC020705	Bacteria	Actinomycetota	Actinomycetia	Streptomycetales	Streptomycetaceae	Streptomyces	Streptomyces fructofermentans	Streptomyces fructofermentans NPDC020705
NPDC020706	Bacteria	Actinomycetota	Actinomycetia	Streptomycetales	Streptomycetaceae	Streptomyces	Streptomyces lydicus	Streptomyces lydicus NPDC020706
NPDC020707	Bacteria	Actinomycetota	Actinomycetia	Streptomycetales	Streptomycetaceae	Streptomyces	Streptomyces sp.	Streptomyces sp. NPDC020707
NPDC020719	Bacteria	Actinomycetota	Actinomycetia	Streptomycetales	Streptomycetaceae	Streptomyces	Streptomyces sp.	Streptomyces sp. NPDC020719
NPDC020723	Bacteria	Actinomycetota	Actinomycetia	Streptomycetales	Streptomycetaceae	Streptomyces	Streptomyces clavifer	Streptomyces clavifer NPDC020723
NPDC020731	Bacteria	Actinomycetota	Actinomycetia	Streptomycetales	Streptomycetaceae	Streptomyces	Streptomyces sp.	Streptomyces sp. NPDC020731
NPDC020733	Bacteria	Actinomycetota	Actinomycetia	Streptomycetales	Streptomycetaceae	Streptomyces	Streptomyces noursei	Streptomyces noursei NPDC020733
NPDC020737	Bacteria	Actinomycetota	Actinomycetia	Streptomycetales	Streptomycetaceae	Streptomyces	Streptomyces anulatus	Streptomyces anulatus NPDC020737
NPDC020741	Bacteria	Actinomycetota	Actinomycetia	Streptomycetales	Streptomycetaceae	Streptomyces	Streptomyces platensis	Streptomyces platensis NPDC020741
NPDC020742	Bacteria	Actinomycetota	Actinomycetia	Streptomycetales	Streptomycetaceae	Streptomyces	Streptomyces sp.	Streptomyces sp. NPDC020742
NPDC020747	Bacteria	Actinomycetota	Actinomycetia	Streptomycetales	Streptomycetaceae	Streptomyces	Streptomyces sp.	Streptomyces sp. NPDC020747
NPDC020749	Bacteria	Actinomycetota	Actinomycetia	Streptomycetales	Streptomycetaceae	Streptomyces	Streptomyces anulatus	Streptomyces anulatus NPDC020749
NPDC020754	Bacteria	Actinomycetota	Actinomycetia	Streptomycetales	Streptomycetaceae	Streptomyces	Streptomyces mutomycini	Streptomyces mutomycini NPDC020754
NPDC020755	Bacteria	Actinomycetota	Actinomycetia	Streptomycetales	Streptomycetaceae	Streptomyces	Streptomyces sp.	Streptomyces sp. NPDC020755
NPDC020758	Bacteria	Actinomycetota	Actinomycetia	Streptomycetales	Streptomycetaceae	Streptomyces	Streptomyces griseus	Streptomyces griseus NPDC020758
NPDC020760	Bacteria	Actinomycetota	Actinomycetia	Streptomycetales	Streptomycetaceae	Streptomyces	Streptomyces platensis	Streptomyces platensis NPDC020760
NPDC020761	Bacteria	Actinomycetota	Actinomycetia	Streptomycetales	Streptomycetaceae	Streptomyces	Streptomyces pseudogriseolus	Streptomyces pseudogriseolus NPDC020761
NPDC020764	Bacteria	Actinomycetota	Actinomycetia	Streptomycetales	Streptomycetaceae	Streptomyces	Streptomyces virginiae	Streptomyces virginiae NPDC020764
NPDC020766	Bacteria	Actinomycetota	Actinomycetia	Streptomycetales	Streptomycetaceae	Streptomyces	Streptomyces sp.	Streptomyces sp. NPDC020766
NPDC020773	Bacteria	Actinomycetota	Actinomycetia	Streptomycetales	Streptomycetaceae	Streptomyces	Streptomyces albidoflavus	Streptomyces albidoflavus NPDC020773
NPDC020777	Bacteria	Actinomycetota	Actinomycetia	Streptomycetales	Streptomycetaceae	Streptomyces	Streptomyces sp.	Streptomyces sp. NPDC020777
NPDC020778	Bacteria	Actinomycetota	Actinomycetia	Streptomycetales	Streptomycetaceae	Streptomyces	Streptomyces netropsis	Streptomyces netropsis NPDC020778
NPDC020780	Bacteria	Actinomycetota	Actinomycetia	Streptomycetales	Streptomycetaceae	Streptomyces	Streptomyces sp.	Streptomyces sp. NPDC020780
NPDC020788	Bacteria	Actinomycetota	Actinomycetia	Streptomycetales	Streptomycetaceae	Streptomyces	Streptomyces melanogenes	Streptomyces melanogenes NPDC020788
NPDC020796	Bacteria	Actinomycetota	Actinomycetia	Streptomycetales	Streptomycetaceae	Streptomyces	Streptomyces kronopolitis	Streptomyces kronopolitis NPDC020796
NPDC020799	Bacteria	Actinomycetota	Actinomycetia	Streptomycetales	Streptomycetaceae	Streptomyces	Streptomyces sp.	Streptomyces sp. NPDC020799
NPDC020800	Bacteria	Actinomycetota	Actinomycetia	Streptomycetales	Streptomycetaceae	Streptomyces	Streptomyces sp.	Streptomyces sp. NPDC020800
NPDC020801	Bacteria	Actinomycetota	Actinomycetia	Streptomycetales	Streptomycetaceae	Streptomyces	Streptomyces sp.	Streptomyces sp. NPDC020801
NPDC020802	Bacteria	Actinomycetota	Actinomycetia	Streptomycetales	Streptomycetaceae	Streptomyces	Streptomyces sp019090165	Streptomyces sp. NPDC020802
NPDC020804	Bacteria	Actinomycetota	Actinomycetia	Streptomycetales	Streptomycetaceae	Streptomyces	Streptomyces althioticus	Streptomyces althioticus NPDC020804
NPDC020805	Bacteria	Actinomycetota	Actinomycetia	Streptomycetales	Streptomycetaceae	Streptomyces	Streptomyces flavotricini	Streptomyces flavotricini NPDC020805
NPDC020807	Bacteria	Actinomycetota	Actinomycetia	Streptomycetales	Streptomycetaceae	Streptomyces	Streptomyces sp.	Streptomyces sp. NPDC020807
NPDC020810	Bacteria	Actinomycetota	Actinomycetia	Streptomycetales	Streptomycetaceae	Streptomyces	Streptomyces flavotricini	Streptomyces flavotricini NPDC020810
NPDC020812	Bacteria	Actinomycetota	Actinomycetia	Streptomycetales	Streptomycetaceae	Streptomyces	Streptomyces althioticus	Streptomyces althioticus NPDC020812
NPDC020813	Bacteria	Actinomycetota	Actinomycetia	Streptomycetales	Streptomycetaceae	Streptomyces	Streptomyces althioticus	Streptomyces althioticus NPDC020813
NPDC020814	Bacteria	Actinomycetota	Actinomycetia	Streptomycetales	Streptomycetaceae	Streptomyces	Streptomyces lydicus	Streptomyces lydicus NPDC020814
NPDC020821	Bacteria	Actinomycetota	Actinomycetia	Streptomycetales	Streptomycetaceae	Streptomyces	Streptomyces althioticus	Streptomyces althioticus NPDC020821
NPDC020826	Bacteria	Actinomycetota	Actinomycetia	Streptomycetales	Streptomycetaceae	Streptomyces	Streptomyces lydicus	Streptomyces lydicus NPDC020826
NPDC020827	Bacteria	Actinomycetota	Actinomycetia	Streptomycetales	Streptomycetaceae	Streptomyces	Streptomyces noursei	Streptomyces noursei NPDC020827
NPDC020836	Bacteria	Actinomycetota	Actinomycetia	Streptomycetales	Streptomycetaceae	Streptomyces	Streptomyces melanogenes	Streptomyces melanogenes NPDC020836
NPDC020840	Bacteria	Actinomycetota	Actinomycetia	Streptomycetales	Streptomycetaceae	Streptomyces	Streptomyces olivoreticuli	Streptomyces olivoreticuli NPDC020840
NPDC020844	Bacteria	Actinomycetota	Actinomycetia	Streptomycetales	Streptomycetaceae	Streptomyces	Streptomyces longwoodensis	Streptomyces longwoodensis NPDC020844
NPDC020845	Bacteria	Actinomycetota	Actinomycetia	Streptomycetales	Streptomycetaceae	Streptomyces	Streptomyces sp002224125	Streptomyces sp. NPDC020845
NPDC020847	Bacteria	Actinomycetota	Actinomycetia	Streptomycetales	Streptomycetaceae	Streptomyces	Streptomyces platensis	Streptomyces platensis NPDC020847
NPDC020857	Bacteria	Actinomycetota	Actinomycetia	Streptomycetales	Streptomycetaceae	Streptomyces	Streptomyces californicus	Streptomyces californicus NPDC020857
NPDC020858	Bacteria	Actinomycetota	Actinomycetia	Streptomycetales	Streptomycetaceae	Streptomyces	Streptomyces sp.	Streptomyces sp. NPDC020858
NPDC020859	Bacteria	Actinomycetota	Actinomycetia	Streptomycetales	Streptomycetaceae	Streptomyces	Streptomyces olivaceus	Streptomyces olivaceus NPDC020859
NPDC020860	Bacteria	Actinomycetota	Actinomycetia	Streptomycetales	Streptomycetaceae	Streptomyces	Streptomyces olivaceus	Streptomyces olivaceus NPDC020860
NPDC020862	Bacteria	Actinomycetota	Actinomycetia	Streptomycetales	Streptomycetaceae	Streptomyces	Streptomyces hygroscopicus	Streptomyces hygroscopicus NPDC020862
NPDC020863	Bacteria	Actinomycetota	Actinomycetia	Streptomycetales	Streptomycetaceae	Streptomyces	Streptomyces milbemycinicus	Streptomyces milbemycinicus NPDC020863
NPDC020865	Bacteria	Actinomycetota	Actinomycetia	Streptomycetales	Streptomycetaceae	Streptomyces	Streptomyces olivaceus	Streptomyces olivaceus NPDC020865
NPDC020867	Bacteria	Actinomycetota	Actinomycetia	Streptomycetales	Streptomycetaceae	Streptomyces	Streptomyces olivaceus	Streptomyces olivaceus NPDC020867
NPDC020873	Bacteria	Actinomycetota	Actinomycetia	Streptomycetales	Streptomycetaceae	Streptomyces	Streptomyces klenkii	Streptomyces klenkii NPDC020873
NPDC020874	Bacteria	Actinomycetota	Actinomycetia	Streptomycetales	Streptomycetaceae	Streptomyces	Streptomyces sioyaensis	Streptomyces sioyaensis NPDC020874
NPDC020875	Bacteria	Actinomycetota	Actinomycetia	Streptomycetales	Streptomycetaceae	Streptomyces	Streptomyces sp.	Streptomyces sp. NPDC020875
NPDC020880	Bacteria	Actinomycetota	Actinomycetia	Streptomycetales	Streptomycetaceae	Streptomyces	Streptomyces sp.	Streptomyces sp. NPDC020880
NPDC020884	Bacteria	Actinomycetota	Actinomycetia	Streptomycetales	Streptomycetaceae	Streptomyces	Streptomyces sp.	Streptomyces sp. NPDC020884
NPDC020886	Bacteria	Actinomycetota	Actinomycetia	Streptomycetales	Streptomycetaceae	Embleya	Embleya sp.	Embleya sp. NPDC020886
NPDC020893	Bacteria	Actinomycetota	Actinomycetia	Streptomycetales	Streptomycetaceae	Streptomyces	Streptomyces anulatus	Streptomyces anulatus NPDC020893
NPDC020898	Bacteria	Actinomycetota	Actinomycetia	Streptomycetales	Streptomycetaceae	Streptomyces	Streptomyces sp.	Streptomyces sp. NPDC020898
NPDC020904	Bacteria	Actinomycetota	Actinomycetia	Streptomycetales	Streptomycetaceae	Streptomyces	Streptomyces albidoflavus	Streptomyces albidoflavus NPDC020904
NPDC020909	Bacteria	Actinomycetota	Actinomycetia	Streptomycetales	Streptomycetaceae	Streptomyces	Streptomyces noursei	Streptomyces noursei NPDC020909
NPDC020914	Bacteria	Actinomycetota	Actinomycetia	Streptomycetales	Streptomycetaceae	Streptomyces	Streptomyces griseochromogenes	Streptomyces griseochromogenes NPDC020914
NPDC020917	Bacteria	Actinomycetota	Actinomycetia	Streptomycetales	Streptomycetaceae	Streptomyces	Streptomyces sp009783685	Streptomyces sp. NPDC020917
NPDC020927	Bacteria	Actinomycetota	Actinomycetia	Streptomycetales	Streptomycetaceae	Streptomyces	Streptomyces sioyaensis	Streptomyces sioyaensis NPDC020927
NPDC020928	Bacteria	Actinomycetota	Actinomycetia	Streptomycetales	Streptomycetaceae	Streptomyces	Streptomyces griseoruber	Streptomyces griseoruber NPDC020928
NPDC020932	Bacteria	Actinomycetota	Actinomycetia	Streptomycetales	Streptomycetaceae	Streptomyces	Streptomyces puniciscabiei	Streptomyces puniciscabiei NPDC020932
NPDC020937	Bacteria	Actinomycetota	Actinomycetia	Streptomycetales	Streptomycetaceae	Streptomyces	Streptomyces physcomitrii	Streptomyces physcomitrii NPDC020937
NPDC020938	Bacteria	Actinomycetota	Actinomycetia	Streptomycetales	Streptomycetaceae	Streptomyces	Streptomyces physcomitrii	Streptomyces physcomitrii NPDC020938
NPDC020939	Bacteria	Actinomycetota	Actinomycetia	Streptomycetales	Streptomycetaceae	Streptomyces	Streptomyces sp.	Streptomyces sp. NPDC020939
NPDC020947	Bacteria	Actinomycetota	Actinomycetia	Streptomycetales	Streptomycetaceae	Streptomyces	Streptomyces sp002939385	Streptomyces sp. NPDC020947
NPDC020951	Bacteria	Actinomycetota	Actinomycetia	Streptomycetales	Streptomycetaceae	Streptomyces	Streptomyces sp.	Streptomyces sp. NPDC020951
NPDC020957	Bacteria	Actinomycetota	Actinomycetia	Streptomycetales	Streptomycetaceae	Streptomyces	Streptomyces sioyaensis	Streptomyces sioyaensis NPDC020957
NPDC020965	Bacteria	Actinomycetota	Actinomycetia	Streptomycetales	Streptomycetaceae	Streptomyces	Streptomyces sp.	Streptomyces sp. NPDC020965
NPDC020977	Bacteria	Actinomycetota	Actinomycetia	Streptomycetales	Streptomycetaceae	Streptomyces	Streptomyces parvus	Streptomyces parvus NPDC020977
NPDC020978	Bacteria	Actinomycetota	Actinomycetia	Streptomycetales	Streptomycetaceae	Streptomyces	Streptomyces parvus	Streptomyces parvus NPDC020978
NPDC020979	Bacteria	Actinomycetota	Actinomycetia	Streptomycetales	Streptomycetaceae	Streptomyces	Streptomyces abikoensis	Streptomyces abikoensis NPDC020979
NPDC020983	Bacteria	Actinomycetota	Actinomycetia	Streptomycetales	Streptomycetaceae	Streptomyces	Streptomyces sp.	Streptomyces sp. NPDC020983
NPDC020988	Bacteria	Actinomycetota	Actinomycetia	Streptomycetales	Streptomycetaceae	Streptomyces	Streptomyces smyrnaeus	Streptomyces smyrnaeus NPDC020988
NPDC020989	Bacteria	Actinomycetota	Actinomycetia	Streptomycetales	Streptomycetaceae	Streptomyces	Streptomyces smyrnaeus	Streptomyces smyrnaeus NPDC020989
NPDC020992	Bacteria	Actinomycetota	Actinomycetia	Streptomycetales	Streptomycetaceae	Streptomyces	Streptomyces californicus	Streptomyces californicus NPDC020992
NPDC020995	Bacteria	Actinomycetota	Actinomycetia	Streptomycetales	Streptomycetaceae	Streptomyces	Streptomyces californicus	Streptomyces californicus NPDC020995
NPDC020996	Bacteria	Actinomycetota	Actinomycetia	Streptomycetales	Streptomycetaceae	Streptomyces	Streptomyces sp.	Streptomyces sp. NPDC020996
NPDC021011	Bacteria	Actinomycetota	Actinomycetia	Streptomycetales	Streptomycetaceae	Streptomyces	Streptomyces californicus	Streptomyces californicus NPDC021011
NPDC021012	Bacteria	Actinomycetota	Actinomycetia	Streptomycetales	Streptomycetaceae	Streptomyces	Streptomyces sp.	Streptomyces sp. NPDC021012
NPDC021013	Bacteria	Actinomycetota	Actinomycetia	Streptomycetales	Streptomycetaceae	Streptomyces	Streptomyces californicus	Streptomyces californicus NPDC021013
NPDC021014	Bacteria	Actinomycetota	Actinomycetia	Streptomycetales	Streptomycetaceae	Streptomyces	Streptomyces toyocaensis	Streptomyces toyocaensis NPDC021014
NPDC021015	Bacteria	Actinomycetota	Actinomycetia	Streptomycetales	Streptomycetaceae	Streptomyces	Streptomyces exfoliatus	Streptomyces exfoliatus NPDC021015
NPDC021018	Bacteria	Actinomycetota	Actinomycetia	Streptomycetales	Streptomycetaceae	Streptomyces	Streptomyces californicus	Streptomyces californicus NPDC021018
NPDC021020	Bacteria	Actinomycetota	Actinomycetia	Streptomycetales	Streptomycetaceae	Streptomyces	Streptomyces sp.	Streptomyces sp. NPDC021020
NPDC021046	Bacteria	Actinomycetota	Actinomycetia	Streptomycetales	Streptomycetaceae	Streptomyces	Streptomyces eurythermus	Streptomyces eurythermus NPDC021046
NPDC021049	Bacteria	Actinomycetota	Actinomycetia	Streptomycetales	Streptomycetaceae	Streptomyces	Streptomyces eurythermus	Streptomyces eurythermus NPDC021049
NPDC021055	Bacteria	Actinomycetota	Actinomycetia	Streptomycetales	Streptomycetaceae	Streptomyces	Streptomyces mobaraensis	Streptomyces mobaraensis NPDC021055
NPDC021056	Bacteria	Actinomycetota	Actinomycetia	Streptomycetales	Streptomycetaceae	Streptomyces	Streptomyces sp000972385	Streptomyces sp. NPDC021056
NPDC021057	Bacteria	Actinomycetota	Actinomycetia	Streptomycetales	Streptomycetaceae	Streptomyces	Streptomyces anulatus	Streptomyces anulatus NPDC021057
NPDC021076	Bacteria	Actinomycetota	Actinomycetia	Streptomycetales	Streptomycetaceae	Streptomyces	Streptomyces californicus	Streptomyces californicus NPDC021076
NPDC021086	Bacteria	Actinomycetota	Actinomycetia	Streptomycetales	Streptomycetaceae	Streptomyces	Streptomyces sp003369795	Streptomyces sp. NPDC021086
NPDC021087	Bacteria	Actinomycetota	Actinomycetia	Streptomycetales	Streptomycetaceae	Streptomyces	Streptomyces lydicus	Streptomyces lydicus NPDC021087
NPDC021093	Bacteria	Actinomycetota	Actinomycetia	Streptomycetales	Streptomycetaceae	Streptomyces	Streptomyces sp.	Streptomyces sp. NPDC021093
NPDC021096	Bacteria	Actinomycetota	Actinomycetia	Streptomycetales	Streptomycetaceae	Streptomyces	Streptomyces sp.	Streptomyces sp. NPDC021096
NPDC021098	Bacteria	Actinomycetota	Actinomycetia	Streptomycetales	Streptomycetaceae	Streptomyces	Streptomyces sp.	Streptomyces sp. NPDC021098
NPDC021100	Bacteria	Actinomycetota	Actinomycetia	Streptomycetales	Streptomycetaceae	Streptomyces	Streptomyces sp014253015	Streptomyces sp. NPDC021100
NPDC021107	Bacteria	Actinomycetota	Actinomycetia	Streptomycetales	Streptomycetaceae	Streptomyces	Streptomyces roseolus	Streptomyces roseolus NPDC021107
NPDC021108	Bacteria	Actinomycetota	Actinomycetia	Streptomycetales	Streptomycetaceae	Streptomyces	Streptomyces violaceus	Streptomyces violaceus NPDC021108
NPDC021110	Bacteria	Actinomycetota	Actinomycetia	Streptomycetales	Streptomycetaceae	Streptomyces	Streptomyces violaceus	Streptomyces violaceus NPDC021110
NPDC021112	Bacteria	Actinomycetota	Actinomycetia	Streptomycetales	Streptomycetaceae	Streptomyces	Streptomyces eurythermus	Streptomyces eurythermus NPDC021112
NPDC021115	Bacteria	Actinomycetota	Actinomycetia	Streptomycetales	Streptomycetaceae	Streptomyces	Streptomyces sp.	Streptomyces sp. NPDC021115
NPDC021125	Bacteria	Actinomycetota	Actinomycetia	Streptomycetales	Streptomycetaceae	Streptomyces	Streptomyces phaeochromogenes	Streptomyces umbrinus NPDC021125
NPDC021139	Bacteria	Actinomycetota	Actinomycetia	Streptomycetales	Streptomycetaceae	Streptomyces	Streptomyces sp002939385	Streptomyces sp. NPDC021139
NPDC021156	Bacteria	Actinomycetota	Actinomycetia	Streptomycetales	Streptomycetaceae	Streptomyces	Streptomyces inhibens	Streptomyces inhibens NPDC021156
NPDC021203	Bacteria	Actinomycetota	Actinomycetia	Streptomycetales	Streptomycetaceae	Streptomyces	Streptomyces sp.	Streptomyces sp. NPDC021203
NPDC021224	Bacteria	Actinomycetota	Actinomycetia	Streptomycetales	Streptomycetaceae	Streptomyces	Streptomyces sp.	Streptomyces sp. NPDC021224
NPDC021235	Bacteria	Actinomycetota	Actinomycetia	Streptomycetales	Streptomycetaceae	Streptomyces	Streptomyces longwoodensis	Streptomyces longwoodensis NPDC021235
NPDC021246	Bacteria	Actinomycetota	Actinomycetia	Streptomycetales	Streptomycetaceae	Streptomyces	Streptomyces asoensis	Streptomyces asoensis NPDC021246
NPDC021262	Bacteria	Actinomycetota	Actinomycetia	Streptomycetales	Streptomycetaceae	Streptomyces	Streptomyces kronopolitis	Streptomyces kronopolitis NPDC021262
NPDC021284	Bacteria	Actinomycetota	Actinomycetia	Streptomycetales	Streptomycetaceae	Streptomyces	Streptomyces sp.	Streptomyces sp. NPDC021284
NPDC021285	Bacteria	Actinomycetota	Actinomycetia	Streptomycetales	Streptomycetaceae	Streptomyces	Streptomyces sp.	Streptomyces sp. NPDC021285
NPDC021286	Bacteria	Actinomycetota	Actinomycetia	Streptomycetales	Streptomycetaceae	Streptomyces	Streptomyces asoensis	Streptomyces asoensis NPDC021286
NPDC021293	Bacteria	Actinomycetota	Actinomycetia	Streptomycetales	Streptomycetaceae	Streptomyces	Streptomyces asoensis	Streptomyces asoensis NPDC021293
NPDC021294	Bacteria	Actinomycetota	Actinomycetia	Streptomycetales	Streptomycetaceae	Embleya	Embleya sp.	Embleya sp. NPDC021294
NPDC021295	Bacteria	Actinomycetota	Actinomycetia	Streptomycetales	Streptomycetaceae	Streptomyces	Streptomyces asoensis	Streptomyces asoensis NPDC021295
NPDC021296	Bacteria	Actinomycetota	Actinomycetia	Streptomycetales	Streptomycetaceae	Streptomyces	Streptomyces sp.	Streptomyces sp. NPDC021296
NPDC021300	Bacteria	Actinomycetota	Actinomycetia	Streptomycetales	Streptomycetaceae	Streptomyces	Streptomyces asoensis	Streptomyces asoensis NPDC021300
NPDC021316	Bacteria	Actinomycetota	Actinomycetia	Streptomycetales	Streptomycetaceae	Streptomyces	Streptomyces asoensis	Streptomyces asoensis NPDC021316
NPDC021326	Bacteria	Actinomycetota	Actinomycetia	Streptomycetales	Streptomycetaceae	Streptomyces	Streptomyces sp.	Streptomyces sp. NPDC021326
NPDC021332	Bacteria	Actinomycetota	Actinomycetia	Streptomycetales	Streptomycetaceae	Streptomyces	Streptomyces sp.	Streptomyces sp. NPDC021332
NPDC021337	Bacteria	Actinomycetota	Actinomycetia	Streptomycetales	Streptomycetaceae	Streptomyces	Streptomyces longwoodensis	Streptomyces longwoodensis NPDC021337
NPDC021339	Bacteria	Actinomycetota	Actinomycetia	Streptomycetales	Streptomycetaceae	Streptomyces	Streptomyces longwoodensis	Streptomyces longwoodensis NPDC021339
NPDC021348	Bacteria	Actinomycetota	Actinomycetia	Streptomycetales	Streptomycetaceae	Streptomyces	Streptomyces sp007827595	Streptomyces sp. NPDC021348
NPDC021350	Bacteria	Actinomycetota	Actinomycetia	Streptomycetales	Streptomycetaceae	Streptomyces	Streptomyces longwoodensis	Streptomyces longwoodensis NPDC021350
NPDC021354	Bacteria	Actinomycetota	Actinomycetia	Streptomycetales	Streptomycetaceae	Streptomyces	Streptomyces sp.	Streptomyces sp. NPDC021354
NPDC021355	Bacteria	Actinomycetota	Actinomycetia	Streptomycetales	Streptomycetaceae	Streptomyces	Streptomyces longwoodensis	Streptomyces longwoodensis NPDC021355
NPDC021356	Bacteria	Actinomycetota	Actinomycetia	Streptomycetales	Streptomycetaceae	Streptomyces	Streptomyces sp.	Streptomyces sp. NPDC021356
NPDC021359	Bacteria	Actinomycetota	Actinomycetia	Streptomycetales	Streptomycetaceae	Streptomyces	Streptomyces longwoodensis	Streptomyces longwoodensis NPDC021359
NPDC021375	Bacteria	Actinomycetota	Actinomycetia	Streptomycetales	Streptomycetaceae	Embleya	Embleya sp.	Embleya sp. NPDC021375
NPDC021389	Bacteria	Actinomycetota	Actinomycetia	Streptomycetales	Streptomycetaceae	Streptomyces	Streptomyces mobaraensis	Streptomyces mobaraensis NPDC021389
NPDC021415	Bacteria	Actinomycetota	Actinomycetia	Streptomycetales	Streptomycetaceae	Streptomyces	Streptomyces papulosus	Streptomyces papulosus NPDC021415
NPDC021420	Bacteria	Actinomycetota	Actinomycetia	Streptomycetales	Streptomycetaceae	Streptomyces	Streptomyces sp.	Streptomyces sp. NPDC021420
NPDC021426	Bacteria	Actinomycetota	Actinomycetia	Streptomycetales	Streptomycetaceae	Streptomyces	Streptomyces scabiei	Streptomyces scabiei NPDC021426
NPDC021432	Bacteria	Actinomycetota	Actinomycetia	Streptomycetales	Streptomycetaceae	Streptomyces	Streptomyces formicae_A	Streptomyces formicae_A NPDC021432
NPDC021434	Bacteria	Actinomycetota	Actinomycetia	Streptomycetales	Streptomycetaceae	Streptomyces	Streptomyces sp.	Streptomyces sp. NPDC021434
NPDC021450	Bacteria	Actinomycetota	Actinomycetia	Streptomycetales	Streptomycetaceae	Streptomyces	Streptomyces sp.	Streptomyces sp. NPDC021450
NPDC021451	Bacteria	Actinomycetota	Actinomycetia	Streptomycetales	Streptomycetaceae	Streptomyces	Streptomyces sparsogenes	Streptomyces sparsogenes NPDC021451
NPDC021459	Bacteria	Actinomycetota	Actinomycetia	Streptomycetales	Streptomycetaceae	Streptomyces	Streptomyces parvus	Streptomyces parvus NPDC021459
NPDC021470	Bacteria	Actinomycetota	Actinomycetia	Streptomycetales	Streptomycetaceae	Streptomyces	Streptomyces sp003403055	Streptomyces sp. NPDC021470
NPDC021472	Bacteria	Actinomycetota	Actinomycetia	Streptomycetales	Streptomycetaceae	Streptomyces	Streptomyces goshikiensis	Streptomyces goshikiensis NPDC021472
NPDC021474	Bacteria	Actinomycetota	Actinomycetia	Streptomycetales	Streptomycetaceae	Streptomyces	Streptomyces sp.	Streptomyces sp. NPDC021474
NPDC021475	Bacteria	Actinomycetota	Actinomycetia	Streptomycetales	Streptomycetaceae	Streptomyces	Streptomyces bacillaris	Streptomyces bacillaris NPDC021475
NPDC021478	Bacteria	Actinomycetota	Actinomycetia	Streptomycetales	Streptomycetaceae	Streptomyces	Streptomyces syringium	Streptomyces syringium NPDC021478
NPDC021487	Bacteria	Actinomycetota	Actinomycetia	Streptomycetales	Streptomycetaceae	Streptomyces	Streptomyces sioyaensis	Streptomyces sioyaensis NPDC021487
NPDC021493	Bacteria	Actinomycetota	Actinomycetia	Streptomycetales	Streptomycetaceae	Streptomyces	Streptomyces parvus	Streptomyces parvus NPDC021493
NPDC021495	Bacteria	Actinomycetota	Actinomycetia	Streptomycetales	Streptomycetaceae	Streptomyces	Streptomyces parvus	Streptomyces parvus NPDC021495
NPDC021496	Bacteria	Actinomycetota	Actinomycetia	Streptomycetales	Streptomycetaceae	Streptomyces	Streptomyces parvus	Streptomyces parvus NPDC021496
NPDC021498	Bacteria	Actinomycetota	Actinomycetia	Streptomycetales	Streptomycetaceae	Streptomyces	Streptomyces albidoflavus	Streptomyces albidoflavus NPDC021498
NPDC021500	Bacteria	Actinomycetota	Actinomycetia	Streptomycetales	Streptomycetaceae	Streptomyces	Streptomyces parvus	Streptomyces parvus NPDC021500
NPDC021507	Bacteria	Actinomycetota	Actinomycetia	Streptomycetales	Streptomycetaceae	Streptomyces	Streptomyces albidoflavus	Streptomyces albidoflavus NPDC021507
NPDC021516	Bacteria	Actinomycetota	Actinomycetia	Streptomycetales	Streptomycetaceae	Streptomyces	Streptomyces sp.	Streptomyces sp. NPDC021516
NPDC021526	Bacteria	Actinomycetota	Actinomycetia	Streptomycetales	Streptomycetaceae	Streptomyces	Streptomyces violaceorubidus	Streptomyces violaceorubidus NPDC021526
NPDC021528	Bacteria	Actinomycetota	Actinomycetia	Streptomycetales	Streptomycetaceae	Streptomyces	Streptomyces samsunensis	Streptomyces samsunensis NPDC021528
NPDC021530	Bacteria	Actinomycetota	Actinomycetia	Streptomycetales	Streptomycetaceae	Streptomyces	Streptomyces rubiginosohelvolus	Streptomyces rubiginosohelvolus NPDC021530
NPDC021538	Bacteria	Actinomycetota	Actinomycetia	Streptomycetales	Streptomycetaceae	Streptomyces	Streptomyces griseorubiginosus	Streptomyces griseorubiginosus NPDC021538
NPDC021546	Bacteria	Actinomycetota	Actinomycetia	Streptomycetales	Streptomycetaceae	Kitasatospora	Kitasatospora sp.	Kitasatospora sp. NPDC021546
NPDC021547	Bacteria	Actinomycetota	Actinomycetia	Streptomycetales	Streptomycetaceae	Embleya	Embleya sp.	Embleya sp. NPDC021547
NPDC021558	Bacteria	Actinomycetota	Actinomycetia	Streptomycetales	Streptomycetaceae	Streptomyces	Streptomyces hygroscopicus	Streptomyces hygroscopicus NPDC021558
NPDC021559	Bacteria	Actinomycetota	Actinomycetia	Streptomycetales	Streptomycetaceae	Streptomyces	Streptomyces yangpuensis	Streptomyces yangpuensis NPDC021559
NPDC021562	Bacteria	Actinomycetota	Actinomycetia	Streptomycetales	Streptomycetaceae	Streptomyces	Streptomyces sp.	Streptomyces sp. NPDC021562
NPDC021563	Bacteria	Actinomycetota	Actinomycetia	Streptomycetales	Streptomycetaceae	Streptomyces	Streptomyces celluloflavus	Streptomyces celluloflavus NPDC021563
NPDC021591	Bacteria	Actinomycetota	Actinomycetia	Streptomycetales	Streptomycetaceae	Streptomyces	Streptomyces albidoflavus	Streptomyces albidoflavus NPDC021591
NPDC021593	Bacteria	Actinomycetota	Actinomycetia	Streptomycetales	Streptomycetaceae	Streptomyces	Streptomyces anulatus	Streptomyces anulatus NPDC021593
NPDC021594	Bacteria	Actinomycetota	Actinomycetia	Streptomycetales	Streptomycetaceae	Streptomyces	Streptomyces sparsogenes	Streptomyces sparsogenes NPDC021594
NPDC021599	Bacteria	Actinomycetota	Actinomycetia	Streptomycetales	Streptomycetaceae	Streptomyces	Streptomyces asiaticus	Streptomyces asiaticus NPDC021599
NPDC021602	Bacteria	Actinomycetota	Actinomycetia	Streptomycetales	Streptomycetaceae	Streptomyces	Streptomyces sp.	Streptomyces sp. NPDC021602
NPDC021606	Bacteria	Actinomycetota	Actinomycetia	Streptomycetales	Streptomycetaceae	Streptomyces	Streptomyces albidoflavus	Streptomyces albidoflavus NPDC021606
NPDC021608	Bacteria	Actinomycetota	Actinomycetia	Streptomycetales	Streptomycetaceae	Streptomyces	Streptomyces sp024539675	Streptomyces sp. NPDC021608
NPDC021622	Bacteria	Actinomycetota	Actinomycetia	Streptomycetales	Streptomycetaceae	Streptomyces	Streptomyces sp.	Streptomyces sp. NPDC021622
NPDC021632	Bacteria	Actinomycetota	Actinomycetia	Streptomycetales	Streptomycetaceae	Streptomyces	Streptomyces europaeiscabiei	Streptomyces europaeiscabiei NPDC021632
NPDC021643	Bacteria	Actinomycetota	Actinomycetia	Streptomycetales	Streptomycetaceae	Streptomyces	Streptomyces avermitilis	Streptomyces avermitilis NPDC021643
NPDC021647	Bacteria	Actinomycetota	Actinomycetia	Streptomycetales	Streptomycetaceae	Streptomyces	Streptomyces smyrnaeus	Streptomyces smyrnaeus NPDC021647
NPDC021648	Bacteria	Actinomycetota	Actinomycetia	Streptomycetales	Streptomycetaceae	Streptomyces	Streptomyces smyrnaeus	Streptomyces smyrnaeus NPDC021648
NPDC021653	Bacteria	Actinomycetota	Actinomycetia	Streptomycetales	Streptomycetaceae	Streptomyces	Streptomyces rapamycinicus	Streptomyces rapamycinicus NPDC021653
NPDC021655	Bacteria	Actinomycetota	Actinomycetia	Streptomycetales	Streptomycetaceae	Streptomyces	Streptomyces sp.	Streptomyces sp. NPDC021655
NPDC021671	Bacteria	Actinomycetota	Actinomycetia	Streptomycetales	Streptomycetaceae	Streptomyces	Streptomyces eurythermus	Streptomyces eurythermus NPDC021671
NPDC021677	Bacteria	Actinomycetota	Actinomycetia	Streptomycetales	Streptomycetaceae	Streptomyces	Streptomyces rubiginosohelvolus	Streptomyces rubiginosohelvolus NPDC021677
NPDC021693	Bacteria	Actinomycetota	Actinomycetia	Streptomycetales	Streptomycetaceae	Streptomyces	Streptomyces decoyicus	Streptomyces decoyicus NPDC021693
NPDC021713	Bacteria	Actinomycetota	Actinomycetia	Streptomycetales	Streptomycetaceae	Streptomyces	Streptomyces decoyicus	Streptomyces decoyicus NPDC021713
NPDC021722	Bacteria	Actinomycetota	Actinomycetia	Streptomycetales	Streptomycetaceae	Streptomyces	Streptomyces sp.	Streptomyces sp. NPDC021722
NPDC021723	Bacteria	Actinomycetota	Actinomycetia	Streptomycetales	Streptomycetaceae	Streptomyces	Streptomyces sp.	Streptomyces sp. NPDC021723
NPDC021725	Bacteria	Actinomycetota	Actinomycetia	Streptomycetales	Streptomycetaceae	Streptomyces	Streptomyces asiaticus	Streptomyces asiaticus NPDC021725
NPDC021727	Bacteria	Actinomycetota	Actinomycetia	Streptomycetales	Streptomycetaceae	Streptomyces	Streptomyces sp.	Streptomyces sp. NPDC021727
NPDC021728	Bacteria	Actinomycetota	Actinomycetia	Streptomycetales	Streptomycetaceae	Streptomyces	Streptomyces milbemycinicus	Streptomyces milbemycinicus NPDC021728
NPDC021730	Bacteria	Actinomycetota	Actinomycetia	Streptomycetales	Streptomycetaceae	Streptomyces	Streptomyces caniferus	Streptomyces caniferus NPDC021730
NPDC021733	Bacteria	Actinomycetota	Actinomycetia	Streptomycetales	Streptomycetaceae	Streptomyces	Streptomyces asiaticus	Streptomyces asiaticus NPDC021733
NPDC021734	Bacteria	Actinomycetota	Actinomycetia	Streptomycetales	Streptomycetaceae	Streptomyces	Streptomyces asiaticus	Streptomyces asiaticus NPDC021734
NPDC021735	Bacteria	Actinomycetota	Actinomycetia	Streptomycetales	Streptomycetaceae	Streptomyces	Streptomyces angustmyceticus	Streptomyces angustmyceticus NPDC021735
NPDC021736	Bacteria	Actinomycetota	Actinomycetia	Streptomycetales	Streptomycetaceae	Streptomyces	Streptomyces asiaticus	Streptomyces asiaticus NPDC021736
NPDC021742	Bacteria	Actinomycetota	Actinomycetia	Streptomycetales	Streptomycetaceae	Streptomyces	Streptomyces sp.	Streptomyces sp. NPDC021742
NPDC021743	Bacteria	Actinomycetota	Actinomycetia	Streptomycetales	Streptomycetaceae	Streptomyces	Streptomyces angustmyceticus	Streptomyces angustmyceticus NPDC021743
NPDC021747	Bacteria	Actinomycetota	Actinomycetia	Streptomycetales	Streptomycetaceae	Streptomyces	Streptomyces griseoincarnatus	Streptomyces griseoincarnatus NPDC021747
NPDC021749	Bacteria	Actinomycetota	Actinomycetia	Streptomycetales	Streptomycetaceae	Streptomyces	Streptomyces sp.	Streptomyces sp. NPDC021749
NPDC021752	Bacteria	Actinomycetota	Actinomycetia	Streptomycetales	Streptomycetaceae	Streptomyces	Streptomyces asiaticus	Streptomyces asiaticus NPDC021752
NPDC021753	Bacteria	Actinomycetota	Actinomycetia	Streptomycetales	Streptomycetaceae	Streptomyces	Streptomyces sp.	Streptomyces sp. NPDC021753
NPDC021755	Bacteria	Actinomycetota	Actinomycetia	Streptomycetales	Streptomycetaceae	Streptomyces	Streptomyces griseoincarnatus	Streptomyces griseoincarnatus NPDC021755
NPDC021757	Bacteria	Actinomycetota	Actinomycetia	Streptomycetales	Streptomycetaceae	Streptomyces	Streptomyces decoyicus	Streptomyces decoyicus NPDC021757
NPDC021759	Bacteria	Actinomycetota	Actinomycetia	Streptomycetales	Streptomycetaceae	Streptomyces	Streptomyces asiaticus	Streptomyces asiaticus NPDC021759
NPDC021763	Bacteria	Actinomycetota	Actinomycetia	Streptomycetales	Streptomycetaceae	Streptomyces	Streptomyces griseoincarnatus	Streptomyces griseoincarnatus NPDC021763
NPDC021797	Bacteria	Actinomycetota	Actinomycetia	Streptomycetales	Streptomycetaceae	Streptomyces	Streptomyces parvus	Streptomyces parvus NPDC021797
NPDC021827	Bacteria	Actinomycetota	Actinomycetia	Streptomycetales	Streptomycetaceae	Streptomyces	Streptomyces sp018883605	Streptomyces sp. NPDC021827
NPDC021833	Bacteria	Actinomycetota	Actinomycetia	Streptomycetales	Streptomycetaceae	Streptomyces	Streptomyces albidoflavus	Streptomyces albidoflavus NPDC021833
NPDC021838	Bacteria	Actinomycetota	Actinomycetia	Streptomycetales	Streptomycetaceae	Streptomyces	Streptomyces avermitilis	Streptomyces avermitilis NPDC021838
NPDC021841	Bacteria	Actinomycetota	Actinomycetia	Streptomycetales	Streptomycetaceae	Streptomyces	Streptomyces albidoflavus	Streptomyces albidoflavus NPDC021841
NPDC021862	Bacteria	Actinomycetota	Actinomycetia	Streptomycetales	Streptomycetaceae	Kitasatospora	Kitasatospora aureofaciens	Kitasatospora aureofaciens NPDC021862
NPDC021887	Bacteria	Actinomycetota	Actinomycetia	Streptomycetales	Streptomycetaceae	Streptomyces	Streptomyces avermitilis	Streptomyces avermitilis NPDC021887
NPDC021892	Bacteria	Actinomycetota	Actinomycetia	Streptomycetales	Streptomycetaceae	Streptomyces	Streptomyces avermitilis	Streptomyces avermitilis NPDC021892
NPDC021893	Bacteria	Actinomycetota	Actinomycetia	Streptomycetales	Streptomycetaceae	Streptomyces	Streptomyces avermitilis	Streptomyces avermitilis NPDC021893
NPDC021901	Bacteria	Actinomycetota	Actinomycetia	Streptomycetales	Streptomycetaceae	Streptomyces	Streptomyces hygroscopicus	Streptomyces hygroscopicus NPDC021901
NPDC021916	Bacteria	Actinomycetota	Actinomycetia	Streptomycetales	Streptomycetaceae	Streptomyces	Streptomyces avermitilis	Streptomyces avermitilis NPDC021916
NPDC021919	Bacteria	Actinomycetota	Actinomycetia	Streptomycetales	Streptomycetaceae	Streptomyces	Streptomyces rishiriensis	Streptomyces rishiriensis NPDC021919
NPDC021924	Bacteria	Actinomycetota	Actinomycetia	Streptomycetales	Streptomycetaceae	Streptomyces	Streptomyces avermitilis	Streptomyces avermitilis NPDC021924
NPDC021937	Bacteria	Actinomycetota	Actinomycetia	Streptomycetales	Streptomycetaceae	Streptomyces	Streptomyces sp.	Streptomyces sp. NPDC021937
NPDC021939	Bacteria	Actinomycetota	Actinomycetia	Streptomycetales	Streptomycetaceae	Streptomyces	Streptomyces xiamenensis	Streptomyces xiamenensis NPDC021939
NPDC021943	Bacteria	Actinomycetota	Actinomycetia	Streptomycetales	Streptomycetaceae	Streptomyces	Streptomyces avermitilis	Streptomyces avermitilis NPDC021943
NPDC021959	Bacteria	Actinomycetota	Actinomycetia	Streptomycetales	Streptomycetaceae	Streptomyces	Streptomyces avermitilis	Streptomyces avermitilis NPDC021959
NPDC021960	Bacteria	Actinomycetota	Actinomycetia	Streptomycetales	Streptomycetaceae	Streptomyces	Streptomyces yokosukanensis	Streptomyces yokosukanensis NPDC021960
NPDC021969	Bacteria	Actinomycetota	Actinomycetia	Streptomycetales	Streptomycetaceae	Streptomyces	Streptomyces sp003369795	Streptomyces sp. NPDC021969
NPDC021977	Bacteria	Actinomycetota	Actinomycetia	Streptomycetales	Streptomycetaceae	Streptomyces	Streptomyces tsukubensis	Streptomyces tsukubensis NPDC021977
NPDC021978	Bacteria	Actinomycetota	Actinomycetia	Streptomycetales	Streptomycetaceae	Streptomyces	Streptomyces atroolivaceus	Streptomyces atroolivaceus NPDC021978
NPDC021981	Bacteria	Actinomycetota	Actinomycetia	Streptomycetales	Streptomycetaceae	Streptomyces	Streptomyces avermitilis	Streptomyces avermitilis NPDC021981
NPDC021993	Bacteria	Actinomycetota	Actinomycetia	Streptomycetales	Streptomycetaceae	Streptomyces	Streptomyces xinghaiensis	Streptomyces xinghaiensis NPDC021993
NPDC021996	Bacteria	Actinomycetota	Actinomycetia	Streptomycetales	Streptomycetaceae	Streptomyces	Streptomyces avermitilis	Streptomyces avermitilis NPDC021996
NPDC022006	Bacteria	Actinomycetota	Actinomycetia	Streptomycetales	Streptomycetaceae	Streptomyces	Streptomyces kronopolitis	Streptomyces kronopolitis NPDC022006
NPDC022009	Bacteria	Actinomycetota	Actinomycetia	Streptomycetales	Streptomycetaceae	Streptomyces	Streptomyces sp.	Streptomyces sp. NPDC022009
NPDC022011	Bacteria	Actinomycetota	Actinomycetia	Streptomycetales	Streptomycetaceae	Streptomyces	Streptomyces sp.	Streptomyces sp. NPDC022011
NPDC022043	Bacteria	Actinomycetota	Actinomycetia	Streptomycetales	Streptomycetaceae	Streptomyces	Streptomyces anthocyanicus	Streptomyces anthocyanicus NPDC022043
NPDC022050	Bacteria	Actinomycetota	Actinomycetia	Streptomycetales	Streptomycetaceae	Streptomyces	Streptomyces smyrnaeus	Streptomyces smyrnaeus NPDC022050
NPDC022059	Bacteria	Actinomycetota	Actinomycetia	Streptomycetales	Streptomycetaceae	Streptomyces	Streptomyces angustmyceticus	Streptomyces angustmyceticus NPDC022059
NPDC022067	Bacteria	Actinomycetota	Actinomycetia	Streptomycetales	Streptomycetaceae	Streptomyces	Streptomyces sp.	Streptomyces sp. NPDC022067
NPDC022083	Bacteria	Actinomycetota	Actinomycetia	Streptomycetales	Streptomycetaceae	Streptomyces	Streptomyces sioyaensis	Streptomyces sioyaensis NPDC022083
NPDC022120	Bacteria	Actinomycetota	Actinomycetia	Streptomycetales	Streptomycetaceae	Streptomyces	Streptomyces lydicus	Streptomyces lydicus NPDC022120
NPDC022163	Bacteria	Actinomycetota	Actinomycetia	Streptomycetales	Streptomycetaceae	Streptomyces	Streptomyces parvus	Streptomyces parvus NPDC022163
NPDC022179	Bacteria	Actinomycetota	Actinomycetia	Streptomycetales	Streptomycetaceae	Streptomyces	Streptomyces hygroscopicus	Streptomyces hygroscopicus NPDC022179
NPDC022180	Bacteria	Actinomycetota	Actinomycetia	Streptomycetales	Streptomycetaceae	Streptomyces	Streptomyces hygroscopicus	Streptomyces hygroscopicus NPDC022180
NPDC022191	Bacteria	Actinomycetota	Actinomycetia	Streptomycetales	Streptomycetaceae	Streptomyces	Streptomyces sp.	Streptomyces sp. NPDC022191
NPDC022193	Bacteria	Actinomycetota	Actinomycetia	Streptomycetales	Streptomycetaceae	Streptomyces	Streptomyces griseus	Streptomyces griseus NPDC022193
NPDC022200	Bacteria	Actinomycetota	Actinomycetia	Streptomycetales	Streptomycetaceae	Streptomyces	Streptomyces griseus	Streptomyces griseus NPDC022200
NPDC022201	Bacteria	Actinomycetota	Actinomycetia	Streptomycetales	Streptomycetaceae	Streptomyces	Streptomyces griseus	Streptomyces griseus NPDC022201
NPDC022202	Bacteria	Actinomycetota	Actinomycetia	Streptomycetales	Streptomycetaceae	Streptomyces	Streptomyces griseus	Streptomyces griseus NPDC022202
NPDC022204	Bacteria	Actinomycetota	Actinomycetia	Streptomycetales	Streptomycetaceae	Streptomyces	Streptomyces griseus	Streptomyces griseus NPDC022204
NPDC022210	Bacteria	Actinomycetota	Actinomycetia	Streptomycetales	Streptomycetaceae	Streptomyces	Streptomyces rimosus	Streptomyces rimosus NPDC022210
NPDC022220	Bacteria	Actinomycetota	Actinomycetia	Streptomycetales	Streptomycetaceae	Streptomyces	Streptomyces rimosus	Streptomyces rimosus NPDC022220
NPDC022221	Bacteria	Actinomycetota	Actinomycetia	Streptomycetales	Streptomycetaceae	Streptomyces	Streptomyces rimosus	Streptomyces rimosus NPDC022221
NPDC022222	Bacteria	Actinomycetota	Actinomycetia	Streptomycetales	Streptomycetaceae	Streptomyces	Streptomyces rimosus	Streptomyces rimosus NPDC022222
NPDC022223	Bacteria	Actinomycetota	Actinomycetia	Streptomycetales	Streptomycetaceae	Streptomyces	Streptomyces rimosus	Streptomyces rimosus NPDC022223
NPDC022225	Bacteria	Actinomycetota	Actinomycetia	Streptomycetales	Streptomycetaceae	Streptomyces	Streptomyces rimosus	Streptomyces rimosus NPDC022225
NPDC022227	Bacteria	Actinomycetota	Actinomycetia	Streptomycetales	Streptomycetaceae	Streptomyces	Streptomyces rimosus	Streptomyces rimosus NPDC022227
NPDC022228	Bacteria	Actinomycetota	Actinomycetia	Streptomycetales	Streptomycetaceae	Streptomyces	Streptomyces rimosus	Streptomyces rimosus NPDC022228
NPDC022235	Bacteria	Actinomycetota	Actinomycetia	Streptomycetales	Streptomycetaceae	Streptomyces	Streptomyces rimosus	Streptomyces rimosus NPDC022235
NPDC022237	Bacteria	Actinomycetota	Actinomycetia	Streptomycetales	Streptomycetaceae	Streptomyces	Streptomyces rimosus	Streptomyces rimosus NPDC022237
NPDC022238	Bacteria	Actinomycetota	Actinomycetia	Streptomycetales	Streptomycetaceae	Streptomyces	Streptomyces rimosus	Streptomyces rimosus NPDC022238
NPDC022239	Bacteria	Actinomycetota	Actinomycetia	Streptomycetales	Streptomycetaceae	Streptomyces	Streptomyces rimosus	Streptomyces rimosus NPDC022239
NPDC022241	Bacteria	Actinomycetota	Actinomycetia	Streptomycetales	Streptomycetaceae	Streptomyces	Streptomyces rimosus	Streptomyces rimosus NPDC022241
NPDC022242	Bacteria	Actinomycetota	Actinomycetia	Streptomycetales	Streptomycetaceae	Streptomyces	Streptomyces rimosus	Streptomyces rimosus NPDC022242
NPDC022251	Bacteria	Actinomycetota	Actinomycetia	Streptomycetales	Streptomycetaceae	Kitasatospora	Kitasatospora aureofaciens	Kitasatospora aureofaciens NPDC022251
NPDC022264	Bacteria	Actinomycetota	Actinomycetia	Streptomycetales	Streptomycetaceae	Kitasatospora	Kitasatospora aureofaciens	Kitasatospora aureofaciens NPDC022264
NPDC022265	Bacteria	Actinomycetota	Actinomycetia	Streptomycetales	Streptomycetaceae	Kitasatospora	Kitasatospora aureofaciens	Kitasatospora aureofaciens NPDC022265
NPDC022268	Bacteria	Actinomycetota	Actinomycetia	Streptomycetales	Streptomycetaceae	Streptomyces	Streptomyces fradiae	Streptomyces fradiae NPDC022268
NPDC022269	Bacteria	Actinomycetota	Actinomycetia	Streptomycetales	Streptomycetaceae	Streptomyces	Streptomyces fradiae	Streptomyces fradiae NPDC022269
NPDC022270	Bacteria	Actinomycetota	Actinomycetia	Streptomycetales	Streptomycetaceae	Streptomyces	Streptomyces fradiae	Streptomyces fradiae NPDC022270
NPDC022272	Bacteria	Actinomycetota	Actinomycetia	Streptomycetales	Streptomycetaceae	Streptomyces	Streptomyces fradiae	Streptomyces fradiae NPDC022272
NPDC022275	Bacteria	Actinomycetota	Actinomycetia	Streptomycetales	Streptomycetaceae	Streptomyces	Streptomyces fradiae	Streptomyces fradiae NPDC022275
NPDC022278	Bacteria	Actinomycetota	Actinomycetia	Streptomycetales	Streptomycetaceae	Streptomyces	Streptomyces fradiae	Streptomyces fradiae NPDC022278
NPDC022280	Bacteria	Actinomycetota	Actinomycetia	Streptomycetales	Streptomycetaceae	Streptomyces	Streptomyces fradiae	Streptomyces fradiae NPDC022280
NPDC022286	Bacteria	Actinomycetota	Actinomycetia	Streptomycetales	Streptomycetaceae	Streptomyces	Streptomyces californicus	Streptomyces californicus NPDC022286
NPDC022288	Bacteria	Actinomycetota	Actinomycetia	Streptomycetales	Streptomycetaceae	Streptomyces	Streptomyces eurythermus	Streptomyces eurythermus NPDC022288
NPDC022289	Bacteria	Actinomycetota	Actinomycetia	Streptomycetales	Streptomycetaceae	Streptomyces	Streptomyces eurythermus	Streptomyces eurythermus NPDC022289
NPDC022290	Bacteria	Actinomycetota	Actinomycetia	Streptomycetales	Streptomycetaceae	Streptomyces	Streptomyces eurythermus	Streptomyces eurythermus NPDC022290
NPDC022305	Bacteria	Actinomycetota	Actinomycetia	Streptomycetales	Streptomycetaceae	Streptomyces	Streptomyces sp000716335	Streptomyces sp. NPDC022305
NPDC022309	Bacteria	Actinomycetota	Actinomycetia	Streptomycetales	Streptomycetaceae	Streptomyces	Streptomyces althioticus	Streptomyces althioticus NPDC022309
NPDC022316	Bacteria	Actinomycetota	Actinomycetia	Streptomycetales	Streptomycetaceae	Streptomyces	Streptomyces gilvosporeus	Streptomyces gilvosporeus NPDC022316
NPDC022324	Bacteria	Actinomycetota	Actinomycetia	Streptomycetales	Streptomycetaceae	Streptomyces	Streptomyces lavendulae_C	Streptomyces lavendulae NPDC022324
NPDC022766	Bacteria	Actinomycetota	Actinomycetia	Streptomycetales	Streptomycetaceae	Streptomyces	Streptomyces antibioticus_B	Streptomyces antibioticus NPDC022766
NPDC023294	Bacteria	Actinomycetota	Actinomycetia	Streptomycetales	Streptomycetaceae	Streptomyces	Streptomyces fradiae	Streptomyces fradiae NPDC023294
NPDC023588	Bacteria	Actinomycetota	Actinomycetia	Streptomycetales	Streptomycetaceae	Streptomyces	Streptomyces sp.	Streptomyces sp. NPDC023588
NPDC023616	Bacteria	Actinomycetota	Actinomycetia	Streptomycetales	Streptomycetaceae	Streptomyces	Streptomyces sp.	Streptomyces sp. NPDC023616
NPDC023661	Bacteria	Actinomycetota	Actinomycetia	Streptomycetales	Streptomycetaceae	Streptomyces	Streptomyces coeruleorubidus	Streptomyces coeruleorubidus NPDC023661
NPDC023723	Bacteria	Actinomycetota	Actinomycetia	Streptomycetales	Streptomycetaceae	Streptomyces	Streptomyces sp.	Streptomyces sp. NPDC023723
NPDC023750	Bacteria	Actinomycetota	Actinomycetia	Streptomycetales	Streptomycetaceae	Streptomyces	Streptomyces sp.	Streptomyces sp. NPDC023750
NPDC023811	Bacteria	Actinomycetota	Actinomycetia	Streptomycetales	Streptomycetaceae	Streptomyces	Streptomyces griseoluteus	Streptomyces griseoluteus NPDC023811
NPDC023828	Bacteria	Actinomycetota	Actinomycetia	Streptomycetales	Streptomycetaceae	Streptomyces	Streptomyces sp.	Streptomyces sp. NPDC023828
NPDC023830	Bacteria	Actinomycetota	Actinomycetia	Streptomycetales	Streptomycetaceae	Streptomyces	Streptomyces sp.	Streptomyces sp. NPDC023830
NPDC023838	Bacteria	Actinomycetota	Actinomycetia	Streptomycetales	Streptomycetaceae	Streptomyces	Streptomyces sp.	Streptomyces sp. NPDC023838
NPDC023846	Bacteria	Actinomycetota	Actinomycetia	Streptomycetales	Streptomycetaceae	Streptomyces	Streptomyces cellulosae_A	Streptomyces cellulosae_A NPDC023846
NPDC023860	Bacteria	Actinomycetota	Actinomycetia	Streptomycetales	Streptomycetaceae	Streptomyces	Streptomyces syringium	Streptomyces syringium NPDC023860
NPDC023870	Bacteria	Actinomycetota	Actinomycetia	Streptomycetales	Streptomycetaceae	Streptomyces	Streptomyces nigra	Streptomyces nigra NPDC023870
NPDC023922	Bacteria	Actinomycetota	Actinomycetia	Streptomycetales	Streptomycetaceae	Streptomyces	Streptomyces griseus	Streptomyces griseus NPDC023922
NPDC023971	Bacteria	Actinomycetota	Actinomycetia	Streptomycetales	Streptomycetaceae	Streptomyces	Streptomyces sp.	Streptomyces sp. NPDC023971
NPDC023998	Bacteria	Actinomycetota	Actinomycetia	Streptomycetales	Streptomycetaceae	Streptomyces	Streptomyces sp.	Streptomyces sp. NPDC023998
NPDC024017	Bacteria	Actinomycetota	Actinomycetia	Streptomycetales	Streptomycetaceae	Streptomyces	Streptomyces sp023184515	Streptomyces sp. NPDC024017
NPDC024062	Bacteria	Actinomycetota	Actinomycetia	Streptomycetales	Streptomycetaceae	Streptomyces	Streptomyces papulosus	Streptomyces sp. NPDC024062
NPDC024065	Bacteria	Actinomycetota	Actinomycetia	Streptomycetales	Streptomycetaceae	Streptomyces	Streptomyces cyaneofuscatus	Streptomyces cyaneofuscatus NPDC024065
NPDC024067	Bacteria	Actinomycetota	Actinomycetia	Streptomycetales	Streptomycetaceae	Streptomyces	Streptomyces virginiae	Streptomyces virginiae NPDC024067
NPDC024085	Bacteria	Actinomycetota	Actinomycetia	Streptomycetales	Streptomycetaceae	Streptomyces	Streptomyces alfalfae	Streptomyces alfalfae NPDC024085
NPDC024089	Bacteria	Actinomycetota	Actinomycetia	Streptomycetales	Streptomycetaceae	Streptomyces	Streptomyces sp003846175	Streptomyces sp. NPDC024089
NPDC024139	Bacteria	Actinomycetota	Actinomycetia	Streptomycetales	Streptomycetaceae	Streptomyces	Streptomyces syringium	Streptomyces syringium NPDC024139
NPDC024475	Bacteria	Actinomycetota	Actinomycetia	Streptomycetales	Streptomycetaceae	Kitasatospora	Kitasatospora aureofaciens	Kitasatospora aureofaciens NPDC024475
NPDC025270	Bacteria	Actinomycetota	Actinomycetia	Streptomycetales	Streptomycetaceae	Streptomyces	Streptomyces luteogriseus	Streptomyces luteogriseus NPDC025270
NPDC025273	Bacteria	Actinomycetota	Actinomycetia	Streptomycetales	Streptomycetaceae	Streptomyces	Streptomyces sp.	Streptomyces sp. NPDC025273
NPDC025395	Bacteria	Actinomycetota	Actinomycetia	Streptomycetales	Streptomycetaceae	Streptomyces	Streptomyces silaceus	Streptomyces silaceus NPDC025395
NPDC025648	Bacteria	Actinomycetota	Actinomycetia	Streptomycetales	Streptomycetaceae	Streptomyces	Streptomyces eurythermus	Streptomyces eurythermus NPDC025648
NPDC025848	Bacteria	Actinomycetota	Actinomycetia	Streptomycetales	Streptomycetaceae	Streptomyces	Streptomyces tanashiensis	Streptomyces tanashiensis NPDC025848
NPDC025872	Bacteria	Actinomycetota	Actinomycetia	Streptomycetales	Streptomycetaceae	Streptomyces	Streptomyces violaceusniger	Streptomyces violaceusniger NPDC025872
NPDC026010	Bacteria	Actinomycetota	Actinomycetia	Streptomycetales	Streptomycetaceae	Streptomyces	Streptomyces phaeochromogenes	Streptomyces umbrinus NPDC026010
NPDC026072	Bacteria	Actinomycetota	Actinomycetia	Streptomycetales	Streptomycetaceae	Streptomyces	Streptomyces fradiae	Streptomyces fradiae NPDC026072
NPDC026092	Bacteria	Actinomycetota	Actinomycetia	Streptomycetales	Streptomycetaceae	Streptomyces	Streptomyces sp.	Streptomyces sp. NPDC026092
NPDC026201	Bacteria	Actinomycetota	Actinomycetia	Streptomycetales	Streptomycetaceae	Streptomyces	Streptomyces sp900105245	Streptomyces sp. NPDC026201
NPDC026202	Bacteria	Actinomycetota	Actinomycetia	Streptomycetales	Streptomycetaceae	Streptomyces	Streptomyces sp900105245	Streptomyces sp. NPDC026202
NPDC026204	Bacteria	Actinomycetota	Actinomycetia	Streptomycetales	Streptomycetaceae	Kitasatospora	Kitasatospora aureofaciens	Kitasatospora aureofaciens NPDC026204
NPDC026218	Bacteria	Actinomycetota	Actinomycetia	Streptomycetales	Streptomycetaceae	Streptomyces	Streptomyces griseoluteus	Streptomyces griseoluteus NPDC026218
NPDC026220	Bacteria	Actinomycetota	Actinomycetia	Streptomycetales	Streptomycetaceae	Streptomyces	Streptomyces fradiae	Streptomyces fradiae NPDC026220
NPDC026304	Bacteria	Actinomycetota	Actinomycetia	Streptomycetales	Streptomycetaceae	Streptomyces	Streptomyces albidoflavus	Streptomyces albidoflavus NPDC026304
NPDC026451	Bacteria	Actinomycetota	Actinomycetia	Streptomycetales	Streptomycetaceae	Streptomyces	Streptomyces sp.	Streptomyces sp. NPDC026451
NPDC026584	Bacteria	Actinomycetota	Actinomycetia	Streptomycetales	Streptomycetaceae	Streptomyces	Streptomyces sp.	Streptomyces sp. NPDC026584
NPDC026585	Bacteria	Actinomycetota	Actinomycetia	Streptomycetales	Streptomycetaceae	Streptomyces	Streptomyces sp.	Streptomyces sp. NPDC026585
NPDC026591	Bacteria	Actinomycetota	Actinomycetia	Streptomycetales	Streptomycetaceae	Streptomyces	Streptomyces anulatus	Streptomyces anulatus NPDC026591
NPDC026622	Bacteria	Actinomycetota	Actinomycetia	Streptomycetales	Streptomycetaceae	Streptomyces	Streptomyces sp.	Streptomyces sp. NPDC026622
NPDC026631	Bacteria	Actinomycetota	Actinomycetia	Streptomycetales	Streptomycetaceae	Streptomyces	Streptomyces sp.	Streptomyces sp. NPDC026631
NPDC026633	Bacteria	Actinomycetota	Actinomycetia	Streptomycetales	Streptomycetaceae	Streptomyces	Streptomyces sp.	Streptomyces sp. NPDC026633
NPDC026635	Bacteria	Actinomycetota	Actinomycetia	Streptomycetales	Streptomycetaceae	Streptomyces	Streptomyces papulosus	Streptomyces papulosus NPDC026635
NPDC026636	Bacteria	Actinomycetota	Actinomycetia	Streptomycetales	Streptomycetaceae	Streptomyces	Streptomyces papulosus	Streptomyces papulosus NPDC026636
NPDC026638	Bacteria	Actinomycetota	Actinomycetia	Streptomycetales	Streptomycetaceae	Streptomyces	Streptomyces sp.	Streptomyces sp. NPDC026638
NPDC026659	Bacteria	Actinomycetota	Actinomycetia	Streptomycetales	Streptomycetaceae	Streptomyces	Streptomyces sp009863025	Streptomyces sp. NPDC026659
NPDC026665	Bacteria	Actinomycetota	Actinomycetia	Streptomycetales	Streptomycetaceae	Streptomyces	Streptomyces sp.	Streptomyces sp. NPDC026665
NPDC026666	Bacteria	Actinomycetota	Actinomycetia	Streptomycetales	Streptomycetaceae	Streptomyces	Streptomyces sp.	Streptomyces sp. NPDC026666
NPDC026669	Bacteria	Actinomycetota	Actinomycetia	Streptomycetales	Streptomycetaceae	Streptomyces	Streptomyces sp.	Streptomyces sp. NPDC026669
NPDC026671	Bacteria	Actinomycetota	Actinomycetia	Streptomycetales	Streptomycetaceae	Streptomyces	Streptomyces microflavus	Streptomyces microflavus NPDC026671
NPDC026672	Bacteria	Actinomycetota	Actinomycetia	Streptomycetales	Streptomycetaceae	Streptomyces	Streptomyces sp.	Streptomyces sp. NPDC026672
NPDC026684	Bacteria	Actinomycetota	Actinomycetia	Streptomycetales	Streptomycetaceae	Streptomyces	Streptomyces olivaceus	Streptomyces olivaceus NPDC026684
NPDC026687	Bacteria	Actinomycetota	Actinomycetia	Streptomycetales	Streptomycetaceae	Streptomyces	Streptomyces wedmorensis	Streptomyces wedmorensis NPDC026687
NPDC026819	Bacteria	Actinomycetota	Actinomycetia	Streptomycetales	Streptomycetaceae	Streptomyces	Streptomyces coeruleorubidus	Streptomyces coeruleorubidus NPDC026819
NPDC027019	Bacteria	Actinomycetota	Actinomycetia	Streptomycetales	Streptomycetaceae	Streptomyces	Streptomyces papulosus	Streptomyces papulosus NPDC027019
NPDC027021	Bacteria	Actinomycetota	Actinomycetia	Streptomycetales	Streptomycetaceae	Streptomyces	Streptomyces gelaticus	Streptomyces gelaticus NPDC027021
NPDC027235	Bacteria	Actinomycetota	Actinomycetia	Streptomycetales	Streptomycetaceae	Streptomyces	Streptomyces buecherae	Streptomyces buecherae NPDC027235
NPDC027276	Bacteria	Actinomycetota	Actinomycetia	Streptomycetales	Streptomycetaceae	Streptomyces	Streptomyces fradiae	Streptomyces fradiae NPDC027276
NPDC027318	Bacteria	Actinomycetota	Actinomycetia	Streptomycetales	Streptomycetaceae	Streptomyces	Streptomyces antibioticus_B	Streptomyces antibioticus NPDC027318
NPDC027865	Bacteria	Actinomycetota	Actinomycetia	Streptomycetales	Streptomycetaceae	Streptomyces	Streptomyces bacillaris	Streptomyces bacillaris NPDC027865
NPDC027878	Bacteria	Actinomycetota	Actinomycetia	Streptomycetales	Streptomycetaceae	Streptomyces	Streptomyces venezuelae	Streptomyces venezuelae NPDC027878
NPDC028025	Bacteria	Actinomycetota	Actinomycetia	Streptomycetales	Streptomycetaceae	Streptomyces	Streptomyces tubercidicus	Streptomyces tubercidicus NPDC028025
NPDC028176	Bacteria	Actinomycetota	Actinomycetia	Streptomycetales	Streptomycetaceae	Streptomyces	Streptomyces virginiae	Streptomyces virginiae NPDC028176
NPDC028204	Bacteria	Actinomycetota	Actinomycetia	Streptomycetales	Streptomycetaceae	Streptomyces	Streptomyces albidoflavus	Streptomyces albidoflavus NPDC028204
NPDC028208	Bacteria	Actinomycetota	Actinomycetia	Streptomycetales	Streptomycetaceae	Streptomyces	Streptomyces griseus	Streptomyces griseus NPDC028208
NPDC028213	Bacteria	Actinomycetota	Actinomycetia	Streptomycetales	Streptomycetaceae	Streptomyces	Streptomyces achromogenes	Streptomyces achromogenes NPDC028213
NPDC028315	Bacteria	Actinomycetota	Actinomycetia	Streptomycetales	Streptomycetaceae	Streptomyces	Streptomyces sp002803065	Streptomyces sp. NPDC028315
NPDC028366	Bacteria	Actinomycetota	Actinomycetia	Streptomycetales	Streptomycetaceae	Streptomyces	Streptomyces platensis	Streptomyces platensis NPDC028366
NPDC028455	Bacteria	Actinomycetota	Actinomycetia	Streptomycetales	Streptomycetaceae	Streptomyces	Streptomyces sp.	Streptomyces sp. NPDC028455
NPDC028584	Bacteria	Actinomycetota	Actinomycetia	Streptomycetales	Streptomycetaceae	Streptomyces	Streptomyces sp.	Streptomyces sp. NPDC028584
NPDC028614	Bacteria	Actinomycetota	Actinomycetia	Streptomycetales	Streptomycetaceae	Streptomyces	Streptomyces filamentosus	Streptomyces filamentosus NPDC028614
NPDC028635	Bacteria	Actinomycetota	Actinomycetia	Streptomycetales	Streptomycetaceae	Streptomyces	Streptomyces sp.	Streptomyces sp. NPDC028635
NPDC028669	Bacteria	Actinomycetota	Actinomycetia	Streptomycetales	Streptomycetaceae	Streptomyces	Streptomyces collinus_A	Streptomyces collinus NPDC028669
NPDC028722	Bacteria	Actinomycetota	Actinomycetia	Streptomycetales	Streptomycetaceae	Streptomyces	Streptomyces sp.	Streptomyces sp. NPDC028722
NPDC029003	Bacteria	Actinomycetota	Actinomycetia	Streptomycetales	Streptomycetaceae	Streptomyces	Streptomyces sp.	Streptomyces sp. NPDC029003
NPDC029004	Bacteria	Actinomycetota	Actinomycetia	Streptomycetales	Streptomycetaceae	Streptomyces	Streptomyces sp.	Streptomyces sp. NPDC029004
NPDC029026	Bacteria	Actinomycetota	Actinomycetia	Streptomycetales	Streptomycetaceae	Streptomyces	Streptomyces griseoaurantiacus	Streptomyces griseoaurantiacus NPDC029026
NPDC029080	Bacteria	Actinomycetota	Actinomycetia	Streptomycetales	Streptomycetaceae	Streptomyces	Streptomyces sp009865385	Streptomyces sp. NPDC029080
NPDC029134	Bacteria	Actinomycetota	Actinomycetia	Streptomycetales	Streptomycetaceae	Streptomyces	Streptomyces sp.	Streptomyces sp. NPDC029134
NPDC029186	Bacteria	Actinomycetota	Actinomycetia	Streptomycetales	Streptomycetaceae	Streptomyces	Streptomyces sp.	Streptomyces sp. NPDC029186
NPDC029216	Bacteria	Actinomycetota	Actinomycetia	Streptomycetales	Streptomycetaceae	Streptomyces	Streptomyces sp.	Streptomyces sp. NPDC029216
NPDC029253	Bacteria	Actinomycetota	Actinomycetia	Streptomycetales	Streptomycetaceae	Streptomyces	Streptomyces laurentii	Streptomyces laurentii NPDC029253
NPDC029270	Bacteria	Actinomycetota	Actinomycetia	Streptomycetales	Streptomycetaceae	Streptomyces	Streptomyces microflavus	Streptomyces microflavus NPDC029270
NPDC029289	Bacteria	Actinomycetota	Actinomycetia	Streptomycetales	Streptomycetaceae	Streptomyces	Streptomyces bikiniensis	Streptomyces bikiniensis NPDC029289
NPDC029298	Bacteria	Actinomycetota	Actinomycetia	Streptomycetales	Streptomycetaceae	Streptomyces	Streptomyces sp.	Streptomyces sp. NPDC029298
NPDC029300	Bacteria	Actinomycetota	Actinomycetia	Streptomycetales	Streptomycetaceae	Streptomyces	Streptomyces rochei	Streptomyces rochei NPDC029300
NPDC029310	Bacteria	Actinomycetota	Actinomycetia	Streptomycetales	Streptomycetaceae	Streptomyces	Streptomyces microflavus	Streptomyces microflavus NPDC029310
NPDC029313	Bacteria	Actinomycetota	Actinomycetia	Streptomycetales	Streptomycetaceae	Streptomyces	Streptomyces sp.	Streptomyces sp. NPDC029313
NPDC029388	Bacteria	Actinomycetota	Actinomycetia	Streptomycetales	Streptomycetaceae	Streptomyces	Streptomyces sp001905385	Streptomyces sp. NPDC029388
NPDC029401	Bacteria	Actinomycetota	Actinomycetia	Streptomycetales	Streptomycetaceae	Streptomyces	Streptomyces bauhiniae	Streptomyces bauhiniae NPDC029401
NPDC029443	Bacteria	Actinomycetota	Actinomycetia	Streptomycetales	Streptomycetaceae	Streptomyces	Streptomyces cinerochromogenes	Streptomyces cinerochromogenes NPDC029443
NPDC029451	Bacteria	Actinomycetota	Actinomycetia	Streptomycetales	Streptomycetaceae	Streptomyces	Streptomyces globisporus_A	Streptomyces globisporus_A NPDC029451
NPDC029505	Bacteria	Actinomycetota	Actinomycetia	Streptomycetales	Streptomycetaceae	Streptomyces	Streptomyces sp.	Streptomyces sp. NPDC029505
NPDC029509	Bacteria	Actinomycetota	Actinomycetia	Streptomycetales	Streptomycetaceae	Streptomyces	Streptomyces olivaceus	Streptomyces olivaceus NPDC029509
NPDC029554	Bacteria	Actinomycetota	Actinomycetia	Streptomycetales	Streptomycetaceae	Streptomyces	Streptomyces sp002237655	Streptomyces sp. NPDC029554
NPDC029631	Bacteria	Actinomycetota	Actinomycetia	Streptomycetales	Streptomycetaceae	Streptomyces	Streptomyces sp.	Streptomyces sp. NPDC029631
NPDC029674	Bacteria	Actinomycetota	Actinomycetia	Streptomycetales	Streptomycetaceae	Streptomyces	Streptomyces sp.	Streptomyces sp. NPDC029674
NPDC029786	Bacteria	Actinomycetota	Actinomycetia	Streptomycetales	Streptomycetaceae	Streptomyces	Streptomyces globisporus	Streptomyces globisporus NPDC029786
NPDC029897	Bacteria	Actinomycetota	Actinomycetia	Streptomycetales	Streptomycetaceae	Streptomyces	Streptomyces goshikiensis	Streptomyces goshikiensis NPDC029897
NPDC030014	Bacteria	Actinomycetota	Actinomycetia	Streptomycetales	Streptomycetaceae	Streptomyces	Streptomyces sp.	Streptomyces sp. NPDC030014
NPDC030138	Bacteria	Actinomycetota	Actinomycetia	Streptomycetales	Streptomycetaceae	Streptomyces	Streptomyces sp.	Streptomyces sp. NPDC030138
NPDC030161	Bacteria	Actinomycetota	Actinomycetia	Streptomycetales	Streptomycetaceae	Streptomyces	Streptomyces sp.	Streptomyces sp. NPDC030161
NPDC030430	Bacteria	Actinomycetota	Actinomycetia	Streptomycetales	Streptomycetaceae	Streptomyces	Streptomyces californicus	Streptomyces californicus NPDC030430
NPDC030493	Bacteria	Actinomycetota	Actinomycetia	Streptomycetales	Streptomycetaceae	Streptomyces	Streptomyces albogriseolus	Streptomyces albogriseolus NPDC030493
NPDC030589	Bacteria	Actinomycetota	Actinomycetia	Streptomycetales	Streptomycetaceae	Streptomyces	Streptomyces sp000772045	Streptomyces sp. NPDC030589
NPDC030672	Bacteria	Actinomycetota	Actinomycetia	Streptomycetales	Streptomycetaceae	Streptomyces	Streptomyces rochei	Streptomyces rochei NPDC030672
NPDC030783	Bacteria	Actinomycetota	Actinomycetia	Streptomycetales	Streptomycetaceae	Streptomyces	Streptomyces tendae	Streptomyces tendae NPDC030783
NPDC030822	Bacteria	Actinomycetota	Actinomycetia	Streptomycetales	Streptomycetaceae	Streptomyces	Streptomyces sp002080455	Streptomyces sp. NPDC030822
NPDC030835	Bacteria	Actinomycetota	Actinomycetia	Streptomycetales	Streptomycetaceae	Streptomyces	Streptomyces griseoviridis	Streptomyces griseoviridis NPDC030835
NPDC030890	Bacteria	Actinomycetota	Actinomycetia	Streptomycetales	Streptomycetaceae	Streptomyces	Streptomyces fradiae	Streptomyces fradiae NPDC030890
NPDC030920	Bacteria	Actinomycetota	Actinomycetia	Streptomycetales	Streptomycetaceae	Streptomyces	Streptomyces sp900091725	Streptomyces sp. NPDC030920
NPDC031026	Bacteria	Actinomycetota	Actinomycetia	Streptomycetales	Streptomycetaceae	Streptomyces	Streptomyces albogriseolus	Streptomyces albogriseolus NPDC031026
NPDC031028	Bacteria	Actinomycetota	Actinomycetia	Streptomycetales	Streptomycetaceae	Streptomyces	Streptomyces griseoincarnatus	Streptomyces griseoincarnatus NPDC031028
NPDC031031	Bacteria	Actinomycetota	Actinomycetia	Streptomycetales	Streptomycetaceae	Streptomyces	Streptomyces griseoincarnatus	Streptomyces griseoincarnatus NPDC031031
NPDC031085	Bacteria	Actinomycetota	Actinomycetia	Streptomycetales	Streptomycetaceae	Streptomyces	Streptomyces sp000158895	Streptomyces sp. NPDC031085
NPDC031224	Bacteria	Actinomycetota	Actinomycetia	Streptomycetales	Streptomycetaceae	Kitasatospora	Kitasatospora aureofaciens	Kitasatospora aureofaciens NPDC031224
NPDC031532	Bacteria	Actinomycetota	Actinomycetia	Streptomycetales	Streptomycetaceae	Streptomyces	Streptomyces griseus	Streptomyces griseus NPDC031532
NPDC031839	Bacteria	Actinomycetota	Actinomycetia	Streptomycetales	Streptomycetaceae	Streptomyces	Streptomyces fructofermentans	Streptomyces fructofermentans NPDC031839
NPDC031924	Bacteria	Actinomycetota	Actinomycetia	Streptomycetales	Streptomycetaceae	Streptomyces	Streptomyces virginiae	Streptomyces virginiae NPDC031924
NPDC031945	Bacteria	Actinomycetota	Actinomycetia	Streptomycetales	Streptomycetaceae	Streptomyces	Streptomyces olivoreticuli	Streptomyces olivoreticuli NPDC031945
NPDC032049	Bacteria	Actinomycetota	Actinomycetia	Streptomycetales	Streptomycetaceae	Streptomyces	Streptomyces sp.	Streptomyces sp. NPDC032049
NPDC032082	Bacteria	Actinomycetota	Actinomycetia	Streptomycetales	Streptomycetaceae	Streptomyces	Streptomyces sp.	Streptomyces sp. NPDC032082
NPDC032161	Bacteria	Actinomycetota	Actinomycetia	Streptomycetales	Streptomycetaceae	Streptomyces	Streptomyces sp001905795	Streptomyces sp. NPDC032161
NPDC032162	Bacteria	Actinomycetota	Actinomycetia	Streptomycetales	Streptomycetaceae	Streptomyces	Streptomyces anulatus	Streptomyces anulatus NPDC032162
NPDC032198	Bacteria	Actinomycetota	Actinomycetia	Streptomycetales	Streptomycetaceae	Streptomyces	Streptomyces sp.	Streptomyces sp. NPDC032198
NPDC032380	Bacteria	Actinomycetota	Actinomycetia	Streptomycetales	Streptomycetaceae	Streptomyces	Streptomyces anulatus	Streptomyces anulatus NPDC032380
NPDC032472	Bacteria	Actinomycetota	Actinomycetia	Streptomycetales	Streptomycetaceae	Streptomyces	Streptomyces sp.	Streptomyces sp. NPDC032472
NPDC032808	Bacteria	Actinomycetota	Actinomycetia	Streptomycetales	Streptomycetaceae	Streptomyces	Streptomyces fimicarius	Streptomyces fimicarius NPDC032808
NPDC033039	Bacteria	Actinomycetota	Actinomycetia	Streptomycetales	Streptomycetaceae	Streptomyces	Streptomyces catenulae	Streptomyces catenulae NPDC033039
NPDC033527	Bacteria	Actinomycetota	Actinomycetia	Streptomycetales	Streptomycetaceae	Streptomyces	Streptomyces sindenensis	Streptomyces sindenensis NPDC033527
NPDC033559	Bacteria	Actinomycetota	Actinomycetia	Streptomycetales	Streptomycetaceae	Streptomyces	Streptomyces narbonensis	Streptomyces narbonensis NPDC033559
NPDC033586	Bacteria	Actinomycetota	Actinomycetia	Streptomycetales	Streptomycetaceae	Streptomyces	Streptomyces chartreusis	Streptomyces chartreusis NPDC033586
NPDC033711	Bacteria	Actinomycetota	Actinomycetia	Streptomycetales	Streptomycetaceae	Streptomyces	Streptomyces filamentosus	Streptomyces filamentosus NPDC033711
NPDC033753	Bacteria	Actinomycetota	Actinomycetia	Streptomycetales	Streptomycetaceae	Streptomyces	Streptomyces sp001426585	Streptomyces sp. NPDC033753
NPDC033754	Bacteria	Actinomycetota	Actinomycetia	Streptomycetales	Streptomycetaceae	Streptomyces	Streptomyces sp001426585	Streptomyces sp. NPDC033754
NPDC033843	Bacteria	Actinomycetota	Actinomycetia	Streptomycetales	Streptomycetaceae	Streptomyces	Streptomyces sp900129855	Streptomyces sp900129855 NPDC033843
NPDC034661	Bacteria	Actinomycetota	Actinomycetia	Streptomycetales	Streptomycetaceae	Streptomyces	Streptomyces rochei	Streptomyces rochei NPDC034661
NPDC035096	Bacteria	Actinomycetota	Actinomycetia	Streptomycetales	Streptomycetaceae	Streptomyces	Streptomyces thermolilacinus	Streptomyces thermolilacinus NPDC035096
NPDC035123	Bacteria	Actinomycetota	Actinomycetia	Streptomycetales	Streptomycetaceae	Streptomyces	Streptomyces rochei	Streptomyces rochei NPDC035123
NPDC035227	Bacteria	Actinomycetota	Actinomycetia	Streptomycetales	Streptomycetaceae	Streptomyces	Streptomyces sp000719345	Streptomyces sp. NPDC035227
NPDC035452	Bacteria	Actinomycetota	Actinomycetia	Streptomycetales	Streptomycetaceae	Streptomyces	Streptomyces cyaneus	Streptomyces cyaneus NPDC035452
NPDC035469	Bacteria	Actinomycetota	Actinomycetia	Streptomycetales	Streptomycetaceae	Kitasatospora	Kitasatospora sp.	Kitasatospora sp. NPDC035469
NPDC035616	Bacteria	Actinomycetota	Actinomycetia	Streptomycetales	Streptomycetaceae	Streptomyces	Streptomyces filamentosus	Streptomyces filamentosus NPDC035616
NPDC035795	Bacteria	Actinomycetota	Actinomycetia	Streptomycetales	Streptomycetaceae	Streptomyces	Streptomyces caelestis	Streptomyces caelestis NPDC035795
NPDC035797	Bacteria	Actinomycetota	Actinomycetia	Streptomycetales	Streptomycetaceae	Streptomyces	Streptomyces kurssanovii	Streptomyces kurssanovii NPDC035797
NPDC035804	Bacteria	Actinomycetota	Actinomycetia	Streptomycetales	Streptomycetaceae	Streptomyces	Streptomyces chrestomyceticus	Streptomyces paromomycinus NPDC035804
NPDC036083	Bacteria	Actinomycetota	Actinomycetia	Streptomycetales	Streptomycetaceae	Streptomyces	Streptomyces griseus	Streptomyces griseus NPDC036083
NPDC036224	Bacteria	Actinomycetota	Actinomycetia	Streptomycetales	Streptomycetaceae	Streptomyces	Streptomyces rimosus	Streptomyces rimosus NPDC036224
NPDC036225	Bacteria	Actinomycetota	Actinomycetia	Streptomycetales	Streptomycetaceae	Streptomyces	Streptomyces albidoflavus	Streptomyces albidoflavus NPDC036225
NPDC036231	Bacteria	Actinomycetota	Actinomycetia	Streptomycetales	Streptomycetaceae	Streptomyces	Streptomyces gardneri	Streptomyces gardneri NPDC036231
NPDC036699	Bacteria	Actinomycetota	Actinomycetia	Streptomycetales	Streptomycetaceae	Streptomyces	Streptomyces massasporeus	Streptomyces massasporeus NPDC036699
NPDC036726	Bacteria	Actinomycetota	Actinomycetia	Streptomycetales	Streptomycetaceae	Streptomyces	Streptomyces globisporus	Streptomyces globisporus NPDC036726
NPDC036755	Bacteria	Actinomycetota	Actinomycetia	Streptomycetales	Streptomycetaceae	Kitasatospora	Kitasatospora sp.	Kitasatospora sp. NPDC036755
NPDC037855	Bacteria	Actinomycetota	Actinomycetia	Streptomycetales	Streptomycetaceae	Streptomyces	Streptomyces nigra	Streptomyces nigra NPDC037855
NPDC037858	Bacteria	Actinomycetota	Actinomycetia	Streptomycetales	Streptomycetaceae	Streptomyces	Streptomyces ossamyceticus	Streptomyces ossamyceticus NPDC037858
NPDC038104	Bacteria	Actinomycetota	Actinomycetia	Streptomycetales	Streptomycetaceae	Streptomyces	Streptomyces fragilis	Streptomyces fragilis NPDC038104
NPDC038380	Bacteria	Actinomycetota	Actinomycetia	Streptomycetales	Streptomycetaceae	Streptomyces	Streptomyces murinus	Streptomyces murinus NPDC038380
NPDC038385	Bacteria	Actinomycetota	Actinomycetia	Streptomycetales	Streptomycetaceae	Streptomyces	Streptomyces rubiginosohelvolus	Streptomyces rubiginosohelvolus NPDC038385
NPDC038431	Bacteria	Actinomycetota	Actinomycetia	Streptomycetales	Streptomycetaceae	Streptomyces	Streptomyces griseus	Streptomyces griseus NPDC038431
NPDC038653	Bacteria	Actinomycetota	Actinomycetia	Streptomycetales	Streptomycetaceae	Kitasatospora	Kitasatospora aureofaciens	Kitasatospora aureofaciens NPDC038653
NPDC038655	Bacteria	Actinomycetota	Actinomycetia	Streptomycetales	Streptomycetaceae	Kitasatospora	Kitasatospora aureofaciens	Kitasatospora aureofaciens NPDC038655
NPDC038707	Bacteria	Actinomycetota	Actinomycetia	Streptomycetales	Streptomycetaceae	Streptomyces	Streptomyces sp.	Streptomyces sp. NPDC038707
NPDC038895	Bacteria	Actinomycetota	Actinomycetia	Streptomycetales	Streptomycetaceae	Streptomyces	Streptomyces hygroscopicus	Streptomyces hygroscopicus NPDC038895
NPDC038906	Bacteria	Actinomycetota	Actinomycetia	Streptomycetales	Streptomycetaceae	Streptomyces	Streptomyces griseus	Streptomyces griseus NPDC038906
NPDC039016	Bacteria	Actinomycetota	Actinomycetia	Streptomycetales	Streptomycetaceae	Streptomyces	Streptomyces sp002803155	Streptomyces sp. NPDC039016
NPDC039018	Bacteria	Actinomycetota	Actinomycetia	Streptomycetales	Streptomycetaceae	Streptomyces	Streptomyces tibetensis	Streptomyces tibetensis NPDC039018
NPDC039450	Bacteria	Actinomycetota	Actinomycetia	Streptomycetales	Streptomycetaceae	Streptomyces	Streptomyces nodosus	Streptomyces nodosus NPDC039450
NPDC039676	Bacteria	Actinomycetota	Actinomycetia	Streptomycetales	Streptomycetaceae	Streptomyces	Streptomyces lincolnensis	Streptomyces lincolnensis NPDC039676
NPDC039685	Bacteria	Actinomycetota	Actinomycetia	Streptomycetales	Streptomycetaceae	Streptomyces	Streptomyces coeruleorubidus	Streptomyces coeruleorubidus NPDC039685
NPDC040750	Bacteria	Actinomycetota	Actinomycetia	Streptomycetales	Streptomycetaceae	Streptomyces	Streptomyces sp.	Streptomyces sp. NPDC040750
NPDC040948	Bacteria	Actinomycetota	Actinomycetia	Streptomycetales	Streptomycetaceae	Streptomyces	Streptomyces spectabilis	Streptomyces spectabilis NPDC040948
NPDC040952	Bacteria	Actinomycetota	Actinomycetia	Streptomycetales	Streptomycetaceae	Streptomyces	Streptomyces griseofuscus	Streptomyces griseofuscus NPDC040952
NPDC040956	Bacteria	Actinomycetota	Actinomycetia	Streptomycetales	Streptomycetaceae	Streptomyces	Streptomyces fradiae	Streptomyces fradiae NPDC040956
NPDC041068	Bacteria	Actinomycetota	Actinomycetia	Streptomycetales	Streptomycetaceae	Streptomyces	Streptomyces sp.	Streptomyces sp. NPDC041068
NPDC041117	Bacteria	Actinomycetota	Actinomycetia	Streptomycetales	Streptomycetaceae	Streptomyces	Streptomyces albidoflavus	Streptomyces albidoflavus NPDC041117
NPDC041187	Bacteria	Actinomycetota	Actinomycetia	Streptomycetales	Streptomycetaceae	Streptomyces	Streptomyces curacoi	Streptomyces curacoi NPDC041187
NPDC041541	Bacteria	Actinomycetota	Actinomycetia	Streptomycetales	Streptomycetaceae	Streptomyces	Streptomyces lavendulae_C	Streptomyces lavendulae NPDC041541
NPDC042188	Bacteria	Actinomycetota	Actinomycetia	Streptomycetales	Streptomycetaceae	Streptomyces	Streptomyces griseofuscus	Streptomyces griseofuscus NPDC042188
NPDC042207	Bacteria	Actinomycetota	Actinomycetia	Streptomycetales	Streptomycetaceae	Streptomyces	Streptomyces sp002803075	Streptomyces sp. NPDC042207
NPDC042317	Bacteria	Actinomycetota	Actinomycetia	Streptomycetales	Streptomycetaceae	Streptomyces	Streptomyces diastaticus	Streptomyces diastaticus NPDC042317
NPDC042319	Bacteria	Actinomycetota	Actinomycetia	Streptomycetales	Streptomycetaceae	Streptomyces	Streptomyces sp.	Streptomyces sp. NPDC042319
NPDC042609	Bacteria	Actinomycetota	Actinomycetia	Streptomycetales	Streptomycetaceae	Streptomyces	Streptomyces albogriseolus	Streptomyces albogriseolus NPDC042609
NPDC042611	Bacteria	Actinomycetota	Actinomycetia	Streptomycetales	Streptomycetaceae	Kitasatospora	Kitasatospora sp.	Kitasatospora sp. NPDC042611
NPDC042617	Bacteria	Actinomycetota	Actinomycetia	Streptomycetales	Streptomycetaceae	Streptomyces	Streptomyces halstedii	Streptomyces halstedii NPDC042617
NPDC042623	Bacteria	Actinomycetota	Actinomycetia	Streptomycetales	Streptomycetaceae	Streptomyces	Streptomyces cirratus	Streptomyces cirratus NPDC042623
NPDC042638	Bacteria	Actinomycetota	Actinomycetia	Streptomycetales	Streptomycetaceae	Streptomyces	Streptomyces sp.	Streptomyces sp. NPDC042638
NPDC042898	Bacteria	Actinomycetota	Actinomycetia	Streptomycetales	Streptomycetaceae	Streptomyces	Streptomyces sp001426585	Streptomyces sp. NPDC042898
NPDC042900	Bacteria	Actinomycetota	Actinomycetia	Streptomycetales	Streptomycetaceae	Streptomyces	Streptomyces misionensis	Streptomyces misionensis NPDC042900
NPDC043247	Bacteria	Actinomycetota	Actinomycetia	Streptomycetales	Streptomycetaceae	Streptomyces	Streptomyces sp.	Streptomyces sp. NPDC043247
NPDC043296	Bacteria	Actinomycetota	Actinomycetia	Streptomycetales	Streptomycetaceae	Streptomyces	Streptomyces californicus	Streptomyces californicus NPDC043296
NPDC043298	Bacteria	Actinomycetota	Actinomycetia	Streptomycetales	Streptomycetaceae	Streptomyces	Streptomyces olivaceoviridis	Streptomyces olivaceoviridis NPDC043298
NPDC043630	Bacteria	Actinomycetota	Actinomycetia	Streptomycetales	Streptomycetaceae	Streptomyces	Streptomyces fradiae	Streptomyces fradiae NPDC043630
NPDC043745	Bacteria	Actinomycetota	Actinomycetia	Streptomycetales	Streptomycetaceae	Streptomyces	Streptomyces sp.	Streptomyces sp. NPDC043745
NPDC043750	Bacteria	Actinomycetota	Actinomycetia	Streptomycetales	Streptomycetaceae	Streptomyces	Streptomyces sp.	Streptomyces sp. NPDC043750
NPDC044144	Bacteria	Actinomycetota	Actinomycetia	Streptomycetales	Streptomycetaceae	Streptomyces	Streptomyces albidoflavus	Streptomyces albidoflavus NPDC044144
NPDC044243	Bacteria	Actinomycetota	Actinomycetia	Streptomycetales	Streptomycetaceae	Streptomyces	Streptomyces albidoflavus	Streptomyces albidoflavus NPDC044243
NPDC044290	Bacteria	Actinomycetota	Actinomycetia	Streptomycetales	Streptomycetaceae	Streptomyces	Streptomyces narbonensis	Streptomyces narbonensis NPDC044290
NPDC044427	Bacteria	Actinomycetota	Actinomycetia	Streptomycetales	Streptomycetaceae	Streptomyces	Streptomyces sp900105755	Streptomyces sp. NPDC044427
NPDC044467	Bacteria	Actinomycetota	Actinomycetia	Streptomycetales	Streptomycetaceae	Streptomyces	Streptomyces goshikiensis	Streptomyces goshikiensis NPDC044467
NPDC044774	Bacteria	Actinomycetota	Actinomycetia	Streptomycetales	Streptomycetaceae	Kitasatospora	Kitasatospora aureofaciens	Kitasatospora aureofaciens NPDC044774
NPDC044793	Bacteria	Actinomycetota	Actinomycetia	Streptomycetales	Streptomycetaceae	Streptomyces	Streptomyces hygroscopicus	Streptomyces hygroscopicus NPDC044793
NPDC044950	Bacteria	Actinomycetota	Actinomycetia	Streptomycetales	Streptomycetaceae	Streptomyces	Streptomyces tanashiensis	Streptomyces tanashiensis NPDC044950
NPDC044953	Bacteria	Actinomycetota	Actinomycetia	Streptomycetales	Streptomycetaceae	Kitasatospora	Kitasatospora aureofaciens	Kitasatospora aureofaciens NPDC044953
NPDC044961	Bacteria	Actinomycetota	Actinomycetia	Streptomycetales	Streptomycetaceae	Streptomyces	Streptomyces xinghaiensis	Streptomyces xinghaiensis NPDC044961
NPDC044965	Bacteria	Actinomycetota	Actinomycetia	Streptomycetales	Streptomycetaceae	Streptomyces	Streptomyces violascens	Streptomyces violascens NPDC044965
NPDC044984	Bacteria	Actinomycetota	Actinomycetia	Streptomycetales	Streptomycetaceae	Streptomyces	Streptomyces sp019049255	Streptomyces sp. NPDC044984
NPDC044989	Bacteria	Actinomycetota	Actinomycetia	Streptomycetales	Streptomycetaceae	Streptomyces	Streptomyces sp000772045	Streptomyces sp. NPDC044989
NPDC044998	Bacteria	Actinomycetota	Actinomycetia	Streptomycetales	Streptomycetaceae	Streptomyces	Streptomyces flaveolus	Streptomyces flaveolus NPDC044998
NPDC045004	Bacteria	Actinomycetota	Actinomycetia	Streptomycetales	Streptomycetaceae	Streptomyces	Streptomyces sp.	Streptomyces sp. NPDC045004
NPDC045119	Bacteria	Actinomycetota	Actinomycetia	Streptomycetales	Streptomycetaceae	Streptomyces	Streptomyces celluloflavus	Streptomyces celluloflavus NPDC045119
NPDC045142	Bacteria	Actinomycetota	Actinomycetia	Streptomycetales	Streptomycetaceae	Streptomyces	Streptomyces rimosus	Streptomyces rimosus NPDC045142
NPDC045161	Bacteria	Actinomycetota	Actinomycetia	Streptomycetales	Streptomycetaceae	Streptomyces	Streptomyces phaeochromogenes	Streptomyces phaeochromogenes NPDC045161
NPDC045187	Bacteria	Actinomycetota	Actinomycetia	Streptomycetales	Streptomycetaceae	Streptomyces	Streptomyces chrestomyceticus	Streptomyces chrestomyceticus NPDC045187
NPDC045190	Bacteria	Actinomycetota	Actinomycetia	Streptomycetales	Streptomycetaceae	Streptomyces	Streptomyces kanamyceticus	Streptomyces kanamyceticus NPDC045190
NPDC045234	Bacteria	Actinomycetota	Actinomycetia	Streptomycetales	Streptomycetaceae	Streptomyces	Streptomyces chrestomyceticus	Streptomyces chrestomyceticus NPDC045234
NPDC045251	Bacteria	Actinomycetota	Actinomycetia	Streptomycetales	Streptomycetaceae	Streptomyces	Streptomyces sp001905385	Streptomyces sp. NPDC045251
NPDC045321	Bacteria	Actinomycetota	Actinomycetia	Streptomycetales	Streptomycetaceae	Streptomyces	Streptomyces sp.	Streptomyces sp. NPDC045321
NPDC045323	Bacteria	Actinomycetota	Actinomycetia	Streptomycetales	Streptomycetaceae	Streptomyces	Streptomyces sp900091725	Streptomyces sp. NPDC045323
NPDC045451	Bacteria	Actinomycetota	Actinomycetia	Streptomycetales	Streptomycetaceae	Streptomyces	Streptomyces chrestomyceticus	Streptomyces chrestomyceticus NPDC045451
NPDC045456	Bacteria	Actinomycetota	Actinomycetia	Streptomycetales	Streptomycetaceae	Streptomyces	Streptomyces sp.	Streptomyces sp. NPDC045456
NPDC045597	Bacteria	Actinomycetota	Actinomycetia	Streptomycetales	Streptomycetaceae	Streptomyces	Streptomyces sp.	Streptomyces sp. NPDC045597
NPDC045604	Bacteria	Actinomycetota	Actinomycetia	Streptomycetales	Streptomycetaceae	Streptomyces	Streptomyces syringium	Streptomyces syringium NPDC045604
NPDC045632	Bacteria	Actinomycetota	Actinomycetia	Streptomycetales	Streptomycetaceae	Streptomyces	Streptomyces sp.	Streptomyces sp. NPDC045632
NPDC045705	Bacteria	Actinomycetota	Actinomycetia	Streptomycetales	Streptomycetaceae	Streptomyces	Streptomyces griseoluteus_A	Streptomyces exfoliatus NPDC045705
NPDC045714	Bacteria	Actinomycetota	Actinomycetia	Streptomycetales	Streptomycetaceae	Streptomyces	Streptomyces sp018619185	Streptomyces sp. NPDC045714
NPDC045749	Bacteria	Actinomycetota	Actinomycetia	Streptomycetales	Streptomycetaceae	Kitasatospora	Kitasatospora aureofaciens	Kitasatospora aureofaciens NPDC045749
NPDC045757	Bacteria	Actinomycetota	Actinomycetia	Streptomycetales	Streptomycetaceae	Streptomyces	Streptomyces chrestomyceticus	Streptomyces chrestomyceticus NPDC045757
NPDC045862	Bacteria	Actinomycetota	Actinomycetia	Streptomycetales	Streptomycetaceae	Streptomyces	Streptomyces varsoviensis	Streptomyces varsoviensis NPDC045862
NPDC045972	Bacteria	Actinomycetota	Actinomycetia	Streptomycetales	Streptomycetaceae	Streptomyces	Streptomyces lydicus	Streptomyces lydicus NPDC045972
NPDC045974	Bacteria	Actinomycetota	Actinomycetia	Streptomycetales	Streptomycetaceae	Streptomyces	Streptomyces narbonensis	Streptomyces narbonensis NPDC045974
NPDC045990	Bacteria	Actinomycetota	Actinomycetia	Streptomycetales	Streptomycetaceae	Kitasatospora	Kitasatospora aureofaciens	Kitasatospora aureofaciens NPDC045990
NPDC046161	Bacteria	Actinomycetota	Actinomycetia	Streptomycetales	Streptomycetaceae	Streptomyces	Streptomyces sp.	Streptomyces sp. NPDC046161
NPDC046182	Bacteria	Actinomycetota	Actinomycetia	Streptomycetales	Streptomycetaceae	Streptomyces	Streptomyces sp.	Streptomyces sp. NPDC046182
NPDC046193	Bacteria	Actinomycetota	Actinomycetia	Streptomycetales	Streptomycetaceae	Streptomyces	Streptomyces longwoodensis	Streptomyces longwoodensis NPDC046193
NPDC046197	Bacteria	Actinomycetota	Actinomycetia	Streptomycetales	Streptomycetaceae	Streptomyces	Streptomyces sp.	Streptomyces sp. NPDC046197
NPDC046203	Bacteria	Actinomycetota	Actinomycetia	Streptomycetales	Streptomycetaceae	Streptomyces	Streptomyces sp.	Streptomyces sp. NPDC046203
NPDC046237	Bacteria	Actinomycetota	Actinomycetia	Streptomycetales	Streptomycetaceae	Streptomyces	Streptomyces sp.	Streptomyces sp. NPDC046237
NPDC046259	Bacteria	Actinomycetota	Actinomycetia	Streptomycetales	Streptomycetaceae	Streptomyces	Streptomyces chrestomyceticus	Streptomyces chrestomyceticus NPDC046259
NPDC046309	Bacteria	Actinomycetota	Actinomycetia	Streptomycetales	Streptomycetaceae	Streptomyces	Streptomyces sp.	Streptomyces sp. NPDC046309
NPDC046316	Bacteria	Actinomycetota	Actinomycetia	Streptomycetales	Streptomycetaceae	Streptomyces	Streptomyces sp.	Streptomyces sp. NPDC046316
NPDC046317	Bacteria	Actinomycetota	Actinomycetia	Streptomycetales	Streptomycetaceae	Streptomyces	Streptomyces sp.	Streptomyces sp. NPDC046317
NPDC046324	Bacteria	Actinomycetota	Actinomycetia	Streptomycetales	Streptomycetaceae	Streptomyces	Streptomyces sp.	Streptomyces sp. NPDC046324
NPDC046332	Bacteria	Actinomycetota	Actinomycetia	Streptomycetales	Streptomycetaceae	Streptomyces	Streptomyces sp.	Streptomyces sp. NPDC046332
NPDC046348	Bacteria	Actinomycetota	Actinomycetia	Streptomycetales	Streptomycetaceae	Streptomyces	Streptomyces sp.	Streptomyces sp. NPDC046348
NPDC046371	Bacteria	Actinomycetota	Actinomycetia	Streptomycetales	Streptomycetaceae	Streptomyces	Streptomyces sp.	Streptomyces sp. NPDC046371
NPDC046374	Bacteria	Actinomycetota	Actinomycetia	Streptomycetales	Streptomycetaceae	Streptomyces	Streptomyces sp.	Streptomyces sp. NPDC046374
NPDC046377	Bacteria	Actinomycetota	Actinomycetia	Streptomycetales	Streptomycetaceae	Streptomyces	Streptomyces albidoflavus	Streptomyces albidoflavus NPDC046377
NPDC046385	Bacteria	Actinomycetota	Actinomycetia	Streptomycetales	Streptomycetaceae	Streptomyces	Streptomyces sp.	Streptomyces sp. NPDC046385
NPDC046409	Bacteria	Actinomycetota	Actinomycetia	Streptomycetales	Streptomycetaceae	Streptomyces	Streptomyces papulosus	Streptomyces sp. NPDC046409
NPDC046559	Bacteria	Actinomycetota	Actinomycetia	Streptomycetales	Streptomycetaceae	Streptomyces	Streptomyces sp.	Streptomyces sp. NPDC046559
NPDC046568	Bacteria	Actinomycetota	Actinomycetia	Streptomycetales	Streptomycetaceae	Streptomyces	Streptomyces virginiae	Streptomyces virginiae NPDC046568
NPDC046628	Bacteria	Actinomycetota	Actinomycetia	Streptomycetales	Streptomycetaceae	Streptomyces	Streptomyces sp900091725	Streptomyces sp. NPDC046628
NPDC046631	Bacteria	Actinomycetota	Actinomycetia	Streptomycetales	Streptomycetaceae	Streptomyces	Streptomyces sp900091725	Streptomyces sp. NPDC046631
NPDC046648	Bacteria	Actinomycetota	Actinomycetia	Streptomycetales	Streptomycetaceae	Streptomyces	Streptomyces sp.	Streptomyces sp. NPDC046648
NPDC046680	Bacteria	Actinomycetota	Actinomycetia	Streptomycetales	Streptomycetaceae	Streptomyces	Streptomyces rubiginosohelvolus	Streptomyces rubiginosohelvolus NPDC046680
NPDC046682	Bacteria	Actinomycetota	Actinomycetia	Streptomycetales	Streptomycetaceae	Streptomyces	Streptomyces rubiginosohelvolus	Streptomyces rubiginosohelvolus NPDC046682
NPDC046691	Bacteria	Actinomycetota	Actinomycetia	Streptomycetales	Streptomycetaceae	Streptomyces	Streptomyces californicus	Streptomyces californicus NPDC046691
NPDC046692	Bacteria	Actinomycetota	Actinomycetia	Streptomycetales	Streptomycetaceae	Streptomyces	Streptomyces marokkonensis	Streptomyces marokkonensis NPDC046692
NPDC046696	Bacteria	Actinomycetota	Actinomycetia	Streptomycetales	Streptomycetaceae	Streptomyces	Streptomyces uncialis	Streptomyces uncialis NPDC046696
NPDC046703	Bacteria	Actinomycetota	Actinomycetia	Streptomycetales	Streptomycetaceae	Streptomyces	Streptomyces wuyuanensis	Streptomyces wuyuanensis NPDC046703
NPDC046706	Bacteria	Actinomycetota	Actinomycetia	Streptomycetales	Streptomycetaceae	Streptomyces	Streptomyces rochei	Streptomyces rochei NPDC046706
NPDC046712	Bacteria	Actinomycetota	Actinomycetia	Streptomycetales	Streptomycetaceae	Streptomyces	Streptomyces sp.	Streptomyces sp. NPDC046712
NPDC046722	Bacteria	Actinomycetota	Actinomycetia	Streptomycetales	Streptomycetaceae	Streptomyces	Streptomyces sp.	Streptomyces sp. NPDC046722
NPDC046729	Bacteria	Actinomycetota	Actinomycetia	Streptomycetales	Streptomycetaceae	Streptomyces	Streptomyces rubiginosohelvolus	Streptomyces rubiginosohelvolus NPDC046729
NPDC046730	Bacteria	Actinomycetota	Actinomycetia	Streptomycetales	Streptomycetaceae	Streptomyces	Streptomyces parvus	Streptomyces parvus NPDC046730
NPDC046740	Bacteria	Actinomycetota	Actinomycetia	Streptomycetales	Streptomycetaceae	Streptomyces	Streptomyces physcomitrii	Streptomyces physcomitrii NPDC046740
NPDC046742	Bacteria	Actinomycetota	Actinomycetia	Streptomycetales	Streptomycetaceae	Streptomyces	Streptomyces albospinus	Streptomyces albospinus NPDC046742
NPDC046751	Bacteria	Actinomycetota	Actinomycetia	Streptomycetales	Streptomycetaceae	Streptomyces	Streptomyces sp900091725	Streptomyces sp. NPDC046751
NPDC046753	Bacteria	Actinomycetota	Actinomycetia	Streptomycetales	Streptomycetaceae	Streptomyces	Streptomyces sp.	Streptomyces sp. NPDC046753
NPDC046759	Bacteria	Actinomycetota	Actinomycetia	Streptomycetales	Streptomycetaceae	Streptomyces	Streptomyces sp.	Streptomyces sp. NPDC046759
NPDC046779	Bacteria	Actinomycetota	Actinomycetia	Streptomycetales	Streptomycetaceae	Streptomyces	Streptomyces sp.	Streptomyces sp. NPDC046779
NPDC046781	Bacteria	Actinomycetota	Actinomycetia	Streptomycetales	Streptomycetaceae	Streptomyces	Streptomyces flaveolus_A	Streptomyces flaveolus NPDC046781
NPDC046787	Bacteria	Actinomycetota	Actinomycetia	Streptomycetales	Streptomycetaceae	Streptomyces	Streptomyces bauhiniae	Streptomyces bauhiniae NPDC046787
NPDC046792	Bacteria	Actinomycetota	Actinomycetia	Streptomycetales	Streptomycetaceae	Streptomyces	Streptomyces apricus	Streptomyces apricus NPDC046792
NPDC046795	Bacteria	Actinomycetota	Actinomycetia	Streptomycetales	Streptomycetaceae	Streptomyces	Streptomyces albospinus	Streptomyces albospinus NPDC046795
NPDC046797	Bacteria	Actinomycetota	Actinomycetia	Streptomycetales	Streptomycetaceae	Streptomyces	Streptomyces sp.	Streptomyces sp. NPDC046797
NPDC046798	Bacteria	Actinomycetota	Actinomycetia	Streptomycetales	Streptomycetaceae	Streptomyces	Streptomyces sp.	Streptomyces sp. NPDC046798
NPDC046804	Bacteria	Actinomycetota	Actinomycetia	Streptomycetales	Streptomycetaceae	Streptomyces	Streptomyces aureus_B	Streptomyces aureus_B NPDC046804
NPDC046805	Bacteria	Actinomycetota	Actinomycetia	Streptomycetales	Streptomycetaceae	Streptomyces	Streptomyces sp.	Streptomyces sp. NPDC046805
NPDC046809	Bacteria	Actinomycetota	Actinomycetia	Streptomycetales	Streptomycetaceae	Streptomyces	Streptomyces sp.	Streptomyces sp. NPDC046809
NPDC046812	Bacteria	Actinomycetota	Actinomycetia	Streptomycetales	Streptomycetaceae	Streptomyces	Streptomyces sp.	Streptomyces sp. NPDC046812
NPDC046821	Bacteria	Actinomycetota	Actinomycetia	Streptomycetales	Streptomycetaceae	Streptomyces	Streptomyces sp.	Streptomyces sp. NPDC046821
NPDC046827	Bacteria	Actinomycetota	Actinomycetia	Streptomycetales	Streptomycetaceae	Streptomyces	Streptomyces tendae	Streptomyces tendae NPDC046827
NPDC046830	Bacteria	Actinomycetota	Actinomycetia	Streptomycetales	Streptomycetaceae	Streptomyces	Streptomyces monashensis	Streptomyces monashensis NPDC046830
NPDC046831	Bacteria	Actinomycetota	Actinomycetia	Streptomycetales	Streptomycetaceae	Streptomyces	Streptomyces sp.	Streptomyces sp. NPDC046831
NPDC046832	Bacteria	Actinomycetota	Actinomycetia	Streptomycetales	Streptomycetaceae	Streptomyces	Streptomyces indiaensis	Streptomyces sp. NPDC046832
NPDC046833	Bacteria	Actinomycetota	Actinomycetia	Streptomycetales	Streptomycetaceae	Streptomyces	Streptomyces alni	Actinacidiphila alni NPDC046833
NPDC046834	Bacteria	Actinomycetota	Actinomycetia	Streptomycetales	Streptomycetaceae	Streptomyces	Streptomyces sp.	Streptomyces sp. NPDC046834
NPDC046835	Bacteria	Actinomycetota	Actinomycetia	Streptomycetales	Streptomycetaceae	Streptomyces	Streptomyces californicus	Streptomyces californicus NPDC046835
NPDC046838	Bacteria	Actinomycetota	Actinomycetia	Streptomycetales	Streptomycetaceae	Streptomyces	Streptomyces atriruber	Streptomyces atriruber NPDC046838
NPDC046847	Bacteria	Actinomycetota	Actinomycetia	Streptomycetales	Streptomycetaceae	Streptomyces	Streptomyces sp.	Streptomyces sp. NPDC046847
NPDC046853	Bacteria	Actinomycetota	Actinomycetia	Streptomycetales	Streptomycetaceae	Streptomyces	Streptomyces sp.	Streptomyces sp. NPDC046853
NPDC046858	Bacteria	Actinomycetota	Actinomycetia	Streptomycetales	Streptomycetaceae	Streptomyces	Streptomyces chartreusis	Streptomyces chartreusis NPDC046858
NPDC046860	Bacteria	Actinomycetota	Actinomycetia	Streptomycetales	Streptomycetaceae	Streptomyces	Streptomyces sp.	Streptomyces sp. NPDC046860
NPDC046861	Bacteria	Actinomycetota	Actinomycetia	Streptomycetales	Streptomycetaceae	Streptomyces	Streptomyces sp.	Streptomyces sp. NPDC046861
NPDC046862	Bacteria	Actinomycetota	Actinomycetia	Streptomycetales	Streptomycetaceae	Streptomyces	Streptomyces sp.	Streptomyces sp. NPDC046862
NPDC046863	Bacteria	Actinomycetota	Actinomycetia	Streptomycetales	Streptomycetaceae	Streptomyces	Streptomyces massasporeus	Streptomyces massasporeus NPDC046863
NPDC046864	Bacteria	Actinomycetota	Actinomycetia	Streptomycetales	Streptomycetaceae	Streptomyces	Streptomyces sp003949805	Streptomyces sp. NPDC046864
NPDC046866	Bacteria	Actinomycetota	Actinomycetia	Streptomycetales	Streptomycetaceae	Streptomyces	Streptomyces sp.	Streptomyces sp. NPDC046866
NPDC046870	Bacteria	Actinomycetota	Actinomycetia	Streptomycetales	Streptomycetaceae	Streptomyces	Streptomyces spinosus	Streptomyces sp. NPDC046870
NPDC046875	Bacteria	Actinomycetota	Actinomycetia	Streptomycetales	Streptomycetaceae	Streptomyces	Streptomyces parvulus	Streptomyces parvulus NPDC046875
NPDC046878	Bacteria	Actinomycetota	Actinomycetia	Streptomycetales	Streptomycetaceae	Streptomyces	Streptomyces actinomycinicus	Streptomyces actinomycinicus NPDC046878
NPDC046885	Bacteria	Actinomycetota	Actinomycetia	Streptomycetales	Streptomycetaceae	Streptomyces	Streptomyces sp.	Streptomyces sp. NPDC046885
NPDC046886	Bacteria	Actinomycetota	Actinomycetia	Streptomycetales	Streptomycetaceae	Streptomyces	Streptomyces parvulus	Streptomyces parvulus NPDC046886
NPDC046888	Bacteria	Actinomycetota	Actinomycetia	Streptomycetales	Streptomycetaceae	Streptomyces	Streptomyces platensis	Streptomyces platensis NPDC046888
NPDC046889	Bacteria	Actinomycetota	Actinomycetia	Streptomycetales	Streptomycetaceae	Streptomyces	Streptomyces californicus	Streptomyces californicus NPDC046889
NPDC046890	Bacteria	Actinomycetota	Actinomycetia	Streptomycetales	Streptomycetaceae	Streptomyces	Streptomyces litmocidini	Streptomyces litmocidini NPDC046890
NPDC046891	Bacteria	Actinomycetota	Actinomycetia	Streptomycetales	Streptomycetaceae	Streptomyces	Streptomyces sp.	Streptomyces sp. NPDC046891
NPDC046894	Bacteria	Actinomycetota	Actinomycetia	Streptomycetales	Streptomycetaceae	Streptomyces	Streptomyces sp.	Streptomyces sp. NPDC046894
NPDC046896	Bacteria	Actinomycetota	Actinomycetia	Streptomycetales	Streptomycetaceae	Streptomyces	Streptomyces sp001687325	Streptomyces sp. NPDC046896
NPDC046897	Bacteria	Actinomycetota	Actinomycetia	Streptomycetales	Streptomycetaceae	Streptomyces	Streptomyces bacillaris	Streptomyces bacillaris NPDC046897
NPDC046898	Bacteria	Actinomycetota	Actinomycetia	Streptomycetales	Streptomycetaceae	Streptomyces	Streptomyces californicus	Streptomyces californicus NPDC046898
NPDC046903	Bacteria	Actinomycetota	Actinomycetia	Streptomycetales	Streptomycetaceae	Streptomyces	Streptomyces albidoflavus	Streptomyces albidoflavus NPDC046903
NPDC046904	Bacteria	Actinomycetota	Actinomycetia	Streptomycetales	Streptomycetaceae	Streptomyces	Streptomyces globisporus	Streptomyces globisporus NPDC046904
NPDC046915	Bacteria	Actinomycetota	Actinomycetia	Streptomycetales	Streptomycetaceae	Streptomyces	Streptomyces sp.	Streptomyces sp. NPDC046915
NPDC046924	Bacteria	Actinomycetota	Actinomycetia	Streptomycetales	Streptomycetaceae	Streptomyces	Streptomyces sp.	Streptomyces sp. NPDC046924
NPDC046926	Bacteria	Actinomycetota	Actinomycetia	Streptomycetales	Streptomycetaceae	Streptomyces	Streptomyces nigra	Streptomyces nigra NPDC046926
NPDC046928	Bacteria	Actinomycetota	Actinomycetia	Streptomycetales	Streptomycetaceae	Streptomyces	Streptomyces sp008973465	Streptomyces sp. NPDC046928
NPDC046931	Bacteria	Actinomycetota	Actinomycetia	Streptomycetales	Streptomycetaceae	Streptomyces	Streptomyces sp.	Streptomyces sp. NPDC046931
NPDC046936	Bacteria	Actinomycetota	Actinomycetia	Streptomycetales	Streptomycetaceae	Streptomyces	Streptomyces sp.	Streptomyces sp. NPDC046936
NPDC046942	Bacteria	Actinomycetota	Actinomycetia	Streptomycetales	Streptomycetaceae	Streptomyces	Streptomyces sp020181035	Streptomyces sp. NPDC046942
NPDC046952	Bacteria	Actinomycetota	Actinomycetia	Streptomycetales	Streptomycetaceae	Streptomyces	Streptomyces sp014253015	Streptomyces sp. NPDC046952
NPDC046954	Bacteria	Actinomycetota	Actinomycetia	Streptomycetales	Streptomycetaceae	Streptomyces	Streptomyces sp.	Streptomyces sp. NPDC046954
NPDC046955	Bacteria	Actinomycetota	Actinomycetia	Streptomycetales	Streptomycetaceae	Streptomyces	Streptomyces spiralis	Streptomyces spiralis NPDC046955
NPDC046957	Bacteria	Actinomycetota	Actinomycetia	Streptomycetales	Streptomycetaceae	Streptomyces	Streptomyces sp000772045	Streptomyces sp. NPDC046957
NPDC046959	Bacteria	Actinomycetota	Actinomycetia	Streptomycetales	Streptomycetaceae	Streptomyces	Streptomyces sp000527195	Streptomyces sp. NPDC046959
NPDC046976	Bacteria	Actinomycetota	Actinomycetia	Streptomycetales	Streptomycetaceae	Streptomyces	Streptomyces sp.	Streptomyces sp. NPDC046976
NPDC046977	Bacteria	Actinomycetota	Actinomycetia	Streptomycetales	Streptomycetaceae	Streptomyces	Streptomyces sp.	Streptomyces sp. NPDC046977
NPDC046978	Bacteria	Actinomycetota	Actinomycetia	Streptomycetales	Streptomycetaceae	Streptomyces	Streptomyces sp.	Streptomyces sp. NPDC046978
NPDC046979	Bacteria	Actinomycetota	Actinomycetia	Streptomycetales	Streptomycetaceae	Streptomyces	Streptomyces sp003947455	Streptomyces sp. NPDC046979
NPDC046980	Bacteria	Actinomycetota	Actinomycetia	Streptomycetales	Streptomycetaceae	Streptomyces	Streptomyces sp.	Streptomyces sp. NPDC046980
NPDC046981	Bacteria	Actinomycetota	Actinomycetia	Streptomycetales	Streptomycetaceae	Streptomyces	Streptomyces seoulensis_A	Streptomyces seoulensis_A NPDC046981
NPDC046984	Bacteria	Actinomycetota	Actinomycetia	Streptomycetales	Streptomycetaceae	Streptomyces	Streptomyces sp.	Streptomyces sp. NPDC046984
NPDC046987	Bacteria	Actinomycetota	Actinomycetia	Streptomycetales	Streptomycetaceae	Streptomyces	Streptomyces albidoflavus	Streptomyces albidoflavus NPDC046987
NPDC046988	Bacteria	Actinomycetota	Actinomycetia	Streptomycetales	Streptomycetaceae	Streptomyces	Streptomyces sp003947455	Streptomyces sp. NPDC046988
NPDC046998	Bacteria	Actinomycetota	Actinomycetia	Streptomycetales	Streptomycetaceae	Streptomyces	Streptomyces albidoflavus	Streptomyces albidoflavus NPDC046998
NPDC047003	Bacteria	Actinomycetota	Actinomycetia	Streptomycetales	Streptomycetaceae	Streptomyces	Streptomyces nigra	Streptomyces nigra NPDC047003
NPDC047008	Bacteria	Actinomycetota	Actinomycetia	Streptomycetales	Streptomycetaceae	Streptomyces	Streptomyces populi	Streptomyces populi NPDC047008
NPDC047009	Bacteria	Actinomycetota	Actinomycetia	Streptomycetales	Streptomycetaceae	Streptomyces	Streptomyces sp.	Streptomyces sp. NPDC047009
NPDC047012	Bacteria	Actinomycetota	Actinomycetia	Streptomycetales	Streptomycetaceae	Streptomyces	Streptomyces rubrogriseus	Streptomyces rubrogriseus NPDC047012
NPDC047013	Bacteria	Actinomycetota	Actinomycetia	Streptomycetales	Streptomycetaceae	Streptomyces	Streptomyces sp002939385	Streptomyces sp. NPDC047013
NPDC047015	Bacteria	Actinomycetota	Actinomycetia	Streptomycetales	Streptomycetaceae	Streptomyces	Streptomyces platensis	Streptomyces platensis NPDC047015
NPDC047017	Bacteria	Actinomycetota	Actinomycetia	Streptomycetales	Streptomycetaceae	Streptomyces	Streptomyces sp.	Streptomyces sp. NPDC047017
NPDC047023	Bacteria	Actinomycetota	Actinomycetia	Streptomycetales	Streptomycetaceae	Streptomyces	Streptomyces sp.	Streptomyces sp. NPDC047023
NPDC047030	Bacteria	Actinomycetota	Actinomycetia	Streptomycetales	Streptomycetaceae	Streptomyces	Streptomyces alni	Actinacidiphila alni NPDC047030
NPDC047042	Bacteria	Actinomycetota	Actinomycetia	Streptomycetales	Streptomycetaceae	Streptomyces	Streptomyces sp.	Streptomyces sp. NPDC047042
NPDC047043	Bacteria	Actinomycetota	Actinomycetia	Streptomycetales	Streptomycetaceae	Streptomyces	Streptomyces sp.	Streptomyces sp. NPDC047043
NPDC047053	Bacteria	Actinomycetota	Actinomycetia	Streptomycetales	Streptomycetaceae	Streptomyces	Streptomyces cellulosae	Streptomyces cellulosae NPDC047053
NPDC047061	Bacteria	Actinomycetota	Actinomycetia	Streptomycetales	Streptomycetaceae	Streptomyces	Streptomyces sp.	Streptomyces sp. NPDC047061
NPDC047065	Bacteria	Actinomycetota	Actinomycetia	Streptomycetales	Streptomycetaceae	Streptomyces	Streptomyces sp003947455	Streptomyces sp. NPDC047065
NPDC047067	Bacteria	Actinomycetota	Actinomycetia	Streptomycetales	Streptomycetaceae	Streptomyces	Streptomyces sp.	Streptomyces sp. NPDC047067
NPDC047068	Bacteria	Actinomycetota	Actinomycetia	Streptomycetales	Streptomycetaceae	Streptomyces	Streptomyces justiciae	Streptomyces justiciae NPDC047068
NPDC047070	Bacteria	Actinomycetota	Actinomycetia	Streptomycetales	Streptomycetaceae	Streptomyces	Streptomyces liliiviolaceus	Streptomyces sp. NPDC047070
NPDC047071	Bacteria	Actinomycetota	Actinomycetia	Streptomycetales	Streptomycetaceae	Streptomyces	Streptomyces sp006088715	Streptomyces sp. NPDC047071
NPDC047072	Bacteria	Actinomycetota	Actinomycetia	Streptomycetales	Streptomycetaceae	Streptomyces	Streptomyces sp.	Streptomyces sp. NPDC047072
NPDC047079	Bacteria	Actinomycetota	Actinomycetia	Streptomycetales	Streptomycetaceae	Streptomyces	Streptomyces sp.	Streptomyces sp. NPDC047079
NPDC047081	Bacteria	Actinomycetota	Actinomycetia	Streptomycetales	Streptomycetaceae	Streptomyces	Streptomyces sp.	Streptomyces sp. NPDC047081
NPDC047082	Bacteria	Actinomycetota	Actinomycetia	Streptomycetales	Streptomycetaceae	Streptomyces	Streptomyces sp.	Streptomyces sp. NPDC047082
NPDC047083	Bacteria	Actinomycetota	Actinomycetia	Streptomycetales	Streptomycetaceae	Streptomyces	Streptomyces bacillaris	Streptomyces bacillaris NPDC047083
NPDC047085	Bacteria	Actinomycetota	Actinomycetia	Streptomycetales	Streptomycetaceae	Streptomyces	Streptomyces sp.	Streptomyces sp. NPDC047085
NPDC047089	Bacteria	Actinomycetota	Actinomycetia	Streptomycetales	Streptomycetaceae	Streptomyces	Streptomyces albidoflavus	Streptomyces albidoflavus NPDC047089
NPDC047096	Bacteria	Actinomycetota	Actinomycetia	Streptomycetales	Streptomycetaceae	Streptomyces	Streptomyces sp.	Streptomyces sp. NPDC047096
NPDC047097	Bacteria	Actinomycetota	Actinomycetia	Streptomycetales	Streptomycetaceae	Streptomyces	Streptomyces lichenis	Streptomyces sp. NPDC047097
NPDC047106	Bacteria	Actinomycetota	Actinomycetia	Streptomycetales	Streptomycetaceae	Streptomyces	Streptomyces sp003947455	Streptomyces sp. NPDC047106
NPDC047107	Bacteria	Actinomycetota	Actinomycetia	Streptomycetales	Streptomycetaceae	Streptomyces	Streptomyces sp.	Streptomyces sp. NPDC047107
NPDC047108	Bacteria	Actinomycetota	Actinomycetia	Streptomycetales	Streptomycetaceae	Streptomyces	Streptomyces sp.	Streptomyces sp. NPDC047108
NPDC047111	Bacteria	Actinomycetota	Actinomycetia	Streptomycetales	Streptomycetaceae	Streptomyces	Streptomyces flaveolus	Streptomyces flaveolus NPDC047111
NPDC047115	Bacteria	Actinomycetota	Actinomycetia	Streptomycetales	Streptomycetaceae	Streptomyces	Streptomyces sp.	Streptomyces sp. NPDC047115
NPDC047119	Bacteria	Actinomycetota	Actinomycetia	Streptomycetales	Streptomycetaceae	Streptomyces	Streptomyces fimicarius	Streptomyces griseus NPDC047119
NPDC047122	Bacteria	Actinomycetota	Actinomycetia	Streptomycetales	Streptomycetaceae	Streptomyces	Streptomyces sp.	Streptomyces sp. NPDC047122
NPDC047130	Bacteria	Actinomycetota	Actinomycetia	Streptomycetales	Streptomycetaceae	Streptomyces	Streptomyces sp.	Streptomyces sp. NPDC047130
NPDC047132	Bacteria	Actinomycetota	Actinomycetia	Streptomycetales	Streptomycetaceae	Streptomyces	Streptomyces xanthochromogenes	Streptomyces xanthochromogenes NPDC047132
NPDC047133	Bacteria	Actinomycetota	Actinomycetia	Streptomycetales	Streptomycetaceae	Streptomyces	Streptomyces californicus	Streptomyces californicus NPDC047133
NPDC047136	Bacteria	Actinomycetota	Actinomycetia	Streptomycetales	Streptomycetaceae	Streptomyces	Streptomyces sp.	Streptomyces sp. NPDC047136
NPDC047143	Bacteria	Actinomycetota	Actinomycetia	Streptomycetales	Streptomycetaceae	Streptomyces	Streptomyces violaceorubidus	Streptomyces violaceorubidus NPDC047143
NPDC047145	Bacteria	Actinomycetota	Actinomycetia	Streptomycetales	Streptomycetaceae	Streptomyces	Streptomyces bacillaris	Streptomyces bacillaris NPDC047145
NPDC047172	Bacteria	Actinomycetota	Actinomycetia	Streptomycetales	Streptomycetaceae	Streptomyces	Streptomyces syringium	Streptomyces syringium NPDC047172
NPDC047188	Bacteria	Actinomycetota	Actinomycetia	Streptomycetales	Streptomycetaceae	Streptomyces	Streptomyces coeruleorubidus	Streptomyces coeruleorubidus NPDC047188
NPDC047191	Bacteria	Actinomycetota	Actinomycetia	Streptomycetales	Streptomycetaceae	Streptomyces	Streptomyces glaucescens	Streptomyces glaucescens NPDC047191
NPDC047211	Bacteria	Actinomycetota	Actinomycetia	Streptomycetales	Streptomycetaceae	Streptomyces	Streptomyces globisporus	Streptomyces globisporus NPDC047211
NPDC047315	Bacteria	Actinomycetota	Actinomycetia	Streptomycetales	Streptomycetaceae	Streptomyces	Streptomyces sp.	Streptomyces sp. NPDC047315
NPDC047328	Bacteria	Actinomycetota	Actinomycetia	Streptomycetales	Streptomycetaceae	Streptomyces	Streptomyces sp.	Streptomyces sp. NPDC047328
NPDC047332	Bacteria	Actinomycetota	Actinomycetia	Streptomycetales	Streptomycetaceae	Streptomyces	Streptomyces sp.	Streptomyces sp. NPDC047332
NPDC047434	Bacteria	Actinomycetota	Actinomycetia	Streptomycetales	Streptomycetaceae	Streptomyces	Streptomyces sp008042125	Streptomyces sp. NPDC047434
NPDC047453	Bacteria	Actinomycetota	Actinomycetia	Streptomycetales	Streptomycetaceae	Streptomyces	Streptomyces sp.	Streptomyces sp. NPDC047453
NPDC047525	Bacteria	Actinomycetota	Actinomycetia	Streptomycetales	Streptomycetaceae	Streptomyces	Streptomyces durmitorensis	Streptomyces sp. NPDC047525
NPDC047540	Bacteria	Actinomycetota	Actinomycetia	Streptomycetales	Streptomycetaceae	Streptomyces	Streptomyces sp002939385	Streptomyces sp. NPDC047540
NPDC047549	Bacteria	Actinomycetota	Actinomycetia	Streptomycetales	Streptomycetaceae	Streptomyces	Streptomyces albus	Streptomyces albus NPDC047549
NPDC047566	Bacteria	Actinomycetota	Actinomycetia	Streptomycetales	Streptomycetaceae	Streptomyces	Streptomyces diacarni	Streptomyces diacarni NPDC047566
NPDC047617	Bacteria	Actinomycetota	Actinomycetia	Streptomycetales	Streptomycetaceae	Streptomyces	Streptomyces venezuelae_B	Streptomyces venezuelae NPDC047617
NPDC047697	Bacteria	Actinomycetota	Actinomycetia	Streptomycetales	Streptomycetaceae	Streptomyces	Streptomyces syringium	Streptomyces syringium NPDC047697
NPDC047699	Bacteria	Actinomycetota	Actinomycetia	Streptomycetales	Streptomycetaceae	Streptomyces	Streptomyces venezuelae_D	Streptomyces venezuelae NPDC047699
NPDC047725	Bacteria	Actinomycetota	Actinomycetia	Streptomycetales	Streptomycetaceae	Streptomyces	Streptomyces sp.	Streptomyces sp. NPDC047725
NPDC047726	Bacteria	Actinomycetota	Actinomycetia	Streptomycetales	Streptomycetaceae	Streptomyces	Streptomyces papulosus	Streptomyces sp. NPDC047726
NPDC047733	Bacteria	Actinomycetota	Actinomycetia	Streptomycetales	Streptomycetaceae	Streptomyces	Streptomyces antimycoticus	Streptomyces antimycoticus NPDC047733
NPDC047745	Bacteria	Actinomycetota	Actinomycetia	Streptomycetales	Streptomycetaceae	Streptomyces	Streptomyces rochei	Streptomyces rochei NPDC047745
NPDC047746	Bacteria	Actinomycetota	Actinomycetia	Streptomycetales	Streptomycetaceae	Streptomyces	Streptomyces massasporeus	Streptomyces massasporeus NPDC047746
NPDC047796	Bacteria	Actinomycetota	Actinomycetia	Streptomycetales	Streptomycetaceae	Streptomyces	Streptomyces tendae	Streptomyces tendae NPDC047796
NPDC047803	Bacteria	Actinomycetota	Actinomycetia	Streptomycetales	Streptomycetaceae	Streptomyces	Streptomyces sp900105515	Streptomyces sp. NPDC047803
NPDC047804	Bacteria	Actinomycetota	Actinomycetia	Streptomycetales	Streptomycetaceae	Streptomyces	Streptomyces papulosus	Streptomyces sp. NPDC047804
NPDC047813	Bacteria	Actinomycetota	Actinomycetia	Streptomycetales	Streptomycetaceae	Streptomyces	Streptomyces sp003259585	Streptomyces sp. NPDC047813
NPDC047821	Bacteria	Actinomycetota	Actinomycetia	Streptomycetales	Streptomycetaceae	Streptomyces	Streptomyces sp004353505	Streptomyces sp. NPDC047821
NPDC047829	Bacteria	Actinomycetota	Actinomycetia	Streptomycetales	Streptomycetaceae	Streptomyces	Streptomyces sp.	Streptomyces sp. NPDC047829
NPDC047834	Bacteria	Actinomycetota	Actinomycetia	Streptomycetales	Streptomycetaceae	Streptomyces	Streptomyces huasconensis	Streptomyces huasconensis NPDC047834
NPDC047841	Bacteria	Actinomycetota	Actinomycetia	Streptomycetales	Streptomycetaceae	Streptomyces	Streptomyces spinosus	Streptomyces sp. NPDC047841
NPDC047847	Bacteria	Actinomycetota	Actinomycetia	Streptomycetales	Streptomycetaceae	Streptomyces	Streptomyces cyaneofuscatus	Streptomyces cyaneofuscatus NPDC047847
NPDC047853	Bacteria	Actinomycetota	Actinomycetia	Streptomycetales	Streptomycetaceae	Streptomyces	Streptomyces sp.	Streptomyces sp. NPDC047853
NPDC047859	Bacteria	Actinomycetota	Actinomycetia	Streptomycetales	Streptomycetaceae	Streptomyces	Streptomyces albidoflavus	Streptomyces albidoflavus NPDC047859
NPDC047869	Bacteria	Actinomycetota	Actinomycetia	Streptomycetales	Streptomycetaceae	Streptomyces	Streptomyces sp.	Streptomyces sp. NPDC047869
NPDC047901	Bacteria	Actinomycetota	Actinomycetia	Streptomycetales	Streptomycetaceae	Streptomyces	Streptomyces niveus	Streptomyces niveus NPDC047901
NPDC047914	Bacteria	Actinomycetota	Actinomycetia	Streptomycetales	Streptomycetaceae	Streptomyces	Streptomyces sparsogenes	Streptomyces sparsogenes NPDC047914
NPDC047967	Bacteria	Actinomycetota	Actinomycetia	Streptomycetales	Streptomycetaceae	Streptomyces	Streptomyces sp001895105	Streptomyces sp. NPDC047967
NPDC047971	Bacteria	Actinomycetota	Actinomycetia	Streptomycetales	Streptomycetaceae	Streptomyces	Streptomyces sp.	Streptomyces sp. NPDC047971
NPDC047974	Bacteria	Actinomycetota	Actinomycetia	Streptomycetales	Streptomycetaceae	Streptomyces	Streptomyces sp.	Streptomyces sp. NPDC047974
NPDC047979	Bacteria	Actinomycetota	Actinomycetia	Streptomycetales	Streptomycetaceae	Streptomyces	Streptomyces fradiae	Streptomyces fradiae NPDC047979
NPDC047981	Bacteria	Actinomycetota	Actinomycetia	Streptomycetales	Streptomycetaceae	Streptomyces	Streptomyces sp.	Streptomyces sp. NPDC047981
NPDC047982	Bacteria	Actinomycetota	Actinomycetia	Streptomycetales	Streptomycetaceae	Streptomyces	Streptomyces sp.	Streptomyces sp. NPDC047982
NPDC047983	Bacteria	Actinomycetota	Actinomycetia	Streptomycetales	Streptomycetaceae	Streptomyces	Streptomyces hirsutus	Streptomyces hirsutus NPDC047983
NPDC047987	Bacteria	Actinomycetota	Actinomycetia	Streptomycetales	Streptomycetaceae	Streptomyces	Streptomyces sp.	Streptomyces sp. NPDC047987
NPDC047990	Bacteria	Actinomycetota	Actinomycetia	Streptomycetales	Streptomycetaceae	Streptomyces	Streptomyces sp008042115	Streptomyces sp. NPDC047990
NPDC047995	Bacteria	Actinomycetota	Actinomycetia	Streptomycetales	Streptomycetaceae	Streptomyces	Streptomyces albidoflavus	Streptomyces albidoflavus NPDC047995
NPDC048001	Bacteria	Actinomycetota	Actinomycetia	Streptomycetales	Streptomycetaceae	Streptomyces	Streptomyces sp024497955	Streptomyces sp. NPDC048001
NPDC048002	Bacteria	Actinomycetota	Actinomycetia	Streptomycetales	Streptomycetaceae	Streptomyces	Streptomyces sp.	Streptomyces sp. NPDC048002
NPDC048013	Bacteria	Actinomycetota	Actinomycetia	Streptomycetales	Streptomycetaceae	Streptomyces	Streptomyces althioticus	Streptomyces althioticus NPDC048013
NPDC048014	Bacteria	Actinomycetota	Actinomycetia	Streptomycetales	Streptomycetaceae	Streptomyces	Streptomyces californicus	Streptomyces californicus NPDC048014
NPDC048018	Bacteria	Actinomycetota	Actinomycetia	Streptomycetales	Streptomycetaceae	Streptomyces	Streptomyces sp.	Streptomyces sp. NPDC048018
NPDC048045	Bacteria	Actinomycetota	Actinomycetia	Streptomycetales	Streptomycetaceae	Streptomyces	Streptomyces sp.	Streptomyces sp. NPDC048045
NPDC048050	Bacteria	Actinomycetota	Actinomycetia	Streptomycetales	Streptomycetaceae	Streptomyces	Streptomyces albidoflavus	Streptomyces albidoflavus NPDC048050
NPDC048075	Bacteria	Actinomycetota	Actinomycetia	Streptomycetales	Streptomycetaceae	Streptomyces	Streptomyces tendae	Streptomyces tendae NPDC048075
NPDC048111	Bacteria	Actinomycetota	Actinomycetia	Streptomycetales	Streptomycetaceae	Streptomyces	Streptomyces sp.	Streptomyces sp. NPDC048111
NPDC048122	Bacteria	Actinomycetota	Actinomycetia	Streptomycetales	Streptomycetaceae	Streptomyces	Streptomyces fumanus	Streptomyces fumanus NPDC048122
NPDC048128	Bacteria	Actinomycetota	Actinomycetia	Streptomycetales	Streptomycetaceae	Streptomyces	Streptomyces decoyicus	Streptomyces decoyicus NPDC048128
NPDC048131	Bacteria	Actinomycetota	Actinomycetia	Streptomycetales	Streptomycetaceae	Streptomyces	Streptomyces werraensis	Streptomyces werraensis NPDC048131
NPDC048132	Bacteria	Actinomycetota	Actinomycetia	Streptomycetales	Streptomycetaceae	Streptomyces	Streptomyces massasporeus	Streptomyces massasporeus NPDC048132
NPDC048142	Bacteria	Actinomycetota	Actinomycetia	Streptomycetales	Streptomycetaceae	Streptomyces	Streptomyces sp.	Streptomyces sp. NPDC048142
NPDC048152	Bacteria	Actinomycetota	Actinomycetia	Streptomycetales	Streptomycetaceae	Streptomyces	Streptomyces luteogriseus	Streptomyces luteogriseus NPDC048152
NPDC048153	Bacteria	Actinomycetota	Actinomycetia	Streptomycetales	Streptomycetaceae	Streptomyces	Streptomyces luteogriseus	Streptomyces luteogriseus NPDC048153
NPDC048155	Bacteria	Actinomycetota	Actinomycetia	Streptomycetales	Streptomycetaceae	Streptomyces	Streptomyces sp.	Streptomyces sp. NPDC048155
NPDC048156	Bacteria	Actinomycetota	Actinomycetia	Streptomycetales	Streptomycetaceae	Streptomyces	Streptomyces sp.	Streptomyces sp. NPDC048156
NPDC048157	Bacteria	Actinomycetota	Actinomycetia	Streptomycetales	Streptomycetaceae	Streptomyces	Streptomyces sp900091725	Streptomyces sp. NPDC048157
NPDC048160	Bacteria	Actinomycetota	Actinomycetia	Streptomycetales	Streptomycetaceae	Streptomyces	Streptomyces griseofuscus	Streptomyces griseofuscus NPDC048160
NPDC048161	Bacteria	Actinomycetota	Actinomycetia	Streptomycetales	Streptomycetaceae	Streptomyces	Streptomyces sp900091725	Streptomyces sp. NPDC048161
NPDC048171	Bacteria	Actinomycetota	Actinomycetia	Streptomycetales	Streptomycetaceae	Streptomyces	Streptomyces sp003947455	Streptomyces sp. NPDC048171
NPDC048177	Bacteria	Actinomycetota	Actinomycetia	Streptomycetales	Streptomycetaceae	Streptomyces	Streptomyces parvulus	Streptomyces parvulus NPDC048177
NPDC048178	Bacteria	Actinomycetota	Actinomycetia	Streptomycetales	Streptomycetaceae	Streptomyces	Streptomyces wuyuanensis	Streptomyces wuyuanensis NPDC048178
NPDC048179	Bacteria	Actinomycetota	Actinomycetia	Streptomycetales	Streptomycetaceae	Streptomyces	Streptomyces sp.	Streptomyces sp. NPDC048179
NPDC048182	Bacteria	Actinomycetota	Actinomycetia	Streptomycetales	Streptomycetaceae	Streptomyces	Streptomyces sp.	Streptomyces sp. NPDC048182
NPDC048183	Bacteria	Actinomycetota	Actinomycetia	Streptomycetales	Streptomycetaceae	Streptomyces	Streptomyces tendae	Streptomyces tendae NPDC048183
NPDC048184	Bacteria	Actinomycetota	Actinomycetia	Streptomycetales	Streptomycetaceae	Streptomyces	Streptomyces rochei	Streptomyces rochei NPDC048184
NPDC048185	Bacteria	Actinomycetota	Actinomycetia	Streptomycetales	Streptomycetaceae	Streptomyces	Streptomyces sp.	Streptomyces sp. NPDC048185
NPDC048187	Bacteria	Actinomycetota	Actinomycetia	Streptomycetales	Streptomycetaceae	Streptomyces	Streptomyces sp004364245	Streptomyces sp. NPDC048187
NPDC048194	Bacteria	Actinomycetota	Actinomycetia	Streptomycetales	Streptomycetaceae	Kitasatospora	Kitasatospora sp.	Kitasatospora sp. NPDC048194
NPDC048196	Bacteria	Actinomycetota	Actinomycetia	Streptomycetales	Streptomycetaceae	Streptomyces	Streptomyces sp000720175	Streptomyces sp. NPDC048196
NPDC048197	Bacteria	Actinomycetota	Actinomycetia	Streptomycetales	Streptomycetaceae	Streptomyces	Streptomyces sp000720175	Streptomyces sp. NPDC048197
NPDC048199	Bacteria	Actinomycetota	Actinomycetia	Streptomycetales	Streptomycetaceae	Streptomyces	Streptomyces antibioticus_B	Streptomyces antibioticus NPDC048199
NPDC048200	Bacteria	Actinomycetota	Actinomycetia	Streptomycetales	Streptomycetaceae	Streptomyces	Streptomyces sp002078175	Streptomyces sp. NPDC048200
NPDC048201	Bacteria	Actinomycetota	Actinomycetia	Streptomycetales	Streptomycetaceae	Streptomyces	Streptomyces sp019090105	Streptomyces sp. NPDC048201
NPDC048202	Bacteria	Actinomycetota	Actinomycetia	Streptomycetales	Streptomycetaceae	Streptomyces	Streptomyces sp.	Streptomyces sp. NPDC048202
NPDC048208	Bacteria	Actinomycetota	Actinomycetia	Streptomycetales	Streptomycetaceae	Streptomyces	Streptomyces sp019090105	Streptomyces sp. NPDC048208
NPDC048210	Bacteria	Actinomycetota	Actinomycetia	Streptomycetales	Streptomycetaceae	Streptomyces	Streptomyces papulosus	Streptomyces sp. NPDC048210
NPDC048211	Bacteria	Actinomycetota	Actinomycetia	Streptomycetales	Streptomycetaceae	Streptomyces	Streptomyces sp.	Streptomyces sp. NPDC048211
NPDC048212	Bacteria	Actinomycetota	Actinomycetia	Streptomycetales	Streptomycetaceae	Streptomyces	Streptomyces papulosus	Streptomyces sp. NPDC048212
NPDC048213	Bacteria	Actinomycetota	Actinomycetia	Streptomycetales	Streptomycetaceae	Streptomyces	Streptomyces sp900105515	Streptomyces sp. NPDC048213
NPDC048214	Bacteria	Actinomycetota	Actinomycetia	Streptomycetales	Streptomycetaceae	Streptomyces	Streptomyces papulosus	Kitasatospora papulosa NPDC048214
NPDC048219	Bacteria	Actinomycetota	Actinomycetia	Streptomycetales	Streptomycetaceae	Streptomyces	Streptomyces sp.	Streptomyces sp. NPDC048219
NPDC048223	Bacteria	Actinomycetota	Actinomycetia	Streptomycetales	Streptomycetaceae	Streptomyces	Streptomyces cellulosae	Streptomyces cellulosae NPDC048223
NPDC048224	Bacteria	Actinomycetota	Actinomycetia	Streptomycetales	Streptomycetaceae	Streptomyces	Streptomyces sp004364245	Streptomyces sp. NPDC048224
NPDC048225	Bacteria	Actinomycetota	Actinomycetia	Streptomycetales	Streptomycetaceae	Streptomyces	Streptomyces sp004364245	Streptomyces sp. NPDC048225
NPDC048226	Bacteria	Actinomycetota	Actinomycetia	Streptomycetales	Streptomycetaceae	Streptomyces	Streptomyces tendae	Streptomyces tendae NPDC048226
NPDC048227	Bacteria	Actinomycetota	Actinomycetia	Streptomycetales	Streptomycetaceae	Streptomyces	Streptomyces nigra	Streptomyces nigra NPDC048227
NPDC048228	Bacteria	Actinomycetota	Actinomycetia	Streptomycetales	Streptomycetaceae	Streptomyces	Streptomyces antibioticus_B	Streptomyces antibioticus NPDC048228
NPDC048229	Bacteria	Actinomycetota	Actinomycetia	Streptomycetales	Streptomycetaceae	Streptomyces	Streptomyces omiyaensis	Streptomyces omiyaensis NPDC048229
NPDC048230	Bacteria	Actinomycetota	Actinomycetia	Streptomycetales	Streptomycetaceae	Streptomyces	Streptomyces cellulosae	Streptomyces cellulosae NPDC048230
NPDC048231	Bacteria	Actinomycetota	Actinomycetia	Streptomycetales	Streptomycetaceae	Streptomyces	Streptomyces sp001507435	Streptomyces sp. NPDC048231
NPDC048232	Bacteria	Actinomycetota	Actinomycetia	Streptomycetales	Streptomycetaceae	Streptomyces	Streptomyces sp003947455	Streptomyces sp. NPDC048232
NPDC048233	Bacteria	Actinomycetota	Actinomycetia	Streptomycetales	Streptomycetaceae	Streptomyces	Streptomyces griseoincarnatus	Streptomyces griseoincarnatus NPDC048233
NPDC048235	Bacteria	Actinomycetota	Actinomycetia	Streptomycetales	Streptomycetaceae	Streptomyces	Streptomyces papulosus	Kitasatospora papulosa NPDC048235
NPDC048237	Bacteria	Actinomycetota	Actinomycetia	Streptomycetales	Streptomycetaceae	Streptomyces	Streptomyces tendae	Streptomyces tendae NPDC048237
NPDC048238	Bacteria	Actinomycetota	Actinomycetia	Streptomycetales	Streptomycetaceae	Streptomyces	Streptomyces tendae	Streptomyces tendae NPDC048238
NPDC048239	Bacteria	Actinomycetota	Actinomycetia	Streptomycetales	Streptomycetaceae	Kitasatospora	Kitasatospora sp.	Kitasatospora sp. NPDC048239
NPDC048241	Bacteria	Actinomycetota	Actinomycetia	Streptomycetales	Streptomycetaceae	Streptomyces	Streptomyces sp.	Streptomyces sp. NPDC048241
NPDC048242	Bacteria	Actinomycetota	Actinomycetia	Streptomycetales	Streptomycetaceae	Streptomyces	Streptomyces sp009863025	Streptomyces sp. NPDC048242
NPDC048243	Bacteria	Actinomycetota	Actinomycetia	Streptomycetales	Streptomycetaceae	Streptomyces	Streptomyces sp002078175	Streptomyces sp. NPDC048243
NPDC048248	Bacteria	Actinomycetota	Actinomycetia	Streptomycetales	Streptomycetaceae	Streptomyces	Streptomyces sp.	Streptomyces sp. NPDC048248
NPDC048251	Bacteria	Actinomycetota	Actinomycetia	Streptomycetales	Streptomycetaceae	Streptomyces	Streptomyces sp001298545	Streptomyces sp. NPDC048251
NPDC048252	Bacteria	Actinomycetota	Actinomycetia	Streptomycetales	Streptomycetaceae	Streptomyces	Streptomyces sp001298545	Streptomyces sp. NPDC048252
NPDC048255	Bacteria	Actinomycetota	Actinomycetia	Streptomycetales	Streptomycetaceae	Streptomyces	Streptomyces sp.	Streptomyces sp. NPDC048255
NPDC048256	Bacteria	Actinomycetota	Actinomycetia	Streptomycetales	Streptomycetaceae	Streptomyces	Streptomyces sp001298545	Streptomyces sp. NPDC048256
NPDC048257	Bacteria	Actinomycetota	Actinomycetia	Streptomycetales	Streptomycetaceae	Streptomyces	Streptomyces sp.	Streptomyces sp. NPDC048257
NPDC048267	Bacteria	Actinomycetota	Actinomycetia	Streptomycetales	Streptomycetaceae	Streptomyces	Streptomyces sp.	Streptomyces sp. NPDC048267
NPDC048270	Bacteria	Actinomycetota	Actinomycetia	Streptomycetales	Streptomycetaceae	Streptomyces	Streptomyces sp.	Streptomyces sp. NPDC048270
NPDC048272	Bacteria	Actinomycetota	Actinomycetia	Streptomycetales	Streptomycetaceae	Streptomyces	Streptomyces sp.	Streptomyces sp. NPDC048272
NPDC048273	Bacteria	Actinomycetota	Actinomycetia	Streptomycetales	Streptomycetaceae	Streptomyces	Streptomyces canus	Streptomyces canus NPDC048273
NPDC048274	Bacteria	Actinomycetota	Actinomycetia	Streptomycetales	Streptomycetaceae	Streptomyces	Streptomyces griseoloalbus	Streptomyces griseoloalbus NPDC048274
NPDC048277	Bacteria	Actinomycetota	Actinomycetia	Streptomycetales	Streptomycetaceae	Streptomyces	Streptomyces sp.	Streptomyces sp. NPDC048277
NPDC048279	Bacteria	Actinomycetota	Actinomycetia	Streptomycetales	Streptomycetaceae	Streptomyces	Streptomyces sp.	Streptomyces sp. NPDC048279
NPDC048281	Bacteria	Actinomycetota	Actinomycetia	Streptomycetales	Streptomycetaceae	Streptomyces	Streptomyces sp.	Streptomyces sp. NPDC048281
NPDC048282	Bacteria	Actinomycetota	Actinomycetia	Streptomycetales	Streptomycetaceae	Streptomyces	Streptomyces sp.	Streptomyces sp. NPDC048282
NPDC048285	Bacteria	Actinomycetota	Actinomycetia	Streptomycetales	Streptomycetaceae	Streptomyces	Streptomyces adustus	Streptomyces adustus NPDC048285
NPDC048288	Bacteria	Actinomycetota	Actinomycetia	Streptomycetales	Streptomycetaceae	Streptomyces	Streptomyces sp.	Streptomyces sp. NPDC048288
NPDC048295	Bacteria	Actinomycetota	Actinomycetia	Streptomycetales	Streptomycetaceae	Streptomyces	Streptomyces sp.	Streptomyces sp. NPDC048295
NPDC048297	Bacteria	Actinomycetota	Actinomycetia	Streptomycetales	Streptomycetaceae	Streptomyces	Streptomyces sp.	Streptomyces sp. NPDC048297
NPDC048298	Bacteria	Actinomycetota	Actinomycetia	Streptomycetales	Streptomycetaceae	Kitasatospora	Kitasatospora sp.	Kitasatospora sp. NPDC048298
NPDC048304	Bacteria	Actinomycetota	Actinomycetia	Streptomycetales	Streptomycetaceae	Streptomyces	Streptomyces sp.	Streptomyces sp. NPDC048304
NPDC048305	Bacteria	Actinomycetota	Actinomycetia	Streptomycetales	Streptomycetaceae	Streptomyces	Streptomyces sp.	Streptomyces sp. NPDC048305
NPDC048306	Bacteria	Actinomycetota	Actinomycetia	Streptomycetales	Streptomycetaceae	Streptomyces	Streptomyces sp000772045	Streptomyces sp. NPDC048306
NPDC048309	Bacteria	Actinomycetota	Actinomycetia	Streptomycetales	Streptomycetaceae	Streptomyces	Streptomyces sp.	Streptomyces sp. NPDC048309
NPDC048315	Bacteria	Actinomycetota	Actinomycetia	Streptomycetales	Streptomycetaceae	Streptomyces	Streptomyces achromogenes	Streptomyces achromogenes NPDC048315
NPDC048317	Bacteria	Actinomycetota	Actinomycetia	Streptomycetales	Streptomycetaceae	Streptomyces	Streptomyces sioyaensis	Streptomyces sioyaensis NPDC048317
NPDC048330	Bacteria	Actinomycetota	Actinomycetia	Streptomycetales	Streptomycetaceae	Streptomyces	Streptomyces sp.	Streptomyces sp. NPDC048330
NPDC048331	Bacteria	Actinomycetota	Actinomycetia	Streptomycetales	Streptomycetaceae	Streptomyces	Streptomyces sp.	Streptomyces sp. NPDC048331
NPDC048332	Bacteria	Actinomycetota	Actinomycetia	Streptomycetales	Streptomycetaceae	Streptomyces	Streptomyces sp.	Streptomyces sp. NPDC048332
NPDC048335	Bacteria	Actinomycetota	Actinomycetia	Streptomycetales	Streptomycetaceae	Streptomyces	Streptomyces zaomyceticus	Streptomyces zaomyceticus NPDC048335
NPDC048337	Bacteria	Actinomycetota	Actinomycetia	Streptomycetales	Streptomycetaceae	Streptomyces	Streptomyces sp.	Streptomyces sp. NPDC048337
NPDC048338	Bacteria	Actinomycetota	Actinomycetia	Streptomycetales	Streptomycetaceae	Streptomyces	Streptomyces sp008042125	Streptomyces sp. NPDC048338
NPDC048339	Bacteria	Actinomycetota	Actinomycetia	Streptomycetales	Streptomycetaceae	Streptomyces	Streptomyces zaomyceticus	Streptomyces zaomyceticus NPDC048339
NPDC048340	Bacteria	Actinomycetota	Actinomycetia	Streptomycetales	Streptomycetaceae	Streptomyces	Streptomyces sp.	Streptomyces sp. NPDC048340
NPDC048341	Bacteria	Actinomycetota	Actinomycetia	Streptomycetales	Streptomycetaceae	Streptomyces	Streptomyces shenzhenensis	Streptomyces sp. NPDC048341
NPDC048342	Bacteria	Actinomycetota	Actinomycetia	Streptomycetales	Streptomycetaceae	Streptomyces	Streptomyces shenzhenensis	Streptomyces sp. NPDC048342
NPDC048343	Bacteria	Actinomycetota	Actinomycetia	Streptomycetales	Streptomycetaceae	Kitasatospora	Kitasatospora sp.	Kitasatospora sp. NPDC048343
NPDC048345	Bacteria	Actinomycetota	Actinomycetia	Streptomycetales	Streptomycetaceae	Streptomyces	Streptomyces mirabilis	Streptomyces mirabilis NPDC048345
NPDC048350	Bacteria	Actinomycetota	Actinomycetia	Streptomycetales	Streptomycetaceae	Streptomyces	Streptomyces sp.	Streptomyces sp. NPDC048350
NPDC048352	Bacteria	Actinomycetota	Actinomycetia	Streptomycetales	Streptomycetaceae	Streptomyces	Streptomyces sp.	Streptomyces sp. NPDC048352
NPDC048355	Bacteria	Actinomycetota	Actinomycetia	Streptomycetales	Streptomycetaceae	Streptomyces	Streptomyces massasporeus	Streptomyces massasporeus NPDC048355
NPDC048357	Bacteria	Actinomycetota	Actinomycetia	Streptomycetales	Streptomycetaceae	Streptomyces	Streptomyces sp000720115	Streptomyces sp. NPDC048357
NPDC048359	Bacteria	Actinomycetota	Actinomycetia	Streptomycetales	Streptomycetaceae	Streptomyces	Streptomyces xanthophaeus	Streptomyces xanthophaeus NPDC048359
NPDC048360	Bacteria	Actinomycetota	Actinomycetia	Streptomycetales	Streptomycetaceae	Streptomyces	Streptomyces sp.	Streptomyces sp. NPDC048360
NPDC048361	Bacteria	Actinomycetota	Actinomycetia	Streptomycetales	Streptomycetaceae	Streptomyces	Streptomyces sp.	Streptomyces sp. NPDC048361
NPDC048362	Bacteria	Actinomycetota	Actinomycetia	Streptomycetales	Streptomycetaceae	Streptomyces	Streptomyces sp.	Streptomyces sp. NPDC048362
NPDC048365	Bacteria	Actinomycetota	Actinomycetia	Streptomycetales	Streptomycetaceae	Kitasatospora	Kitasatospora sp.	Kitasatospora sp. NPDC048365
NPDC048370	Bacteria	Actinomycetota	Actinomycetia	Streptomycetales	Streptomycetaceae	Streptomyces	Streptomyces sp.	Streptomyces sp. NPDC048370
NPDC048372	Bacteria	Actinomycetota	Actinomycetia	Streptomycetales	Streptomycetaceae	Streptomyces	Streptomyces massasporeus	Streptomyces massasporeus NPDC048372
NPDC048373	Bacteria	Actinomycetota	Actinomycetia	Streptomycetales	Streptomycetaceae	Streptomyces	Streptomyces rubiginosohelvolus	Streptomyces rubiginosohelvolus NPDC048373
NPDC048374	Bacteria	Actinomycetota	Actinomycetia	Streptomycetales	Streptomycetaceae	Streptomyces	Streptomyces sp002939385	Streptomyces sp. NPDC048374
NPDC048375	Bacteria	Actinomycetota	Actinomycetia	Streptomycetales	Streptomycetaceae	Streptomyces	Streptomyces chartreusis	Streptomyces chartreusis NPDC048375
NPDC048376	Bacteria	Actinomycetota	Actinomycetia	Streptomycetales	Streptomycetaceae	Streptomyces	Streptomyces sp002939385	Streptomyces sp. NPDC048376
NPDC048378	Bacteria	Actinomycetota	Actinomycetia	Streptomycetales	Streptomycetaceae	Streptomyces	Streptomyces sp.	Streptomyces sp. NPDC048378
NPDC048379	Bacteria	Actinomycetota	Actinomycetia	Streptomycetales	Streptomycetaceae	Streptomyces	Streptomyces xanthophaeus	Streptomyces xanthophaeus NPDC048379
NPDC048380	Bacteria	Actinomycetota	Actinomycetia	Streptomycetales	Streptomycetaceae	Streptomyces	Streptomyces subrutilus_A	Streptomyces subrutilus NPDC048380
NPDC048385	Bacteria	Actinomycetota	Actinomycetia	Streptomycetales	Streptomycetaceae	Streptomyces	Streptomyces shenzhenensis	Streptomyces sp. NPDC048385
NPDC048386	Bacteria	Actinomycetota	Actinomycetia	Streptomycetales	Streptomycetaceae	Streptomyces	Streptomyces shenzhenensis	Streptomyces sp. NPDC048386
NPDC048387	Bacteria	Actinomycetota	Actinomycetia	Streptomycetales	Streptomycetaceae	Streptomyces	Streptomyces sp.	Streptomyces sp. NPDC048387
NPDC048388	Bacteria	Actinomycetota	Actinomycetia	Streptomycetales	Streptomycetaceae	Streptomyces	Streptomyces pseudovenezuelae	Streptomyces pseudovenezuelae NPDC048388
NPDC048389	Bacteria	Actinomycetota	Actinomycetia	Streptomycetales	Streptomycetaceae	Streptomyces	Streptomyces sp.	Streptomyces sp. NPDC048389
NPDC048392	Bacteria	Actinomycetota	Actinomycetia	Streptomycetales	Streptomycetaceae	Streptomyces	Streptomyces sp.	Streptomyces sp. NPDC048392
NPDC048396	Bacteria	Actinomycetota	Actinomycetia	Streptomycetales	Streptomycetaceae	Streptomyces	Streptomyces wuyuanensis	Streptomyces wuyuanensis NPDC048396
NPDC048398	Bacteria	Actinomycetota	Actinomycetia	Streptomycetales	Streptomycetaceae	Streptomyces	Streptomyces harbinensis	Streptomyces harbinensis NPDC048398
NPDC048399	Bacteria	Actinomycetota	Actinomycetia	Streptomycetales	Streptomycetaceae	Streptomyces	Streptomyces sp.	Streptomyces sp. NPDC048399
NPDC048403	Bacteria	Actinomycetota	Actinomycetia	Streptomycetales	Streptomycetaceae	Streptomyces	Streptomyces prunicolor	Streptomyces prunicolor NPDC048403
NPDC048404	Bacteria	Actinomycetota	Actinomycetia	Streptomycetales	Streptomycetaceae	Streptomyces	Streptomyces sp.	Streptomyces sp. NPDC048404
NPDC048405	Bacteria	Actinomycetota	Actinomycetia	Streptomycetales	Streptomycetaceae	Streptomyces	Streptomyces sp000772045	Streptomyces sp. NPDC048405
NPDC048407	Bacteria	Actinomycetota	Actinomycetia	Streptomycetales	Streptomycetaceae	Kitasatospora	Kitasatospora sp.	Kitasatospora sp. NPDC048407
NPDC048408	Bacteria	Actinomycetota	Actinomycetia	Streptomycetales	Streptomycetaceae	Kitasatospora	Kitasatospora sp.	Kitasatospora sp. NPDC048408
NPDC048409	Bacteria	Actinomycetota	Actinomycetia	Streptomycetales	Streptomycetaceae	Streptomyces	Streptomyces sp.	Streptomyces sp. NPDC048409
NPDC048410	Bacteria	Actinomycetota	Actinomycetia	Streptomycetales	Streptomycetaceae	Streptomyces	Streptomyces sp.	Streptomyces sp. NPDC048410
NPDC048412	Bacteria	Actinomycetota	Actinomycetia	Streptomycetales	Streptomycetaceae	Streptomyces	Streptomyces massasporeus	Streptomyces massasporeus NPDC048412
NPDC048413	Bacteria	Actinomycetota	Actinomycetia	Streptomycetales	Streptomycetaceae	Streptomyces	Streptomyces sp.	Streptomyces sp. NPDC048413
NPDC048415	Bacteria	Actinomycetota	Actinomycetia	Streptomycetales	Streptomycetaceae	Streptomyces	Streptomyces sp.	Streptomyces sp. NPDC048415
NPDC048416	Bacteria	Actinomycetota	Actinomycetia	Streptomycetales	Streptomycetaceae	Streptomyces	Streptomyces sp.	Streptomyces sp. NPDC048416
NPDC048419	Bacteria	Actinomycetota	Actinomycetia	Streptomycetales	Streptomycetaceae	Streptomyces	Streptomyces sp.	Streptomyces sp. NPDC048419
NPDC048421	Bacteria	Actinomycetota	Actinomycetia	Streptomycetales	Streptomycetaceae	Streptomyces	Streptomyces libani	Streptomyces libani NPDC048421
NPDC048423	Bacteria	Actinomycetota	Actinomycetia	Streptomycetales	Streptomycetaceae	Streptomyces	Streptomyces goshikiensis	Streptomyces goshikiensis NPDC048423
NPDC048424	Bacteria	Actinomycetota	Actinomycetia	Streptomycetales	Streptomycetaceae	Streptomyces	Streptomyces sp000720115	Streptomyces sp. NPDC048424
NPDC048426	Bacteria	Actinomycetota	Actinomycetia	Streptomycetales	Streptomycetaceae	Streptomyces	Streptomyces goshikiensis	Streptomyces goshikiensis NPDC048426
NPDC048428	Bacteria	Actinomycetota	Actinomycetia	Streptomycetales	Streptomycetaceae	Streptomyces	Streptomyces sp.	Streptomyces sp. NPDC048428
NPDC048436	Bacteria	Actinomycetota	Actinomycetia	Streptomycetales	Streptomycetaceae	Streptomyces	Streptomyces sp.	Streptomyces sp. NPDC048436
NPDC048437	Bacteria	Actinomycetota	Actinomycetia	Streptomycetales	Streptomycetaceae	Streptomyces	Streptomyces canus	Streptomyces canus NPDC048437
NPDC048438	Bacteria	Actinomycetota	Actinomycetia	Streptomycetales	Streptomycetaceae	Streptomyces	Streptomyces sp.	Streptomyces sp. NPDC048438
NPDC048441	Bacteria	Actinomycetota	Actinomycetia	Streptomycetales	Streptomycetaceae	Streptomyces	Streptomyces sp.	Streptomyces sp. NPDC048441
NPDC048442	Bacteria	Actinomycetota	Actinomycetia	Streptomycetales	Streptomycetaceae	Streptomyces	Streptomyces sp.	Streptomyces sp. NPDC048442
NPDC048444	Bacteria	Actinomycetota	Actinomycetia	Streptomycetales	Streptomycetaceae	Streptomyces	Streptomyces brevispora	Streptomyces brevispora NPDC048444
NPDC048445	Bacteria	Actinomycetota	Actinomycetia	Streptomycetales	Streptomycetaceae	Streptomyces	Streptomyces sp001905365	Streptomyces sp. NPDC048445
NPDC048447	Bacteria	Actinomycetota	Actinomycetia	Streptomycetales	Streptomycetaceae	Streptomyces	Streptomyces fagopyri	Streptomyces fagopyri NPDC048447
NPDC048448	Bacteria	Actinomycetota	Actinomycetia	Streptomycetales	Streptomycetaceae	Streptomyces	Streptomyces sp012273515	Streptomyces sp. NPDC048448
NPDC048453	Bacteria	Actinomycetota	Actinomycetia	Streptomycetales	Streptomycetaceae	Streptomyces	Streptomyces olivochromogenes	Streptomyces mirabilis NPDC048453
NPDC048472	Bacteria	Actinomycetota	Actinomycetia	Streptomycetales	Streptomycetaceae	Streptomyces	Streptomyces goshikiensis	Streptomyces goshikiensis NPDC048472
NPDC048473	Bacteria	Actinomycetota	Actinomycetia	Streptomycetales	Streptomycetaceae	Streptomyces	Streptomyces sp.	Streptomyces sp. NPDC048473
NPDC048476	Bacteria	Actinomycetota	Actinomycetia	Streptomycetales	Streptomycetaceae	Streptomyces	Streptomyces canus	Streptomyces canus NPDC048476
NPDC048479	Bacteria	Actinomycetota	Actinomycetia	Streptomycetales	Streptomycetaceae	Streptomyces	Streptomyces sp.	Streptomyces sp. NPDC048479
NPDC048481	Bacteria	Actinomycetota	Actinomycetia	Streptomycetales	Streptomycetaceae	Streptomyces	Streptomyces sp.	Streptomyces sp. NPDC048481
NPDC048483	Bacteria	Actinomycetota	Actinomycetia	Streptomycetales	Streptomycetaceae	Streptomyces	Streptomyces sp.	Streptomyces sp. NPDC048483
NPDC048484	Bacteria	Actinomycetota	Actinomycetia	Streptomycetales	Streptomycetaceae	Streptomyces	Streptomyces sp.	Streptomyces sp. NPDC048484
NPDC048489	Bacteria	Actinomycetota	Actinomycetia	Streptomycetales	Streptomycetaceae	Streptomyces	Streptomyces sp008042115	Streptomyces sp. NPDC048489
NPDC048504	Bacteria	Actinomycetota	Actinomycetia	Streptomycetales	Streptomycetaceae	Streptomyces	Streptomyces sp.	Streptomyces sp. NPDC048504
NPDC048506	Bacteria	Actinomycetota	Actinomycetia	Streptomycetales	Streptomycetaceae	Streptomyces	Streptomyces sp.	Streptomyces sp. NPDC048506
NPDC048507	Bacteria	Actinomycetota	Actinomycetia	Streptomycetales	Streptomycetaceae	Streptomyces	Streptomyces sp.	Streptomyces sp. NPDC048507
NPDC048508	Bacteria	Actinomycetota	Actinomycetia	Streptomycetales	Streptomycetaceae	Streptomyces	Streptomyces sp002078175	Streptomyces sp. NPDC048508
NPDC048509	Bacteria	Actinomycetota	Actinomycetia	Streptomycetales	Streptomycetaceae	Streptomyces	Streptomyces caniferus	Streptomyces caniferus NPDC048509
NPDC048510	Bacteria	Actinomycetota	Actinomycetia	Streptomycetales	Streptomycetaceae	Streptomyces	Streptomyces cellulosae	Streptomyces cellulosae NPDC048510
NPDC048511	Bacteria	Actinomycetota	Actinomycetia	Streptomycetales	Streptomycetaceae	Streptomyces	Streptomyces silvae	Streptomyces sp. NPDC048511
NPDC048512	Bacteria	Actinomycetota	Actinomycetia	Streptomycetales	Streptomycetaceae	Streptomyces	Streptomyces sp002078175	Streptomyces sp. NPDC048512
NPDC048513	Bacteria	Actinomycetota	Actinomycetia	Streptomycetales	Streptomycetaceae	Streptomyces	Streptomyces lydicus	Streptomyces lydicus NPDC048513
NPDC048514	Bacteria	Actinomycetota	Actinomycetia	Streptomycetales	Streptomycetaceae	Streptomyces	Streptomyces sp.	Streptomyces sp. NPDC048514
NPDC048515	Bacteria	Actinomycetota	Actinomycetia	Streptomycetales	Streptomycetaceae	Streptomyces	Streptomyces asiaticus	Streptomyces javensis NPDC048515
NPDC048516	Bacteria	Actinomycetota	Actinomycetia	Streptomycetales	Streptomycetaceae	Streptomyces	Streptomyces sp.	Streptomyces sp. NPDC048516
NPDC048517	Bacteria	Actinomycetota	Actinomycetia	Streptomycetales	Streptomycetaceae	Streptomyces	Streptomyces caniferus	Streptomyces caniferus NPDC048517
NPDC048518	Bacteria	Actinomycetota	Actinomycetia	Streptomycetales	Streptomycetaceae	Streptomyces	Streptomyces sp.	Streptomyces sp. NPDC048518
NPDC048521	Bacteria	Actinomycetota	Actinomycetia	Streptomycetales	Streptomycetaceae	Streptomyces	Streptomyces sp.	Streptomyces sp. NPDC048521
NPDC048523	Bacteria	Actinomycetota	Actinomycetia	Streptomycetales	Streptomycetaceae	Streptomyces	Streptomyces sp.	Streptomyces sp. NPDC048523
NPDC048528	Bacteria	Actinomycetota	Actinomycetia	Streptomycetales	Streptomycetaceae	Streptomyces	Streptomyces anulatus	Streptomyces anulatus NPDC048528
NPDC048532	Bacteria	Actinomycetota	Actinomycetia	Streptomycetales	Streptomycetaceae	Streptomyces	Streptomyces albidoflavus	Streptomyces albidoflavus NPDC048532
NPDC048539	Bacteria	Actinomycetota	Actinomycetia	Streptomycetales	Streptomycetaceae	Streptomyces	Streptomyces mirabilis	Streptomyces mirabilis NPDC048539
NPDC048543	Bacteria	Actinomycetota	Actinomycetia	Streptomycetales	Streptomycetaceae	Streptomyces	Streptomyces lavendulae_C	Streptomyces lavendulae NPDC048543
NPDC048552	Bacteria	Actinomycetota	Actinomycetia	Streptomycetales	Streptomycetaceae	Streptomyces	Streptomyces roseus	Streptomyces roseus NPDC048552
NPDC048556	Bacteria	Actinomycetota	Actinomycetia	Streptomycetales	Streptomycetaceae	Streptomyces	Streptomyces papulosus	Streptomyces sp. NPDC048556
NPDC048565	Bacteria	Actinomycetota	Actinomycetia	Streptomycetales	Streptomycetaceae	Streptomyces	Streptomyces sp.	Streptomyces sp. NPDC048565
NPDC048566	Bacteria	Actinomycetota	Actinomycetia	Streptomycetales	Streptomycetaceae	Streptomyces	Streptomyces sp.	Streptomyces sp. NPDC048566
NPDC048567	Bacteria	Actinomycetota	Actinomycetia	Streptomycetales	Streptomycetaceae	Streptomyces	Streptomyces sp001905735	Streptomyces sp. NPDC048567
NPDC048573	Bacteria	Actinomycetota	Actinomycetia	Streptomycetales	Streptomycetaceae	Streptomyces	Streptomyces sp900116325	Streptomyces sp900116325 NPDC048573
NPDC048581	Bacteria	Actinomycetota	Actinomycetia	Streptomycetales	Streptomycetaceae	Streptomyces	Streptomyces sp.	Streptomyces sp. NPDC048581
NPDC048584	Bacteria	Actinomycetota	Actinomycetia	Streptomycetales	Streptomycetaceae	Streptomyces	Streptomyces sp000718785	Streptomyces sp. NPDC048584
NPDC048588	Bacteria	Actinomycetota	Actinomycetia	Streptomycetales	Streptomycetaceae	Streptomyces	Streptomyces tendae	Streptomyces tendae NPDC048588
NPDC048594	Bacteria	Actinomycetota	Actinomycetia	Streptomycetales	Streptomycetaceae	Streptomyces	Streptomyces sp003947455	Streptomyces sp. NPDC048594
NPDC048595	Bacteria	Actinomycetota	Actinomycetia	Streptomycetales	Streptomycetaceae	Streptomyces	Streptomyces sp.	Streptomyces sp. NPDC048595
NPDC048597	Bacteria	Actinomycetota	Actinomycetia	Streptomycetales	Streptomycetaceae	Streptomyces	Streptomyces glauciniger	Actinacidiphila glaucinigra NPDC048597
NPDC048598	Bacteria	Actinomycetota	Actinomycetia	Streptomycetales	Streptomycetaceae	Streptomyces	Streptomyces tendae	Streptomyces tendae NPDC048598
NPDC048603	Bacteria	Actinomycetota	Actinomycetia	Streptomycetales	Streptomycetaceae	Streptomyces	Streptomyces sp.	Streptomyces sp. NPDC048603
NPDC048605	Bacteria	Actinomycetota	Actinomycetia	Streptomycetales	Streptomycetaceae	Streptomyces	Streptomyces yangpuensis	Streptomyces yangpuensis NPDC048605
NPDC048606	Bacteria	Actinomycetota	Actinomycetia	Streptomycetales	Streptomycetaceae	Streptomyces	Streptomyces sp.	Streptomyces sp. NPDC048606
NPDC048612	Bacteria	Actinomycetota	Actinomycetia	Streptomycetales	Streptomycetaceae	Streptomyces	Streptomyces sp.	Streptomyces sp. NPDC048612
NPDC048614	Bacteria	Actinomycetota	Actinomycetia	Streptomycetales	Streptomycetaceae	Streptomyces	Streptomyces pathocidini	Streptomyces pathocidini NPDC048614
NPDC048616	Bacteria	Actinomycetota	Actinomycetia	Streptomycetales	Streptomycetaceae	Streptomyces	Streptomyces asoensis	Streptomyces asoensis NPDC048616
NPDC048617	Bacteria	Actinomycetota	Actinomycetia	Streptomycetales	Streptomycetaceae	Streptomyces	Streptomyces parvulus	Streptomyces parvulus NPDC048617
NPDC048618	Bacteria	Actinomycetota	Actinomycetia	Streptomycetales	Streptomycetaceae	Streptomyces	Streptomyces asoensis	Streptomyces asoensis NPDC048618
NPDC048620	Bacteria	Actinomycetota	Actinomycetia	Streptomycetales	Streptomycetaceae	Streptomyces	Streptomyces parvulus	Streptomyces parvulus NPDC048620
NPDC048622	Bacteria	Actinomycetota	Actinomycetia	Streptomycetales	Streptomycetaceae	Streptomyces	Streptomyces papulosus	Kitasatospora papulosa NPDC048622
NPDC048624	Bacteria	Actinomycetota	Actinomycetia	Streptomycetales	Streptomycetaceae	Streptomyces	Streptomyces rubiginosohelvolus	Streptomyces rubiginosohelvolus NPDC048624
NPDC048629	Bacteria	Actinomycetota	Actinomycetia	Streptomycetales	Streptomycetaceae	Streptomyces	Streptomyces sp.	Streptomyces sp. NPDC048629
NPDC048632	Bacteria	Actinomycetota	Actinomycetia	Streptomycetales	Streptomycetaceae	Streptomyces	Streptomyces parvulus	Streptomyces parvulus NPDC048632
NPDC048638	Bacteria	Actinomycetota	Actinomycetia	Streptomycetales	Streptomycetaceae	Streptomyces	Streptomyces sp.	Streptomyces sp. NPDC048638
NPDC048639	Bacteria	Actinomycetota	Actinomycetia	Streptomycetales	Streptomycetaceae	Streptomyces	Streptomyces sp.	Streptomyces sp. NPDC048639
NPDC048641	Bacteria	Actinomycetota	Actinomycetia	Streptomycetales	Streptomycetaceae	Streptomyces	Streptomyces sp.	Streptomyces sp. NPDC048641
NPDC048644	Bacteria	Actinomycetota	Actinomycetia	Streptomycetales	Streptomycetaceae	Streptomyces	Streptomyces sp.	Streptomyces sp. NPDC048644
NPDC048648	Bacteria	Actinomycetota	Actinomycetia	Streptomycetales	Streptomycetaceae	Streptomyces	Streptomyces phaeochromogenes	Streptomyces phaeochromogenes NPDC048648
NPDC048650	Bacteria	Actinomycetota	Actinomycetia	Streptomycetales	Streptomycetaceae	Streptomyces	Streptomyces sp.	Streptomyces sp. NPDC048650
NPDC048651	Bacteria	Actinomycetota	Actinomycetia	Streptomycetales	Streptomycetaceae	Streptomyces	Streptomyces mirabilis	Streptomyces mirabilis NPDC048651
NPDC048664	Bacteria	Actinomycetota	Actinomycetia	Streptomycetales	Streptomycetaceae	Streptomyces	Streptomyces sp.	Streptomyces sp. NPDC048664
NPDC048669	Bacteria	Actinomycetota	Actinomycetia	Streptomycetales	Streptomycetaceae	Streptomyces	Streptomyces sp.	Streptomyces sp. NPDC048669
NPDC048682	Bacteria	Actinomycetota	Actinomycetia	Streptomycetales	Streptomycetaceae	Streptomyces	Streptomyces globisporus	Streptomyces globisporus NPDC048682
NPDC048685	Bacteria	Actinomycetota	Actinomycetia	Streptomycetales	Streptomycetaceae	Streptomyces	Streptomyces sp003846175	Streptomyces sp. NPDC048685
NPDC048715	Bacteria	Actinomycetota	Actinomycetia	Streptomycetales	Streptomycetaceae	Kitasatospora	Kitasatospora sp.	Kitasatospora sp. NPDC048715
NPDC048717	Bacteria	Actinomycetota	Actinomycetia	Streptomycetales	Streptomycetaceae	Streptomyces	Streptomyces sp.	Streptomyces sp. NPDC048717
NPDC048718	Bacteria	Actinomycetota	Actinomycetia	Streptomycetales	Streptomycetaceae	Streptomyces	Streptomyces sp.	Streptomyces sp. NPDC048718
NPDC048723	Bacteria	Actinomycetota	Actinomycetia	Streptomycetales	Streptomycetaceae	Streptomyces	Streptomyces sp.	Streptomyces sp. NPDC048723
NPDC048725	Bacteria	Actinomycetota	Actinomycetia	Streptomycetales	Streptomycetaceae	Streptomyces	Streptomyces olivaceus	Streptomyces olivaceus NPDC048725
NPDC048731	Bacteria	Actinomycetota	Actinomycetia	Streptomycetales	Streptomycetaceae	Streptomyces	Streptomyces niveus	Streptomyces niveus NPDC048731
NPDC048735	Bacteria	Actinomycetota	Actinomycetia	Streptomycetales	Streptomycetaceae	Streptomyces	Streptomyces abikoensis	Streptomyces abikoensis NPDC048735
NPDC048736	Bacteria	Actinomycetota	Actinomycetia	Streptomycetales	Streptomycetaceae	Streptomyces	Streptomyces abikoensis	Streptomyces abikoensis NPDC048736
NPDC048744	Bacteria	Actinomycetota	Actinomycetia	Streptomycetales	Streptomycetaceae	Streptomyces	Streptomyces cyaneofuscatus	Streptomyces cyaneofuscatus NPDC048744
NPDC048751	Bacteria	Actinomycetota	Actinomycetia	Streptomycetales	Streptomycetaceae	Streptomyces	Streptomyces sp.	Streptomyces sp. NPDC048751
NPDC048946	Bacteria	Actinomycetota	Actinomycetia	Streptomycetales	Streptomycetaceae	Yinghuangia	Yinghuangia sp.	Streptodolium elevatio NPDC048946
NPDC049009	Bacteria	Actinomycetota	Actinomycetia	Streptomycetales	Streptomycetaceae	Streptomyces	Streptomyces rubiginosohelvolus	Streptomyces rubiginosohelvolus NPDC049009
NPDC049344	Bacteria	Actinomycetota	Actinomycetia	Streptomycetales	Streptomycetaceae	Streptomyces	Streptomyces kurssanovii	Streptomyces kurssanovii NPDC049344
NPDC049370	Bacteria	Actinomycetota	Actinomycetia	Streptomycetales	Streptomycetaceae	Streptomyces	Streptomyces massasporeus	Streptomyces tuirus NPDC049370
NPDC049415	Bacteria	Actinomycetota	Actinomycetia	Streptomycetales	Streptomycetaceae	Streptomyces	Streptomyces papulosus	Streptomyces papulosus NPDC049415
NPDC049470	Bacteria	Actinomycetota	Actinomycetia	Streptomycetales	Streptomycetaceae	Streptomyces	Streptomyces albidoflavus	Streptomyces albidoflavus NPDC049470
NPDC049541	Bacteria	Actinomycetota	Actinomycetia	Streptomycetales	Streptomycetaceae	Streptomyces	Streptomyces sp.	Streptomyces sp. NPDC049541
NPDC049555	Bacteria	Actinomycetota	Actinomycetia	Streptomycetales	Streptomycetaceae	Streptomyces	Streptomyces sp.	Streptomyces sp. NPDC049555
NPDC049569	Bacteria	Actinomycetota	Actinomycetia	Streptomycetales	Streptomycetaceae	Streptomyces	Streptomyces klenkii	Streptomyces klenkii NPDC049569
NPDC049577	Bacteria	Actinomycetota	Actinomycetia	Streptomycetales	Streptomycetaceae	Streptomyces	Streptomyces sp.	Streptomyces sp. NPDC049577
NPDC049582	Bacteria	Actinomycetota	Actinomycetia	Streptomycetales	Streptomycetaceae	Streptomyces	Streptomyces niger	Streptomyces niger NPDC049582
NPDC049585	Bacteria	Actinomycetota	Actinomycetia	Streptomycetales	Streptomycetaceae	Streptomyces	Streptomyces sp.	Streptomyces sp. NPDC049585
NPDC049590	Bacteria	Actinomycetota	Actinomycetia	Streptomycetales	Streptomycetaceae	Streptomyces	Streptomyces sp.	Streptomyces sp. NPDC049590
NPDC049597	Bacteria	Actinomycetota	Actinomycetia	Streptomycetales	Streptomycetaceae	Streptomyces	Streptomyces sp.	Streptomyces sp. NPDC049597
NPDC049627	Bacteria	Actinomycetota	Actinomycetia	Streptomycetales	Streptomycetaceae	Streptomyces	Streptomyces sp.	Streptomyces sp. NPDC049627
NPDC049647	Bacteria	Actinomycetota	Actinomycetia	Streptomycetales	Streptomycetaceae	Streptomyces	Streptomyces tendae	Streptomyces tendae NPDC049647
NPDC049657	Bacteria	Actinomycetota	Actinomycetia	Streptomycetales	Streptomycetaceae	Streptomyces	Streptomyces mirabilis	Streptomyces mirabilis NPDC049657
NPDC049694	Bacteria	Actinomycetota	Actinomycetia	Streptomycetales	Streptomycetaceae	Streptomyces	Streptomyces toxytricini	Streptomyces toxytricini NPDC049694
NPDC049727	Bacteria	Actinomycetota	Actinomycetia	Streptomycetales	Streptomycetaceae	Streptomyces	Streptomyces griseoaurantiacus	Streptomyces griseoaurantiacus NPDC049727
NPDC049741	Bacteria	Actinomycetota	Actinomycetia	Streptomycetales	Streptomycetaceae	Streptomyces	Streptomyces bobili	Streptomyces bobili NPDC049741
NPDC049744	Bacteria	Actinomycetota	Actinomycetia	Streptomycetales	Streptomycetaceae	Streptomyces	Streptomyces sp002939385	Streptomyces sp. NPDC049744
NPDC049837	Bacteria	Actinomycetota	Actinomycetia	Streptomycetales	Streptomycetaceae	Streptomyces	Streptomyces sp.	Streptomyces sp. NPDC049837
NPDC049865	Bacteria	Actinomycetota	Actinomycetia	Streptomycetales	Streptomycetaceae	Streptomyces	Streptomyces rubiginosohelvolus	Streptomyces rubiginosohelvolus NPDC049865
NPDC049866	Bacteria	Actinomycetota	Actinomycetia	Streptomycetales	Streptomycetaceae	Streptomyces	Streptomyces spororaveus	Streptomyces spororaveus NPDC049866
NPDC049867	Bacteria	Actinomycetota	Actinomycetia	Streptomycetales	Streptomycetaceae	Streptomyces	Streptomyces venezuelae_B	Streptomyces venezuelae_B NPDC049867
NPDC049877	Bacteria	Actinomycetota	Actinomycetia	Streptomycetales	Streptomycetaceae	Streptomyces	Streptomyces massasporeus	Streptomyces massasporeus NPDC049877
NPDC049879	Bacteria	Actinomycetota	Actinomycetia	Streptomycetales	Streptomycetaceae	Streptomyces	Streptomyces sp.	Streptomyces sp. NPDC049879
NPDC049883	Bacteria	Actinomycetota	Actinomycetia	Streptomycetales	Streptomycetaceae	Streptomyces	Streptomyces qinglanensis	Streptomyces qinglanensis NPDC049883
NPDC049886	Bacteria	Actinomycetota	Actinomycetia	Streptomycetales	Streptomycetaceae	Streptomyces	Streptomyces massasporeus	Streptomyces massasporeus NPDC049886
NPDC049889	Bacteria	Actinomycetota	Actinomycetia	Streptomycetales	Streptomycetaceae	Streptomyces	Streptomyces griseoincarnatus	Streptomyces griseoincarnatus NPDC049889
NPDC049897	Bacteria	Actinomycetota	Actinomycetia	Streptomycetales	Streptomycetaceae	Streptomyces	Streptomyces griseoincarnatus	Streptomyces griseoincarnatus NPDC049897
NPDC049902	Bacteria	Actinomycetota	Actinomycetia	Streptomycetales	Streptomycetaceae	Streptomyces	Streptomyces albidoflavus	Streptomyces albidoflavus NPDC049902
NPDC049910	Bacteria	Actinomycetota	Actinomycetia	Streptomycetales	Streptomycetaceae	Streptomyces	Streptomyces sp003725745	Streptomyces sp. NPDC049910
NPDC049916	Bacteria	Actinomycetota	Actinomycetia	Streptomycetales	Streptomycetaceae	Streptomyces	Streptomyces sp.	Streptomyces sp. NPDC049916
NPDC049930	Bacteria	Actinomycetota	Actinomycetia	Streptomycetales	Streptomycetaceae	Streptomyces	Streptomyces wuyuanensis	Streptomyces wuyuanensis NPDC049930
NPDC049937	Bacteria	Actinomycetota	Actinomycetia	Streptomycetales	Streptomycetaceae	Streptomyces	Streptomyces spongiicola	Streptomyces spongiicola NPDC049937
NPDC049943	Bacteria	Actinomycetota	Actinomycetia	Streptomycetales	Streptomycetaceae	Streptomyces	Streptomyces anulatus	Streptomyces anulatus NPDC049943
NPDC049946	Bacteria	Actinomycetota	Actinomycetia	Streptomycetales	Streptomycetaceae	Streptomyces	Streptomyces anulatus	Streptomyces anulatus NPDC049946
NPDC049948	Bacteria	Actinomycetota	Actinomycetia	Streptomycetales	Streptomycetaceae	Streptomyces	Streptomyces microflavus	Streptomyces microflavus NPDC049948
NPDC049949	Bacteria	Actinomycetota	Actinomycetia	Streptomycetales	Streptomycetaceae	Streptomyces	Streptomyces flavotricini	Streptomyces sp. NPDC049949
NPDC049950	Bacteria	Actinomycetota	Actinomycetia	Streptomycetales	Streptomycetaceae	Streptomyces	Streptomyces papulosus	Streptomyces sp. NPDC049950
NPDC049951	Bacteria	Actinomycetota	Actinomycetia	Streptomycetales	Streptomycetaceae	Streptomyces	Streptomyces papulosus	Streptomyces sp. NPDC049951
NPDC049952	Bacteria	Actinomycetota	Actinomycetia	Streptomycetales	Streptomycetaceae	Streptomyces	Streptomyces papulosus	Streptomyces sp. NPDC049952
NPDC049953	Bacteria	Actinomycetota	Actinomycetia	Streptomycetales	Streptomycetaceae	Streptomyces	Streptomyces microflavus	Streptomyces microflavus NPDC049953
NPDC049959	Bacteria	Actinomycetota	Actinomycetia	Streptomycetales	Streptomycetaceae	Streptomyces	Streptomyces halstedii	Streptomyces halstedii NPDC049959
NPDC049961	Bacteria	Actinomycetota	Actinomycetia	Streptomycetales	Streptomycetaceae	Streptomyces	Streptomyces microflavus	Streptomyces microflavus NPDC049961
NPDC049965	Bacteria	Actinomycetota	Actinomycetia	Streptomycetales	Streptomycetaceae	Streptomyces	Streptomyces halstedii	Streptomyces halstedii NPDC049965
NPDC049970	Bacteria	Actinomycetota	Actinomycetia	Streptomycetales	Streptomycetaceae	Streptomyces	Streptomyces sp.	Streptomyces sp. NPDC049970
NPDC050019	Bacteria	Actinomycetota	Actinomycetia	Streptomycetales	Streptomycetaceae	Streptomyces	Streptomyces anthocyanicus	Streptomyces anthocyanicus NPDC050019
NPDC050025	Bacteria	Actinomycetota	Actinomycetia	Streptomycetales	Streptomycetaceae	Streptomyces	Streptomyces canus	Streptomyces canus NPDC050025
NPDC050039	Bacteria	Actinomycetota	Actinomycetia	Streptomycetales	Streptomycetaceae	Streptomyces	Streptomyces anulatus	Streptomyces anulatus NPDC050039
NPDC050083	Bacteria	Actinomycetota	Actinomycetia	Streptomycetales	Streptomycetaceae	Streptomyces	Streptomyces cyaneofuscatus	Streptomyces cyaneofuscatus NPDC050083
NPDC050085	Bacteria	Actinomycetota	Actinomycetia	Streptomycetales	Streptomycetaceae	Streptomyces	Streptomyces sp.	Streptomyces sp. NPDC050085
NPDC050088	Bacteria	Actinomycetota	Actinomycetia	Streptomycetales	Streptomycetaceae	Streptomyces	Streptomyces anulatus	Streptomyces anulatus NPDC050088
NPDC050093	Bacteria	Actinomycetota	Actinomycetia	Streptomycetales	Streptomycetaceae	Streptomyces	Streptomyces anulatus	Streptomyces anulatus NPDC050093
NPDC050114	Bacteria	Actinomycetota	Actinomycetia	Streptomycetales	Streptomycetaceae	Streptomyces	Streptomyces lydicus	Streptomyces lydicus NPDC050114
NPDC050121	Bacteria	Actinomycetota	Actinomycetia	Streptomycetales	Streptomycetaceae	Streptomyces	Streptomyces sp900129855	Streptomyces sp. NPDC050121
NPDC050145	Bacteria	Actinomycetota	Actinomycetia	Streptomycetales	Streptomycetaceae	Streptomyces	Streptomyces sp.	Streptomyces sp. NPDC050145
NPDC050149	Bacteria	Actinomycetota	Actinomycetia	Streptomycetales	Streptomycetaceae	Streptomyces	Streptomyces poriferorum	Streptomyces poriferorum NPDC050149
NPDC050161	Bacteria	Actinomycetota	Actinomycetia	Streptomycetales	Streptomycetaceae	Streptomyces	Streptomyces sp.	Streptomyces sp. NPDC050161
NPDC050183	Bacteria	Actinomycetota	Actinomycetia	Streptomycetales	Streptomycetaceae	Streptomyces	Streptomyces hokutonensis	Streptomyces hokutonensis NPDC050183
NPDC050203	Bacteria	Actinomycetota	Actinomycetia	Streptomycetales	Streptomycetaceae	Streptomyces	Streptomyces phaeochromogenes	Streptomyces phaeochromogenes NPDC050203
NPDC050209	Bacteria	Actinomycetota	Actinomycetia	Streptomycetales	Streptomycetaceae	Streptomyces	Streptomyces phaeochromogenes	Streptomyces phaeochromogenes NPDC050209
NPDC050211	Bacteria	Actinomycetota	Actinomycetia	Streptomycetales	Streptomycetaceae	Streptomyces	Streptomyces sp017948455	Streptomyces sp. NPDC050211
NPDC050252	Bacteria	Actinomycetota	Actinomycetia	Streptomycetales	Streptomycetaceae	Streptomyces	Streptomyces albogriseolus	Streptomyces albogriseolus NPDC050252
NPDC050255	Bacteria	Actinomycetota	Actinomycetia	Streptomycetales	Streptomycetaceae	Streptomyces	Streptomyces poriferorum	Streptomyces poriferorum NPDC050255
NPDC050256	Bacteria	Actinomycetota	Actinomycetia	Streptomycetales	Streptomycetaceae	Streptomyces	Streptomyces poriferorum	Streptomyces poriferorum NPDC050256
NPDC050263	Bacteria	Actinomycetota	Actinomycetia	Streptomycetales	Streptomycetaceae	Streptomyces	Streptomyces sp.	Streptomyces sp. NPDC050263
NPDC050264	Bacteria	Actinomycetota	Actinomycetia	Streptomycetales	Streptomycetaceae	Streptomyces	Streptomyces sp.	Streptomyces sp. NPDC050264
NPDC050273	Bacteria	Actinomycetota	Actinomycetia	Streptomycetales	Streptomycetaceae	Streptomyces	Streptomyces poriferorum	Streptomyces sp. NPDC050273
NPDC050287	Bacteria	Actinomycetota	Actinomycetia	Streptomycetales	Streptomycetaceae	Streptomyces	Streptomyces sp.	Streptomyces sp. NPDC050287
NPDC050292	Bacteria	Actinomycetota	Actinomycetia	Streptomycetales	Streptomycetaceae	Streptomyces	Streptomyces bikiniensis	Streptomyces bikiniensis NPDC050292
NPDC050315	Bacteria	Actinomycetota	Actinomycetia	Streptomycetales	Streptomycetaceae	Streptomyces	Streptomyces sp.	Streptomyces sp. NPDC050315
NPDC050326	Bacteria	Actinomycetota	Actinomycetia	Streptomycetales	Streptomycetaceae	Streptomyces	Streptomyces luteogriseus	Streptomyces luteogriseus NPDC050326
NPDC050355	Bacteria	Actinomycetota	Actinomycetia	Streptomycetales	Streptomycetaceae	Streptomyces	Streptomyces sp.	Streptomyces sp. NPDC050355
NPDC050400	Bacteria	Actinomycetota	Actinomycetia	Streptomycetales	Streptomycetaceae	Streptomyces	Streptomyces longispororuber_A	Streptomyces longispororuber_A NPDC050400
NPDC050416	Bacteria	Actinomycetota	Actinomycetia	Streptomycetales	Streptomycetaceae	Streptomyces	Streptomyces sp.	Streptomyces sp. NPDC050416
NPDC050418	Bacteria	Actinomycetota	Actinomycetia	Streptomycetales	Streptomycetaceae	Streptomyces	Streptomyces sp.	Streptomyces sp. NPDC050418
NPDC050421	Bacteria	Actinomycetota	Actinomycetia	Streptomycetales	Streptomycetaceae	Streptomyces	Streptomyces sp.	Streptomyces sp. NPDC050421
NPDC050422	Bacteria	Actinomycetota	Actinomycetia	Streptomycetales	Streptomycetaceae	Streptomyces	Streptomyces sp.	Streptomyces sp. NPDC050422
NPDC050430	Bacteria	Actinomycetota	Actinomycetia	Streptomycetales	Streptomycetaceae	Streptomyces	Streptomyces atratus	Streptomyces atratus NPDC050430
NPDC050433	Bacteria	Actinomycetota	Actinomycetia	Streptomycetales	Streptomycetaceae	Streptomyces	Streptomyces sp.	Streptomyces sp. NPDC050433
NPDC050467	Bacteria	Actinomycetota	Actinomycetia	Streptomycetales	Streptomycetaceae	Kitasatospora	Kitasatospora sp.	Kitasatospora sp. NPDC050467
NPDC050481	Bacteria	Actinomycetota	Actinomycetia	Streptomycetales	Streptomycetaceae	Streptomyces	Streptomyces sp001746295	Streptomyces sp. NPDC050481
NPDC050485	Bacteria	Actinomycetota	Actinomycetia	Streptomycetales	Streptomycetaceae	Streptomyces	Streptomyces sp.	Streptomyces sp. NPDC050485
NPDC050504	Bacteria	Actinomycetota	Actinomycetia	Streptomycetales	Streptomycetaceae	Streptomyces	Streptomyces sp.	Streptomyces sp. NPDC050504
NPDC050506	Bacteria	Actinomycetota	Actinomycetia	Streptomycetales	Streptomycetaceae	Streptomyces	Streptomyces prunicolor	Streptomyces prunicolor NPDC050506
NPDC050507	Bacteria	Actinomycetota	Actinomycetia	Streptomycetales	Streptomycetaceae	Streptomyces	Streptomyces poriferorum	Streptomyces poriferorum NPDC050507
NPDC050509	Bacteria	Actinomycetota	Actinomycetia	Streptomycetales	Streptomycetaceae	Streptomyces	Streptomyces sp.	Streptomyces sp. NPDC050509
NPDC050516	Bacteria	Actinomycetota	Actinomycetia	Streptomycetales	Streptomycetaceae	Streptomyces	Streptomyces sp001279695	Streptomyces sp. NPDC050516
NPDC050523	Bacteria	Actinomycetota	Actinomycetia	Streptomycetales	Streptomycetaceae	Streptomyces	Streptomyces sp.	Streptomyces sp. NPDC050523
NPDC050528	Bacteria	Actinomycetota	Actinomycetia	Streptomycetales	Streptomycetaceae	Streptomyces	Streptomyces sp.	Streptomyces sp. NPDC050528
NPDC050529	Bacteria	Actinomycetota	Actinomycetia	Streptomycetales	Streptomycetaceae	Streptomyces	Streptomyces sp.	Streptomyces sp. NPDC050529
NPDC050534	Bacteria	Actinomycetota	Actinomycetia	Streptomycetales	Streptomycetaceae	Streptomyces	Streptomyces sp.	Streptomyces sp. NPDC050534
NPDC050535	Bacteria	Actinomycetota	Actinomycetia	Streptomycetales	Streptomycetaceae	Streptomyces	Streptomyces sp.	Streptomyces sp. NPDC050535
NPDC050538	Bacteria	Actinomycetota	Actinomycetia	Streptomycetales	Streptomycetaceae	Streptomyces	Streptomyces sp.	Streptomyces sp. NPDC050538
NPDC050539	Bacteria	Actinomycetota	Actinomycetia	Streptomycetales	Streptomycetaceae	Streptomyces	Streptomyces uncialis	Streptomyces uncialis NPDC050539
NPDC050543	Bacteria	Actinomycetota	Actinomycetia	Streptomycetales	Streptomycetaceae	Kitasatospora	Kitasatospora sp.	Kitasatospora sp. NPDC050543
NPDC050546	Bacteria	Actinomycetota	Actinomycetia	Streptomycetales	Streptomycetaceae	Streptomyces	Streptomyces sp.	Streptomyces sp. NPDC050546
NPDC050548	Bacteria	Actinomycetota	Actinomycetia	Streptomycetales	Streptomycetaceae	Streptomyces	Streptomyces sp016654115	Streptomyces sp. NPDC050548
NPDC050560	Bacteria	Actinomycetota	Actinomycetia	Streptomycetales	Streptomycetaceae	Streptomyces	Streptomyces sp.	Streptomyces sp. NPDC050560
NPDC050564	Bacteria	Actinomycetota	Actinomycetia	Streptomycetales	Streptomycetaceae	Streptomyces	Streptomyces sp.	Streptomyces sp. NPDC050564
NPDC050585	Bacteria	Actinomycetota	Actinomycetia	Streptomycetales	Streptomycetaceae	Streptomyces	Streptomyces sp.	Streptomyces sp. NPDC050585
NPDC050617	Bacteria	Actinomycetota	Actinomycetia	Streptomycetales	Streptomycetaceae	Streptomyces	Streptomyces sp.	Streptomyces sp. NPDC050617
NPDC050625	Bacteria	Actinomycetota	Actinomycetia	Streptomycetales	Streptomycetaceae	Streptomyces	Streptomyces sp.	Streptomyces sp. NPDC050625
NPDC050636	Bacteria	Actinomycetota	Actinomycetia	Streptomycetales	Streptomycetaceae	Streptomyces	Streptomyces sp.	Streptomyces sp. NPDC050636
NPDC050658	Bacteria	Actinomycetota	Actinomycetia	Streptomycetales	Streptomycetaceae	Streptomyces	Streptomyces sp.	Streptomyces sp. NPDC050658
NPDC050669	Bacteria	Actinomycetota	Actinomycetia	Streptomycetales	Streptomycetaceae	Streptomyces	Streptomyces prasinus	Streptomyces prasinus NPDC050669
NPDC050732	Bacteria	Actinomycetota	Actinomycetia	Streptomycetales	Streptomycetaceae	Streptomyces	Streptomyces sp.	Streptomyces sp. NPDC050732
NPDC050738	Bacteria	Actinomycetota	Actinomycetia	Streptomycetales	Streptomycetaceae	Streptomyces	Streptomyces sp.	Streptomyces sp. NPDC050738
NPDC050743	Bacteria	Actinomycetota	Actinomycetia	Streptomycetales	Streptomycetaceae	Streptomyces	Streptomyces sp.	Streptomyces sp. NPDC050743
NPDC050788	Bacteria	Actinomycetota	Actinomycetia	Streptomycetales	Streptomycetaceae	Streptomyces	Streptomyces sp000411315	Streptomyces sp. NPDC050788
NPDC050803	Bacteria	Actinomycetota	Actinomycetia	Streptomycetales	Streptomycetaceae	Streptomyces	Streptomyces sp.	Streptomyces sp. NPDC050803
NPDC050804	Bacteria	Actinomycetota	Actinomycetia	Streptomycetales	Streptomycetaceae	Streptomyces	Streptomyces sp.	Streptomyces sp. NPDC050804
NPDC050856	Bacteria	Actinomycetota	Actinomycetia	Streptomycetales	Streptomycetaceae	Streptomyces	Streptomyces sp.	Streptomyces sp. NPDC050856
NPDC050981	Bacteria	Actinomycetota	Actinomycetia	Streptomycetales	Streptomycetaceae	Streptomyces	Streptomyces atroolivaceus	Streptomyces atroolivaceus NPDC050981
NPDC050982	Bacteria	Actinomycetota	Actinomycetia	Streptomycetales	Streptomycetaceae	Streptomyces	Streptomyces liliifuscus	Streptomyces sp. NPDC050982
NPDC050983	Bacteria	Actinomycetota	Actinomycetia	Streptomycetales	Streptomycetaceae	Streptomyces	Streptomyces phaeochromogenes	Streptomyces phaeochromogenes NPDC050983
NPDC050984	Bacteria	Actinomycetota	Actinomycetia	Streptomycetales	Streptomycetaceae	Streptomyces	Streptomyces phaeochromogenes	Streptomyces phaeochromogenes NPDC050984
NPDC050986	Bacteria	Actinomycetota	Actinomycetia	Streptomycetales	Streptomycetaceae	Streptomyces	Streptomyces phaeochromogenes	Streptomyces phaeochromogenes NPDC050986
NPDC050988	Bacteria	Actinomycetota	Actinomycetia	Streptomycetales	Streptomycetaceae	Streptomyces	Streptomyces sp.	Streptomyces sp. NPDC050988
NPDC050990	Bacteria	Actinomycetota	Actinomycetia	Streptomycetales	Streptomycetaceae	Streptomyces	Streptomyces phaeochromogenes	Streptomyces phaeochromogenes NPDC050990
NPDC050993	Bacteria	Actinomycetota	Actinomycetia	Streptomycetales	Streptomycetaceae	Streptomyces	Streptomyces phaeochromogenes	Streptomyces phaeochromogenes NPDC050993
NPDC050996	Bacteria	Actinomycetota	Actinomycetia	Streptomycetales	Streptomycetaceae	Streptomyces	Streptomyces phaeochromogenes	Streptomyces umbrinus NPDC050996
NPDC051041	Bacteria	Actinomycetota	Actinomycetia	Streptomycetales	Streptomycetaceae	Streptomyces	Streptomyces sp.	Streptomyces sp. NPDC051041
NPDC051064	Bacteria	Actinomycetota	Actinomycetia	Streptomycetales	Streptomycetaceae	Streptomyces	Streptomyces sp.	Streptomyces sp. NPDC051064
NPDC051079	Bacteria	Actinomycetota	Actinomycetia	Streptomycetales	Streptomycetaceae	Streptomyces	Streptomyces sp.	Streptomyces sp. NPDC051079
NPDC051085	Bacteria	Actinomycetota	Actinomycetia	Streptomycetales	Streptomycetaceae	Streptomyces	Streptomyces griseus	Streptomyces griseus NPDC051085
NPDC051104	Bacteria	Actinomycetota	Actinomycetia	Streptomycetales	Streptomycetaceae	Streptomyces	Streptomyces sp014905555	Streptomyces sp. NPDC051104
NPDC051105	Bacteria	Actinomycetota	Actinomycetia	Streptomycetales	Streptomycetaceae	Streptomyces	Streptomyces sp.	Streptomyces sp. NPDC051105
NPDC051109	Bacteria	Actinomycetota	Actinomycetia	Streptomycetales	Streptomycetaceae	Streptomyces	Streptomyces sp000717915	Streptomyces sp. NPDC051109
NPDC051129	Bacteria	Actinomycetota	Actinomycetia	Streptomycetales	Streptomycetaceae	Streptomyces	Streptomyces sp.	Streptomyces sp. NPDC051129
NPDC051136	Bacteria	Actinomycetota	Actinomycetia	Streptomycetales	Streptomycetaceae	Streptomyces	Streptomyces sp004364245	Streptomyces sp. NPDC051136
NPDC051161	Bacteria	Actinomycetota	Actinomycetia	Streptomycetales	Streptomycetaceae	Kitasatospora	Kitasatospora sp.	Kitasatospora sp. NPDC051161
NPDC051162	Bacteria	Actinomycetota	Actinomycetia	Streptomycetales	Streptomycetaceae	Streptomyces	Streptomyces sp.	Streptomyces sp. NPDC051162
NPDC051164	Bacteria	Actinomycetota	Actinomycetia	Streptomycetales	Streptomycetaceae	Kitasatospora	Kitasatospora sp.	Kitasatospora sp. NPDC051164
NPDC051170	Bacteria	Actinomycetota	Actinomycetia	Streptomycetales	Streptomycetaceae	Kitasatospora	Kitasatospora sp000720635	Kitasatospora sp. NPDC051170
NPDC051173	Bacteria	Actinomycetota	Actinomycetia	Streptomycetales	Streptomycetaceae	Streptomyces	Streptomyces sp.	Streptomyces sp. NPDC051173
NPDC051181	Bacteria	Actinomycetota	Actinomycetia	Streptomycetales	Streptomycetaceae	Streptomyces	Streptomyces erythrochromogenes_A	Streptomyces erythrochromogenes NPDC051181
NPDC051183	Bacteria	Actinomycetota	Actinomycetia	Streptomycetales	Streptomycetaceae	Streptomyces	Streptomyces sp.	Streptomyces sp. NPDC051183
NPDC051184	Bacteria	Actinomycetota	Actinomycetia	Streptomycetales	Streptomycetaceae	Streptomyces	Streptomyces sp.	Streptomyces sp. NPDC051184
NPDC051203	Bacteria	Actinomycetota	Actinomycetia	Streptomycetales	Streptomycetaceae	Streptomyces	Streptomyces violascens	Streptomyces violascens NPDC051203
NPDC051204	Bacteria	Actinomycetota	Actinomycetia	Streptomycetales	Streptomycetaceae	Streptomyces	Streptomyces sp.	Streptomyces sp. NPDC051204
NPDC051207	Bacteria	Actinomycetota	Actinomycetia	Streptomycetales	Streptomycetaceae	Streptomyces	Streptomyces sp.	Streptomyces sp. NPDC051207
NPDC051211	Bacteria	Actinomycetota	Actinomycetia	Streptomycetales	Streptomycetaceae	Streptomyces	Streptomyces sp.	Streptomyces sp. NPDC051211
NPDC051214	Bacteria	Actinomycetota	Actinomycetia	Streptomycetales	Streptomycetaceae	Streptomyces	Streptomyces sp.	Streptomyces sp. NPDC051214
NPDC051215	Bacteria	Actinomycetota	Actinomycetia	Streptomycetales	Streptomycetaceae	Streptomyces	Streptomyces phaeochromogenes	Streptomyces phaeochromogenes NPDC051215
NPDC051218	Bacteria	Actinomycetota	Actinomycetia	Streptomycetales	Streptomycetaceae	Streptomyces	Streptomyces sp.	Streptomyces sp. NPDC051218
NPDC051219	Bacteria	Actinomycetota	Actinomycetia	Streptomycetales	Streptomycetaceae	Streptomyces	Streptomyces sp.	Streptomyces sp. NPDC051219
NPDC051243	Bacteria	Actinomycetota	Actinomycetia	Streptomycetales	Streptomycetaceae	Streptomyces	Streptomyces sp.	Streptomyces sp. NPDC051243
NPDC051286	Bacteria	Actinomycetota	Actinomycetia	Streptomycetales	Streptomycetaceae	Streptomyces	Streptomyces sp.	Streptomyces sp. NPDC051286
NPDC051287	Bacteria	Actinomycetota	Actinomycetia	Streptomycetales	Streptomycetaceae	Streptomyces	Streptomyces sp.	Streptomyces sp. NPDC051287
NPDC051297	Bacteria	Actinomycetota	Actinomycetia	Streptomycetales	Streptomycetaceae	Streptomyces	Streptomyces acidicola	Streptomyces acidicola NPDC051297
NPDC051310	Bacteria	Actinomycetota	Actinomycetia	Streptomycetales	Streptomycetaceae	Streptomyces	Streptomyces sp.	Streptomyces sp. NPDC051310
NPDC051315	Bacteria	Actinomycetota	Actinomycetia	Streptomycetales	Streptomycetaceae	Streptomyces	Streptomyces sp.	Streptomyces sp. NPDC051315
NPDC051320	Bacteria	Actinomycetota	Actinomycetia	Streptomycetales	Streptomycetaceae	Streptomyces	Streptomyces sp.	Streptomyces sp. NPDC051320
NPDC051322	Bacteria	Actinomycetota	Actinomycetia	Streptomycetales	Streptomycetaceae	Streptomyces	Streptomyces sp.	Streptomyces sp. NPDC051322
NPDC051363	Bacteria	Actinomycetota	Actinomycetia	Streptomycetales	Streptomycetaceae	Streptomyces	Streptomyces microflavus	Streptomyces microflavus NPDC051363
NPDC051366	Bacteria	Actinomycetota	Actinomycetia	Streptomycetales	Streptomycetaceae	Streptomyces	Streptomyces sp.	Streptomyces sp. NPDC051366
NPDC051370	Bacteria	Actinomycetota	Actinomycetia	Streptomycetales	Streptomycetaceae	Streptomyces	Streptomyces anulatus	Streptomyces anulatus NPDC051370
NPDC051445	Bacteria	Actinomycetota	Actinomycetia	Streptomycetales	Streptomycetaceae	Streptomyces	Streptomyces sp.	Streptomyces sp. NPDC051445
NPDC051447	Bacteria	Actinomycetota	Actinomycetia	Streptomycetales	Streptomycetaceae	Streptomyces	Streptomyces asoensis	Streptomyces asoensis NPDC051447
NPDC051452	Bacteria	Actinomycetota	Actinomycetia	Streptomycetales	Streptomycetaceae	Streptomyces	Streptomyces sp.	Streptomyces sp. NPDC051452
NPDC051453	Bacteria	Actinomycetota	Actinomycetia	Streptomycetales	Streptomycetaceae	Streptomyces	Streptomyces sp003403055	Streptomyces sp. NPDC051453
NPDC051472	Bacteria	Actinomycetota	Actinomycetia	Streptomycetales	Streptomycetaceae	Streptomyces	Streptomyces parvulus	Streptomyces parvulus NPDC051472
NPDC051546	Bacteria	Actinomycetota	Actinomycetia	Streptomycetales	Streptomycetaceae	Streptomyces	Streptomyces sp.	Streptomyces sp. NPDC051546
NPDC051555	Bacteria	Actinomycetota	Actinomycetia	Streptomycetales	Streptomycetaceae	Streptomyces	Streptomyces sp.	Streptomyces sp. NPDC051555
NPDC051557	Bacteria	Actinomycetota	Actinomycetia	Streptomycetales	Streptomycetaceae	Streptomyces	Streptomyces cyaneofuscatus	Streptomyces cyaneofuscatus NPDC051557
NPDC051558	Bacteria	Actinomycetota	Actinomycetia	Streptomycetales	Streptomycetaceae	Streptomyces	Streptomyces anulatus	Streptomyces anulatus NPDC051558
NPDC051559	Bacteria	Actinomycetota	Actinomycetia	Streptomycetales	Streptomycetaceae	Streptomyces	Streptomyces anulatus	Streptomyces anulatus NPDC051559
NPDC051560	Bacteria	Actinomycetota	Actinomycetia	Streptomycetales	Streptomycetaceae	Streptomyces	Streptomyces anulatus	Streptomyces anulatus NPDC051560
NPDC051561	Bacteria	Actinomycetota	Actinomycetia	Streptomycetales	Streptomycetaceae	Streptomyces	Streptomyces sp.	Streptomyces sp. NPDC051561
NPDC051563	Bacteria	Actinomycetota	Actinomycetia	Streptomycetales	Streptomycetaceae	Streptomyces	Streptomyces sp.	Streptomyces sp. NPDC051563
NPDC051567	Bacteria	Actinomycetota	Actinomycetia	Streptomycetales	Streptomycetaceae	Streptomyces	Streptomyces sp.	Streptomyces sp. NPDC051567
NPDC051569	Bacteria	Actinomycetota	Actinomycetia	Streptomycetales	Streptomycetaceae	Streptomyces	Streptomyces sp.	Streptomyces sp. NPDC051569
NPDC051577	Bacteria	Actinomycetota	Actinomycetia	Streptomycetales	Streptomycetaceae	Streptomyces	Streptomyces sp.	Streptomyces sp. NPDC051577
NPDC051578	Bacteria	Actinomycetota	Actinomycetia	Streptomycetales	Streptomycetaceae	Streptomyces	Streptomyces sp.	Streptomyces sp. NPDC051578
NPDC051580	Bacteria	Actinomycetota	Actinomycetia	Streptomycetales	Streptomycetaceae	Streptomyces	Streptomyces kronopolitis	Streptomyces kronopolitis NPDC051580
NPDC051581	Bacteria	Actinomycetota	Actinomycetia	Streptomycetales	Streptomycetaceae	Streptomyces	Streptomyces albidoflavus	Streptomyces albidoflavus NPDC051581
NPDC051582	Bacteria	Actinomycetota	Actinomycetia	Streptomycetales	Streptomycetaceae	Streptomyces	Streptomyces sp.	Streptomyces sp. NPDC051582
NPDC051583	Bacteria	Actinomycetota	Actinomycetia	Streptomycetales	Streptomycetaceae	Streptomyces	Streptomyces goshikiensis	Streptomyces goshikiensis NPDC051583
NPDC051594	Bacteria	Actinomycetota	Actinomycetia	Streptomycetales	Streptomycetaceae	Streptomyces	Streptomyces cyaneofuscatus	Streptomyces cyaneofuscatus NPDC051594
NPDC051597	Bacteria	Actinomycetota	Actinomycetia	Streptomycetales	Streptomycetaceae	Streptomyces	Streptomyces sp.	Streptomyces sp. NPDC051597
NPDC051599	Bacteria	Actinomycetota	Actinomycetia	Streptomycetales	Streptomycetaceae	Streptomyces	Streptomyces cellulosae_A	Streptomyces cellulosae_A NPDC051599
NPDC051636	Bacteria	Actinomycetota	Actinomycetia	Streptomycetales	Streptomycetaceae	Streptomyces	Streptomyces sp.	Streptomyces sp. NPDC051636
NPDC051640	Bacteria	Actinomycetota	Actinomycetia	Streptomycetales	Streptomycetaceae	Streptomyces	Streptomyces sp018619185	Streptomyces sp. NPDC051640
NPDC051642	Bacteria	Actinomycetota	Actinomycetia	Streptomycetales	Streptomycetaceae	Streptomyces	Streptomyces sp.	Streptomyces sp. NPDC051642
NPDC051645	Bacteria	Actinomycetota	Actinomycetia	Streptomycetales	Streptomycetaceae	Streptomyces	Streptomyces anulatus	Streptomyces anulatus NPDC051645
NPDC051657	Bacteria	Actinomycetota	Actinomycetia	Streptomycetales	Streptomycetaceae	Streptomyces	Streptomyces sp018619185	Streptomyces sp. NPDC051657
NPDC051662	Bacteria	Actinomycetota	Actinomycetia	Streptomycetales	Streptomycetaceae	Streptomyces	Streptomyces sp.	Streptomyces sp. NPDC051662
NPDC051664	Bacteria	Actinomycetota	Actinomycetia	Streptomycetales	Streptomycetaceae	Streptomyces	Streptomyces sp900116325	Streptomyces sp. NPDC051664
NPDC051665	Bacteria	Actinomycetota	Actinomycetia	Streptomycetales	Streptomycetaceae	Streptomyces	Streptomyces sp.	Streptomyces sp. NPDC051665
NPDC051701	Bacteria	Actinomycetota	Actinomycetia	Streptomycetales	Streptomycetaceae	Streptomyces	Streptomyces xanthochromogenes	Streptomyces xanthochromogenes NPDC051701
NPDC051705	Bacteria	Actinomycetota	Actinomycetia	Streptomycetales	Streptomycetaceae	Kitasatospora	Kitasatospora sp.	Kitasatospora sp. NPDC051705
NPDC051717	Bacteria	Actinomycetota	Actinomycetia	Streptomycetales	Streptomycetaceae	Streptomyces	Streptomyces rishiriensis	Streptomyces rishiriensis NPDC051717
NPDC051740	Bacteria	Actinomycetota	Actinomycetia	Streptomycetales	Streptomycetaceae	Streptomyces	Streptomyces sp001905725	Streptomyces sp. NPDC051740
NPDC051741	Bacteria	Actinomycetota	Actinomycetia	Streptomycetales	Streptomycetaceae	Streptomyces	Streptomyces bobili	Streptomyces bobili NPDC051741
NPDC051742	Bacteria	Actinomycetota	Actinomycetia	Streptomycetales	Streptomycetaceae	Streptomyces	Streptomyces sp.	Streptomyces sp. NPDC051742
NPDC051743	Bacteria	Actinomycetota	Actinomycetia	Streptomycetales	Streptomycetaceae	Streptomyces	Streptomyces bobili	Streptomyces bobili NPDC051743
NPDC051771	Bacteria	Actinomycetota	Actinomycetia	Streptomycetales	Streptomycetaceae	Streptomyces	Streptomyces sp012927245	Streptomyces sp. NPDC051771
NPDC051815	Bacteria	Actinomycetota	Actinomycetia	Streptomycetales	Streptomycetaceae	Streptomyces	Streptomyces sp.	Streptomyces sp. NPDC051815
NPDC051840	Bacteria	Actinomycetota	Actinomycetia	Streptomycetales	Streptomycetaceae	Streptomyces	Streptomyces sp.	Streptomyces sp. NPDC051840
NPDC051895	Bacteria	Actinomycetota	Actinomycetia	Streptomycetales	Streptomycetaceae	Streptomyces	Streptomyces platensis	Streptomyces platensis NPDC051895
NPDC051907	Bacteria	Actinomycetota	Actinomycetia	Streptomycetales	Streptomycetaceae	Streptomyces	Streptomyces sp.	Streptomyces sp. NPDC051907
NPDC051909	Bacteria	Actinomycetota	Actinomycetia	Streptomycetales	Streptomycetaceae	Streptomyces	Streptomyces sp.	Streptomyces sp. NPDC051909
NPDC051910	Bacteria	Actinomycetota	Actinomycetia	Streptomycetales	Streptomycetaceae	Streptomyces	Streptomyces hydrogenans	Streptomyces hydrogenans NPDC051910
NPDC051913	Bacteria	Actinomycetota	Actinomycetia	Streptomycetales	Streptomycetaceae	Streptomyces	Streptomyces sp013361925	Streptomyces sp. NPDC051913
NPDC051914	Bacteria	Actinomycetota	Actinomycetia	Streptomycetales	Streptomycetaceae	Kitasatospora	Kitasatospora sp.	Kitasatospora sp. NPDC051914
NPDC051917	Bacteria	Actinomycetota	Actinomycetia	Streptomycetales	Streptomycetaceae	Streptomyces	Streptomyces sp.	Streptomyces sp. NPDC051917
NPDC051956	Bacteria	Actinomycetota	Actinomycetia	Streptomycetales	Streptomycetaceae	Streptomyces	Streptomyces sp002803065	Streptomyces sp. NPDC051956
NPDC051963	Bacteria	Actinomycetota	Actinomycetia	Streptomycetales	Streptomycetaceae	Streptomyces	Streptomyces sp.	Streptomyces sp. NPDC051963
NPDC051965	Bacteria	Actinomycetota	Actinomycetia	Streptomycetales	Streptomycetaceae	Streptomyces	Streptomyces chartreusis	Streptomyces chartreusis NPDC051965
NPDC051973	Bacteria	Actinomycetota	Actinomycetia	Streptomycetales	Streptomycetaceae	Streptomyces	Streptomyces xanthochromogenes	Streptomyces xanthochromogenes NPDC051973
NPDC051976	Bacteria	Actinomycetota	Actinomycetia	Streptomycetales	Streptomycetaceae	Streptomyces	Streptomyces sp.	Streptomyces sp. NPDC051976
NPDC051993	Bacteria	Actinomycetota	Actinomycetia	Streptomycetales	Streptomycetaceae	Streptomyces	Streptomyces sp.	Streptomyces sp. NPDC051993
NPDC051994	Bacteria	Actinomycetota	Actinomycetia	Streptomycetales	Streptomycetaceae	Streptomyces	Streptomyces sp.	Streptomyces sp. NPDC051994
NPDC051995	Bacteria	Actinomycetota	Actinomycetia	Streptomycetales	Streptomycetaceae	Streptomyces	Streptomyces sp.	Streptomyces sp. NPDC051995
NPDC052004	Bacteria	Actinomycetota	Actinomycetia	Streptomycetales	Streptomycetaceae	Streptomyces	Streptomyces rishiriensis	Streptomyces rishiriensis NPDC052004
NPDC052012	Bacteria	Actinomycetota	Actinomycetia	Streptomycetales	Streptomycetaceae	Streptomyces	Streptomyces sp.	Streptomyces sp. NPDC052012
NPDC052015	Bacteria	Actinomycetota	Actinomycetia	Streptomycetales	Streptomycetaceae	Streptomyces	Streptomyces sp.	Streptomyces sp. NPDC052015
NPDC052016	Bacteria	Actinomycetota	Actinomycetia	Streptomycetales	Streptomycetaceae	Streptomyces	Streptomyces sp.	Streptomyces sp. NPDC052016
NPDC052023	Bacteria	Actinomycetota	Actinomycetia	Streptomycetales	Streptomycetaceae	Streptomyces	Streptomyces sp.	Streptomyces sp. NPDC052023
NPDC052033	Bacteria	Actinomycetota	Actinomycetia	Streptomycetales	Streptomycetaceae	Streptomyces	Streptomyces griseoincarnatus	Streptomyces griseoincarnatus NPDC052033
NPDC052036	Bacteria	Actinomycetota	Actinomycetia	Streptomycetales	Streptomycetaceae	Streptomyces	Streptomyces sp.	Streptomyces sp. NPDC052036
NPDC052040	Bacteria	Actinomycetota	Actinomycetia	Streptomycetales	Streptomycetaceae	Streptomyces	Streptomyces sp.	Streptomyces sp. NPDC052040
NPDC052042	Bacteria	Actinomycetota	Actinomycetia	Streptomycetales	Streptomycetaceae	Streptomyces	Streptomyces sp.	Streptomyces sp. NPDC052042
NPDC052043	Bacteria	Actinomycetota	Actinomycetia	Streptomycetales	Streptomycetaceae	Streptomyces	Streptomyces sp.	Streptomyces sp. NPDC052043
NPDC052051	Bacteria	Actinomycetota	Actinomycetia	Streptomycetales	Streptomycetaceae	Streptomyces	Streptomyces sp023887685	Streptomyces sp. NPDC052051
NPDC052052	Bacteria	Actinomycetota	Actinomycetia	Streptomycetales	Streptomycetaceae	Streptomyces	Streptomyces sp.	Streptomyces sp. NPDC052052
NPDC052061	Bacteria	Actinomycetota	Actinomycetia	Streptomycetales	Streptomycetaceae	Streptomyces	Streptomyces sp.	Streptomyces sp. NPDC052061
NPDC052069	Bacteria	Actinomycetota	Actinomycetia	Streptomycetales	Streptomycetaceae	Streptomyces	Streptomyces sp001905125	Streptomyces sp. NPDC052069
NPDC052071	Bacteria	Actinomycetota	Actinomycetia	Streptomycetales	Streptomycetaceae	Streptomyces	Streptomyces papulosus	Streptomyces sp. NPDC052071
NPDC052073	Bacteria	Actinomycetota	Actinomycetia	Streptomycetales	Streptomycetaceae	Streptomyces	Streptomyces anulatus	Streptomyces anulatus NPDC052073
NPDC052077	Bacteria	Actinomycetota	Actinomycetia	Streptomycetales	Streptomycetaceae	Streptomyces	Streptomyces sp009862265	Streptomyces sp. NPDC052077
NPDC052084	Bacteria	Actinomycetota	Actinomycetia	Streptomycetales	Streptomycetaceae	Streptomyces	Streptomyces papulosus	Streptomyces papulosus NPDC052084
NPDC052088	Bacteria	Actinomycetota	Actinomycetia	Streptomycetales	Streptomycetaceae	Streptomyces	Streptomyces cellulosae	Streptomyces cellulosae NPDC052088
NPDC052090	Bacteria	Actinomycetota	Actinomycetia	Streptomycetales	Streptomycetaceae	Streptomyces	Streptomyces cellulosae	Streptomyces cellulosae NPDC052090
NPDC052092	Bacteria	Actinomycetota	Actinomycetia	Streptomycetales	Streptomycetaceae	Streptomyces	Streptomyces sp000527195	Streptomyces sp. NPDC052092
NPDC052097	Bacteria	Actinomycetota	Actinomycetia	Streptomycetales	Streptomycetaceae	Streptomyces	Streptomyces sp.	Streptomyces sp. NPDC052097
NPDC052110	Bacteria	Actinomycetota	Actinomycetia	Streptomycetales	Streptomycetaceae	Streptomyces	Streptomyces tendae	Streptomyces tendae NPDC052110
NPDC052163	Bacteria	Actinomycetota	Actinomycetia	Streptomycetales	Streptomycetaceae	Streptomyces	Streptomyces parvulus	Streptomyces parvulus NPDC052163
NPDC052192	Bacteria	Actinomycetota	Actinomycetia	Streptomycetales	Streptomycetaceae	Streptomyces	Streptomyces sp002078175	Streptomyces sp. NPDC052192
NPDC052219	Bacteria	Actinomycetota	Actinomycetia	Streptomycetales	Streptomycetaceae	Streptomyces	Streptomyces flaveolus	Streptomyces flaveolus NPDC052219
NPDC052220	Bacteria	Actinomycetota	Actinomycetia	Streptomycetales	Streptomycetaceae	Streptomyces	Streptomyces tendae	Streptomyces tendae NPDC052220
NPDC052222	Bacteria	Actinomycetota	Actinomycetia	Streptomycetales	Streptomycetaceae	Streptomyces	Streptomyces anthocyanicus	Streptomyces anthocyanicus NPDC052222
NPDC052225	Bacteria	Actinomycetota	Actinomycetia	Streptomycetales	Streptomycetaceae	Streptomyces	Streptomyces sp.	Streptomyces sp. NPDC052225
NPDC052235	Bacteria	Actinomycetota	Actinomycetia	Streptomycetales	Streptomycetaceae	Streptomyces	Streptomyces bobili	Streptomyces bobili NPDC052235
NPDC052236	Bacteria	Actinomycetota	Actinomycetia	Streptomycetales	Streptomycetaceae	Streptomyces	Streptomyces sp.	Streptomyces sp. NPDC052236
NPDC052248	Bacteria	Actinomycetota	Actinomycetia	Streptomycetales	Streptomycetaceae	Streptomyces	Streptomyces flaveolus	Streptomyces flaveolus NPDC052248
NPDC052262	Bacteria	Actinomycetota	Actinomycetia	Streptomycetales	Streptomycetaceae	Streptomyces	Streptomyces prunicolor	Streptomyces prunicolor NPDC052262
NPDC052276	Bacteria	Actinomycetota	Actinomycetia	Streptomycetales	Streptomycetaceae	Streptomyces	Streptomyces xiamenensis	Streptomyces xiamenensis NPDC052276
NPDC052284	Bacteria	Actinomycetota	Actinomycetia	Streptomycetales	Streptomycetaceae	Streptomyces	Streptomyces antimycoticus	Streptomyces antimycoticus NPDC052284
NPDC052287	Bacteria	Actinomycetota	Actinomycetia	Streptomycetales	Streptomycetaceae	Streptomyces	Streptomyces sp012273515	Streptomyces sp. NPDC052287
NPDC052289	Bacteria	Actinomycetota	Actinomycetia	Streptomycetales	Streptomycetaceae	Streptomyces	Streptomyces bauhiniae	Streptomyces bauhiniae NPDC052289
NPDC052291	Bacteria	Actinomycetota	Actinomycetia	Streptomycetales	Streptomycetaceae	Streptomyces	Streptomyces sp900105515	Streptomyces sp. NPDC052291
NPDC052292	Bacteria	Actinomycetota	Actinomycetia	Streptomycetales	Streptomycetaceae	Streptomyces	Streptomyces sp007176755	Streptomyces sp. NPDC052292
NPDC052299	Bacteria	Actinomycetota	Actinomycetia	Streptomycetales	Streptomycetaceae	Streptomyces	Streptomyces sp.	Streptomyces sp. NPDC052299
NPDC052301	Bacteria	Actinomycetota	Actinomycetia	Streptomycetales	Streptomycetaceae	Streptomyces	Streptomyces sp.	Streptomyces sp. NPDC052301
NPDC052302	Bacteria	Actinomycetota	Actinomycetia	Streptomycetales	Streptomycetaceae	Streptomyces	Streptomyces sp001509795	Streptomyces sp. NPDC052302
NPDC052306	Bacteria	Actinomycetota	Actinomycetia	Streptomycetales	Streptomycetaceae	Streptomyces	Streptomyces parvulus	Streptomyces parvulus NPDC052306
NPDC052347	Bacteria	Actinomycetota	Actinomycetia	Streptomycetales	Streptomycetaceae	Streptomyces	Streptomyces orinoci	Streptomyces orinoci NPDC052347
NPDC052354	Bacteria	Actinomycetota	Actinomycetia	Streptomycetales	Streptomycetaceae	Streptomyces	Streptomyces avermitilis	Streptomyces avermitilis NPDC052354
NPDC052360	Bacteria	Actinomycetota	Actinomycetia	Streptomycetales	Streptomycetaceae	Streptomyces	Streptomyces griseosporeus	Streptomyces griseosporeus NPDC052360
NPDC052368	Bacteria	Actinomycetota	Actinomycetia	Streptomycetales	Streptomycetaceae	Streptomyces	Streptomyces narbonensis	Streptomyces narbonensis NPDC052368
NPDC052377	Bacteria	Actinomycetota	Actinomycetia	Streptomycetales	Streptomycetaceae	Streptomyces	Streptomyces pseudogriseolus	Streptomyces pseudogriseolus NPDC052377
NPDC052383	Bacteria	Actinomycetota	Actinomycetia	Streptomycetales	Streptomycetaceae	Streptomyces	Streptomyces sioyaensis	Streptomyces sioyaensis NPDC052383
NPDC052396	Bacteria	Actinomycetota	Actinomycetia	Streptomycetales	Streptomycetaceae	Streptomyces	Streptomyces sp.	Streptomyces sp. NPDC052396
NPDC052415	Bacteria	Actinomycetota	Actinomycetia	Streptomycetales	Streptomycetaceae	Streptomyces	Streptomyces sp023544665	Streptomyces sp. NPDC052415
NPDC052465	Bacteria	Actinomycetota	Actinomycetia	Streptomycetales	Streptomycetaceae	Streptomyces	Streptomyces griseoincarnatus	Streptomyces griseoincarnatus NPDC052465
NPDC052496	Bacteria	Actinomycetota	Actinomycetia	Streptomycetales	Streptomycetaceae	Streptomyces	Streptomyces sp.	Streptomyces sp. NPDC052496
NPDC052511	Bacteria	Actinomycetota	Actinomycetia	Streptomycetales	Streptomycetaceae	Streptomyces	Streptomyces parvus	Streptomyces parvus NPDC052511
NPDC052513	Bacteria	Actinomycetota	Actinomycetia	Streptomycetales	Streptomycetaceae	Streptomyces	Streptomyces collinus	Streptomyces collinus NPDC052513
NPDC052527	Bacteria	Actinomycetota	Actinomycetia	Streptomycetales	Streptomycetaceae	Streptomyces	Streptomyces papulosus	Streptomyces papulosus NPDC052527
NPDC052563	Bacteria	Actinomycetota	Actinomycetia	Streptomycetales	Streptomycetaceae	Streptomyces	Streptomyces nondiastaticus	Streptomyces nondiastaticus NPDC052563
NPDC052588	Bacteria	Actinomycetota	Actinomycetia	Streptomycetales	Streptomycetaceae	Streptomyces	Streptomyces cellulosae	Streptomyces cellulosae NPDC052588
NPDC052594	Bacteria	Actinomycetota	Actinomycetia	Streptomycetales	Streptomycetaceae	Streptomyces	Streptomyces thermodiastaticus	Streptomyces thermodiastaticus NPDC052594
NPDC052610	Bacteria	Actinomycetota	Actinomycetia	Streptomycetales	Streptomycetaceae	Streptomyces	Streptomyces sp001905845	Streptomyces sp. NPDC052610
NPDC052613	Bacteria	Actinomycetota	Actinomycetia	Streptomycetales	Streptomycetaceae	Streptomyces	Streptomyces cellulosae	Streptomyces cellulosae NPDC052613
NPDC052626	Bacteria	Actinomycetota	Actinomycetia	Streptomycetales	Streptomycetaceae	Streptomyces	Streptomyces cellulosae	Streptomyces cellulosae NPDC052626
NPDC052628	Bacteria	Actinomycetota	Actinomycetia	Streptomycetales	Streptomycetaceae	Streptomyces	Streptomyces albogriseolus	Streptomyces albogriseolus NPDC052628
NPDC052629	Bacteria	Actinomycetota	Actinomycetia	Streptomycetales	Streptomycetaceae	Streptomyces	Streptomyces albogriseolus	Streptomyces albogriseolus NPDC052629
NPDC052637	Bacteria	Actinomycetota	Actinomycetia	Streptomycetales	Streptomycetaceae	Streptomyces	Streptomyces thermodiastaticus	Streptomyces thermodiastaticus NPDC052637
NPDC052652	Bacteria	Actinomycetota	Actinomycetia	Streptomycetales	Streptomycetaceae	Streptomyces	Streptomyces werraensis	Streptomyces werraensis NPDC052652
NPDC052653	Bacteria	Actinomycetota	Actinomycetia	Streptomycetales	Streptomycetaceae	Streptomyces	Streptomyces pseudogriseolus	Streptomyces pseudogriseolus NPDC052653
NPDC052655	Bacteria	Actinomycetota	Actinomycetia	Streptomycetales	Streptomycetaceae	Streptomyces	Streptomyces glaucescens_B	Streptomyces glaucescens NPDC052655
NPDC052676	Bacteria	Actinomycetota	Actinomycetia	Streptomycetales	Streptomycetaceae	Streptomyces	Streptomyces sp.	Streptomyces sp. NPDC052676
NPDC052682	Bacteria	Actinomycetota	Actinomycetia	Streptomycetales	Streptomycetaceae	Streptomyces	Streptomyces sp.	Streptomyces sp. NPDC052682
NPDC052687	Bacteria	Actinomycetota	Actinomycetia	Streptomycetales	Streptomycetaceae	Streptomyces	Streptomyces sp011193355	Streptomyces sp. NPDC052687
NPDC052691	Bacteria	Actinomycetota	Actinomycetia	Streptomycetales	Streptomycetaceae	Streptomyces	Streptomyces cellulosae	Streptomyces cellulosae NPDC052691
NPDC052703	Bacteria	Actinomycetota	Actinomycetia	Streptomycetales	Streptomycetaceae	Streptomyces	Streptomyces albidoflavus	Streptomyces albidoflavus NPDC052703
NPDC052706	Bacteria	Actinomycetota	Actinomycetia	Streptomycetales	Streptomycetaceae	Streptomyces	Streptomyces albogriseolus	Streptomyces albogriseolus NPDC052706
NPDC052707	Bacteria	Actinomycetota	Actinomycetia	Streptomycetales	Streptomycetaceae	Streptomyces	Streptomyces pseudogriseolus	Streptomyces pseudogriseolus NPDC052707
NPDC052716	Bacteria	Actinomycetota	Actinomycetia	Streptomycetales	Streptomycetaceae	Streptomyces	Streptomyces achromogenes	Streptomyces achromogenes NPDC052716
NPDC052718	Bacteria	Actinomycetota	Actinomycetia	Streptomycetales	Streptomycetaceae	Streptomyces	Streptomyces achromogenes	Streptomyces achromogenes NPDC052718
NPDC052721	Bacteria	Actinomycetota	Actinomycetia	Streptomycetales	Streptomycetaceae	Streptomyces	Streptomyces sp.	Streptomyces sp. NPDC052721
NPDC052727	Bacteria	Actinomycetota	Actinomycetia	Streptomycetales	Streptomycetaceae	Streptomyces	Streptomyces sp.	Streptomyces sp. NPDC052727
NPDC052731	Bacteria	Actinomycetota	Actinomycetia	Streptomycetales	Streptomycetaceae	Streptomyces	Streptomyces werraensis	Streptomyces werraensis NPDC052731
NPDC052732	Bacteria	Actinomycetota	Actinomycetia	Streptomycetales	Streptomycetaceae	Streptomyces	Streptomyces werraensis	Streptomyces werraensis NPDC052732
NPDC052735	Bacteria	Actinomycetota	Actinomycetia	Streptomycetales	Streptomycetaceae	Streptomyces	Streptomyces werraensis	Streptomyces werraensis NPDC052735
NPDC052738	Bacteria	Actinomycetota	Actinomycetia	Streptomycetales	Streptomycetaceae	Streptomyces	Streptomyces werraensis	Streptomyces werraensis NPDC052738
NPDC052743	Bacteria	Actinomycetota	Actinomycetia	Streptomycetales	Streptomycetaceae	Streptomyces	Streptomyces althioticus	Streptomyces althioticus NPDC052743
NPDC052749	Bacteria	Actinomycetota	Actinomycetia	Streptomycetales	Streptomycetaceae	Streptomyces	Streptomyces werraensis	Streptomyces werraensis NPDC052749
NPDC052760	Bacteria	Actinomycetota	Actinomycetia	Streptomycetales	Streptomycetaceae	Streptomyces	Streptomyces althioticus	Streptomyces althioticus NPDC052760
NPDC052767	Bacteria	Actinomycetota	Actinomycetia	Streptomycetales	Streptomycetaceae	Streptomyces	Streptomyces werraensis	Streptomyces werraensis NPDC052767
NPDC052768	Bacteria	Actinomycetota	Actinomycetia	Streptomycetales	Streptomycetaceae	Streptomyces	Streptomyces werraensis	Streptomyces werraensis NPDC052768
NPDC052772	Bacteria	Actinomycetota	Actinomycetia	Streptomycetales	Streptomycetaceae	Streptomyces	Streptomyces werraensis	Streptomyces werraensis NPDC052772
NPDC052773	Bacteria	Actinomycetota	Actinomycetia	Streptomycetales	Streptomycetaceae	Streptomyces	Streptomyces sp.	Streptomyces sp. NPDC052773
NPDC052776	Bacteria	Actinomycetota	Actinomycetia	Streptomycetales	Streptomycetaceae	Streptomyces	Streptomyces flaveolus_A	Streptomyces flaveolus NPDC052776
NPDC052779	Bacteria	Actinomycetota	Actinomycetia	Streptomycetales	Streptomycetaceae	Streptomyces	Streptomyces werraensis	Streptomyces werraensis NPDC052779
NPDC052878	Bacteria	Actinomycetota	Actinomycetia	Streptomycetales	Streptomycetaceae	Streptomyces	Streptomyces cinnamoneus	Streptomyces cinnamoneus NPDC052878
NPDC053378	Bacteria	Actinomycetota	Actinomycetia	Streptomycetales	Streptomycetaceae	Streptomyces	Streptomyces lincolnensis	Streptomyces lincolnensis NPDC053378
NPDC053705	Bacteria	Actinomycetota	Actinomycetia	Streptomycetales	Streptomycetaceae	Streptomyces	Streptomyces papulosus	Streptomyces sp. NPDC053705
NPDC053706	Bacteria	Actinomycetota	Actinomycetia	Streptomycetales	Streptomycetaceae	Streptomyces	Streptomyces diastaticus	Streptomyces diastaticus NPDC053706
NPDC053707	Bacteria	Actinomycetota	Actinomycetia	Streptomycetales	Streptomycetaceae	Streptomyces	Streptomyces silvae	Streptomyces silvae NPDC053707
NPDC053708	Bacteria	Actinomycetota	Actinomycetia	Streptomycetales	Streptomycetaceae	Streptomyces	Streptomyces albidoflavus	Streptomyces albidoflavus NPDC053708
NPDC053720	Bacteria	Actinomycetota	Actinomycetia	Streptomycetales	Streptomycetaceae	Streptomyces	Streptomyces sp003846175	Streptomyces sp. NPDC053720
NPDC053725	Bacteria	Actinomycetota	Actinomycetia	Streptomycetales	Streptomycetaceae	Streptomyces	Streptomyces anulatus	Streptomyces anulatus NPDC053725
NPDC053726	Bacteria	Actinomycetota	Actinomycetia	Streptomycetales	Streptomycetaceae	Streptomyces	Streptomyces sp.	Streptomyces sp. NPDC053726
NPDC053729	Bacteria	Actinomycetota	Actinomycetia	Streptomycetales	Streptomycetaceae	Streptomyces	Streptomyces clavifer	Streptomyces clavifer NPDC053729
NPDC053732	Bacteria	Actinomycetota	Actinomycetia	Streptomycetales	Streptomycetaceae	Streptomyces	Streptomyces albidoflavus	Streptomyces albidoflavus NPDC053732
NPDC053736	Bacteria	Actinomycetota	Actinomycetia	Streptomycetales	Streptomycetaceae	Streptomyces	Streptomyces albidoflavus	Streptomyces albidoflavus NPDC053736
NPDC053748	Bacteria	Actinomycetota	Actinomycetia	Streptomycetales	Streptomycetaceae	Streptomyces	Streptomyces papulosus	Streptomyces papulosus NPDC053748
NPDC053751	Bacteria	Actinomycetota	Actinomycetia	Streptomycetales	Streptomycetaceae	Streptomyces	Streptomyces syringium	Streptomyces syringium NPDC053751
NPDC053754	Bacteria	Actinomycetota	Actinomycetia	Streptomycetales	Streptomycetaceae	Streptomyces	Streptomyces syringium	Streptomyces syringium NPDC053754
NPDC053757	Bacteria	Actinomycetota	Actinomycetia	Streptomycetales	Streptomycetaceae	Streptomyces	Streptomyces prasinus	Streptomyces prasinus NPDC053757
NPDC053777	Bacteria	Actinomycetota	Actinomycetia	Streptomycetales	Streptomycetaceae	Streptomyces	Streptomyces syringium	Streptomyces syringium NPDC053777
NPDC053778	Bacteria	Actinomycetota	Actinomycetia	Streptomycetales	Streptomycetaceae	Streptomyces	Streptomyces zaomyceticus	Streptomyces zaomyceticus NPDC053778
NPDC053779	Bacteria	Actinomycetota	Actinomycetia	Streptomycetales	Streptomycetaceae	Streptomyces	Streptomyces syringium	Streptomyces syringium NPDC053779
NPDC053792	Bacteria	Actinomycetota	Actinomycetia	Streptomycetales	Streptomycetaceae	Streptomyces	Streptomyces sp.	Streptomyces sp. NPDC053792
NPDC053793	Bacteria	Actinomycetota	Actinomycetia	Streptomycetales	Streptomycetaceae	Streptomyces	Streptomyces virginiae	Streptomyces virginiae NPDC053793
NPDC053794	Bacteria	Actinomycetota	Actinomycetia	Streptomycetales	Streptomycetaceae	Streptomyces	Streptomyces sp.	Streptomyces sp. NPDC053794
NPDC053801	Bacteria	Actinomycetota	Actinomycetia	Streptomycetales	Streptomycetaceae	Streptomyces	Streptomyces paradoxus	Streptomyces paradoxus NPDC053801
NPDC053808	Bacteria	Actinomycetota	Actinomycetia	Streptomycetales	Streptomycetaceae	Streptomyces	Streptomyces papulosus	Streptomyces sp. NPDC053808
NPDC053813	Bacteria	Actinomycetota	Actinomycetia	Streptomycetales	Streptomycetaceae	Streptomyces	Streptomyces sp900091725	Streptomyces sp. NPDC053813
NPDC053817	Bacteria	Actinomycetota	Actinomycetia	Streptomycetales	Streptomycetaceae	Streptomyces	Streptomyces cyaneofuscatus	Streptomyces cyaneofuscatus NPDC053817
NPDC053826	Bacteria	Actinomycetota	Actinomycetia	Streptomycetales	Streptomycetaceae	Streptomyces	Streptomyces fradiae	Streptomyces fradiae NPDC053826
NPDC053831	Bacteria	Actinomycetota	Actinomycetia	Streptomycetales	Streptomycetaceae	Streptomyces	Streptomyces albidoflavus	Streptomyces albidoflavus NPDC053831
NPDC053832	Bacteria	Actinomycetota	Actinomycetia	Streptomycetales	Streptomycetaceae	Streptomyces	Streptomyces griseoincarnatus	Streptomyces griseoincarnatus NPDC053832
NPDC053841	Bacteria	Actinomycetota	Actinomycetia	Streptomycetales	Streptomycetaceae	Streptomyces	Streptomyces griseoincarnatus	Streptomyces griseoincarnatus NPDC053841
NPDC053843	Bacteria	Actinomycetota	Actinomycetia	Streptomycetales	Streptomycetaceae	Streptomyces	Streptomyces griseoincarnatus	Streptomyces griseoincarnatus NPDC053843
NPDC054753	Bacteria	Actinomycetota	Actinomycetia	Streptomycetales	Streptomycetaceae	Streptomyces	Streptomyces puniciscabiei	Streptomyces puniciscabiei NPDC054753
NPDC054754	Bacteria	Actinomycetota	Actinomycetia	Streptomycetales	Streptomycetaceae	Streptomyces	Streptomyces tricolor	Streptomyces tricolor NPDC054754
NPDC054756	Bacteria	Actinomycetota	Actinomycetia	Streptomycetales	Streptomycetaceae	Streptomyces	Streptomyces sp008973465	Streptomyces sp. NPDC054756
NPDC054759	Bacteria	Actinomycetota	Actinomycetia	Streptomycetales	Streptomycetaceae	Streptomyces	Streptomyces libani	Streptomyces libani NPDC054759
NPDC054760	Bacteria	Actinomycetota	Actinomycetia	Streptomycetales	Streptomycetaceae	Streptomyces	Streptomyces asiaticus	Streptomyces asiaticus NPDC054760
NPDC054761	Bacteria	Actinomycetota	Actinomycetia	Streptomycetales	Streptomycetaceae	Streptomyces	Streptomyces griseoincarnatus	Streptomyces griseoincarnatus NPDC054761
NPDC054763	Bacteria	Actinomycetota	Actinomycetia	Streptomycetales	Streptomycetaceae	Streptomyces	Streptomyces antimycoticus	Streptomyces antimycoticus NPDC054763
NPDC054764	Bacteria	Actinomycetota	Actinomycetia	Streptomycetales	Streptomycetaceae	Streptomyces	Streptomyces violaceusniger_A	Streptomyces violaceusniger_A NPDC054764
NPDC054765	Bacteria	Actinomycetota	Actinomycetia	Streptomycetales	Streptomycetaceae	Streptomyces	Streptomyces sp.	Streptomyces sp. NPDC054765
NPDC054766	Bacteria	Actinomycetota	Actinomycetia	Streptomycetales	Streptomycetaceae	Streptomyces	Streptomyces sp.	Streptomyces sp. NPDC054766
NPDC054768	Bacteria	Actinomycetota	Actinomycetia	Streptomycetales	Streptomycetaceae	Kitasatospora	Kitasatospora sp.	Kitasatospora sp. NPDC054768
NPDC054769	Bacteria	Actinomycetota	Actinomycetia	Streptomycetales	Streptomycetaceae	Kitasatospora	Kitasatospora sp.	Kitasatospora sp. NPDC054769
NPDC054770	Bacteria	Actinomycetota	Actinomycetia	Streptomycetales	Streptomycetaceae	Streptomyces	Streptomyces sp.	Streptomyces sp. NPDC054770
NPDC054771	Bacteria	Actinomycetota	Actinomycetia	Streptomycetales	Streptomycetaceae	Streptomyces	Streptomyces sp900091725	Streptomyces sp. NPDC054771
NPDC054773	Bacteria	Actinomycetota	Actinomycetia	Streptomycetales	Streptomycetaceae	Streptomyces	Streptomyces tendae	Streptomyces tendae NPDC054773
NPDC054774	Bacteria	Actinomycetota	Actinomycetia	Streptomycetales	Streptomycetaceae	Streptomyces	Streptomyces bobili	Streptomyces bobili NPDC054774
NPDC054775	Bacteria	Actinomycetota	Actinomycetia	Streptomycetales	Streptomycetaceae	Streptomyces	Streptomyces sp001507435	Streptomyces sp. NPDC054775
NPDC054776	Bacteria	Actinomycetota	Actinomycetia	Streptomycetales	Streptomycetaceae	Streptomyces	Streptomyces chartreusis	Streptomyces chartreusis NPDC054776
NPDC054777	Bacteria	Actinomycetota	Actinomycetia	Streptomycetales	Streptomycetaceae	Streptomyces	Streptomyces chartreusis	Streptomyces chartreusis NPDC054777
NPDC054778	Bacteria	Actinomycetota	Actinomycetia	Streptomycetales	Streptomycetaceae	Streptomyces	Streptomyces rimosus	Streptomyces rimosus NPDC054778
NPDC054779	Bacteria	Actinomycetota	Actinomycetia	Streptomycetales	Streptomycetaceae	Streptomyces	Streptomyces tendae	Streptomyces tendae NPDC054779
NPDC054781	Bacteria	Actinomycetota	Actinomycetia	Streptomycetales	Streptomycetaceae	Streptomyces	Streptomyces canus	Streptomyces canus NPDC054781
NPDC054782	Bacteria	Actinomycetota	Actinomycetia	Streptomycetales	Streptomycetaceae	Streptomyces	Streptomyces antimycoticus	Streptomyces antimycoticus NPDC054782
NPDC054784	Bacteria	Actinomycetota	Actinomycetia	Streptomycetales	Streptomycetaceae	Streptomyces	Streptomyces sp003665095	Streptomyces sp. NPDC054784
NPDC054786	Bacteria	Actinomycetota	Actinomycetia	Streptomycetales	Streptomycetaceae	Streptomyces	Streptomyces sp.	Streptomyces sp. NPDC054786
NPDC054787	Bacteria	Actinomycetota	Actinomycetia	Streptomycetales	Streptomycetaceae	Streptomyces	Streptomyces sp.	Streptomyces sp. NPDC054787
NPDC054788	Bacteria	Actinomycetota	Actinomycetia	Streptomycetales	Streptomycetaceae	Streptomyces	Streptomyces venezuelae_D	Streptomyces venezuelae_D NPDC054788
NPDC054790	Bacteria	Actinomycetota	Actinomycetia	Streptomycetales	Streptomycetaceae	Streptomyces	Streptomyces libani	Streptomyces libani NPDC054790
NPDC054794	Bacteria	Actinomycetota	Actinomycetia	Streptomycetales	Streptomycetaceae	Streptomyces	Streptomyces olivochromogenes_A	Streptomyces olivochromogenes_A NPDC054794
NPDC054795	Bacteria	Actinomycetota	Actinomycetia	Streptomycetales	Streptomycetaceae	Kitasatospora	Kitasatospora sp.	Kitasatospora sp. NPDC054795
NPDC054796	Bacteria	Actinomycetota	Actinomycetia	Streptomycetales	Streptomycetaceae	Streptomyces	Streptomyces sp.	Streptomyces sp. NPDC054796
NPDC054797	Bacteria	Actinomycetota	Actinomycetia	Streptomycetales	Streptomycetaceae	Streptomyces	Streptomyces sp.	Streptomyces sp. NPDC054797
NPDC054802	Bacteria	Actinomycetota	Actinomycetia	Streptomycetales	Streptomycetaceae	Streptomyces	Streptomyces sp.	Streptomyces sp. NPDC054802
NPDC054803	Bacteria	Actinomycetota	Actinomycetia	Streptomycetales	Streptomycetaceae	Streptomyces	Streptomyces luteogriseus	Streptomyces luteogriseus NPDC054803
NPDC054804	Bacteria	Actinomycetota	Actinomycetia	Streptomycetales	Streptomycetaceae	Streptomyces	Streptomyces sp.	Streptomyces sp. NPDC054804
NPDC054808	Bacteria	Actinomycetota	Actinomycetia	Streptomycetales	Streptomycetaceae	Streptomyces	Streptomyces sp000772045	Streptomyces sp. NPDC054808
NPDC054809	Bacteria	Actinomycetota	Actinomycetia	Streptomycetales	Streptomycetaceae	Streptomyces	Streptomyces xantholiticus	Streptomyces xantholiticus NPDC054809
NPDC054813	Bacteria	Actinomycetota	Actinomycetia	Streptomycetales	Streptomycetaceae	Streptomyces	Streptomyces sp.	Streptomyces sp. NPDC054813
NPDC054814	Bacteria	Actinomycetota	Actinomycetia	Streptomycetales	Streptomycetaceae	Streptomyces	Streptomyces cyaneofuscatus	Streptomyces cyaneofuscatus NPDC054814
NPDC054818	Bacteria	Actinomycetota	Actinomycetia	Streptomycetales	Streptomycetaceae	Streptomyces	Streptomyces albidoflavus	Streptomyces albidoflavus NPDC054818
NPDC054824	Bacteria	Actinomycetota	Actinomycetia	Streptomycetales	Streptomycetaceae	Streptomyces	Streptomyces xiamenensis	Streptomyces xiamenensis NPDC054824
NPDC054826	Bacteria	Actinomycetota	Actinomycetia	Streptomycetales	Streptomycetaceae	Streptomyces	Streptomyces sp010548465	Streptomyces sp. NPDC054826
NPDC054829	Bacteria	Actinomycetota	Actinomycetia	Streptomycetales	Streptomycetaceae	Streptomyces	Streptomyces sp900091315	Streptomyces sp. NPDC054829
NPDC054831	Bacteria	Actinomycetota	Actinomycetia	Streptomycetales	Streptomycetaceae	Streptomyces	Streptomyces cyaneofuscatus	Streptomyces cyaneofuscatus NPDC054831
NPDC054833	Bacteria	Actinomycetota	Actinomycetia	Streptomycetales	Streptomycetaceae	Streptomyces	Streptomyces sp.	Streptomyces sp. NPDC054833
NPDC054837	Bacteria	Actinomycetota	Actinomycetia	Streptomycetales	Streptomycetaceae	Streptomyces	Streptomyces sp000972385	Streptomyces sp. NPDC054837
NPDC054839	Bacteria	Actinomycetota	Actinomycetia	Streptomycetales	Streptomycetaceae	Streptomyces	Streptomyces collinus	Streptomyces collinus NPDC054839
NPDC054843	Bacteria	Actinomycetota	Actinomycetia	Streptomycetales	Streptomycetaceae	Streptomyces	Streptomyces chryseus	Streptomyces chryseus NPDC054843
NPDC054849	Bacteria	Actinomycetota	Actinomycetia	Streptomycetales	Streptomycetaceae	Streptomyces	Streptomyces sp.	Streptomyces sp. NPDC054849
NPDC054854	Bacteria	Actinomycetota	Actinomycetia	Streptomycetales	Streptomycetaceae	Streptomyces	Streptomyces sp.	Streptomyces sp. NPDC054854
NPDC054855	Bacteria	Actinomycetota	Actinomycetia	Streptomycetales	Streptomycetaceae	Streptomyces	Streptomyces sp.	Streptomyces sp. NPDC054855
NPDC054856	Bacteria	Actinomycetota	Actinomycetia	Streptomycetales	Streptomycetaceae	Streptomyces	Streptomyces albidoflavus	Streptomyces albidoflavus NPDC054856
NPDC054859	Bacteria	Actinomycetota	Actinomycetia	Streptomycetales	Streptomycetaceae	Streptomyces	Streptomyces albulus_C	Streptomyces albulus_C NPDC054859
NPDC054861	Bacteria	Actinomycetota	Actinomycetia	Streptomycetales	Streptomycetaceae	Streptomyces	Streptomyces sp.	Streptomyces sp. NPDC054861
NPDC054862	Bacteria	Actinomycetota	Actinomycetia	Streptomycetales	Streptomycetaceae	Streptomyces	Streptomyces cyaneofuscatus	Streptomyces cyaneofuscatus NPDC054862
NPDC054864	Bacteria	Actinomycetota	Actinomycetia	Streptomycetales	Streptomycetaceae	Streptomyces	Streptomyces sp.	Streptomyces sp. NPDC054864
NPDC054865	Bacteria	Actinomycetota	Actinomycetia	Streptomycetales	Streptomycetaceae	Streptomyces	Streptomyces sp.	Streptomyces sp. NPDC054865
NPDC054866	Bacteria	Actinomycetota	Actinomycetia	Streptomycetales	Streptomycetaceae	Streptomyces	Streptomyces sp009769735	Streptomyces sp. NPDC054866
NPDC054871	Bacteria	Actinomycetota	Actinomycetia	Streptomycetales	Streptomycetaceae	Streptomyces	Streptomyces sp009769735	Streptomyces sp. NPDC054871
NPDC054874	Bacteria	Actinomycetota	Actinomycetia	Streptomycetales	Streptomycetaceae	Streptomyces	Streptomyces sp018619185	Streptomyces sp. NPDC054874
NPDC054878	Bacteria	Actinomycetota	Actinomycetia	Streptomycetales	Streptomycetaceae	Streptomyces	Streptomyces sp.	Streptomyces sp. NPDC054878
NPDC054881	Bacteria	Actinomycetota	Actinomycetia	Streptomycetales	Streptomycetaceae	Streptomyces	Streptomyces fimicarius	Streptomyces fimicarius NPDC054881
NPDC054886	Bacteria	Actinomycetota	Actinomycetia	Streptomycetales	Streptomycetaceae	Streptomyces	Streptomyces bobili	Streptomyces bobili NPDC054886
NPDC054887	Bacteria	Actinomycetota	Actinomycetia	Streptomycetales	Streptomycetaceae	Streptomyces	Streptomyces sp.	Streptomyces sp. NPDC054887
NPDC054888	Bacteria	Actinomycetota	Actinomycetia	Streptomycetales	Streptomycetaceae	Streptomyces	Streptomyces sp.	Streptomyces sp. NPDC054888
NPDC054890	Bacteria	Actinomycetota	Actinomycetia	Streptomycetales	Streptomycetaceae	Streptomyces	Streptomyces xanthophaeus	Streptomyces xanthophaeus NPDC054890
NPDC054891	Bacteria	Actinomycetota	Actinomycetia	Streptomycetales	Streptomycetaceae	Streptomyces	Streptomyces xanthophaeus	Streptomyces xanthophaeus NPDC054891
NPDC054897	Bacteria	Actinomycetota	Actinomycetia	Streptomycetales	Streptomycetaceae	Streptomyces	Streptomyces xanthophaeus	Streptomyces xanthophaeus NPDC054897
NPDC054898	Bacteria	Actinomycetota	Actinomycetia	Streptomycetales	Streptomycetaceae	Streptomyces	Streptomyces xanthophaeus	Streptomyces xanthophaeus NPDC054898
NPDC054901	Bacteria	Actinomycetota	Actinomycetia	Streptomycetales	Streptomycetaceae	Streptomyces	Streptomyces sp.	Streptomyces sp. NPDC054901
NPDC054905	Bacteria	Actinomycetota	Actinomycetia	Streptomycetales	Streptomycetaceae	Streptomyces	Streptomyces xanthophaeus	Streptomyces xanthophaeus NPDC054905
NPDC054907	Bacteria	Actinomycetota	Actinomycetia	Streptomycetales	Streptomycetaceae	Streptomyces	Streptomyces chartreusis	Streptomyces chartreusis NPDC054907
NPDC054912	Bacteria	Actinomycetota	Actinomycetia	Streptomycetales	Streptomycetaceae	Streptomyces	Streptomyces sp.	Streptomyces sp. NPDC054912
NPDC054913	Bacteria	Actinomycetota	Actinomycetia	Streptomycetales	Streptomycetaceae	Streptomyces	Streptomyces fimicarius	Streptomyces fimicarius NPDC054913
NPDC054914	Bacteria	Actinomycetota	Actinomycetia	Streptomycetales	Streptomycetaceae	Streptomyces	Streptomyces albidoflavus	Streptomyces albidoflavus NPDC054914
NPDC054917	Bacteria	Actinomycetota	Actinomycetia	Streptomycetales	Streptomycetaceae	Streptomyces	Streptomyces xanthophaeus	Streptomyces xanthophaeus NPDC054917
NPDC054918	Bacteria	Actinomycetota	Actinomycetia	Streptomycetales	Streptomycetaceae	Streptomyces	Streptomyces decoyicus	Streptomyces decoyicus NPDC054918
NPDC054919	Bacteria	Actinomycetota	Actinomycetia	Streptomycetales	Streptomycetaceae	Streptomyces	Streptomyces sp900116325	Streptomyces sp. NPDC054919
NPDC054922	Bacteria	Actinomycetota	Actinomycetia	Streptomycetales	Streptomycetaceae	Streptomyces	Streptomyces fimicarius	Streptomyces fimicarius NPDC054922
NPDC054928	Bacteria	Actinomycetota	Actinomycetia	Streptomycetales	Streptomycetaceae	Streptomyces	Streptomyces fimicarius	Streptomyces fimicarius NPDC054928
NPDC054929	Bacteria	Actinomycetota	Actinomycetia	Streptomycetales	Streptomycetaceae	Streptomyces	Streptomyces xanthophaeus	Streptomyces xanthophaeus NPDC054929
NPDC054930	Bacteria	Actinomycetota	Actinomycetia	Streptomycetales	Streptomycetaceae	Streptomyces	Streptomyces xanthophaeus	Streptomyces xanthophaeus NPDC054930
NPDC054931	Bacteria	Actinomycetota	Actinomycetia	Streptomycetales	Streptomycetaceae	Streptomyces	Streptomyces virginiae_A	Streptomyces virginiae_A NPDC054931
NPDC054932	Bacteria	Actinomycetota	Actinomycetia	Streptomycetales	Streptomycetaceae	Streptomyces	Streptomyces sp.	Streptomyces sp. NPDC054932
NPDC054933	Bacteria	Actinomycetota	Actinomycetia	Streptomycetales	Streptomycetaceae	Streptomyces	Streptomyces sp.	Streptomyces sp. NPDC054933
NPDC054934	Bacteria	Actinomycetota	Actinomycetia	Streptomycetales	Streptomycetaceae	Streptomyces	Streptomyces zaomyceticus	Streptomyces zaomyceticus NPDC054934
NPDC054937	Bacteria	Actinomycetota	Actinomycetia	Streptomycetales	Streptomycetaceae	Streptomyces	Streptomyces chartreusis	Streptomyces chartreusis NPDC054937
NPDC054938	Bacteria	Actinomycetota	Actinomycetia	Streptomycetales	Streptomycetaceae	Streptomyces	Streptomyces zaomyceticus	Streptomyces zaomyceticus NPDC054938
NPDC054939	Bacteria	Actinomycetota	Actinomycetia	Streptomycetales	Streptomycetaceae	Kitasatospora	Kitasatospora sp.	Kitasatospora sp. NPDC054939
NPDC054940	Bacteria	Actinomycetota	Actinomycetia	Streptomycetales	Streptomycetaceae	Streptomyces	Streptomyces sp900103585	Streptomyces sp. NPDC054940
NPDC054941	Bacteria	Actinomycetota	Actinomycetia	Streptomycetales	Streptomycetaceae	Streptomyces	Streptomyces virginiae_A	Streptomyces virginiae_A NPDC054941
NPDC054943	Bacteria	Actinomycetota	Actinomycetia	Streptomycetales	Streptomycetaceae	Streptomyces	Streptomyces fimicarius	Streptomyces fimicarius NPDC054943
NPDC054944	Bacteria	Actinomycetota	Actinomycetia	Streptomycetales	Streptomycetaceae	Streptomyces	Streptomyces avermitilis	Streptomyces avermitilis NPDC054944
NPDC054945	Bacteria	Actinomycetota	Actinomycetia	Streptomycetales	Streptomycetaceae	Streptomyces	Streptomyces sp003148825	Streptomyces sp. NPDC054945
NPDC054946	Bacteria	Actinomycetota	Actinomycetia	Streptomycetales	Streptomycetaceae	Streptomyces	Streptomyces sp003148825	Streptomyces sp. NPDC054946
NPDC054947	Bacteria	Actinomycetota	Actinomycetia	Streptomycetales	Streptomycetaceae	Streptomyces	Streptomyces goshikiensis	Streptomyces goshikiensis NPDC054947
NPDC054949	Bacteria	Actinomycetota	Actinomycetia	Streptomycetales	Streptomycetaceae	Streptomyces	Streptomyces sp001279725	Streptomyces sp. NPDC054949
NPDC054950	Bacteria	Actinomycetota	Actinomycetia	Streptomycetales	Streptomycetaceae	Streptomyces	Streptomyces sp001298545	Streptomyces sp. NPDC054950
NPDC054951	Bacteria	Actinomycetota	Actinomycetia	Streptomycetales	Streptomycetaceae	Streptomyces	Streptomyces sp001298545	Streptomyces sp. NPDC054951
NPDC054952	Bacteria	Actinomycetota	Actinomycetia	Streptomycetales	Streptomycetaceae	Streptomyces	Streptomyces sp001279725	Streptomyces sp. NPDC054952
NPDC054954	Bacteria	Actinomycetota	Actinomycetia	Streptomycetales	Streptomycetaceae	Streptomyces	Streptomyces venezuelae_D	Streptomyces venezuelae_D NPDC054954
NPDC054956	Bacteria	Actinomycetota	Actinomycetia	Streptomycetales	Streptomycetaceae	Streptomyces	Streptomyces sp.	Streptomyces sp. NPDC054956
NPDC054957	Bacteria	Actinomycetota	Actinomycetia	Streptomycetales	Streptomycetaceae	Streptomyces	Streptomyces fimicarius	Streptomyces fimicarius NPDC054957
NPDC054958	Bacteria	Actinomycetota	Actinomycetia	Streptomycetales	Streptomycetaceae	Streptomyces	Streptomyces sp003148825	Streptomyces sp. NPDC054958
NPDC054961	Bacteria	Actinomycetota	Actinomycetia	Streptomycetales	Streptomycetaceae	Streptomyces	Streptomyces sp.	Streptomyces sp. NPDC054961
NPDC054962	Bacteria	Actinomycetota	Actinomycetia	Streptomycetales	Streptomycetaceae	Streptomyces	Streptomyces sp001298545	Streptomyces sp. NPDC054962
NPDC054975	Bacteria	Actinomycetota	Actinomycetia	Streptomycetales	Streptomycetaceae	Streptomyces	Streptomyces sp.	Streptomyces sp. NPDC054975
NPDC054979	Bacteria	Actinomycetota	Actinomycetia	Streptomycetales	Streptomycetaceae	Streptomyces	Streptomyces iakyrus	Streptomyces iakyrus NPDC054979
NPDC054983	Bacteria	Actinomycetota	Actinomycetia	Streptomycetales	Streptomycetaceae	Streptomyces	Streptomyces anulatus	Streptomyces anulatus NPDC054983
NPDC054985	Bacteria	Actinomycetota	Actinomycetia	Streptomycetales	Streptomycetaceae	Streptomyces	Streptomyces globisporus_D	Streptomyces globisporus_D NPDC054985
NPDC054986	Bacteria	Actinomycetota	Actinomycetia	Streptomycetales	Streptomycetaceae	Streptomyces	Streptomyces globisporus_D	Streptomyces globisporus_D NPDC054986
NPDC054987	Bacteria	Actinomycetota	Actinomycetia	Streptomycetales	Streptomycetaceae	Streptomyces	Streptomyces sp001941845	Streptomyces sp. NPDC054987
NPDC054990	Bacteria	Actinomycetota	Actinomycetia	Streptomycetales	Streptomycetaceae	Streptomyces	Streptomyces libani	Streptomyces libani NPDC054990
NPDC054991	Bacteria	Actinomycetota	Actinomycetia	Streptomycetales	Streptomycetaceae	Streptomyces	Streptomyces massasporeus	Streptomyces massasporeus NPDC054991
NPDC054992	Bacteria	Actinomycetota	Actinomycetia	Streptomycetales	Streptomycetaceae	Streptomyces	Streptomyces fimicarius	Streptomyces fimicarius NPDC054992
NPDC054993	Bacteria	Actinomycetota	Actinomycetia	Streptomycetales	Streptomycetaceae	Streptomyces	Streptomyces fimicarius	Streptomyces fimicarius NPDC054993
NPDC054994	Bacteria	Actinomycetota	Actinomycetia	Streptomycetales	Streptomycetaceae	Streptomyces	Streptomyces globisporus_D	Streptomyces globisporus_D NPDC054994
NPDC054995	Bacteria	Actinomycetota	Actinomycetia	Streptomycetales	Streptomycetaceae	Streptomyces	Streptomyces durocortorensis	Streptomyces durocortorensis NPDC054995
NPDC054997	Bacteria	Actinomycetota	Actinomycetia	Streptomycetales	Streptomycetaceae	Streptomyces	Streptomyces globisporus_D	Streptomyces globisporus_D NPDC054997
NPDC055000	Bacteria	Actinomycetota	Actinomycetia	Streptomycetales	Streptomycetaceae	Streptomyces	Streptomyces cyaneofuscatus	Streptomyces cyaneofuscatus NPDC055000
NPDC055001	Bacteria	Actinomycetota	Actinomycetia	Streptomycetales	Streptomycetaceae	Streptomyces	Streptomyces globisporus_D	Streptomyces globisporus_D NPDC055001
NPDC055003	Bacteria	Actinomycetota	Actinomycetia	Streptomycetales	Streptomycetaceae	Streptomyces	Streptomyces hydrogenans	Streptomyces hydrogenans NPDC055003
NPDC055004	Bacteria	Actinomycetota	Actinomycetia	Streptomycetales	Streptomycetaceae	Streptomyces	Streptomyces vinaceus	Streptomyces vinaceus NPDC055004
NPDC055006	Bacteria	Actinomycetota	Actinomycetia	Streptomycetales	Streptomycetaceae	Streptomyces	Streptomyces sp003403055	Streptomyces sp. NPDC055006
NPDC055011	Bacteria	Actinomycetota	Actinomycetia	Streptomycetales	Streptomycetaceae	Streptomyces	Streptomyces sp.	Streptomyces sp. NPDC055011
NPDC055013	Bacteria	Actinomycetota	Actinomycetia	Streptomycetales	Streptomycetaceae	Streptomyces	Streptomyces sp.	Streptomyces sp. NPDC055013
NPDC055019	Bacteria	Actinomycetota	Actinomycetia	Streptomycetales	Streptomycetaceae	Streptomyces	Streptomyces hydrogenans	Streptomyces hydrogenans NPDC055019
NPDC055047	Bacteria	Actinomycetota	Actinomycetia	Streptomycetales	Streptomycetaceae	Streptomyces	Streptomyces anulatus	Streptomyces anulatus NPDC055047
NPDC055052	Bacteria	Actinomycetota	Actinomycetia	Streptomycetales	Streptomycetaceae	Streptomyces	Streptomyces nigra	Streptomyces nigra NPDC055052
NPDC055055	Bacteria	Actinomycetota	Actinomycetia	Streptomycetales	Streptomycetaceae	Streptomyces	Streptomyces sp.	Streptomyces sp. NPDC055055
NPDC055087	Bacteria	Actinomycetota	Actinomycetia	Streptomycetales	Streptomycetaceae	Streptomyces	Streptomyces vinaceus	Streptomyces vinaceus NPDC055087
NPDC055088	Bacteria	Actinomycetota	Actinomycetia	Streptomycetales	Streptomycetaceae	Streptomyces	Streptomyces niveus	Streptomyces niveus NPDC055088
NPDC055089	Bacteria	Actinomycetota	Actinomycetia	Streptomycetales	Streptomycetaceae	Streptomyces	Streptomyces poriferorum	Streptomyces poriferorum NPDC055089
NPDC055099	Bacteria	Actinomycetota	Actinomycetia	Streptomycetales	Streptomycetaceae	Streptomyces	Streptomyces sp.	Streptomyces sp. NPDC055099
NPDC055103	Bacteria	Actinomycetota	Actinomycetia	Streptomycetales	Streptomycetaceae	Streptomyces	Streptomyces sp.	Streptomyces sp. NPDC055103
NPDC055129	Bacteria	Actinomycetota	Actinomycetia	Streptomycetales	Streptomycetaceae	Streptomyces	Streptomyces sp.	Streptomyces sp. NPDC055129
NPDC055134	Bacteria	Actinomycetota	Actinomycetia	Streptomycetales	Streptomycetaceae	Streptomyces	Streptomyces sp002803065	Streptomyces sp. NPDC055134
NPDC055140	Bacteria	Actinomycetota	Actinomycetia	Streptomycetales	Streptomycetaceae	Streptomyces	Streptomyces sp003403055	Streptomyces sp. NPDC055140
NPDC055149	Bacteria	Actinomycetota	Actinomycetia	Streptomycetales	Streptomycetaceae	Streptomyces	Streptomyces niveus	Streptomyces niveus NPDC055149
NPDC055181	Bacteria	Actinomycetota	Actinomycetia	Streptomycetales	Streptomycetaceae	Streptomyces	Streptomyces anulatus	Streptomyces anulatus NPDC055181
NPDC055185	Bacteria	Actinomycetota	Actinomycetia	Streptomycetales	Streptomycetaceae	Streptomyces	Streptomyces sp.	Streptomyces sp. NPDC055185
NPDC055186	Bacteria	Actinomycetota	Actinomycetia	Streptomycetales	Streptomycetaceae	Streptomyces	Streptomyces sp.	Streptomyces sp. NPDC055186
NPDC055189	Bacteria	Actinomycetota	Actinomycetia	Streptomycetales	Streptomycetaceae	Streptomyces	Streptomyces sp.	Streptomyces sp. NPDC055189
NPDC055210	Bacteria	Actinomycetota	Actinomycetia	Streptomycetales	Streptomycetaceae	Streptomyces	Streptomyces liliiviolaceus	Streptomyces liliiviolaceus NPDC055210
NPDC055213	Bacteria	Actinomycetota	Actinomycetia	Streptomycetales	Streptomycetaceae	Streptomyces	Streptomyces anulatus	Streptomyces anulatus NPDC055213
NPDC055214	Bacteria	Actinomycetota	Actinomycetia	Streptomycetales	Streptomycetaceae	Streptomyces	Streptomyces sp.	Streptomyces sp. NPDC055214
NPDC055233	Bacteria	Actinomycetota	Actinomycetia	Streptomycetales	Streptomycetaceae	Streptomyces	Streptomyces celluloflavus	Streptomyces celluloflavus NPDC055233
NPDC055235	Bacteria	Actinomycetota	Actinomycetia	Streptomycetales	Streptomycetaceae	Streptomyces	Streptomyces diastaticus	Streptomyces diastaticus NPDC055235
NPDC055238	Bacteria	Actinomycetota	Actinomycetia	Streptomycetales	Streptomycetaceae	Streptomyces	Streptomyces diastaticus	Streptomyces diastaticus NPDC055238
NPDC055239	Bacteria	Actinomycetota	Actinomycetia	Streptomycetales	Streptomycetaceae	Streptomyces	Streptomyces sp.	Streptomyces sp. NPDC055239
NPDC055242	Bacteria	Actinomycetota	Actinomycetia	Streptomycetales	Streptomycetaceae	Streptomyces	Streptomyces albulus_C	Streptomyces albulus_C NPDC055242
NPDC055245	Bacteria	Actinomycetota	Actinomycetia	Streptomycetales	Streptomycetaceae	Streptomyces	Streptomyces celluloflavus	Streptomyces celluloflavus NPDC055245
NPDC055250	Bacteria	Actinomycetota	Actinomycetia	Streptomycetales	Streptomycetaceae	Streptomyces	Streptomyces bacillaris	Streptomyces bacillaris NPDC055250
NPDC055251	Bacteria	Actinomycetota	Actinomycetia	Streptomycetales	Streptomycetaceae	Streptomyces	Streptomyces anulatus	Streptomyces anulatus NPDC055251
NPDC055252	Bacteria	Actinomycetota	Actinomycetia	Streptomycetales	Streptomycetaceae	Streptomyces	Streptomyces celluloflavus	Streptomyces celluloflavus NPDC055252
NPDC055253	Bacteria	Actinomycetota	Actinomycetia	Streptomycetales	Streptomycetaceae	Streptomyces	Streptomyces goshikiensis	Streptomyces goshikiensis NPDC055253
NPDC055254	Bacteria	Actinomycetota	Actinomycetia	Streptomycetales	Streptomycetaceae	Streptomyces	Streptomyces sp.	Streptomyces sp. NPDC055254
NPDC055255	Bacteria	Actinomycetota	Actinomycetia	Streptomycetales	Streptomycetaceae	Streptomyces	Streptomyces bacillaris	Streptomyces bacillaris NPDC055255
NPDC055258	Bacteria	Actinomycetota	Actinomycetia	Streptomycetales	Streptomycetaceae	Streptomyces	Streptomyces bacillaris	Streptomyces bacillaris NPDC055258
NPDC055259	Bacteria	Actinomycetota	Actinomycetia	Streptomycetales	Streptomycetaceae	Streptomyces	Streptomyces althioticus	Streptomyces althioticus NPDC055259
NPDC055261	Bacteria	Actinomycetota	Actinomycetia	Streptomycetales	Streptomycetaceae	Streptomyces	Streptomyces sp.	Streptomyces sp. NPDC055261
NPDC055263	Bacteria	Actinomycetota	Actinomycetia	Streptomycetales	Streptomycetaceae	Streptomyces	Streptomyces sp001905595	Streptomyces sp. NPDC055263
NPDC055265	Bacteria	Actinomycetota	Actinomycetia	Streptomycetales	Streptomycetaceae	Streptomyces	Streptomyces diastaticus	Streptomyces diastaticus NPDC055265
NPDC055270	Bacteria	Actinomycetota	Actinomycetia	Streptomycetales	Streptomycetaceae	Streptomyces	Streptomyces anulatus	Streptomyces anulatus NPDC055270
NPDC055272	Bacteria	Actinomycetota	Actinomycetia	Streptomycetales	Streptomycetaceae	Streptomyces	Streptomyces anulatus	Streptomyces anulatus NPDC055272
NPDC055273	Bacteria	Actinomycetota	Actinomycetia	Streptomycetales	Streptomycetaceae	Streptomyces	Streptomyces diastaticus	Streptomyces diastaticus NPDC055273
NPDC055278	Bacteria	Actinomycetota	Actinomycetia	Streptomycetales	Streptomycetaceae	Streptomyces	Streptomyces diastaticus	Streptomyces diastaticus NPDC055278
NPDC055282	Bacteria	Actinomycetota	Actinomycetia	Streptomycetales	Streptomycetaceae	Streptomyces	Streptomyces bacillaris	Streptomyces bacillaris NPDC055282
NPDC055285	Bacteria	Actinomycetota	Actinomycetia	Streptomycetales	Streptomycetaceae	Streptomyces	Streptomyces anulatus	Streptomyces anulatus NPDC055285
NPDC055286	Bacteria	Actinomycetota	Actinomycetia	Streptomycetales	Streptomycetaceae	Streptomyces	Streptomyces bacillaris	Streptomyces bacillaris NPDC055286
NPDC055287	Bacteria	Actinomycetota	Actinomycetia	Streptomycetales	Streptomycetaceae	Streptomyces	Streptomyces sp.	Streptomyces sp. NPDC055287
NPDC055288	Bacteria	Actinomycetota	Actinomycetia	Streptomycetales	Streptomycetaceae	Streptomyces	Streptomyces diastaticus	Streptomyces diastaticus NPDC055288
NPDC055289	Bacteria	Actinomycetota	Actinomycetia	Streptomycetales	Streptomycetaceae	Streptomyces	Streptomyces celluloflavus	Streptomyces celluloflavus NPDC055289
NPDC055292	Bacteria	Actinomycetota	Actinomycetia	Streptomycetales	Streptomycetaceae	Streptomyces	Streptomyces albulus_C	Streptomyces albulus_C NPDC055292
NPDC055294	Bacteria	Actinomycetota	Actinomycetia	Streptomycetales	Streptomycetaceae	Streptomyces	Streptomyces kronopolitis	Streptomyces kronopolitis NPDC055294
NPDC055296	Bacteria	Actinomycetota	Actinomycetia	Streptomycetales	Streptomycetaceae	Streptomyces	Streptomyces bacillaris	Streptomyces bacillaris NPDC055296
NPDC055297	Bacteria	Actinomycetota	Actinomycetia	Streptomycetales	Streptomycetaceae	Streptomyces	Streptomyces bacillaris	Streptomyces bacillaris NPDC055297
NPDC055298	Bacteria	Actinomycetota	Actinomycetia	Streptomycetales	Streptomycetaceae	Streptomyces	Streptomyces lydicus_C	Streptomyces lydicus_C NPDC055298
NPDC055299	Bacteria	Actinomycetota	Actinomycetia	Streptomycetales	Streptomycetaceae	Streptomyces	Streptomyces sp.	Streptomyces sp. NPDC055299
NPDC055302	Bacteria	Actinomycetota	Actinomycetia	Streptomycetales	Streptomycetaceae	Streptomyces	Streptomyces kronopolitis	Streptomyces kronopolitis NPDC055302
NPDC055304	Bacteria	Actinomycetota	Actinomycetia	Streptomycetales	Streptomycetaceae	Streptomyces	Streptomyces sp003947455	Streptomyces sp. NPDC055304
NPDC055308	Bacteria	Actinomycetota	Actinomycetia	Streptomycetales	Streptomycetaceae	Streptomyces	Streptomyces diastaticus	Streptomyces diastaticus NPDC055308
NPDC055319	Bacteria	Actinomycetota	Actinomycetia	Streptomycetales	Streptomycetaceae	Streptomyces	Streptomyces diastaticus	Streptomyces diastaticus NPDC055319
NPDC055329	Bacteria	Actinomycetota	Actinomycetia	Streptomycetales	Streptomycetaceae	Streptomyces	Streptomyces diastaticus	Streptomyces diastaticus NPDC055329
NPDC055331	Bacteria	Actinomycetota	Actinomycetia	Streptomycetales	Streptomycetaceae	Streptomyces	Streptomyces libani	Streptomyces libani NPDC055331
NPDC055333	Bacteria	Actinomycetota	Actinomycetia	Streptomycetales	Streptomycetaceae	Streptomyces	Streptomyces massasporeus	Streptomyces massasporeus NPDC055333
NPDC055334	Bacteria	Actinomycetota	Actinomycetia	Streptomycetales	Streptomycetaceae	Streptomyces	Streptomyces massasporeus	Streptomyces massasporeus NPDC055334
NPDC055335	Bacteria	Actinomycetota	Actinomycetia	Streptomycetales	Streptomycetaceae	Streptomyces	Streptomyces sp003947455	Streptomyces sp. NPDC055335
NPDC055336	Bacteria	Actinomycetota	Actinomycetia	Streptomycetales	Streptomycetaceae	Streptomyces	Streptomyces sp.	Streptomyces sp. NPDC055336
NPDC055341	Bacteria	Actinomycetota	Actinomycetia	Streptomycetales	Streptomycetaceae	Streptomyces	Streptomyces anulatus	Streptomyces anulatus NPDC055341
NPDC055348	Bacteria	Actinomycetota	Actinomycetia	Streptomycetales	Streptomycetaceae	Streptomyces	Streptomyces albidoflavus	Streptomyces albidoflavus NPDC055348
NPDC055350	Bacteria	Actinomycetota	Actinomycetia	Streptomycetales	Streptomycetaceae	Streptomyces	Streptomyces albidoflavus	Streptomyces albidoflavus NPDC055350
NPDC055360	Bacteria	Actinomycetota	Actinomycetia	Streptomycetales	Streptomycetaceae	Streptomyces	Streptomyces diastaticus	Streptomyces diastaticus NPDC055360
NPDC055364	Bacteria	Actinomycetota	Actinomycetia	Streptomycetales	Streptomycetaceae	Streptomyces	Streptomyces diastaticus	Streptomyces diastaticus NPDC055364
NPDC055365	Bacteria	Actinomycetota	Actinomycetia	Streptomycetales	Streptomycetaceae	Streptomyces	Streptomyces sp.	Streptomyces sp. NPDC055365
NPDC055367	Bacteria	Actinomycetota	Actinomycetia	Streptomycetales	Streptomycetaceae	Streptomyces	Streptomyces sp.	Streptomyces sp. NPDC055367
NPDC055370	Bacteria	Actinomycetota	Actinomycetia	Streptomycetales	Streptomycetaceae	Streptomyces	Streptomyces diastaticus	Streptomyces diastaticus NPDC055370
NPDC055376	Bacteria	Actinomycetota	Actinomycetia	Streptomycetales	Streptomycetaceae	Streptomyces	Streptomyces celluloflavus	Streptomyces celluloflavus NPDC055376
NPDC055379	Bacteria	Actinomycetota	Actinomycetia	Streptomycetales	Streptomycetaceae	Streptomyces	Streptomyces goshikiensis	Streptomyces goshikiensis NPDC055379
NPDC055387	Bacteria	Actinomycetota	Actinomycetia	Streptomycetales	Streptomycetaceae	Streptomyces	Streptomyces globisporus	Streptomyces globisporus NPDC055387
NPDC055388	Bacteria	Actinomycetota	Actinomycetia	Streptomycetales	Streptomycetaceae	Streptomyces	Streptomyces celluloflavus	Streptomyces celluloflavus NPDC055388
NPDC055393	Bacteria	Actinomycetota	Actinomycetia	Streptomycetales	Streptomycetaceae	Streptomyces	Streptomyces diastaticus	Streptomyces diastaticus NPDC055393
NPDC055397	Bacteria	Actinomycetota	Actinomycetia	Streptomycetales	Streptomycetaceae	Streptomyces	Streptomyces sp001905445	Streptomyces sp. NPDC055397
NPDC055398	Bacteria	Actinomycetota	Actinomycetia	Streptomycetales	Streptomycetaceae	Streptomyces	Streptomyces diastaticus	Streptomyces diastaticus NPDC055398
NPDC055399	Bacteria	Actinomycetota	Actinomycetia	Streptomycetales	Streptomycetaceae	Streptomyces	Streptomyces celluloflavus	Streptomyces celluloflavus NPDC055399
NPDC055400	Bacteria	Actinomycetota	Actinomycetia	Streptomycetales	Streptomycetaceae	Streptomyces	Streptomyces sp002803065	Streptomyces sp. NPDC055400
NPDC055402	Bacteria	Actinomycetota	Actinomycetia	Streptomycetales	Streptomycetaceae	Streptomyces	Streptomyces sp.	Streptomyces sp. NPDC055402
NPDC055410	Bacteria	Actinomycetota	Actinomycetia	Streptomycetales	Streptomycetaceae	Streptomyces	Streptomyces diastaticus	Streptomyces diastaticus NPDC055410
NPDC055416	Bacteria	Actinomycetota	Actinomycetia	Streptomycetales	Streptomycetaceae	Streptomyces	Streptomyces bacillaris	Streptomyces bacillaris NPDC055416
NPDC055417	Bacteria	Actinomycetota	Actinomycetia	Streptomycetales	Streptomycetaceae	Streptomyces	Streptomyces bacillaris	Streptomyces bacillaris NPDC055417
NPDC055420	Bacteria	Actinomycetota	Actinomycetia	Streptomycetales	Streptomycetaceae	Streptomyces	Streptomyces albidoflavus	Streptomyces albidoflavus NPDC055420
NPDC055421	Bacteria	Actinomycetota	Actinomycetia	Streptomycetales	Streptomycetaceae	Streptomyces	Streptomyces albidoflavus	Streptomyces albidoflavus NPDC055421
NPDC055422	Bacteria	Actinomycetota	Actinomycetia	Streptomycetales	Streptomycetaceae	Streptomyces	Streptomyces albidoflavus	Streptomyces albidoflavus NPDC055422
NPDC055424	Bacteria	Actinomycetota	Actinomycetia	Streptomycetales	Streptomycetaceae	Streptomyces	Streptomyces albidoflavus	Streptomyces albidoflavus NPDC055424
NPDC055432	Bacteria	Actinomycetota	Actinomycetia	Streptomycetales	Streptomycetaceae	Streptomyces	Streptomyces diastaticus	Streptomyces diastaticus NPDC055432
NPDC055433	Bacteria	Actinomycetota	Actinomycetia	Streptomycetales	Streptomycetaceae	Streptomyces	Streptomyces diastaticus	Streptomyces diastaticus NPDC055433
NPDC055434	Bacteria	Actinomycetota	Actinomycetia	Streptomycetales	Streptomycetaceae	Streptomyces	Streptomyces albidoflavus	Streptomyces albidoflavus NPDC055434
NPDC055435	Bacteria	Actinomycetota	Actinomycetia	Streptomycetales	Streptomycetaceae	Streptomyces	Streptomyces diastaticus	Streptomyces diastaticus NPDC055435
NPDC055440	Bacteria	Actinomycetota	Actinomycetia	Streptomycetales	Streptomycetaceae	Streptomyces	Streptomyces albidoflavus	Streptomyces albidoflavus NPDC055440
NPDC055446	Bacteria	Actinomycetota	Actinomycetia	Streptomycetales	Streptomycetaceae	Kitasatospora	Kitasatospora sp.	Kitasatospora sp. NPDC055446
NPDC055448	Bacteria	Actinomycetota	Actinomycetia	Streptomycetales	Streptomycetaceae	Streptomyces	Streptomyces diastaticus	Streptomyces diastaticus NPDC055448
NPDC055449	Bacteria	Actinomycetota	Actinomycetia	Streptomycetales	Streptomycetaceae	Streptomyces	Streptomyces albidoflavus	Streptomyces albidoflavus NPDC055449
NPDC055458	Bacteria	Actinomycetota	Actinomycetia	Streptomycetales	Streptomycetaceae	Streptomyces	Streptomyces albidoflavus	Streptomyces albidoflavus NPDC055458
NPDC055460	Bacteria	Actinomycetota	Actinomycetia	Streptomycetales	Streptomycetaceae	Streptomyces	Streptomyces albidoflavus	Streptomyces albidoflavus NPDC055460
NPDC055462	Bacteria	Actinomycetota	Actinomycetia	Streptomycetales	Streptomycetaceae	Streptomyces	Streptomyces albidoflavus	Streptomyces albidoflavus NPDC055462
NPDC055465	Bacteria	Actinomycetota	Actinomycetia	Streptomycetales	Streptomycetaceae	Streptomyces	Streptomyces diastaticus	Streptomyces diastaticus NPDC055465
NPDC055466	Bacteria	Actinomycetota	Actinomycetia	Streptomycetales	Streptomycetaceae	Streptomyces	Streptomyces albidoflavus	Streptomyces albidoflavus NPDC055466
NPDC055471	Bacteria	Actinomycetota	Actinomycetia	Streptomycetales	Streptomycetaceae	Streptomyces	Streptomyces albidoflavus	Streptomyces albidoflavus NPDC055471
NPDC055473	Bacteria	Actinomycetota	Actinomycetia	Streptomycetales	Streptomycetaceae	Streptomyces	Streptomyces albidoflavus	Streptomyces albidoflavus NPDC055473
NPDC055474	Bacteria	Actinomycetota	Actinomycetia	Streptomycetales	Streptomycetaceae	Streptomyces	Streptomyces diastaticus	Streptomyces diastaticus NPDC055474
NPDC055477	Bacteria	Actinomycetota	Actinomycetia	Streptomycetales	Streptomycetaceae	Streptomyces	Streptomyces albidoflavus	Streptomyces albidoflavus NPDC055477
NPDC055480	Bacteria	Actinomycetota	Actinomycetia	Streptomycetales	Streptomycetaceae	Streptomyces	Streptomyces albidoflavus	Streptomyces albidoflavus NPDC055480
NPDC055482	Bacteria	Actinomycetota	Actinomycetia	Streptomycetales	Streptomycetaceae	Streptomyces	Streptomyces albidoflavus	Streptomyces albidoflavus NPDC055482
NPDC055483	Bacteria	Actinomycetota	Actinomycetia	Streptomycetales	Streptomycetaceae	Streptomyces	Streptomyces albidoflavus	Streptomyces albidoflavus NPDC055483
NPDC055485	Bacteria	Actinomycetota	Actinomycetia	Streptomycetales	Streptomycetaceae	Streptomyces	Streptomyces anthocyanicus	Streptomyces anthocyanicus NPDC055485
NPDC055497	Bacteria	Actinomycetota	Actinomycetia	Streptomycetales	Streptomycetaceae	Streptomyces	Streptomyces albidoflavus	Streptomyces albidoflavus NPDC055497
NPDC055499	Bacteria	Actinomycetota	Actinomycetia	Streptomycetales	Streptomycetaceae	Streptomyces	Streptomyces althioticus	Streptomyces althioticus NPDC055499
NPDC055500	Bacteria	Actinomycetota	Actinomycetia	Streptomycetales	Streptomycetaceae	Streptomyces	Streptomyces albidoflavus	Streptomyces albidoflavus NPDC055500
NPDC055501	Bacteria	Actinomycetota	Actinomycetia	Streptomycetales	Streptomycetaceae	Streptomyces	Streptomyces albidoflavus	Streptomyces albidoflavus NPDC055501
NPDC055506	Bacteria	Actinomycetota	Actinomycetia	Streptomycetales	Streptomycetaceae	Streptomyces	Streptomyces sp.	Streptomyces sp. NPDC055506
NPDC055507	Bacteria	Actinomycetota	Actinomycetia	Streptomycetales	Streptomycetaceae	Streptomyces	Streptomyces rubiginosohelvolus	Streptomyces rubiginosohelvolus NPDC055507
NPDC055509	Bacteria	Actinomycetota	Actinomycetia	Streptomycetales	Streptomycetaceae	Streptomyces	Streptomyces sp.	Streptomyces sp. NPDC055509
NPDC055514	Bacteria	Actinomycetota	Actinomycetia	Streptomycetales	Streptomycetaceae	Streptomyces	Streptomyces adustus	Streptomyces adustus NPDC055514
NPDC055518	Bacteria	Actinomycetota	Actinomycetia	Streptomycetales	Streptomycetaceae	Streptomyces	Streptomyces chartreusis	Streptomyces chartreusis NPDC055518
NPDC055519	Bacteria	Actinomycetota	Actinomycetia	Streptomycetales	Streptomycetaceae	Streptomyces	Streptomyces albidoflavus	Streptomyces albidoflavus NPDC055519
NPDC055527	Bacteria	Actinomycetota	Actinomycetia	Streptomycetales	Streptomycetaceae	Streptomyces	Streptomyces celluloflavus	Streptomyces celluloflavus NPDC055527
NPDC055536	Bacteria	Actinomycetota	Actinomycetia	Streptomycetales	Streptomycetaceae	Streptomyces	Streptomyces albidoflavus	Streptomyces albidoflavus NPDC055536
NPDC055537	Bacteria	Actinomycetota	Actinomycetia	Streptomycetales	Streptomycetaceae	Streptomyces	Streptomyces albidoflavus	Streptomyces albidoflavus NPDC055537
NPDC055541	Bacteria	Actinomycetota	Actinomycetia	Streptomycetales	Streptomycetaceae	Streptomyces	Streptomyces albidoflavus	Streptomyces albidoflavus NPDC055541
NPDC055545	Bacteria	Actinomycetota	Actinomycetia	Streptomycetales	Streptomycetaceae	Streptomyces	Streptomyces anthocyanicus	Streptomyces anthocyanicus NPDC055545
NPDC055546	Bacteria	Actinomycetota	Actinomycetia	Streptomycetales	Streptomycetaceae	Streptomyces	Streptomyces anthocyanicus	Streptomyces anthocyanicus NPDC055546
NPDC055550	Bacteria	Actinomycetota	Actinomycetia	Streptomycetales	Streptomycetaceae	Streptomyces	Streptomyces diastaticus	Streptomyces diastaticus NPDC055550
NPDC055552	Bacteria	Actinomycetota	Actinomycetia	Streptomycetales	Streptomycetaceae	Streptomyces	Streptomyces sp010548465	Streptomyces sp. NPDC055552
NPDC055553	Bacteria	Actinomycetota	Actinomycetia	Streptomycetales	Streptomycetaceae	Streptomyces	Streptomyces albidoflavus	Streptomyces albidoflavus NPDC055553
NPDC055555	Bacteria	Actinomycetota	Actinomycetia	Streptomycetales	Streptomycetaceae	Streptomyces	Streptomyces albidoflavus	Streptomyces albidoflavus NPDC055555
NPDC055557	Bacteria	Actinomycetota	Actinomycetia	Streptomycetales	Streptomycetaceae	Streptomyces	Streptomyces albidoflavus	Streptomyces albidoflavus NPDC055557
NPDC055559	Bacteria	Actinomycetota	Actinomycetia	Streptomycetales	Streptomycetaceae	Streptomyces	Streptomyces albidoflavus	Streptomyces albidoflavus NPDC055559
NPDC055560	Bacteria	Actinomycetota	Actinomycetia	Streptomycetales	Streptomycetaceae	Streptomyces	Streptomyces sp003947455	Streptomyces sp. NPDC055560
NPDC055563	Bacteria	Actinomycetota	Actinomycetia	Streptomycetales	Streptomycetaceae	Streptomyces	Streptomyces decoyicus	Streptomyces decoyicus NPDC055563
NPDC055564	Bacteria	Actinomycetota	Actinomycetia	Streptomycetales	Streptomycetaceae	Streptomyces	Streptomyces decoyicus	Streptomyces decoyicus NPDC055564
NPDC055566	Bacteria	Actinomycetota	Actinomycetia	Streptomycetales	Streptomycetaceae	Streptomyces	Streptomyces diastaticus	Streptomyces diastaticus NPDC055566
NPDC055567	Bacteria	Actinomycetota	Actinomycetia	Streptomycetales	Streptomycetaceae	Streptomyces	Streptomyces albidoflavus	Streptomyces albidoflavus NPDC055567
NPDC055568	Bacteria	Actinomycetota	Actinomycetia	Streptomycetales	Streptomycetaceae	Streptomyces	Streptomyces albidoflavus	Streptomyces albidoflavus NPDC055568
NPDC055571	Bacteria	Actinomycetota	Actinomycetia	Streptomycetales	Streptomycetaceae	Streptomyces	Streptomyces cyaneofuscatus	Streptomyces cyaneofuscatus NPDC055571
NPDC055574	Bacteria	Actinomycetota	Actinomycetia	Streptomycetales	Streptomycetaceae	Streptomyces	Streptomyces albidoflavus	Streptomyces albidoflavus NPDC055574
NPDC055576	Bacteria	Actinomycetota	Actinomycetia	Streptomycetales	Streptomycetaceae	Streptomyces	Streptomyces albidoflavus	Streptomyces albidoflavus NPDC055576
NPDC055577	Bacteria	Actinomycetota	Actinomycetia	Streptomycetales	Streptomycetaceae	Streptomyces	Streptomyces globisporus	Streptomyces globisporus NPDC055577
NPDC055578	Bacteria	Actinomycetota	Actinomycetia	Streptomycetales	Streptomycetaceae	Streptomyces	Streptomyces prasinus	Streptomyces prasinus NPDC055578
NPDC055582	Bacteria	Actinomycetota	Actinomycetia	Streptomycetales	Streptomycetaceae	Streptomyces	Streptomyces bacillaris	Streptomyces bacillaris NPDC055582
NPDC055586	Bacteria	Actinomycetota	Actinomycetia	Streptomycetales	Streptomycetaceae	Streptomyces	Streptomyces cyaneofuscatus	Streptomyces cyaneofuscatus NPDC055586
NPDC055587	Bacteria	Actinomycetota	Actinomycetia	Streptomycetales	Streptomycetaceae	Streptomyces	Streptomyces albidoflavus	Streptomyces albidoflavus NPDC055587
NPDC055589	Bacteria	Actinomycetota	Actinomycetia	Streptomycetales	Streptomycetaceae	Streptomyces	Streptomyces albidoflavus	Streptomyces albidoflavus NPDC055589
NPDC055593	Bacteria	Actinomycetota	Actinomycetia	Streptomycetales	Streptomycetaceae	Streptomyces	Streptomyces globisporus	Streptomyces globisporus NPDC055593
NPDC055596	Bacteria	Actinomycetota	Actinomycetia	Streptomycetales	Streptomycetaceae	Streptomyces	Streptomyces albidoflavus	Streptomyces albidoflavus NPDC055596
NPDC055598	Bacteria	Actinomycetota	Actinomycetia	Streptomycetales	Streptomycetaceae	Streptomyces	Streptomyces sindenensis	Streptomyces sindenensis NPDC055598
NPDC055602	Bacteria	Actinomycetota	Actinomycetia	Streptomycetales	Streptomycetaceae	Streptomyces	Streptomyces hydrogenans	Streptomyces hydrogenans NPDC055602
NPDC055603	Bacteria	Actinomycetota	Actinomycetia	Streptomycetales	Streptomycetaceae	Streptomyces	Streptomyces hydrogenans	Streptomyces hydrogenans NPDC055603
NPDC055604	Bacteria	Actinomycetota	Actinomycetia	Streptomycetales	Streptomycetaceae	Streptomyces	Streptomyces niveus	Streptomyces niveus NPDC055604
NPDC055606	Bacteria	Actinomycetota	Actinomycetia	Streptomycetales	Streptomycetaceae	Streptomyces	Streptomyces xanthophaeus	Streptomyces xanthophaeus NPDC055606
NPDC055607	Bacteria	Actinomycetota	Actinomycetia	Streptomycetales	Streptomycetaceae	Streptomyces	Streptomyces sp003949805	Streptomyces sp. NPDC055607
NPDC055616	Bacteria	Actinomycetota	Actinomycetia	Streptomycetales	Streptomycetaceae	Streptomyces	Streptomyces diastaticus	Streptomyces diastaticus NPDC055616
NPDC055617	Bacteria	Actinomycetota	Actinomycetia	Streptomycetales	Streptomycetaceae	Streptomyces	Streptomyces diastaticus	Streptomyces diastaticus NPDC055617
NPDC055619	Bacteria	Actinomycetota	Actinomycetia	Streptomycetales	Streptomycetaceae	Streptomyces	Streptomyces diastaticus	Streptomyces diastaticus NPDC055619
NPDC055620	Bacteria	Actinomycetota	Actinomycetia	Streptomycetales	Streptomycetaceae	Streptomyces	Streptomyces diastaticus	Streptomyces diastaticus NPDC055620
NPDC055621	Bacteria	Actinomycetota	Actinomycetia	Streptomycetales	Streptomycetaceae	Streptomyces	Streptomyces albidoflavus	Streptomyces albidoflavus NPDC055621
NPDC055622	Bacteria	Actinomycetota	Actinomycetia	Streptomycetales	Streptomycetaceae	Streptomyces	Streptomyces diastaticus	Streptomyces diastaticus NPDC055622
NPDC055623	Bacteria	Actinomycetota	Actinomycetia	Streptomycetales	Streptomycetaceae	Streptomyces	Streptomyces diastaticus	Streptomyces diastaticus NPDC055623
NPDC055625	Bacteria	Actinomycetota	Actinomycetia	Streptomycetales	Streptomycetaceae	Streptomyces	Streptomyces diastaticus	Streptomyces diastaticus NPDC055625
NPDC055628	Bacteria	Actinomycetota	Actinomycetia	Streptomycetales	Streptomycetaceae	Streptomyces	Streptomyces diastaticus	Streptomyces diastaticus NPDC055628
NPDC055630	Bacteria	Actinomycetota	Actinomycetia	Streptomycetales	Streptomycetaceae	Streptomyces	Streptomyces sp008042145	Streptomyces sp. NPDC055630
NPDC055632	Bacteria	Actinomycetota	Actinomycetia	Streptomycetales	Streptomycetaceae	Streptomyces	Streptomyces sp.	Streptomyces sp. NPDC055632
NPDC055635	Bacteria	Actinomycetota	Actinomycetia	Streptomycetales	Streptomycetaceae	Streptomyces	Streptomyces albidoflavus	Streptomyces albidoflavus NPDC055635
NPDC055637	Bacteria	Actinomycetota	Actinomycetia	Streptomycetales	Streptomycetaceae	Streptomyces	Streptomyces albidoflavus	Streptomyces albidoflavus NPDC055637
NPDC055640	Bacteria	Actinomycetota	Actinomycetia	Streptomycetales	Streptomycetaceae	Streptomyces	Streptomyces albidoflavus	Streptomyces albidoflavus NPDC055640
NPDC055641	Bacteria	Actinomycetota	Actinomycetia	Streptomycetales	Streptomycetaceae	Streptomyces	Streptomyces papulosus	Streptomyces papulosus NPDC055641
NPDC055642	Bacteria	Actinomycetota	Actinomycetia	Streptomycetales	Streptomycetaceae	Streptomyces	Streptomyces sp002910825	Streptomyces sp. NPDC055642
NPDC055643	Bacteria	Actinomycetota	Actinomycetia	Streptomycetales	Streptomycetaceae	Streptomyces	Streptomyces albidoflavus	Streptomyces albidoflavus NPDC055643
NPDC055644	Bacteria	Actinomycetota	Actinomycetia	Streptomycetales	Streptomycetaceae	Streptomyces	Streptomyces albidoflavus	Streptomyces albidoflavus NPDC055644
NPDC055645	Bacteria	Actinomycetota	Actinomycetia	Streptomycetales	Streptomycetaceae	Streptomyces	Streptomyces albidoflavus	Streptomyces albidoflavus NPDC055645
NPDC055649	Bacteria	Actinomycetota	Actinomycetia	Streptomycetales	Streptomycetaceae	Streptomyces	Streptomyces albidoflavus	Streptomyces albidoflavus NPDC055649
NPDC055651	Bacteria	Actinomycetota	Actinomycetia	Streptomycetales	Streptomycetaceae	Streptomyces	Streptomyces virginiae_A	Streptomyces virginiae_A NPDC055651
NPDC055656	Bacteria	Actinomycetota	Actinomycetia	Streptomycetales	Streptomycetaceae	Streptomyces	Streptomyces rubiginosohelvolus	Streptomyces rubiginosohelvolus NPDC055656
NPDC055662	Bacteria	Actinomycetota	Actinomycetia	Streptomycetales	Streptomycetaceae	Streptomyces	Streptomyces virginiae_A	Streptomyces virginiae_A NPDC055662
NPDC055663	Bacteria	Actinomycetota	Actinomycetia	Streptomycetales	Streptomycetaceae	Streptomyces	Streptomyces sp.	Streptomyces sp. NPDC055663
NPDC055664	Bacteria	Actinomycetota	Actinomycetia	Streptomycetales	Streptomycetaceae	Embleya	Embleya sp.	Embleya sp. NPDC055664
NPDC055669	Bacteria	Actinomycetota	Actinomycetia	Streptomycetales	Streptomycetaceae	Streptomyces	Streptomyces sp001426585	Streptomyces sp. NPDC055669
NPDC055677	Bacteria	Actinomycetota	Actinomycetia	Streptomycetales	Streptomycetaceae	Streptomyces	Streptomyces sp.	Streptomyces sp. NPDC055677
NPDC055678	Bacteria	Actinomycetota	Actinomycetia	Streptomycetales	Streptomycetaceae	Streptomyces	Streptomyces niveus	Streptomyces niveus NPDC055678
NPDC055679	Bacteria	Actinomycetota	Actinomycetia	Streptomycetales	Streptomycetaceae	Streptomyces	Streptomyces sp001426585	Streptomyces sp. NPDC055679
NPDC055681	Bacteria	Actinomycetota	Actinomycetia	Streptomycetales	Streptomycetaceae	Streptomyces	Streptomyces sp.	Streptomyces sp. NPDC055681
NPDC055682	Bacteria	Actinomycetota	Actinomycetia	Streptomycetales	Streptomycetaceae	Streptomyces	Streptomyces parvus	Streptomyces parvus NPDC055682
NPDC055686	Bacteria	Actinomycetota	Actinomycetia	Streptomycetales	Streptomycetaceae	Streptomyces	Streptomyces kronopolitis	Streptomyces kronopolitis NPDC055686
NPDC055694	Bacteria	Actinomycetota	Actinomycetia	Streptomycetales	Streptomycetaceae	Streptomyces	Streptomyces sp.	Streptomyces sp. NPDC055694
NPDC055705	Bacteria	Actinomycetota	Actinomycetia	Streptomycetales	Streptomycetaceae	Streptomyces	Streptomyces libani	Streptomyces libani NPDC055705
NPDC055709	Bacteria	Actinomycetota	Actinomycetia	Streptomycetales	Streptomycetaceae	Streptomyces	Streptomyces sp.	Streptomyces sp. NPDC055709
NPDC055710	Bacteria	Actinomycetota	Actinomycetia	Streptomycetales	Streptomycetaceae	Streptomyces	Streptomyces decoyicus	Streptomyces decoyicus NPDC055710
NPDC055712	Bacteria	Actinomycetota	Actinomycetia	Streptomycetales	Streptomycetaceae	Streptomyces	Streptomyces parvus	Streptomyces parvus NPDC055712
NPDC055716	Bacteria	Actinomycetota	Actinomycetia	Streptomycetales	Streptomycetaceae	Streptomyces	Streptomyces zhihengii	Streptomyces zhihengii NPDC055716
NPDC055719	Bacteria	Actinomycetota	Actinomycetia	Streptomycetales	Streptomycetaceae	Streptomyces	Streptomyces lydicus	Streptomyces lydicus NPDC055719
NPDC055721	Bacteria	Actinomycetota	Actinomycetia	Streptomycetales	Streptomycetaceae	Streptomyces	Streptomyces sp001426585	Streptomyces sp. NPDC055721
NPDC055722	Bacteria	Actinomycetota	Actinomycetia	Streptomycetales	Streptomycetaceae	Streptomyces	Streptomyces sp.	Streptomyces sp. NPDC055722
NPDC055728	Bacteria	Actinomycetota	Actinomycetia	Streptomycetales	Streptomycetaceae	Streptomyces	Streptomyces platensis	Streptomyces platensis NPDC055728
NPDC055733	Bacteria	Actinomycetota	Actinomycetia	Streptomycetales	Streptomycetaceae	Streptomyces	Streptomyces sp003947455	Streptomyces sp. NPDC055733
NPDC055738	Bacteria	Actinomycetota	Actinomycetia	Streptomycetales	Streptomycetaceae	Streptomyces	Streptomyces parvulus	Streptomyces parvulus NPDC055738
NPDC055749	Bacteria	Actinomycetota	Actinomycetia	Streptomycetales	Streptomycetaceae	Streptomyces	Streptomyces sp.	Streptomyces sp. NPDC055749
NPDC055752	Bacteria	Actinomycetota	Actinomycetia	Streptomycetales	Streptomycetaceae	Streptomyces	Streptomyces sp003947455	Streptomyces sp. NPDC055752
NPDC055753	Bacteria	Actinomycetota	Actinomycetia	Streptomycetales	Streptomycetaceae	Streptomyces	Streptomyces sp003947455	Streptomyces sp. NPDC055753
NPDC055765	Bacteria	Actinomycetota	Actinomycetia	Streptomycetales	Streptomycetaceae	Streptomyces	Streptomyces papulosus	Streptomyces papulosus NPDC055765
NPDC055767	Bacteria	Actinomycetota	Actinomycetia	Streptomycetales	Streptomycetaceae	Streptomyces	Streptomyces sp003947455	Streptomyces sp. NPDC055767
NPDC055768	Bacteria	Actinomycetota	Actinomycetia	Streptomycetales	Streptomycetaceae	Streptomyces	Streptomyces sp003947455	Streptomyces sp. NPDC055768
NPDC055769	Bacteria	Actinomycetota	Actinomycetia	Streptomycetales	Streptomycetaceae	Streptomyces	Streptomyces massasporeus	Streptomyces massasporeus NPDC055769
NPDC055771	Bacteria	Actinomycetota	Actinomycetia	Streptomycetales	Streptomycetaceae	Streptomyces	Streptomyces rubiginosohelvolus	Streptomyces rubiginosohelvolus NPDC055771
NPDC055772	Bacteria	Actinomycetota	Actinomycetia	Streptomycetales	Streptomycetaceae	Streptomyces	Streptomyces xiamenensis	Streptomyces xiamenensis NPDC055772
NPDC055774	Bacteria	Actinomycetota	Actinomycetia	Streptomycetales	Streptomycetaceae	Streptomyces	Streptomyces rubiginosohelvolus	Streptomyces rubiginosohelvolus NPDC055774
NPDC055775	Bacteria	Actinomycetota	Actinomycetia	Streptomycetales	Streptomycetaceae	Streptomyces	Streptomyces sp900116325	Streptomyces sp. NPDC055775
NPDC055782	Bacteria	Actinomycetota	Actinomycetia	Streptomycetales	Streptomycetaceae	Streptomyces	Streptomyces sp003947455	Streptomyces sp. NPDC055782
NPDC055788	Bacteria	Actinomycetota	Actinomycetia	Streptomycetales	Streptomycetaceae	Streptomyces	Streptomyces sp003947455	Streptomyces sp. NPDC055788
NPDC055789	Bacteria	Actinomycetota	Actinomycetia	Streptomycetales	Streptomycetaceae	Streptomyces	Streptomyces libani	Streptomyces libani NPDC055789
NPDC055793	Bacteria	Actinomycetota	Actinomycetia	Streptomycetales	Streptomycetaceae	Streptomyces	Streptomyces sp003947455	Streptomyces sp. NPDC055793
NPDC055796	Bacteria	Actinomycetota	Actinomycetia	Streptomycetales	Streptomycetaceae	Streptomyces	Streptomyces sp.	Streptomyces sp. NPDC055796
NPDC055797	Bacteria	Actinomycetota	Actinomycetia	Streptomycetales	Streptomycetaceae	Streptomyces	Streptomyces sp003947455	Streptomyces sp. NPDC055797
NPDC055803	Bacteria	Actinomycetota	Actinomycetia	Streptomycetales	Streptomycetaceae	Streptomyces	Streptomyces albidoflavus	Streptomyces albidoflavus NPDC055803
NPDC055804	Bacteria	Actinomycetota	Actinomycetia	Streptomycetales	Streptomycetaceae	Streptomyces	Streptomyces albidoflavus	Streptomyces albidoflavus NPDC055804
NPDC055808	Bacteria	Actinomycetota	Actinomycetia	Streptomycetales	Streptomycetaceae	Streptomyces	Streptomyces sp.	Streptomyces sp. NPDC055808
NPDC055813	Bacteria	Actinomycetota	Actinomycetia	Streptomycetales	Streptomycetaceae	Streptomyces	Streptomyces sp003947455	Streptomyces sp. NPDC055813
NPDC055815	Bacteria	Actinomycetota	Actinomycetia	Streptomycetales	Streptomycetaceae	Streptomyces	Streptomyces sp.	Streptomyces sp. NPDC055815
NPDC055816	Bacteria	Actinomycetota	Actinomycetia	Streptomycetales	Streptomycetaceae	Streptomyces	Streptomyces niveus	Streptomyces niveus NPDC055816
NPDC055817	Bacteria	Actinomycetota	Actinomycetia	Streptomycetales	Streptomycetaceae	Streptomyces	Streptomyces sp003403055	Streptomyces sp. NPDC055817
NPDC055875	Bacteria	Actinomycetota	Actinomycetia	Streptomycetales	Streptomycetaceae	Streptomyces	Streptomyces niveus	Streptomyces niveus NPDC055875
NPDC055883	Bacteria	Actinomycetota	Actinomycetia	Streptomycetales	Streptomycetaceae	Streptomyces	Streptomyces niveus	Streptomyces niveus NPDC055883
NPDC055886	Bacteria	Actinomycetota	Actinomycetia	Streptomycetales	Streptomycetaceae	Streptomyces	Streptomyces durocortorensis	Streptomyces durocortorensis NPDC055886
NPDC055887	Bacteria	Actinomycetota	Actinomycetia	Streptomycetales	Streptomycetaceae	Streptomyces	Streptomyces albidoflavus	Streptomyces albidoflavus NPDC055887
NPDC055894	Bacteria	Actinomycetota	Actinomycetia	Streptomycetales	Streptomycetaceae	Streptomyces	Streptomyces lydicus	Streptomyces lydicus NPDC055894
NPDC055897	Bacteria	Actinomycetota	Actinomycetia	Streptomycetales	Streptomycetaceae	Streptomyces	Streptomyces sp.	Streptomyces sp. NPDC055897
NPDC055900	Bacteria	Actinomycetota	Actinomycetia	Streptomycetales	Streptomycetaceae	Streptomyces	Streptomyces wedmorensis	Streptomyces wedmorensis NPDC055900
NPDC055905	Bacteria	Actinomycetota	Actinomycetia	Streptomycetales	Streptomycetaceae	Streptomyces	Streptomyces albidoflavus	Streptomyces albidoflavus NPDC055905
NPDC055906	Bacteria	Actinomycetota	Actinomycetia	Streptomycetales	Streptomycetaceae	Streptomyces	Streptomyces rubiginosohelvolus	Streptomyces rubiginosohelvolus NPDC055906
NPDC055907	Bacteria	Actinomycetota	Actinomycetia	Streptomycetales	Streptomycetaceae	Streptomyces	Streptomyces niveus	Streptomyces niveus NPDC055907
NPDC055922	Bacteria	Actinomycetota	Actinomycetia	Streptomycetales	Streptomycetaceae	Streptomyces	Streptomyces yangpuensis	Streptomyces yangpuensis NPDC055922
NPDC055925	Bacteria	Actinomycetota	Actinomycetia	Streptomycetales	Streptomycetaceae	Streptomyces	Streptomyces albidoflavus	Streptomyces albidoflavus NPDC055925
NPDC055931	Bacteria	Actinomycetota	Actinomycetia	Streptomycetales	Streptomycetaceae	Streptomyces	Streptomyces rochei	Streptomyces rochei NPDC055931
NPDC055932	Bacteria	Actinomycetota	Actinomycetia	Streptomycetales	Streptomycetaceae	Streptomyces	Streptomyces rochei	Streptomyces rochei NPDC055932
NPDC055934	Bacteria	Actinomycetota	Actinomycetia	Streptomycetales	Streptomycetaceae	Streptomyces	Streptomyces rochei	Streptomyces rochei NPDC055934
NPDC055939	Bacteria	Actinomycetota	Actinomycetia	Streptomycetales	Streptomycetaceae	Streptomyces	Streptomyces bacillaris	Streptomyces bacillaris NPDC055939
NPDC055940	Bacteria	Actinomycetota	Actinomycetia	Streptomycetales	Streptomycetaceae	Streptomyces	Streptomyces bacillaris	Streptomyces bacillaris NPDC055940
NPDC055948	Bacteria	Actinomycetota	Actinomycetia	Streptomycetales	Streptomycetaceae	Streptomyces	Streptomyces rochei	Streptomyces rochei NPDC055948
NPDC055951	Bacteria	Actinomycetota	Actinomycetia	Streptomycetales	Streptomycetaceae	Streptomyces	Streptomyces virginiae	Streptomyces virginiae NPDC055951
NPDC055954	Bacteria	Actinomycetota	Actinomycetia	Streptomycetales	Streptomycetaceae	Streptomyces	Streptomyces sp.	Streptomyces sp. NPDC055954
NPDC055956	Bacteria	Actinomycetota	Actinomycetia	Streptomycetales	Streptomycetaceae	Kitasatospora	Kitasatospora purpeofusca	Kitasatospora purpeofusca NPDC055956
NPDC055957	Bacteria	Actinomycetota	Actinomycetia	Streptomycetales	Streptomycetaceae	Streptomyces	Streptomyces parvus	Streptomyces parvus NPDC055957
NPDC055960	Bacteria	Actinomycetota	Actinomycetia	Streptomycetales	Streptomycetaceae	Kitasatospora	Kitasatospora purpeofusca	Kitasatospora purpeofusca NPDC055960
NPDC055961	Bacteria	Actinomycetota	Actinomycetia	Streptomycetales	Streptomycetaceae	Streptomyces	Streptomyces nymphaeiformis	Streptomyces sp. NPDC055961
NPDC055962	Bacteria	Actinomycetota	Actinomycetia	Streptomycetales	Streptomycetaceae	Streptomyces	Streptomyces sp.	Streptomyces sp. NPDC055962
NPDC055963	Bacteria	Actinomycetota	Actinomycetia	Streptomycetales	Streptomycetaceae	Streptomyces	Streptomyces mirabilis	Streptomyces mirabilis NPDC055963
NPDC055964	Bacteria	Actinomycetota	Actinomycetia	Streptomycetales	Streptomycetaceae	Kitasatospora	Kitasatospora purpeofusca	Kitasatospora purpeofusca NPDC055964
NPDC055965	Bacteria	Actinomycetota	Actinomycetia	Streptomycetales	Streptomycetaceae	Streptomyces	Streptomyces sp.	Streptomyces sp. NPDC055965
NPDC055966	Bacteria	Actinomycetota	Actinomycetia	Streptomycetales	Streptomycetaceae	Streptomyces	Streptomyces sp.	Streptomyces sp. NPDC055966
NPDC055970	Bacteria	Actinomycetota	Actinomycetia	Streptomycetales	Streptomycetaceae	Kitasatospora	Kitasatospora purpeofusca	Kitasatospora purpeofusca NPDC055970
NPDC055974	Bacteria	Actinomycetota	Actinomycetia	Streptomycetales	Streptomycetaceae	Streptomyces	Streptomyces californicus	Streptomyces californicus NPDC055974
NPDC055977	Bacteria	Actinomycetota	Actinomycetia	Streptomycetales	Streptomycetaceae	Kitasatospora	Kitasatospora purpeofusca	Kitasatospora purpeofusca NPDC055977
NPDC055980	Bacteria	Actinomycetota	Actinomycetia	Streptomycetales	Streptomycetaceae	Streptomyces	Streptomyces vinaceus	Streptomyces vinaceus NPDC055980
NPDC055981	Bacteria	Actinomycetota	Actinomycetia	Streptomycetales	Streptomycetaceae	Streptomyces	Streptomyces rubiginosohelvolus	Streptomyces rubiginosohelvolus NPDC055981
NPDC055984	Bacteria	Actinomycetota	Actinomycetia	Streptomycetales	Streptomycetaceae	Streptomyces	Streptomyces rubiginosohelvolus	Streptomyces rubiginosohelvolus NPDC055984
NPDC055985	Bacteria	Actinomycetota	Actinomycetia	Streptomycetales	Streptomycetaceae	Streptomyces	Streptomyces papulosus	Kitasatospora papulosa NPDC055985
NPDC055990	Bacteria	Actinomycetota	Actinomycetia	Streptomycetales	Streptomycetaceae	Streptomyces	Streptomyces sp.	Streptomyces sp. NPDC055990
NPDC056001	Bacteria	Actinomycetota	Actinomycetia	Streptomycetales	Streptomycetaceae	Streptomyces	Streptomyces bacillaris	Streptomyces bacillaris NPDC056001
NPDC056005	Bacteria	Actinomycetota	Actinomycetia	Streptomycetales	Streptomycetaceae	Streptomyces	Streptomyces papulosus	Streptomyces papulosus NPDC056005
NPDC056006	Bacteria	Actinomycetota	Actinomycetia	Streptomycetales	Streptomycetaceae	Streptomyces	Streptomyces microflavus	Streptomyces microflavus NPDC056006
NPDC056007	Bacteria	Actinomycetota	Actinomycetia	Streptomycetales	Streptomycetaceae	Streptomyces	Streptomyces sp003116725	Streptomyces sp. NPDC056007
NPDC056008	Bacteria	Actinomycetota	Actinomycetia	Streptomycetales	Streptomycetaceae	Streptomyces	Streptomyces parvus	Streptomyces parvus NPDC056008
NPDC056010	Bacteria	Actinomycetota	Actinomycetia	Streptomycetales	Streptomycetaceae	Streptomyces	Streptomyces sp001905735	Streptomyces sp. NPDC056010
NPDC056011	Bacteria	Actinomycetota	Actinomycetia	Streptomycetales	Streptomycetaceae	Streptomyces	Streptomyces hydrogenans	Streptomyces hydrogenans NPDC056011
NPDC056013	Bacteria	Actinomycetota	Actinomycetia	Streptomycetales	Streptomycetaceae	Streptomyces	Streptomyces sp001905825	Streptomyces sp. NPDC056013
NPDC056014	Bacteria	Actinomycetota	Actinomycetia	Streptomycetales	Streptomycetaceae	Streptomyces	Streptomyces sp001905735	Streptomyces sp. NPDC056014
NPDC056015	Bacteria	Actinomycetota	Actinomycetia	Streptomycetales	Streptomycetaceae	Streptomyces	Streptomyces papulosus	Kitasatospora papulosa NPDC056015
NPDC056016	Bacteria	Actinomycetota	Actinomycetia	Streptomycetales	Streptomycetaceae	Streptomyces	Streptomyces nojiriensis	Streptomyces nojiriensis NPDC056016
NPDC056017	Bacteria	Actinomycetota	Actinomycetia	Streptomycetales	Streptomycetaceae	Streptomyces	Streptomyces rubiginosohelvolus	Streptomyces rubiginosohelvolus NPDC056017
NPDC056018	Bacteria	Actinomycetota	Actinomycetia	Streptomycetales	Streptomycetaceae	Streptomyces	Streptomyces rubiginosohelvolus	Streptomyces rubiginosohelvolus NPDC056018
NPDC056019	Bacteria	Actinomycetota	Actinomycetia	Streptomycetales	Streptomycetaceae	Streptomyces	Streptomyces sp.	Streptomyces sp. NPDC056019
NPDC056022	Bacteria	Actinomycetota	Actinomycetia	Streptomycetales	Streptomycetaceae	Streptomyces	Streptomyces papulosus	Streptomyces papulosus NPDC056022
NPDC056027	Bacteria	Actinomycetota	Actinomycetia	Streptomycetales	Streptomycetaceae	Streptomyces	Streptomyces sp.	Streptomyces sp. NPDC056027
NPDC056030	Bacteria	Actinomycetota	Actinomycetia	Streptomycetales	Streptomycetaceae	Streptomyces	Streptomyces hydrogenans	Streptomyces hydrogenans NPDC056030
NPDC056031	Bacteria	Actinomycetota	Actinomycetia	Streptomycetales	Streptomycetaceae	Streptomyces	Streptomyces sp.	Streptomyces sp. NPDC056031
NPDC056032	Bacteria	Actinomycetota	Actinomycetia	Streptomycetales	Streptomycetaceae	Streptomyces	Streptomyces hydrogenans	Streptomyces hydrogenans NPDC056032
NPDC056033	Bacteria	Actinomycetota	Actinomycetia	Streptomycetales	Streptomycetaceae	Kitasatospora	Kitasatospora phosalacinea_A	Kitasatospora phosalacinea NPDC056033
NPDC056035	Bacteria	Actinomycetota	Actinomycetia	Streptomycetales	Streptomycetaceae	Streptomyces	Streptomyces sp.	Streptomyces sp. NPDC056035
NPDC056036	Bacteria	Actinomycetota	Actinomycetia	Streptomycetales	Streptomycetaceae	Streptomyces	Streptomyces sp.	Streptomyces sp. NPDC056036
NPDC056038	Bacteria	Actinomycetota	Actinomycetia	Streptomycetales	Streptomycetaceae	Streptomyces	Streptomyces sp.	Streptomyces sp. NPDC056038
NPDC056039	Bacteria	Actinomycetota	Actinomycetia	Streptomycetales	Streptomycetaceae	Streptomyces	Streptomyces sp018604545	Streptomyces sp. NPDC056039
NPDC056040	Bacteria	Actinomycetota	Actinomycetia	Streptomycetales	Streptomycetaceae	Streptomyces	Streptomyces sp003403055	Streptomyces sp. NPDC056040
NPDC056041	Bacteria	Actinomycetota	Actinomycetia	Streptomycetales	Streptomycetaceae	Streptomyces	Streptomyces albidoflavus	Streptomyces albidoflavus NPDC056041
NPDC056043	Bacteria	Actinomycetota	Actinomycetia	Streptomycetales	Streptomycetaceae	Streptomyces	Streptomyces sp.	Streptomyces sp. NPDC056043
NPDC056048	Bacteria	Actinomycetota	Actinomycetia	Streptomycetales	Streptomycetaceae	Streptomyces	Streptomyces sp.	Streptomyces sp. NPDC056048
NPDC056051	Bacteria	Actinomycetota	Actinomycetia	Streptomycetales	Streptomycetaceae	Streptomyces	Streptomyces sp001905825	Streptomyces sp. NPDC056051
NPDC056053	Bacteria	Actinomycetota	Actinomycetia	Streptomycetales	Streptomycetaceae	Streptomyces	Streptomyces sp008120935	Streptomyces sp. NPDC056053
NPDC056055	Bacteria	Actinomycetota	Actinomycetia	Streptomycetales	Streptomycetaceae	Kitasatospora	Kitasatospora sp.	Kitasatospora sp. NPDC056055
NPDC056056	Bacteria	Actinomycetota	Actinomycetia	Streptomycetales	Streptomycetaceae	Streptomyces	Streptomyces sp001905825	Streptomyces sp. NPDC056056
NPDC056061	Bacteria	Actinomycetota	Actinomycetia	Streptomycetales	Streptomycetaceae	Streptomyces	Streptomyces sp.	Streptomyces sp. NPDC056061
NPDC056065	Bacteria	Actinomycetota	Actinomycetia	Streptomycetales	Streptomycetaceae	Streptomyces	Streptomyces hydrogenans	Streptomyces hydrogenans NPDC056065
NPDC056067	Bacteria	Actinomycetota	Actinomycetia	Streptomycetales	Streptomycetaceae	Streptomyces	Streptomyces xiamenensis	Streptomyces xiamenensis NPDC056067
NPDC056069	Bacteria	Actinomycetota	Actinomycetia	Streptomycetales	Streptomycetaceae	Streptomyces	Streptomyces sp.	Streptomyces sp. NPDC056069
NPDC056071	Bacteria	Actinomycetota	Actinomycetia	Streptomycetales	Streptomycetaceae	Streptomyces	Streptomyces xiamenensis	Streptomyces xiamenensis NPDC056071
NPDC056073	Bacteria	Actinomycetota	Actinomycetia	Streptomycetales	Streptomycetaceae	Streptomyces	Streptomyces yokosukanensis	Streptomyces yokosukanensis NPDC056073
NPDC056076	Bacteria	Actinomycetota	Actinomycetia	Streptomycetales	Streptomycetaceae	Kitasatospora	Kitasatospora sp.	Kitasatospora sp. NPDC056076
NPDC056077	Bacteria	Actinomycetota	Actinomycetia	Streptomycetales	Streptomycetaceae	Streptomyces	Streptomyces sp002803085	Streptomyces sp. NPDC056077
NPDC056080	Bacteria	Actinomycetota	Actinomycetia	Streptomycetales	Streptomycetaceae	Kitasatospora	Kitasatospora sp.	Kitasatospora sp. NPDC056080
NPDC056083	Bacteria	Actinomycetota	Actinomycetia	Streptomycetales	Streptomycetaceae	Streptomyces	Streptomyces sp002803085	Streptomyces sp. NPDC056083
NPDC056084	Bacteria	Actinomycetota	Actinomycetia	Streptomycetales	Streptomycetaceae	Streptomyces	Streptomyces sp002803085	Streptomyces sp. NPDC056084
NPDC056085	Bacteria	Actinomycetota	Actinomycetia	Streptomycetales	Streptomycetaceae	Streptomyces	Streptomyces sp002803085	Streptomyces sp. NPDC056085
NPDC056086	Bacteria	Actinomycetota	Actinomycetia	Streptomycetales	Streptomycetaceae	Streptomyces	Streptomyces sp006540305	Streptomyces sp. NPDC056086
NPDC056091	Bacteria	Actinomycetota	Actinomycetia	Streptomycetales	Streptomycetaceae	Streptomyces	Streptomyces sp006540305	Streptomyces sp. NPDC056091
NPDC056095	Bacteria	Actinomycetota	Actinomycetia	Streptomycetales	Streptomycetaceae	Kitasatospora	Kitasatospora purpeofusca	Kitasatospora purpeofusca NPDC056095
NPDC056099	Bacteria	Actinomycetota	Actinomycetia	Streptomycetales	Streptomycetaceae	Streptomyces	Streptomyces sp008120935	Streptomyces sp. NPDC056099
NPDC056101	Bacteria	Actinomycetota	Actinomycetia	Streptomycetales	Streptomycetaceae	Streptomyces	Streptomyces sp006540305	Streptomyces sp. NPDC056101
NPDC056105	Bacteria	Actinomycetota	Actinomycetia	Streptomycetales	Streptomycetaceae	Streptomyces	Streptomyces sp003403055	Streptomyces sp. NPDC056105
NPDC056106	Bacteria	Actinomycetota	Actinomycetia	Streptomycetales	Streptomycetaceae	Streptomyces	Streptomyces albulus_C	Streptomyces albulus_C NPDC056106
NPDC056108	Bacteria	Actinomycetota	Actinomycetia	Streptomycetales	Streptomycetaceae	Streptomyces	Streptomyces anulatus	Streptomyces anulatus NPDC056108
NPDC056115	Bacteria	Actinomycetota	Actinomycetia	Streptomycetales	Streptomycetaceae	Streptomyces	Streptomyces sp008120935	Streptomyces sp. NPDC056115
NPDC056118	Bacteria	Actinomycetota	Actinomycetia	Streptomycetales	Streptomycetaceae	Streptomyces	Streptomyces sp.	Streptomyces sp. NPDC056118
NPDC056121	Bacteria	Actinomycetota	Actinomycetia	Streptomycetales	Streptomycetaceae	Streptomyces	Streptomyces sp003403055	Streptomyces sp. NPDC056121
NPDC056122	Bacteria	Actinomycetota	Actinomycetia	Streptomycetales	Streptomycetaceae	Streptomyces	Streptomyces albulus_C	Streptomyces albulus_C NPDC056122
NPDC056126	Bacteria	Actinomycetota	Actinomycetia	Streptomycetales	Streptomycetaceae	Streptomyces	Streptomyces sp.	Streptomyces sp. NPDC056126
NPDC056127	Bacteria	Actinomycetota	Actinomycetia	Streptomycetales	Streptomycetaceae	Streptomyces	Streptomyces sp003947455	Streptomyces sp. NPDC056127
NPDC056128	Bacteria	Actinomycetota	Actinomycetia	Streptomycetales	Streptomycetaceae	Streptomyces	Streptomyces sp003947455	Streptomyces sp. NPDC056128
NPDC056129	Bacteria	Actinomycetota	Actinomycetia	Streptomycetales	Streptomycetaceae	Streptomyces	Streptomyces bauhiniae	Streptomyces bauhiniae NPDC056129
NPDC056131	Bacteria	Actinomycetota	Actinomycetia	Streptomycetales	Streptomycetaceae	Streptomyces	Streptomyces sp001905735	Streptomyces sp. NPDC056131
NPDC056138	Bacteria	Actinomycetota	Actinomycetia	Streptomycetales	Streptomycetaceae	Kitasatospora	Kitasatospora sp000955975	Kitasatospora sp. NPDC056138
NPDC056141	Bacteria	Actinomycetota	Actinomycetia	Streptomycetales	Streptomycetaceae	Streptomyces	Streptomyces niveus	Streptomyces niveus NPDC056141
NPDC056142	Bacteria	Actinomycetota	Actinomycetia	Streptomycetales	Streptomycetaceae	Streptomyces	Streptomyces hydrogenans	Streptomyces hydrogenans NPDC056142
NPDC056146	Bacteria	Actinomycetota	Actinomycetia	Streptomycetales	Streptomycetaceae	Streptomyces	Streptomyces sp006540305	Streptomyces sp. NPDC056146
NPDC056147	Bacteria	Actinomycetota	Actinomycetia	Streptomycetales	Streptomycetaceae	Streptomyces	Streptomyces broussonetiae	Streptomyces broussonetiae NPDC056147
NPDC056149	Bacteria	Actinomycetota	Actinomycetia	Streptomycetales	Streptomycetaceae	Streptomyces	Streptomyces sp.	Streptomyces sp. NPDC056149
NPDC056155	Bacteria	Actinomycetota	Actinomycetia	Streptomycetales	Streptomycetaceae	Streptomyces	Streptomyces sp.	Streptomyces sp. NPDC056155
NPDC056160	Bacteria	Actinomycetota	Actinomycetia	Streptomycetales	Streptomycetaceae	Streptomyces	Streptomyces sp.	Streptomyces sp. NPDC056160
NPDC056165	Bacteria	Actinomycetota	Actinomycetia	Streptomycetales	Streptomycetaceae	Streptomyces	Streptomyces sp006540305	Streptomyces sp. NPDC056165
NPDC056169	Bacteria	Actinomycetota	Actinomycetia	Streptomycetales	Streptomycetaceae	Streptomyces	Streptomyces sp.	Streptomyces sp. NPDC056169
NPDC056180	Bacteria	Actinomycetota	Actinomycetia	Streptomycetales	Streptomycetaceae	Streptomyces	Streptomyces sp.	Streptomyces sp. NPDC056180
NPDC056181	Bacteria	Actinomycetota	Actinomycetia	Streptomycetales	Streptomycetaceae	Kitasatospora	Kitasatospora sp002953255	Kitasatospora sp. NPDC056181
NPDC056184	Bacteria	Actinomycetota	Actinomycetia	Streptomycetales	Streptomycetaceae	Kitasatospora	Kitasatospora sp.	Kitasatospora sp. NPDC056184
NPDC056188	Bacteria	Actinomycetota	Actinomycetia	Streptomycetales	Streptomycetaceae	Streptomyces	Streptomyces sp002803075	Streptomyces sp. NPDC056188
NPDC056191	Bacteria	Actinomycetota	Actinomycetia	Streptomycetales	Streptomycetaceae	Streptomyces	Streptomyces sp001905825	Streptomyces sp. NPDC056191
NPDC056195	Bacteria	Actinomycetota	Actinomycetia	Streptomycetales	Streptomycetaceae	Streptomyces	Streptomyces gardneri	Streptomyces gardneri NPDC056195
NPDC056196	Bacteria	Actinomycetota	Actinomycetia	Streptomycetales	Streptomycetaceae	Streptomyces	Streptomyces mirabilis	Streptomyces mirabilis NPDC056196
NPDC056197	Bacteria	Actinomycetota	Actinomycetia	Streptomycetales	Streptomycetaceae	Streptomyces	Streptomyces hydrogenans	Streptomyces hydrogenans NPDC056197
NPDC056198	Bacteria	Actinomycetota	Actinomycetia	Streptomycetales	Streptomycetaceae	Streptomyces	Streptomyces hydrogenans	Streptomyces hydrogenans NPDC056198
NPDC056200	Bacteria	Actinomycetota	Actinomycetia	Streptomycetales	Streptomycetaceae	Streptomyces	Streptomyces hydrogenans	Streptomyces hydrogenans NPDC056200
NPDC056203	Bacteria	Actinomycetota	Actinomycetia	Streptomycetales	Streptomycetaceae	Streptomyces	Streptomyces adustus	Streptomyces adustus NPDC056203
NPDC056205	Bacteria	Actinomycetota	Actinomycetia	Streptomycetales	Streptomycetaceae	Streptomyces	Streptomyces rubiginosohelvolus	Streptomyces rubiginosohelvolus NPDC056205
NPDC056210	Bacteria	Actinomycetota	Actinomycetia	Streptomycetales	Streptomycetaceae	Streptomyces	Streptomyces sp003403055	Streptomyces sp. NPDC056210
NPDC056217	Bacteria	Actinomycetota	Actinomycetia	Streptomycetales	Streptomycetaceae	Kitasatospora	Kitasatospora purpeofusca	Kitasatospora purpeofusca NPDC056217
NPDC056222	Bacteria	Actinomycetota	Actinomycetia	Streptomycetales	Streptomycetaceae	Streptomyces	Streptomyces sp.	Streptomyces sp. NPDC056222
NPDC056223	Bacteria	Actinomycetota	Actinomycetia	Streptomycetales	Streptomycetaceae	Streptomyces	Streptomyces sp002803075	Streptomyces sp. NPDC056223
NPDC056224	Bacteria	Actinomycetota	Actinomycetia	Streptomycetales	Streptomycetaceae	Streptomyces	Streptomyces sp.	Streptomyces sp. NPDC056224
NPDC056226	Bacteria	Actinomycetota	Actinomycetia	Streptomycetales	Streptomycetaceae	Streptomyces	Streptomyces sp.	Streptomyces sp. NPDC056226
NPDC056227	Bacteria	Actinomycetota	Actinomycetia	Streptomycetales	Streptomycetaceae	Streptomyces	Streptomyces sp.	Streptomyces sp. NPDC056227
NPDC056228	Bacteria	Actinomycetota	Actinomycetia	Streptomycetales	Streptomycetaceae	Streptomyces	Streptomyces glauciniger	Actinacidiphila glaucinigra NPDC056228
NPDC056230	Bacteria	Actinomycetota	Actinomycetia	Streptomycetales	Streptomycetaceae	Streptomyces	Streptomyces sp.	Streptomyces sp. NPDC056230
NPDC056231	Bacteria	Actinomycetota	Actinomycetia	Streptomycetales	Streptomycetaceae	Streptomyces	Streptomyces sp.	Streptomyces sp. NPDC056231
NPDC056233	Bacteria	Actinomycetota	Actinomycetia	Streptomycetales	Streptomycetaceae	Streptomyces	Streptomyces scopuliridis	Streptomyces scopuliridis NPDC056233
NPDC056235	Bacteria	Actinomycetota	Actinomycetia	Streptomycetales	Streptomycetaceae	Streptomyces	Streptomyces niveus	Streptomyces niveus NPDC056235
NPDC056237	Bacteria	Actinomycetota	Actinomycetia	Streptomycetales	Streptomycetaceae	Streptomyces	Streptomyces sp.	Streptomyces sp. NPDC056237
NPDC056240	Bacteria	Actinomycetota	Actinomycetia	Streptomycetales	Streptomycetaceae	Streptomyces	Streptomyces sp003403055	Streptomyces sp. NPDC056240
NPDC056244	Bacteria	Actinomycetota	Actinomycetia	Streptomycetales	Streptomycetaceae	Streptomyces	Streptomyces sp.	Streptomyces sp. NPDC056244
NPDC056253	Bacteria	Actinomycetota	Actinomycetia	Streptomycetales	Streptomycetaceae	Streptomyces	Streptomyces virginiae	Streptomyces virginiae NPDC056253
NPDC056256	Bacteria	Actinomycetota	Actinomycetia	Streptomycetales	Streptomycetaceae	Streptomyces	Streptomyces chartreusis	Streptomyces chartreusis NPDC056256
NPDC056259	Bacteria	Actinomycetota	Actinomycetia	Streptomycetales	Streptomycetaceae	Streptomyces	Streptomyces nojiriensis	Streptomyces nojiriensis NPDC056259
NPDC056261	Bacteria	Actinomycetota	Actinomycetia	Streptomycetales	Streptomycetaceae	Streptomyces	Streptomyces sp.	Streptomyces sp. NPDC056261
NPDC056262	Bacteria	Actinomycetota	Actinomycetia	Streptomycetales	Streptomycetaceae	Streptomyces	Streptomyces microflavus	Streptomyces microflavus NPDC056262
NPDC056264	Bacteria	Actinomycetota	Actinomycetia	Streptomycetales	Streptomycetaceae	Streptomyces	Streptomyces sp001905825	Streptomyces sp. NPDC056264
NPDC056272	Bacteria	Actinomycetota	Actinomycetia	Streptomycetales	Streptomycetaceae	Streptomyces	Streptomyces populi	Streptomyces populi NPDC056272
NPDC056273	Bacteria	Actinomycetota	Actinomycetia	Streptomycetales	Streptomycetaceae	Kitasatospora	Kitasatospora sp001905545	Kitasatospora sp. NPDC056273
NPDC056275	Bacteria	Actinomycetota	Actinomycetia	Streptomycetales	Streptomycetaceae	Streptomyces	Streptomyces virginiae_A	Streptomyces virginiae NPDC056275
NPDC056277	Bacteria	Actinomycetota	Actinomycetia	Streptomycetales	Streptomycetaceae	Streptomyces	Streptomyces virginiae	Streptomyces virginiae NPDC056277
NPDC056280	Bacteria	Actinomycetota	Actinomycetia	Streptomycetales	Streptomycetaceae	Streptomyces	Streptomyces hydrogenans	Streptomyces hydrogenans NPDC056280
NPDC056285	Bacteria	Actinomycetota	Actinomycetia	Streptomycetales	Streptomycetaceae	Streptomyces	Streptomyces hydrogenans	Streptomyces hydrogenans NPDC056285
NPDC056290	Bacteria	Actinomycetota	Actinomycetia	Streptomycetales	Streptomycetaceae	Streptomyces	Streptomyces sp.	Streptomyces sp. NPDC056290
NPDC056297	Bacteria	Actinomycetota	Actinomycetia	Streptomycetales	Streptomycetaceae	Streptomyces	Streptomyces sp.	Streptomyces sp. NPDC056297
NPDC056300	Bacteria	Actinomycetota	Actinomycetia	Streptomycetales	Streptomycetaceae	Streptomyces	Streptomyces sp.	Streptomyces sp. NPDC056300
NPDC056304	Bacteria	Actinomycetota	Actinomycetia	Streptomycetales	Streptomycetaceae	Streptomyces	Streptomyces sp.	Streptomyces sp. NPDC056304
NPDC056305	Bacteria	Actinomycetota	Actinomycetia	Streptomycetales	Streptomycetaceae	Streptomyces	Streptomyces sp.	Streptomyces sp. NPDC056305
NPDC056306	Bacteria	Actinomycetota	Actinomycetia	Streptomycetales	Streptomycetaceae	Streptomyces	Streptomyces scopuliridis	Streptomyces scopuliridis NPDC056306
NPDC056307	Bacteria	Actinomycetota	Actinomycetia	Streptomycetales	Streptomycetaceae	Streptomyces	Streptomyces vinaceus	Streptomyces vinaceus NPDC056307
NPDC056308	Bacteria	Actinomycetota	Actinomycetia	Streptomycetales	Streptomycetaceae	Streptomyces	Streptomyces sp.	Streptomyces sp. NPDC056308
NPDC056309	Bacteria	Actinomycetota	Actinomycetia	Streptomycetales	Streptomycetaceae	Streptomyces	Streptomyces sp006540305	Streptomyces sp. NPDC056309
NPDC056314	Bacteria	Actinomycetota	Actinomycetia	Streptomycetales	Streptomycetaceae	Streptomyces	Streptomyces bacillaris	Streptomyces bacillaris NPDC056314
NPDC056315	Bacteria	Actinomycetota	Actinomycetia	Streptomycetales	Streptomycetaceae	Streptomyces	Streptomyces bacillaris	Streptomyces bacillaris NPDC056315
NPDC056318	Bacteria	Actinomycetota	Actinomycetia	Streptomycetales	Streptomycetaceae	Streptomyces	Streptomyces microflavus	Streptomyces microflavus NPDC056318
NPDC056321	Bacteria	Actinomycetota	Actinomycetia	Streptomycetales	Streptomycetaceae	Streptomyces	Streptomyces sp.	Streptomyces sp. NPDC056321
NPDC056325	Bacteria	Actinomycetota	Actinomycetia	Streptomycetales	Streptomycetaceae	Streptomyces	Streptomyces albulus_C	Streptomyces noursei NPDC056325
NPDC056327	Bacteria	Actinomycetota	Actinomycetia	Streptomycetales	Streptomycetaceae	Kitasatospora	Kitasatospora sp.	Kitasatospora sp. NPDC056327
NPDC056328	Bacteria	Actinomycetota	Actinomycetia	Streptomycetales	Streptomycetaceae	Streptomyces	Streptomyces chartreusis	Streptomyces chartreusis NPDC056328
NPDC056330	Bacteria	Actinomycetota	Actinomycetia	Streptomycetales	Streptomycetaceae	Streptomyces	Streptomyces hydrogenans	Streptomyces hydrogenans NPDC056330
NPDC056332	Bacteria	Actinomycetota	Actinomycetia	Streptomycetales	Streptomycetaceae	Streptomyces	Streptomyces bacillaris	Streptomyces bacillaris NPDC056332
NPDC056333	Bacteria	Actinomycetota	Actinomycetia	Streptomycetales	Streptomycetaceae	Streptomyces	Streptomyces sp900116325	Streptomyces sp. NPDC056333
NPDC056334	Bacteria	Actinomycetota	Actinomycetia	Streptomycetales	Streptomycetaceae	Streptomyces	Streptomyces albulus_C	Streptomyces noursei NPDC056334
NPDC056337	Bacteria	Actinomycetota	Actinomycetia	Streptomycetales	Streptomycetaceae	Streptomyces	Streptomyces sp003947455	Streptomyces sp. NPDC056337
NPDC056339	Bacteria	Actinomycetota	Actinomycetia	Streptomycetales	Streptomycetaceae	Streptomyces	Streptomyces albulus_C	Streptomyces noursei NPDC056339
NPDC056341	Bacteria	Actinomycetota	Actinomycetia	Streptomycetales	Streptomycetaceae	Streptomyces	Streptomyces sp003403055	Streptomyces sp. NPDC056341
NPDC056343	Bacteria	Actinomycetota	Actinomycetia	Streptomycetales	Streptomycetaceae	Streptomyces	Streptomyces virginiae_A	Streptomyces virginiae_A NPDC056343
NPDC056346	Bacteria	Actinomycetota	Actinomycetia	Streptomycetales	Streptomycetaceae	Streptomyces	Streptomyces microflavus	Streptomyces microflavus NPDC056346
NPDC056347	Bacteria	Actinomycetota	Actinomycetia	Streptomycetales	Streptomycetaceae	Streptomyces	Streptomyces sp.	Streptomyces sp. NPDC056347
NPDC056348	Bacteria	Actinomycetota	Actinomycetia	Streptomycetales	Streptomycetaceae	Streptomyces	Streptomyces parvus	Streptomyces parvus NPDC056348
NPDC056349	Bacteria	Actinomycetota	Actinomycetia	Streptomycetales	Streptomycetaceae	Streptomyces	Streptomyces papulosus	Kitasatospora papulosa NPDC056349
NPDC056351	Bacteria	Actinomycetota	Actinomycetia	Streptomycetales	Streptomycetaceae	Streptomyces	Streptomyces parvus	Streptomyces parvus NPDC056351
NPDC056352	Bacteria	Actinomycetota	Actinomycetia	Streptomycetales	Streptomycetaceae	Streptomyces	Streptomyces sp.	Streptomyces sp. NPDC056352
NPDC056353	Bacteria	Actinomycetota	Actinomycetia	Streptomycetales	Streptomycetaceae	Streptomyces	Streptomyces sp000772045	Streptomyces sp. NPDC056353
NPDC056355	Bacteria	Actinomycetota	Actinomycetia	Streptomycetales	Streptomycetaceae	Streptomyces	Streptomyces sp.	Streptomyces sp. NPDC056355
NPDC056357	Bacteria	Actinomycetota	Actinomycetia	Streptomycetales	Streptomycetaceae	Streptomyces	Streptomyces olivaceus	Streptomyces olivaceus NPDC056357
NPDC056358	Bacteria	Actinomycetota	Actinomycetia	Streptomycetales	Streptomycetaceae	Streptomyces	Streptomyces sp.	Streptomyces sp. NPDC056358
NPDC056361	Bacteria	Actinomycetota	Actinomycetia	Streptomycetales	Streptomycetaceae	Streptomyces	Streptomyces sp.	Streptomyces sp. NPDC056361
NPDC056362	Bacteria	Actinomycetota	Actinomycetia	Streptomycetales	Streptomycetaceae	Streptomyces	Streptomyces sp.	Streptomyces sp. NPDC056362
NPDC056365	Bacteria	Actinomycetota	Actinomycetia	Streptomycetales	Streptomycetaceae	Streptomyces	Streptomyces chartreusis	Streptomyces chartreusis NPDC056365
NPDC056366	Bacteria	Actinomycetota	Actinomycetia	Streptomycetales	Streptomycetaceae	Streptomyces	Streptomyces chartreusis	Streptomyces chartreusis NPDC056366
NPDC056367	Bacteria	Actinomycetota	Actinomycetia	Streptomycetales	Streptomycetaceae	Streptomyces	Streptomyces sp.	Streptomyces sp. NPDC056367
NPDC056368	Bacteria	Actinomycetota	Actinomycetia	Streptomycetales	Streptomycetaceae	Streptomyces	Streptomyces virginiae_A	Streptomyces virginiae NPDC056368
NPDC056369	Bacteria	Actinomycetota	Actinomycetia	Streptomycetales	Streptomycetaceae	Streptomyces	Streptomyces rubiginosohelvolus	Streptomyces rubiginosohelvolus NPDC056369
NPDC056370	Bacteria	Actinomycetota	Actinomycetia	Streptomycetales	Streptomycetaceae	Streptomyces	Streptomyces diastaticus	Streptomyces diastaticus NPDC056370
NPDC056371	Bacteria	Actinomycetota	Actinomycetia	Streptomycetales	Streptomycetaceae	Streptomyces	Streptomyces albulus_C	Streptomyces noursei NPDC056371
NPDC056372	Bacteria	Actinomycetota	Actinomycetia	Streptomycetales	Streptomycetaceae	Streptomyces	Streptomyces diastaticus	Streptomyces diastaticus NPDC056372
NPDC056373	Bacteria	Actinomycetota	Actinomycetia	Streptomycetales	Streptomycetaceae	Streptomyces	Streptomyces sp.	Streptomyces sp. NPDC056373
NPDC056377	Bacteria	Actinomycetota	Actinomycetia	Streptomycetales	Streptomycetaceae	Streptomyces	Streptomyces sp.	Streptomyces sp. NPDC056377
NPDC056381	Bacteria	Actinomycetota	Actinomycetia	Streptomycetales	Streptomycetaceae	Streptomyces	Streptomyces microflavus	Streptomyces microflavus NPDC056381
NPDC056386	Bacteria	Actinomycetota	Actinomycetia	Streptomycetales	Streptomycetaceae	Streptomyces	Streptomyces virginiae	Streptomyces virginiae NPDC056386
NPDC056387	Bacteria	Actinomycetota	Actinomycetia	Streptomycetales	Streptomycetaceae	Streptomyces	Streptomyces sp001298555	Streptomyces sp. NPDC056387
NPDC056390	Bacteria	Actinomycetota	Actinomycetia	Streptomycetales	Streptomycetaceae	Streptomyces	Streptomyces sp003403055	Streptomyces sp. NPDC056390
NPDC056392	Bacteria	Actinomycetota	Actinomycetia	Streptomycetales	Streptomycetaceae	Streptomyces	Streptomyces hydrogenans	Streptomyces hydrogenans NPDC056392
NPDC056393	Bacteria	Actinomycetota	Actinomycetia	Streptomycetales	Streptomycetaceae	Streptomyces	Streptomyces scopuliridis	Streptomyces scopuliridis NPDC056393
NPDC056395	Bacteria	Actinomycetota	Actinomycetia	Streptomycetales	Streptomycetaceae	Streptomyces	Streptomyces sp.	Streptomyces sp. NPDC056395
NPDC056396	Bacteria	Actinomycetota	Actinomycetia	Streptomycetales	Streptomycetaceae	Streptomyces	Streptomyces sp001905795	Streptomyces sp. NPDC056396
NPDC056398	Bacteria	Actinomycetota	Actinomycetia	Streptomycetales	Streptomycetaceae	Streptomyces	Streptomyces virginiae_A	Streptomyces virginiae NPDC056398
NPDC056399	Bacteria	Actinomycetota	Actinomycetia	Streptomycetales	Streptomycetaceae	Streptomyces	Streptomyces sp001905825	Streptomyces sp. NPDC056399
NPDC056400	Bacteria	Actinomycetota	Actinomycetia	Streptomycetales	Streptomycetaceae	Streptomyces	Streptomyces sp.	Streptomyces sp. NPDC056400
NPDC056401	Bacteria	Actinomycetota	Actinomycetia	Streptomycetales	Streptomycetaceae	Streptomyces	Streptomyces sp.	Streptomyces sp. NPDC056401
NPDC056402	Bacteria	Actinomycetota	Actinomycetia	Streptomycetales	Streptomycetaceae	Streptomyces	Streptomyces sp.	Streptomyces sp. NPDC056402
NPDC056403	Bacteria	Actinomycetota	Actinomycetia	Streptomycetales	Streptomycetaceae	Streptomyces	Streptomyces virginiae_A	Streptomyces virginiae NPDC056403
NPDC056404	Bacteria	Actinomycetota	Actinomycetia	Streptomycetales	Streptomycetaceae	Streptomyces	Streptomyces albulus_C	Streptomyces noursei NPDC056404
NPDC056405	Bacteria	Actinomycetota	Actinomycetia	Streptomycetales	Streptomycetaceae	Streptomyces	Streptomyces sp.	Streptomyces sp. NPDC056405
NPDC056406	Bacteria	Actinomycetota	Actinomycetia	Streptomycetales	Streptomycetaceae	Streptomyces	Streptomyces albulus_C	Streptomyces noursei NPDC056406
NPDC056411	Bacteria	Actinomycetota	Actinomycetia	Streptomycetales	Streptomycetaceae	Streptomyces	Streptomyces sp.	Streptomyces sp. NPDC056411
NPDC056418	Bacteria	Actinomycetota	Actinomycetia	Streptomycetales	Streptomycetaceae	Streptomyces	Streptomyces virginiae_A	Streptomyces virginiae NPDC056418
NPDC056422	Bacteria	Actinomycetota	Actinomycetia	Streptomycetales	Streptomycetaceae	Streptomyces	Streptomyces xiamenensis	Streptomyces xiamenensis NPDC056422
NPDC056425	Bacteria	Actinomycetota	Actinomycetia	Streptomycetales	Streptomycetaceae	Streptomyces	Streptomyces bacillaris	Streptomyces bacillaris NPDC056425
NPDC056429	Bacteria	Actinomycetota	Actinomycetia	Streptomycetales	Streptomycetaceae	Streptomyces	Streptomyces microflavus	Streptomyces microflavus NPDC056429
NPDC056433	Bacteria	Actinomycetota	Actinomycetia	Streptomycetales	Streptomycetaceae	Streptomyces	Streptomyces niveus	Streptomyces niveus NPDC056433
NPDC056434	Bacteria	Actinomycetota	Actinomycetia	Streptomycetales	Streptomycetaceae	Streptomyces	Streptomyces virginiae_A	Streptomyces virginiae NPDC056434
NPDC056438	Bacteria	Actinomycetota	Actinomycetia	Streptomycetales	Streptomycetaceae	Streptomyces	Streptomyces sp002803065	Streptomyces sp. NPDC056438
NPDC056440	Bacteria	Actinomycetota	Actinomycetia	Streptomycetales	Streptomycetaceae	Streptomyces	Streptomyces niveus	Streptomyces niveus NPDC056440
NPDC056441	Bacteria	Actinomycetota	Actinomycetia	Streptomycetales	Streptomycetaceae	Streptomyces	Streptomyces sp.	Streptomyces sp. NPDC056441
NPDC056446	Bacteria	Actinomycetota	Actinomycetia	Streptomycetales	Streptomycetaceae	Kitasatospora	Kitasatospora sp.	Kitasatospora sp. NPDC056446
NPDC056450	Bacteria	Actinomycetota	Actinomycetia	Streptomycetales	Streptomycetaceae	Streptomyces	Streptomyces sp004151105	Streptomyces sp. NPDC056450
NPDC056453	Bacteria	Actinomycetota	Actinomycetia	Streptomycetales	Streptomycetaceae	Streptomyces	Streptomyces sp003403055	Streptomyces sp. NPDC056453
NPDC056454	Bacteria	Actinomycetota	Actinomycetia	Streptomycetales	Streptomycetaceae	Streptomyces	Streptomyces sp003116725	Streptomyces sp. NPDC056454
NPDC056459	Bacteria	Actinomycetota	Actinomycetia	Streptomycetales	Streptomycetaceae	Streptomyces	Streptomyces sp001905825	Streptomyces sp. NPDC056459
NPDC056462	Bacteria	Actinomycetota	Actinomycetia	Streptomycetales	Streptomycetaceae	Streptomyces	Streptomyces sp.	Streptomyces sp. NPDC056462
NPDC056463	Bacteria	Actinomycetota	Actinomycetia	Streptomycetales	Streptomycetaceae	Streptomyces	Streptomyces sp.	Streptomyces sp. NPDC056463
NPDC056464	Bacteria	Actinomycetota	Actinomycetia	Streptomycetales	Streptomycetaceae	Streptomyces	Streptomyces sp.	Streptomyces sp. NPDC056464
NPDC056465	Bacteria	Actinomycetota	Actinomycetia	Streptomycetales	Streptomycetaceae	Streptomyces	Streptomyces sp.	Streptomyces sp. NPDC056465
NPDC056468	Bacteria	Actinomycetota	Actinomycetia	Streptomycetales	Streptomycetaceae	Streptomyces	Streptomyces sp.	Streptomyces sp. NPDC056468
NPDC056470	Bacteria	Actinomycetota	Actinomycetia	Streptomycetales	Streptomycetaceae	Streptomyces	Streptomyces sp.	Streptomyces sp. NPDC056470
NPDC056472	Bacteria	Actinomycetota	Actinomycetia	Streptomycetales	Streptomycetaceae	Streptomyces	Streptomyces wedmorensis	Streptomyces wedmorensis NPDC056472
NPDC056476	Bacteria	Actinomycetota	Actinomycetia	Streptomycetales	Streptomycetaceae	Streptomyces	Streptomyces massasporeus	Streptomyces massasporeus NPDC056476
NPDC056478	Bacteria	Actinomycetota	Actinomycetia	Streptomycetales	Streptomycetaceae	Streptomyces	Streptomyces wedmorensis	Streptomyces wedmorensis NPDC056478
NPDC056480	Bacteria	Actinomycetota	Actinomycetia	Streptomycetales	Streptomycetaceae	Streptomyces	Streptomyces sp014451325	Streptomyces sp. NPDC056480
NPDC056481	Bacteria	Actinomycetota	Actinomycetia	Streptomycetales	Streptomycetaceae	Streptomyces	Streptomyces hydrogenans	Streptomyces hydrogenans NPDC056481
NPDC056484	Bacteria	Actinomycetota	Actinomycetia	Streptomycetales	Streptomycetaceae	Streptomyces	Streptomyces massasporeus	Streptomyces massasporeus NPDC056484
NPDC056485	Bacteria	Actinomycetota	Actinomycetia	Streptomycetales	Streptomycetaceae	Streptomyces	Streptomyces sp.	Streptomyces sp. NPDC056485
NPDC056486	Bacteria	Actinomycetota	Actinomycetia	Streptomycetales	Streptomycetaceae	Streptomyces	Streptomyces sp.	Streptomyces sp. NPDC056486
NPDC056488	Bacteria	Actinomycetota	Actinomycetia	Streptomycetales	Streptomycetaceae	Streptomyces	Streptomyces sp.	Streptomyces sp. NPDC056488
NPDC056489	Bacteria	Actinomycetota	Actinomycetia	Streptomycetales	Streptomycetaceae	Streptomyces	Streptomyces niveus	Streptomyces niveus NPDC056489
NPDC056491	Bacteria	Actinomycetota	Actinomycetia	Streptomycetales	Streptomycetaceae	Streptomyces	Streptomyces sp.	Streptomyces sp. NPDC056491
NPDC056494	Bacteria	Actinomycetota	Actinomycetia	Streptomycetales	Streptomycetaceae	Streptomyces	Streptomyces roseifaciens	Streptomyces roseifaciens NPDC056494
NPDC056499	Bacteria	Actinomycetota	Actinomycetia	Streptomycetales	Streptomycetaceae	Streptomyces	Streptomyces erythrochromogenes_A	Streptomyces erythrochromogenes NPDC056499
NPDC056500	Bacteria	Actinomycetota	Actinomycetia	Streptomycetales	Streptomycetaceae	Streptomyces	Streptomyces sp.	Streptomyces sp. NPDC056500
NPDC056501	Bacteria	Actinomycetota	Actinomycetia	Streptomycetales	Streptomycetaceae	Streptomyces	Streptomyces sp001426585	Streptomyces sp. NPDC056501
NPDC056502	Bacteria	Actinomycetota	Actinomycetia	Streptomycetales	Streptomycetaceae	Streptomyces	Streptomyces virginiae_A	Streptomyces virginiae NPDC056502
NPDC056503	Bacteria	Actinomycetota	Actinomycetia	Streptomycetales	Streptomycetaceae	Streptomyces	Streptomyces sp.	Streptomyces sp. NPDC056503
NPDC056507	Bacteria	Actinomycetota	Actinomycetia	Streptomycetales	Streptomycetaceae	Streptomyces	Streptomyces cyaneofuscatus	Streptomyces cyaneofuscatus NPDC056507
NPDC056508	Bacteria	Actinomycetota	Actinomycetia	Streptomycetales	Streptomycetaceae	Streptomyces	Streptomyces sp.	Streptomyces sp. NPDC056508
NPDC056510	Bacteria	Actinomycetota	Actinomycetia	Streptomycetales	Streptomycetaceae	Streptomyces	Streptomyces erythrochromogenes_A	Streptomyces erythrochromogenes NPDC056510
NPDC056511	Bacteria	Actinomycetota	Actinomycetia	Streptomycetales	Streptomycetaceae	Streptomyces	Streptomyces erythrochromogenes_A	Streptomyces erythrochromogenes NPDC056511
NPDC056515	Bacteria	Actinomycetota	Actinomycetia	Streptomycetales	Streptomycetaceae	Streptomyces	Streptomyces celluloflavus	Streptomyces celluloflavus NPDC056515
NPDC056517	Bacteria	Actinomycetota	Actinomycetia	Streptomycetales	Streptomycetaceae	Streptomyces	Streptomyces sp014451325	Streptomyces sp. NPDC056517
NPDC056518	Bacteria	Actinomycetota	Actinomycetia	Streptomycetales	Streptomycetaceae	Streptomyces	Streptomyces cyaneofuscatus	Streptomyces cyaneofuscatus NPDC056518
NPDC056519	Bacteria	Actinomycetota	Actinomycetia	Streptomycetales	Streptomycetaceae	Streptomyces	Streptomyces sp.	Streptomyces sp. NPDC056519
NPDC056521	Bacteria	Actinomycetota	Actinomycetia	Streptomycetales	Streptomycetaceae	Streptomyces	Streptomyces niveus	Streptomyces niveus NPDC056521
NPDC056522	Bacteria	Actinomycetota	Actinomycetia	Streptomycetales	Streptomycetaceae	Streptomyces	Streptomyces niveus	Streptomyces niveus NPDC056522
NPDC056524	Bacteria	Actinomycetota	Actinomycetia	Streptomycetales	Streptomycetaceae	Streptomyces	Streptomyces sp.	Streptomyces sp. NPDC056524
NPDC056525	Bacteria	Actinomycetota	Actinomycetia	Streptomycetales	Streptomycetaceae	Streptomyces	Streptomyces sp014451325	Streptomyces sp. NPDC056525
NPDC056527	Bacteria	Actinomycetota	Actinomycetia	Streptomycetales	Streptomycetaceae	Streptomyces	Streptomyces sp.	Streptomyces sp. NPDC056527
NPDC056528	Bacteria	Actinomycetota	Actinomycetia	Streptomycetales	Streptomycetaceae	Streptomyces	Streptomyces sp.	Streptomyces sp. NPDC056528
NPDC056530	Bacteria	Actinomycetota	Actinomycetia	Streptomycetales	Streptomycetaceae	Streptomyces	Streptomyces virginiae_A	Streptomyces virginiae NPDC056530
NPDC056532	Bacteria	Actinomycetota	Actinomycetia	Streptomycetales	Streptomycetaceae	Streptomyces	Streptomyces anulatus	Streptomyces anulatus NPDC056532
NPDC056534	Bacteria	Actinomycetota	Actinomycetia	Streptomycetales	Streptomycetaceae	Streptomyces	Streptomyces sp001905825	Streptomyces sp. NPDC056534
NPDC056535	Bacteria	Actinomycetota	Actinomycetia	Streptomycetales	Streptomycetaceae	Streptomyces	Streptomyces coelicoflavus	Streptomyces coelicoflavus NPDC056535
NPDC056536	Bacteria	Actinomycetota	Actinomycetia	Streptomycetales	Streptomycetaceae	Streptomyces	Streptomyces virginiae	Streptomyces virginiae NPDC056536
NPDC056538	Bacteria	Actinomycetota	Actinomycetia	Streptomycetales	Streptomycetaceae	Embleya	Embleya sp.	Embleya sp. NPDC056538
NPDC056540	Bacteria	Actinomycetota	Actinomycetia	Streptomycetales	Streptomycetaceae	Streptomyces	Streptomyces sp.	Streptomyces sp. NPDC056540
NPDC056542	Bacteria	Actinomycetota	Actinomycetia	Streptomycetales	Streptomycetaceae	Streptomyces	Streptomyces sp.	Streptomyces sp. NPDC056542
NPDC056544	Bacteria	Actinomycetota	Actinomycetia	Streptomycetales	Streptomycetaceae	Streptomyces	Streptomyces sp.	Streptomyces sp. NPDC056544
NPDC056545	Bacteria	Actinomycetota	Actinomycetia	Streptomycetales	Streptomycetaceae	Streptomyces	Streptomyces virginiae	Streptomyces virginiae NPDC056545
NPDC056549	Bacteria	Actinomycetota	Actinomycetia	Streptomycetales	Streptomycetaceae	Streptomyces	Streptomyces sp.	Streptomyces sp. NPDC056549
NPDC056568	Bacteria	Actinomycetota	Actinomycetia	Streptomycetales	Streptomycetaceae	Streptomyces	Streptomyces sp.	Streptomyces sp. NPDC056568
NPDC056575	Bacteria	Actinomycetota	Actinomycetia	Streptomycetales	Streptomycetaceae	Embleya	Embleya sp.	Embleya sp. NPDC056575
NPDC056588	Bacteria	Actinomycetota	Actinomycetia	Streptomycetales	Streptomycetaceae	Streptomyces	Streptomyces papulosus	Streptomyces papulosus NPDC056588
NPDC056590	Bacteria	Actinomycetota	Actinomycetia	Streptomycetales	Streptomycetaceae	Streptomyces	Streptomyces mirabilis	Streptomyces mirabilis NPDC056590
NPDC056600	Bacteria	Actinomycetota	Actinomycetia	Streptomycetales	Streptomycetaceae	Streptomyces	Streptomyces sp.	Streptomyces sp. NPDC056600
NPDC056610	Bacteria	Actinomycetota	Actinomycetia	Streptomycetales	Streptomycetaceae	Streptomyces	Streptomyces coelicoflavus	Streptomyces coelicoflavus NPDC056610
NPDC056616	Bacteria	Actinomycetota	Actinomycetia	Streptomycetales	Streptomycetaceae	Streptomyces	Streptomyces sp.	Streptomyces sp. NPDC056616
NPDC056624	Bacteria	Actinomycetota	Actinomycetia	Streptomycetales	Streptomycetaceae	Streptomyces	Streptomyces sp900105245	Streptomyces sp. NPDC056624
NPDC056625	Bacteria	Actinomycetota	Actinomycetia	Streptomycetales	Streptomycetaceae	Streptomyces	Streptomyces sp900105245	Streptomyces sp. NPDC056625
NPDC056626	Bacteria	Actinomycetota	Actinomycetia	Streptomycetales	Streptomycetaceae	Streptomyces	Streptomyces sp900105245	Streptomyces sp. NPDC056626
NPDC056627	Bacteria	Actinomycetota	Actinomycetia	Streptomycetales	Streptomycetaceae	Streptomyces	Streptomyces sp001905505	Streptomyces sp. NPDC056627
NPDC056628	Bacteria	Actinomycetota	Actinomycetia	Streptomycetales	Streptomycetaceae	Streptomyces	Streptomyces sp.	Streptomyces sp. NPDC056628
NPDC056629	Bacteria	Actinomycetota	Actinomycetia	Streptomycetales	Streptomycetaceae	Streptomyces	Streptomyces sp001905505	Streptomyces sp. NPDC056629
NPDC056632	Bacteria	Actinomycetota	Actinomycetia	Streptomycetales	Streptomycetaceae	Streptomyces	Streptomyces sp.	Streptomyces sp. NPDC056632
NPDC056633	Bacteria	Actinomycetota	Actinomycetia	Streptomycetales	Streptomycetaceae	Streptomyces	Streptomyces papulosus	Kitasatospora papulosa NPDC056633
NPDC056634	Bacteria	Actinomycetota	Actinomycetia	Streptomycetales	Streptomycetaceae	Streptomyces	Streptomyces sp.	Streptomyces sp. NPDC056634
NPDC056635	Bacteria	Actinomycetota	Actinomycetia	Streptomycetales	Streptomycetaceae	Streptomyces	Streptomyces sp.	Streptomyces sp. NPDC056635
NPDC056637	Bacteria	Actinomycetota	Actinomycetia	Streptomycetales	Streptomycetaceae	Streptomyces	Streptomyces sp.	Streptomyces sp. NPDC056637
NPDC056638	Bacteria	Actinomycetota	Actinomycetia	Streptomycetales	Streptomycetaceae	Streptomyces	Streptomyces sp900091955	Streptomyces sp. NPDC056638
NPDC056639	Bacteria	Actinomycetota	Actinomycetia	Streptomycetales	Streptomycetaceae	Streptomyces	Streptomyces sp014451325	Streptomyces sp. NPDC056639
NPDC056641	Bacteria	Actinomycetota	Actinomycetia	Streptomycetales	Streptomycetaceae	Streptomyces	Streptomyces sp004151105	Streptomyces sp. NPDC056641
NPDC056647	Bacteria	Actinomycetota	Actinomycetia	Streptomycetales	Streptomycetaceae	Streptomyces	Streptomyces sp023534745	Streptomyces sp. NPDC056647
NPDC056650	Bacteria	Actinomycetota	Actinomycetia	Streptomycetales	Streptomycetaceae	Streptomyces	Streptomyces sp023534745	Streptomyces sp. NPDC056650
NPDC056651	Bacteria	Actinomycetota	Actinomycetia	Streptomycetales	Streptomycetaceae	Kitasatospora	Kitasatospora sp.	Kitasatospora sp. NPDC056651
NPDC056652	Bacteria	Actinomycetota	Actinomycetia	Streptomycetales	Streptomycetaceae	Streptomyces	Streptomyces sp004151105	Streptomyces sp. NPDC056652
NPDC056653	Bacteria	Actinomycetota	Actinomycetia	Streptomycetales	Streptomycetaceae	Streptomyces	Streptomyces sp.	Streptomyces sp. NPDC056653
NPDC056655	Bacteria	Actinomycetota	Actinomycetia	Streptomycetales	Streptomycetaceae	Streptomyces	Streptomyces cyaneofuscatus	Streptomyces cyaneofuscatus NPDC056655
NPDC056656	Bacteria	Actinomycetota	Actinomycetia	Streptomycetales	Streptomycetaceae	Streptomyces	Streptomyces sp002803065	Streptomyces sp. NPDC056656
NPDC056657	Bacteria	Actinomycetota	Actinomycetia	Streptomycetales	Streptomycetaceae	Streptomyces	Streptomyces halstedii	Streptomyces halstedii NPDC056657
NPDC056659	Bacteria	Actinomycetota	Actinomycetia	Streptomycetales	Streptomycetaceae	Streptomyces	Streptomyces sp014451325	Streptomyces sp. NPDC056659
NPDC056660	Bacteria	Actinomycetota	Actinomycetia	Streptomycetales	Streptomycetaceae	Streptomyces	Streptomyces sp.	Streptomyces sp. NPDC056660
NPDC056661	Bacteria	Actinomycetota	Actinomycetia	Streptomycetales	Streptomycetaceae	Streptomyces	Streptomyces sp.	Streptomyces sp. NPDC056661
NPDC056664	Bacteria	Actinomycetota	Actinomycetia	Streptomycetales	Streptomycetaceae	Streptomyces	Streptomyces sp014451325	Streptomyces sp. NPDC056664
NPDC056668	Bacteria	Actinomycetota	Actinomycetia	Streptomycetales	Streptomycetaceae	Streptomyces	Streptomyces sp023534745	Streptomyces sp. NPDC056668
NPDC056669	Bacteria	Actinomycetota	Actinomycetia	Streptomycetales	Streptomycetaceae	Streptomyces	Streptomyces sp018883605	Streptomyces sp. NPDC056669
NPDC056670	Bacteria	Actinomycetota	Actinomycetia	Streptomycetales	Streptomycetaceae	Streptomyces	Streptomyces sp.	Streptomyces sp. NPDC056670
NPDC056671	Bacteria	Actinomycetota	Actinomycetia	Streptomycetales	Streptomycetaceae	Streptomyces	Streptomyces sp.	Streptomyces sp. NPDC056671
NPDC056672	Bacteria	Actinomycetota	Actinomycetia	Streptomycetales	Streptomycetaceae	Streptomyces	Streptomyces sp.	Streptomyces sp. NPDC056672
NPDC056674	Bacteria	Actinomycetota	Actinomycetia	Streptomycetales	Streptomycetaceae	Streptomyces	Streptomyces cyaneofuscatus	Streptomyces cyaneofuscatus NPDC056674
NPDC056676	Bacteria	Actinomycetota	Actinomycetia	Streptomycetales	Streptomycetaceae	Streptomyces	Streptomyces sp.	Streptomyces sp. NPDC056676
NPDC056677	Bacteria	Actinomycetota	Actinomycetia	Streptomycetales	Streptomycetaceae	Streptomyces	Streptomyces sp001905505	Streptomyces sp. NPDC056677
NPDC056679	Bacteria	Actinomycetota	Actinomycetia	Streptomycetales	Streptomycetaceae	Streptomyces	Streptomyces sp004151105	Streptomyces sp. NPDC056679
NPDC056681	Bacteria	Actinomycetota	Actinomycetia	Streptomycetales	Streptomycetaceae	Streptomyces	Streptomyces sp003403055	Streptomyces sp. NPDC056681
NPDC056682	Bacteria	Actinomycetota	Actinomycetia	Streptomycetales	Streptomycetaceae	Streptomyces	Streptomyces sp.	Streptomyces sp. NPDC056682
NPDC056683	Bacteria	Actinomycetota	Actinomycetia	Streptomycetales	Streptomycetaceae	Streptomyces	Streptomyces sp900105755	Streptomyces sp. NPDC056683
NPDC056684	Bacteria	Actinomycetota	Actinomycetia	Streptomycetales	Streptomycetaceae	Streptomyces	Streptomyces samsunensis	Streptomyces samsunensis NPDC056684
NPDC056687	Bacteria	Actinomycetota	Actinomycetia	Streptomycetales	Streptomycetaceae	Kitasatospora	Kitasatospora sp001905465	Kitasatospora sp. NPDC056687
NPDC056689	Bacteria	Actinomycetota	Actinomycetia	Streptomycetales	Streptomycetaceae	Streptomyces	Streptomyces sp.	Streptomyces sp. NPDC056689
NPDC056696	Bacteria	Actinomycetota	Actinomycetia	Streptomycetales	Streptomycetaceae	Streptomyces	Streptomyces sp.	Streptomyces sp. NPDC056696
NPDC056697	Bacteria	Actinomycetota	Actinomycetia	Streptomycetales	Streptomycetaceae	Streptomyces	Streptomyces sp018883605	Streptomyces sp. NPDC056697
NPDC056701	Bacteria	Actinomycetota	Actinomycetia	Streptomycetales	Streptomycetaceae	Streptomyces	Streptomyces sp.	Streptomyces sp. NPDC056701
NPDC056704	Bacteria	Actinomycetota	Actinomycetia	Streptomycetales	Streptomycetaceae	Streptomyces	Streptomyces olivochromogenes	Streptomyces sp. NPDC056704
NPDC056706	Bacteria	Actinomycetota	Actinomycetia	Streptomycetales	Streptomycetaceae	Streptomyces	Streptomyces fagopyri	Streptomyces fagopyri NPDC056706
NPDC056707	Bacteria	Actinomycetota	Actinomycetia	Streptomycetales	Streptomycetaceae	Streptomyces	Streptomyces sp.	Streptomyces sp. NPDC056707
NPDC056708	Bacteria	Actinomycetota	Actinomycetia	Streptomycetales	Streptomycetaceae	Streptomyces	Streptomyces sp.	Streptomyces sp. NPDC056708
NPDC056713	Bacteria	Actinomycetota	Actinomycetia	Streptomycetales	Streptomycetaceae	Streptomyces	Streptomyces sp003403055	Streptomyces sp. NPDC056713
NPDC056715	Bacteria	Actinomycetota	Actinomycetia	Streptomycetales	Streptomycetaceae	Streptomyces	Streptomyces sp.	Streptomyces sp. NPDC056715
NPDC056716	Bacteria	Actinomycetota	Actinomycetia	Streptomycetales	Streptomycetaceae	Streptomyces	Streptomyces sp.	Streptomyces sp. NPDC056716
NPDC056720	Bacteria	Actinomycetota	Actinomycetia	Streptomycetales	Streptomycetaceae	Streptomyces	Streptomyces olivochromogenes	Streptomyces mirabilis NPDC056720
NPDC056721	Bacteria	Actinomycetota	Actinomycetia	Streptomycetales	Streptomycetaceae	Streptomyces	Streptomyces sp003403055	Streptomyces sp. NPDC056721
NPDC056723	Bacteria	Actinomycetota	Actinomycetia	Streptomycetales	Streptomycetaceae	Streptomyces	Streptomyces sp003403055	Streptomyces sp. NPDC056723
NPDC056728	Bacteria	Actinomycetota	Actinomycetia	Streptomycetales	Streptomycetaceae	Streptomyces	Streptomyces sp003403055	Streptomyces sp. NPDC056728
NPDC056730	Bacteria	Actinomycetota	Actinomycetia	Streptomycetales	Streptomycetaceae	Streptomyces	Streptomyces sp004151105	Streptomyces sp. NPDC056730
NPDC056733	Bacteria	Actinomycetota	Actinomycetia	Streptomycetales	Streptomycetaceae	Streptomyces	Streptomyces sp003403055	Streptomyces sp. NPDC056733
NPDC056734	Bacteria	Actinomycetota	Actinomycetia	Streptomycetales	Streptomycetaceae	Streptomyces	Streptomyces sp.	Streptomyces sp. NPDC056734
NPDC056735	Bacteria	Actinomycetota	Actinomycetia	Streptomycetales	Streptomycetaceae	Streptomyces	Streptomyces mirabilis	Streptomyces mirabilis NPDC056735
NPDC056737	Bacteria	Actinomycetota	Actinomycetia	Streptomycetales	Streptomycetaceae	Streptomyces	Streptomyces hydrogenans	Streptomyces hydrogenans NPDC056737
NPDC056740	Bacteria	Actinomycetota	Actinomycetia	Streptomycetales	Streptomycetaceae	Streptomyces	Streptomyces hydrogenans	Streptomyces hydrogenans NPDC056740
NPDC056744	Bacteria	Actinomycetota	Actinomycetia	Streptomycetales	Streptomycetaceae	Streptomyces	Streptomyces sp001905825	Streptomyces sp. NPDC056744
NPDC056749	Bacteria	Actinomycetota	Actinomycetia	Streptomycetales	Streptomycetaceae	Streptomyces	Streptomyces sp008042155	Streptomyces sp. NPDC056749
NPDC056753	Bacteria	Actinomycetota	Actinomycetia	Streptomycetales	Streptomycetaceae	Streptomyces	Streptomyces sp002551355	Streptomyces sp. NPDC056753
NPDC056756	Bacteria	Actinomycetota	Actinomycetia	Streptomycetales	Streptomycetaceae	Streptomyces	Streptomyces sp024213195	Streptomyces sp. NPDC056756
NPDC056757	Bacteria	Actinomycetota	Actinomycetia	Streptomycetales	Streptomycetaceae	Kitasatospora	Kitasatospora indigofera	Kitasatospora indigofera NPDC056757
NPDC056758	Bacteria	Actinomycetota	Actinomycetia	Streptomycetales	Streptomycetaceae	Streptomyces	Streptomyces scopuliridis	Streptomyces scopuliridis NPDC056758
NPDC056760	Bacteria	Actinomycetota	Actinomycetia	Streptomycetales	Streptomycetaceae	Streptomyces	Streptomyces niveus	Streptomyces niveus NPDC056760
NPDC056761	Bacteria	Actinomycetota	Actinomycetia	Streptomycetales	Streptomycetaceae	Streptomyces	Streptomyces sp002551355	Streptomyces sp. NPDC056761
NPDC056763	Bacteria	Actinomycetota	Actinomycetia	Streptomycetales	Streptomycetaceae	Streptomyces	Streptomyces hydrogenans	Streptomyces hydrogenans NPDC056763
NPDC056764	Bacteria	Actinomycetota	Actinomycetia	Streptomycetales	Streptomycetaceae	Streptomyces	Streptomyces anulatus	Streptomyces anulatus NPDC056764
NPDC056785	Bacteria	Actinomycetota	Actinomycetia	Streptomycetales	Streptomycetaceae	Streptomyces	Streptomyces sp008042115	Streptomyces sp. NPDC056785
NPDC056786	Bacteria	Actinomycetota	Actinomycetia	Streptomycetales	Streptomycetaceae	Streptomyces	Streptomyces niveus	Streptomyces niveus NPDC056786
NPDC056789	Bacteria	Actinomycetota	Actinomycetia	Streptomycetales	Streptomycetaceae	Kitasatospora	Kitasatospora sp001905545	Kitasatospora sp. NPDC056789
NPDC056792	Bacteria	Actinomycetota	Actinomycetia	Streptomycetales	Streptomycetaceae	Streptomyces	Streptomyces sp006540305	Streptomyces sp. NPDC056792
NPDC056795	Bacteria	Actinomycetota	Actinomycetia	Streptomycetales	Streptomycetaceae	Streptomyces	Streptomyces sp001905505	Streptomyces sp. NPDC056795
NPDC056796	Bacteria	Actinomycetota	Actinomycetia	Streptomycetales	Streptomycetaceae	Streptomyces	Streptomyces sp.	Streptomyces sp. NPDC056796
NPDC056800	Bacteria	Actinomycetota	Actinomycetia	Streptomycetales	Streptomycetaceae	Kitasatospora	Kitasatospora sp001905545	Kitasatospora sp. NPDC056800
NPDC056804	Bacteria	Actinomycetota	Actinomycetia	Streptomycetales	Streptomycetaceae	Streptomyces	Streptomyces halstedii	Streptomyces halstedii NPDC056804
NPDC056817	Bacteria	Actinomycetota	Actinomycetia	Streptomycetales	Streptomycetaceae	Streptomyces	Streptomyces sp006540305	Streptomyces sp. NPDC056817
NPDC056820	Bacteria	Actinomycetota	Actinomycetia	Streptomycetales	Streptomycetaceae	Streptomyces	Streptomyces sp006540305	Streptomyces sp. NPDC056820
NPDC056821	Bacteria	Actinomycetota	Actinomycetia	Streptomycetales	Streptomycetaceae	Streptomyces	Streptomyces sp006540305	Streptomyces sp. NPDC056821
NPDC056831	Bacteria	Actinomycetota	Actinomycetia	Streptomycetales	Streptomycetaceae	Streptomyces	Streptomyces sp.	Streptomyces sp. NPDC056831
NPDC056833	Bacteria	Actinomycetota	Actinomycetia	Streptomycetales	Streptomycetaceae	Streptomyces	Streptomyces sp.	Streptomyces sp. NPDC056833
NPDC056835	Bacteria	Actinomycetota	Actinomycetia	Streptomycetales	Streptomycetaceae	Streptomyces	Streptomyces sp.	Streptomyces sp. NPDC056835
NPDC056842	Bacteria	Actinomycetota	Actinomycetia	Streptomycetales	Streptomycetaceae	Streptomyces	Streptomyces cyaneofuscatus	Streptomyces cyaneofuscatus NPDC056842
NPDC056853	Bacteria	Actinomycetota	Actinomycetia	Streptomycetales	Streptomycetaceae	Streptomyces	Streptomyces silvae	Streptomyces sp. NPDC056853
NPDC056863	Bacteria	Actinomycetota	Actinomycetia	Streptomycetales	Streptomycetaceae	Streptomyces	Streptomyces niveus	Streptomyces niveus NPDC056863
NPDC056901	Bacteria	Actinomycetota	Actinomycetia	Streptomycetales	Streptomycetaceae	Streptomyces	Streptomyces niveus	Streptomyces niveus NPDC056901
NPDC056903	Bacteria	Actinomycetota	Actinomycetia	Streptomycetales	Streptomycetaceae	Streptomyces	Streptomyces goshikiensis	Streptomyces goshikiensis NPDC056903
NPDC056904	Bacteria	Actinomycetota	Actinomycetia	Streptomycetales	Streptomycetaceae	Streptomyces	Streptomyces goshikiensis	Streptomyces goshikiensis NPDC056904
NPDC056905	Bacteria	Actinomycetota	Actinomycetia	Streptomycetales	Streptomycetaceae	Streptomyces	Streptomyces goshikiensis	Streptomyces goshikiensis NPDC056905
NPDC056907	Bacteria	Actinomycetota	Actinomycetia	Streptomycetales	Streptomycetaceae	Streptomyces	Streptomyces sp023534745	Streptomyces sp. NPDC056907
NPDC056913	Bacteria	Actinomycetota	Actinomycetia	Streptomycetales	Streptomycetaceae	Streptomyces	Streptomyces goshikiensis	Streptomyces goshikiensis NPDC056913
NPDC056915	Bacteria	Actinomycetota	Actinomycetia	Streptomycetales	Streptomycetaceae	Streptomyces	Streptomyces goshikiensis	Streptomyces goshikiensis NPDC056915
NPDC056921	Bacteria	Actinomycetota	Actinomycetia	Streptomycetales	Streptomycetaceae	Streptomyces	Streptomyces sp.	Streptomyces sp. NPDC056921
NPDC056923	Bacteria	Actinomycetota	Actinomycetia	Streptomycetales	Streptomycetaceae	Streptomyces	Streptomyces rubiginosohelvolus	Streptomyces rubiginosohelvolus NPDC056923
NPDC056925	Bacteria	Actinomycetota	Actinomycetia	Streptomycetales	Streptomycetaceae	Streptomyces	Streptomyces mirabilis	Streptomyces mirabilis NPDC056925
NPDC056926	Bacteria	Actinomycetota	Actinomycetia	Streptomycetales	Streptomycetaceae	Streptomyces	Streptomyces niveus	Streptomyces niveus NPDC056926
NPDC056939	Bacteria	Actinomycetota	Actinomycetia	Streptomycetales	Streptomycetaceae	Streptomyces	Streptomyces niveus	Streptomyces niveus NPDC056939
NPDC056940	Bacteria	Actinomycetota	Actinomycetia	Streptomycetales	Streptomycetaceae	Streptomyces	Streptomyces niveus_A	Streptomyces niveus NPDC056940
NPDC056941	Bacteria	Actinomycetota	Actinomycetia	Streptomycetales	Streptomycetaceae	Streptomyces	Streptomyces mirabilis	Streptomyces mirabilis NPDC056941
NPDC056943	Bacteria	Actinomycetota	Actinomycetia	Streptomycetales	Streptomycetaceae	Streptomyces	Streptomyces sp001426585	Streptomyces sp. NPDC056943
NPDC056944	Bacteria	Actinomycetota	Actinomycetia	Streptomycetales	Streptomycetaceae	Streptomyces	Streptomyces sp.	Streptomyces sp. NPDC056944
NPDC056946	Bacteria	Actinomycetota	Actinomycetia	Streptomycetales	Streptomycetaceae	Streptomyces	Streptomyces sp.	Streptomyces sp. NPDC056946
NPDC056948	Bacteria	Actinomycetota	Actinomycetia	Streptomycetales	Streptomycetaceae	Streptomyces	Streptomyces sp.	Streptomyces sp. NPDC056948
NPDC056949	Bacteria	Actinomycetota	Actinomycetia	Streptomycetales	Streptomycetaceae	Streptomyces	Streptomyces sp003403055	Streptomyces sp. NPDC056949
NPDC056950	Bacteria	Actinomycetota	Actinomycetia	Streptomycetales	Streptomycetaceae	Streptomyces	Streptomyces sp.	Streptomyces sp. NPDC056950
NPDC056958	Bacteria	Actinomycetota	Actinomycetia	Streptomycetales	Streptomycetaceae	Streptomyces	Streptomyces sp.	Streptomyces sp. NPDC056958
NPDC056964	Bacteria	Actinomycetota	Actinomycetia	Streptomycetales	Streptomycetaceae	Streptomyces	Streptomyces coelicoflavus	Streptomyces coelicoflavus NPDC056964
NPDC056966	Bacteria	Actinomycetota	Actinomycetia	Streptomycetales	Streptomycetaceae	Streptomyces	Streptomyces hydrogenans	Streptomyces hydrogenans NPDC056966
NPDC056969	Bacteria	Actinomycetota	Actinomycetia	Streptomycetales	Streptomycetaceae	Streptomyces	Streptomyces fimicarius	Streptomyces griseus NPDC056969
NPDC056975	Bacteria	Actinomycetota	Actinomycetia	Streptomycetales	Streptomycetaceae	Streptomyces	Streptomyces sp003403055	Streptomyces sp. NPDC056975
NPDC056982	Bacteria	Actinomycetota	Actinomycetia	Streptomycetales	Streptomycetaceae	Streptomyces	Streptomyces sp003403055	Streptomyces sp. NPDC056982
NPDC056983	Bacteria	Actinomycetota	Actinomycetia	Streptomycetales	Streptomycetaceae	Streptomyces	Streptomyces sp.	Streptomyces sp. NPDC056983
NPDC056987	Bacteria	Actinomycetota	Actinomycetia	Streptomycetales	Streptomycetaceae	Streptomyces	Streptomyces sp.	Streptomyces sp. NPDC056987
NPDC056990	Bacteria	Actinomycetota	Actinomycetia	Streptomycetales	Streptomycetaceae	Streptomyces	Streptomyces sp006540305	Streptomyces sp. NPDC056990
NPDC056995	Bacteria	Actinomycetota	Actinomycetia	Streptomycetales	Streptomycetaceae	Streptomyces	Streptomyces sp022695985	Streptomyces sp. NPDC056995
NPDC056997	Bacteria	Actinomycetota	Actinomycetia	Streptomycetales	Streptomycetaceae	Streptomyces	Streptomyces harbinensis	Streptomyces harbinensis NPDC056997
NPDC056998	Bacteria	Actinomycetota	Actinomycetia	Streptomycetales	Streptomycetaceae	Streptomyces	Streptomyces chartreusis	Streptomyces chartreusis NPDC056998
NPDC056999	Bacteria	Actinomycetota	Actinomycetia	Streptomycetales	Streptomycetaceae	Streptomyces	Streptomyces wuyuanensis	Streptomyces wuyuanensis NPDC056999
NPDC057003	Bacteria	Actinomycetota	Actinomycetia	Streptomycetales	Streptomycetaceae	Streptomyces	Streptomyces sp.	Streptomyces sp. NPDC057003
NPDC057006	Bacteria	Actinomycetota	Actinomycetia	Streptomycetales	Streptomycetaceae	Streptomyces	Streptomyces sp.	Streptomyces sp. NPDC057006
NPDC057007	Bacteria	Actinomycetota	Actinomycetia	Streptomycetales	Streptomycetaceae	Streptomyces	Streptomyces venezuelae	Streptomyces venezuelae NPDC057007
NPDC057008	Bacteria	Actinomycetota	Actinomycetia	Streptomycetales	Streptomycetaceae	Streptomyces	Streptomyces sp.	Streptomyces sp. NPDC057008
NPDC057011	Bacteria	Actinomycetota	Actinomycetia	Streptomycetales	Streptomycetaceae	Streptomyces	Streptomyces sp.	Streptomyces sp. NPDC057011
NPDC057016	Bacteria	Actinomycetota	Actinomycetia	Streptomycetales	Streptomycetaceae	Streptomyces	Streptomyces zhihengii	Streptomyces zhihengii NPDC057016
NPDC057018	Bacteria	Actinomycetota	Actinomycetia	Streptomycetales	Streptomycetaceae	Streptomyces	Streptomyces papulosus	Kitasatospora papulosa NPDC057018
NPDC057020	Bacteria	Actinomycetota	Actinomycetia	Streptomycetales	Streptomycetaceae	Streptomyces	Streptomyces sp001905825	Streptomyces sp. NPDC057020
NPDC057021	Bacteria	Actinomycetota	Actinomycetia	Streptomycetales	Streptomycetaceae	Streptomyces	Streptomyces sp001905825	Streptomyces sp. NPDC057021
NPDC057022	Bacteria	Actinomycetota	Actinomycetia	Streptomycetales	Streptomycetaceae	Streptomyces	Streptomyces papulosus	Streptomyces papulosus NPDC057022
NPDC057023	Bacteria	Actinomycetota	Actinomycetia	Streptomycetales	Streptomycetaceae	Streptomyces	Streptomyces sp000772045	Streptomyces sp. NPDC057023
NPDC057024	Bacteria	Actinomycetota	Actinomycetia	Streptomycetales	Streptomycetaceae	Streptomyces	Streptomyces chartreusis	Streptomyces chartreusis NPDC057024
NPDC057025	Bacteria	Actinomycetota	Actinomycetia	Streptomycetales	Streptomycetaceae	Streptomyces	Streptomyces shenzhenensis_A	Streptomyces shenzhenensis_A NPDC057025
NPDC057028	Bacteria	Actinomycetota	Actinomycetia	Streptomycetales	Streptomycetaceae	Streptomyces	Streptomyces coelicoflavus	Streptomyces coelicoflavus NPDC057028
NPDC057029	Bacteria	Actinomycetota	Actinomycetia	Streptomycetales	Streptomycetaceae	Streptomyces	Streptomyces albidoflavus	Streptomyces albidoflavus NPDC057029
NPDC057032	Bacteria	Actinomycetota	Actinomycetia	Streptomycetales	Streptomycetaceae	Streptomyces	Streptomyces sp000772045	Streptomyces sp. NPDC057032
NPDC057033	Bacteria	Actinomycetota	Actinomycetia	Streptomycetales	Streptomycetaceae	Streptomyces	Streptomyces coelicoflavus	Streptomyces coelicoflavus NPDC057033
NPDC057034	Bacteria	Actinomycetota	Actinomycetia	Streptomycetales	Streptomycetaceae	Streptomyces	Streptomyces lavendulae_C	Streptomyces lavendulae_C NPDC057034
NPDC057036	Bacteria	Actinomycetota	Actinomycetia	Streptomycetales	Streptomycetaceae	Streptomyces	Streptomyces coelicoflavus	Streptomyces coelicoflavus NPDC057036
NPDC057037	Bacteria	Actinomycetota	Actinomycetia	Streptomycetales	Streptomycetaceae	Streptomyces	Streptomyces sp004151105	Streptomyces sp. NPDC057037
NPDC057038	Bacteria	Actinomycetota	Actinomycetia	Streptomycetales	Streptomycetaceae	Streptomyces	Streptomyces albidoflavus	Streptomyces albidoflavus NPDC057038
NPDC057044	Bacteria	Actinomycetota	Actinomycetia	Streptomycetales	Streptomycetaceae	Streptomyces	Streptomyces sp001905665	Streptomyces sp. NPDC057044
NPDC057047	Bacteria	Actinomycetota	Actinomycetia	Streptomycetales	Streptomycetaceae	Streptomyces	Streptomyces tendae	Streptomyces tendae NPDC057047
NPDC057050	Bacteria	Actinomycetota	Actinomycetia	Streptomycetales	Streptomycetaceae	Streptomyces	Streptomyces sp.	Streptomyces sp. NPDC057050
NPDC057051	Bacteria	Actinomycetota	Actinomycetia	Streptomycetales	Streptomycetaceae	Streptomyces	Streptomyces althioticus	Streptomyces althioticus NPDC057051
NPDC057052	Bacteria	Actinomycetota	Actinomycetia	Streptomycetales	Streptomycetaceae	Streptomyces	Streptomyces sp.	Streptomyces sp. NPDC057052
NPDC057054	Bacteria	Actinomycetota	Actinomycetia	Streptomycetales	Streptomycetaceae	Streptomyces	Streptomyces nigra	Streptomyces nigra NPDC057054
NPDC057056	Bacteria	Actinomycetota	Actinomycetia	Streptomycetales	Streptomycetaceae	Streptomyces	Streptomyces nigra	Streptomyces nigra NPDC057056
NPDC057057	Bacteria	Actinomycetota	Actinomycetia	Streptomycetales	Streptomycetaceae	Streptomyces	Streptomyces collinus_A	Streptomyces collinus NPDC057057
NPDC057059	Bacteria	Actinomycetota	Actinomycetia	Streptomycetales	Streptomycetaceae	Streptomyces	Streptomyces bauhiniae	Streptomyces bauhiniae NPDC057059
NPDC057061	Bacteria	Actinomycetota	Actinomycetia	Streptomycetales	Streptomycetaceae	Streptomyces	Streptomyces decoyicus	Streptomyces decoyicus NPDC057061
NPDC057062	Bacteria	Actinomycetota	Actinomycetia	Streptomycetales	Streptomycetaceae	Streptomyces	Streptomyces sp001507435	Streptomyces sp. NPDC057062
NPDC057064	Bacteria	Actinomycetota	Actinomycetia	Streptomycetales	Streptomycetaceae	Streptomyces	Streptomyces sp.	Streptomyces sp. NPDC057064
NPDC057066	Bacteria	Actinomycetota	Actinomycetia	Streptomycetales	Streptomycetaceae	Streptomyces	Streptomyces harbinensis	Streptomyces harbinensis NPDC057066
NPDC057067	Bacteria	Actinomycetota	Actinomycetia	Streptomycetales	Streptomycetaceae	Streptomyces	Streptomyces silvae	Streptomyces sp. NPDC057067
NPDC057068	Bacteria	Actinomycetota	Actinomycetia	Streptomycetales	Streptomycetaceae	Streptomyces	Streptomyces rochei	Streptomyces rochei NPDC057068
NPDC057072	Bacteria	Actinomycetota	Actinomycetia	Streptomycetales	Streptomycetaceae	Streptomyces	Streptomyces sp001507435	Streptomyces sp. NPDC057072
NPDC057074	Bacteria	Actinomycetota	Actinomycetia	Streptomycetales	Streptomycetaceae	Streptomyces	Streptomyces sp003947455	Streptomyces sp. NPDC057074
NPDC057076	Bacteria	Actinomycetota	Actinomycetia	Streptomycetales	Streptomycetaceae	Streptomyces	Streptomyces anthocyanicus	Streptomyces anthocyanicus NPDC057076
NPDC057077	Bacteria	Actinomycetota	Actinomycetia	Streptomycetales	Streptomycetaceae	Streptomyces	Streptomyces bauhiniae	Streptomyces bauhiniae NPDC057077
NPDC057078	Bacteria	Actinomycetota	Actinomycetia	Streptomycetales	Streptomycetaceae	Streptomyces	Streptomyces rochei	Streptomyces rochei NPDC057078
NPDC057079	Bacteria	Actinomycetota	Actinomycetia	Streptomycetales	Streptomycetaceae	Streptomyces	Streptomyces harbinensis	Streptomyces harbinensis NPDC057079
NPDC057080	Bacteria	Actinomycetota	Actinomycetia	Streptomycetales	Streptomycetaceae	Streptomyces	Streptomyces antimycoticus	Streptomyces antimycoticus NPDC057080
NPDC057084	Bacteria	Actinomycetota	Actinomycetia	Streptomycetales	Streptomycetaceae	Streptomyces	Streptomyces rochei	Streptomyces rochei NPDC057084
NPDC057085	Bacteria	Actinomycetota	Actinomycetia	Streptomycetales	Streptomycetaceae	Streptomyces	Streptomyces hygroscopicus	Streptomyces hygroscopicus NPDC057085
NPDC057087	Bacteria	Actinomycetota	Actinomycetia	Streptomycetales	Streptomycetaceae	Streptomyces	Streptomyces cyaneofuscatus	Streptomyces cyaneofuscatus NPDC057087
NPDC057089	Bacteria	Actinomycetota	Actinomycetia	Streptomycetales	Streptomycetaceae	Streptomyces	Streptomyces fungicidicus	Streptomyces fungicidicus NPDC057089
NPDC057090	Bacteria	Actinomycetota	Actinomycetia	Streptomycetales	Streptomycetaceae	Streptomyces	Streptomyces globisporus_A	Streptomyces globisporus NPDC057090
NPDC057094	Bacteria	Actinomycetota	Actinomycetia	Streptomycetales	Streptomycetaceae	Streptomyces	Streptomyces sp002078175	Streptomyces sp. NPDC057094
NPDC057099	Bacteria	Actinomycetota	Actinomycetia	Streptomycetales	Streptomycetaceae	Streptomyces	Streptomyces sp018604545	Streptomyces sp. NPDC057099
NPDC057103	Bacteria	Actinomycetota	Actinomycetia	Streptomycetales	Streptomycetaceae	Streptomyces	Streptomyces bacillaris	Streptomyces bacillaris NPDC057103
NPDC057104	Bacteria	Actinomycetota	Actinomycetia	Streptomycetales	Streptomycetaceae	Streptomyces	Streptomyces griseoincarnatus	Streptomyces griseoincarnatus NPDC057104
NPDC057106	Bacteria	Actinomycetota	Actinomycetia	Streptomycetales	Streptomycetaceae	Streptomyces	Streptomyces microflavus	Streptomyces microflavus NPDC057106
NPDC057107	Bacteria	Actinomycetota	Actinomycetia	Streptomycetales	Streptomycetaceae	Streptomyces	Streptomyces sp003116725	Streptomyces sp. NPDC057107
NPDC057108	Bacteria	Actinomycetota	Actinomycetia	Streptomycetales	Streptomycetaceae	Streptomyces	Streptomyces griseoincarnatus	Streptomyces griseoincarnatus NPDC057108
NPDC057109	Bacteria	Actinomycetota	Actinomycetia	Streptomycetales	Streptomycetaceae	Streptomyces	Streptomyces rochei	Streptomyces rochei NPDC057109
NPDC057111	Bacteria	Actinomycetota	Actinomycetia	Streptomycetales	Streptomycetaceae	Streptomyces	Streptomyces griseoincarnatus	Streptomyces griseoincarnatus NPDC057111
NPDC057112	Bacteria	Actinomycetota	Actinomycetia	Streptomycetales	Streptomycetaceae	Streptomyces	Streptomyces papulosus	Kitasatospora papulosa NPDC057112
NPDC057115	Bacteria	Actinomycetota	Actinomycetia	Streptomycetales	Streptomycetaceae	Streptomyces	Streptomyces sp010548465	Streptomyces sp. NPDC057115
NPDC057117	Bacteria	Actinomycetota	Actinomycetia	Streptomycetales	Streptomycetaceae	Streptomyces	Streptomyces sp001509795	Streptomyces sp. NPDC057117
NPDC057119	Bacteria	Actinomycetota	Actinomycetia	Streptomycetales	Streptomycetaceae	Streptomyces	Streptomyces papulosus	Kitasatospora papulosa NPDC057119
NPDC057120	Bacteria	Actinomycetota	Actinomycetia	Streptomycetales	Streptomycetaceae	Streptomyces	Streptomyces albidoflavus	Streptomyces albidoflavus NPDC057120
NPDC057123	Bacteria	Actinomycetota	Actinomycetia	Streptomycetales	Streptomycetaceae	Streptomyces	Streptomyces sp001905905	Streptomyces sp. NPDC057123
NPDC057124	Bacteria	Actinomycetota	Actinomycetia	Streptomycetales	Streptomycetaceae	Streptomyces	Streptomyces sp001905385	Streptomyces sp. NPDC057124
NPDC057125	Bacteria	Actinomycetota	Actinomycetia	Streptomycetales	Streptomycetaceae	Streptomyces	Streptomyces chilikensis	Streptomyces chilikensis NPDC057125
NPDC057126	Bacteria	Actinomycetota	Actinomycetia	Streptomycetales	Streptomycetaceae	Streptomyces	Streptomyces bikiniensis	Streptomyces bikiniensis NPDC057126
NPDC057133	Bacteria	Actinomycetota	Actinomycetia	Streptomycetales	Streptomycetaceae	Streptomyces	Streptomyces albidoflavus	Streptomyces albidoflavus NPDC057133
NPDC057134	Bacteria	Actinomycetota	Actinomycetia	Streptomycetales	Streptomycetaceae	Streptomyces	Streptomyces albidoflavus	Streptomyces albidoflavus NPDC057134
NPDC057136	Bacteria	Actinomycetota	Actinomycetia	Streptomycetales	Streptomycetaceae	Streptomyces	Streptomyces sp.	Streptomyces sp. NPDC057136
NPDC057137	Bacteria	Actinomycetota	Actinomycetia	Streptomycetales	Streptomycetaceae	Streptomyces	Streptomyces sp.	Streptomyces sp. NPDC057137
NPDC057139	Bacteria	Actinomycetota	Actinomycetia	Streptomycetales	Streptomycetaceae	Streptomyces	Streptomyces bikiniensis	Streptomyces cinereoruber NPDC057139
NPDC057142	Bacteria	Actinomycetota	Actinomycetia	Streptomycetales	Streptomycetaceae	Streptomyces	Streptomyces sp001905725	Streptomyces sp. NPDC057142
NPDC057145	Bacteria	Actinomycetota	Actinomycetia	Streptomycetales	Streptomycetaceae	Streptomyces	Streptomyces anthocyanicus	Streptomyces anthocyanicus NPDC057145
NPDC057146	Bacteria	Actinomycetota	Actinomycetia	Streptomycetales	Streptomycetaceae	Streptomyces	Streptomyces olivaceus	Streptomyces olivaceus NPDC057146
NPDC057147	Bacteria	Actinomycetota	Actinomycetia	Streptomycetales	Streptomycetaceae	Streptomyces	Streptomyces papulosus	Kitasatospora papulosa NPDC057147
NPDC057149	Bacteria	Actinomycetota	Actinomycetia	Streptomycetales	Streptomycetaceae	Streptomyces	Streptomyces rochei	Streptomyces rochei NPDC057149
NPDC057150	Bacteria	Actinomycetota	Actinomycetia	Streptomycetales	Streptomycetaceae	Streptomyces	Streptomyces bikiniensis	Streptomyces cinereoruber NPDC057150
NPDC057151	Bacteria	Actinomycetota	Actinomycetia	Streptomycetales	Streptomycetaceae	Streptomyces	Streptomyces bikiniensis	Streptomyces cinereoruber NPDC057151
NPDC057152	Bacteria	Actinomycetota	Actinomycetia	Streptomycetales	Streptomycetaceae	Streptomyces	Streptomyces sp001905385	Streptomyces sp. NPDC057152
NPDC057154	Bacteria	Actinomycetota	Actinomycetia	Streptomycetales	Streptomycetaceae	Streptomyces	Streptomyces bikiniensis	Streptomyces cinereoruber NPDC057154
NPDC057155	Bacteria	Actinomycetota	Actinomycetia	Streptomycetales	Streptomycetaceae	Streptomyces	Streptomyces nigra	Streptomyces nigra NPDC057155
NPDC057157	Bacteria	Actinomycetota	Actinomycetia	Streptomycetales	Streptomycetaceae	Streptomyces	Streptomyces griseoincarnatus	Streptomyces griseoincarnatus NPDC057157
NPDC057159	Bacteria	Actinomycetota	Actinomycetia	Streptomycetales	Streptomycetaceae	Streptomyces	Streptomyces papulosus	Streptomyces papulosus NPDC057159
NPDC057160	Bacteria	Actinomycetota	Actinomycetia	Streptomycetales	Streptomycetaceae	Streptomyces	Streptomyces griseoincarnatus	Streptomyces griseoincarnatus NPDC057160
NPDC057161	Bacteria	Actinomycetota	Actinomycetia	Streptomycetales	Streptomycetaceae	Streptomyces	Streptomyces parvus	Streptomyces parvus NPDC057161
NPDC057171	Bacteria	Actinomycetota	Actinomycetia	Streptomycetales	Streptomycetaceae	Streptomyces	Streptomyces pilosus	Streptomyces pilosus NPDC057171
NPDC057172	Bacteria	Actinomycetota	Actinomycetia	Streptomycetales	Streptomycetaceae	Streptomyces	Streptomyces griseorubiginosus	Streptomyces griseorubiginosus NPDC057172
NPDC057174	Bacteria	Actinomycetota	Actinomycetia	Streptomycetales	Streptomycetaceae	Streptomyces	Streptomyces ardesiacus	Streptomyces ardesiacus NPDC057174
NPDC057176	Bacteria	Actinomycetota	Actinomycetia	Streptomycetales	Streptomycetaceae	Streptomyces	Streptomyces sp000772045	Streptomyces sp. NPDC057176
NPDC057178	Bacteria	Actinomycetota	Actinomycetia	Streptomycetales	Streptomycetaceae	Streptomyces	Streptomyces sp.	Streptomyces sp. NPDC057178
NPDC057182	Bacteria	Actinomycetota	Actinomycetia	Streptomycetales	Streptomycetaceae	Streptomyces	Streptomyces sp.	Streptomyces sp. NPDC057182
NPDC057184	Bacteria	Actinomycetota	Actinomycetia	Streptomycetales	Streptomycetaceae	Streptomyces	Streptomyces papulosus	Kitasatospora papulosa NPDC057184
NPDC057185	Bacteria	Actinomycetota	Actinomycetia	Streptomycetales	Streptomycetaceae	Streptomyces	Streptomyces papulosus	Streptomyces papulosus NPDC057185
NPDC057188	Bacteria	Actinomycetota	Actinomycetia	Streptomycetales	Streptomycetaceae	Streptomyces	Streptomyces papulosus	Streptomyces papulosus NPDC057188
NPDC057193	Bacteria	Actinomycetota	Actinomycetia	Streptomycetales	Streptomycetaceae	Streptomyces	Streptomyces sp001905665	Streptomyces sp. NPDC057193
NPDC057194	Bacteria	Actinomycetota	Actinomycetia	Streptomycetales	Streptomycetaceae	Streptomyces	Streptomyces sp001905735	Streptomyces sp. NPDC057194
NPDC057196	Bacteria	Actinomycetota	Actinomycetia	Streptomycetales	Streptomycetaceae	Streptomyces	Streptomyces bacillaris	Streptomyces bacillaris NPDC057196
NPDC057198	Bacteria	Actinomycetota	Actinomycetia	Streptomycetales	Streptomycetaceae	Kitasatospora	Kitasatospora sp.	Kitasatospora sp. NPDC057198
NPDC057199	Bacteria	Actinomycetota	Actinomycetia	Streptomycetales	Streptomycetaceae	Streptomyces	Streptomyces liliifuscus	Streptomyces sp. NPDC057199
NPDC057200	Bacteria	Actinomycetota	Actinomycetia	Streptomycetales	Streptomycetaceae	Streptomyces	Streptomyces anulatus	Streptomyces anulatus NPDC057200
NPDC057204	Bacteria	Actinomycetota	Actinomycetia	Streptomycetales	Streptomycetaceae	Streptomyces	Streptomyces sp001905385	Streptomyces sp. NPDC057204
NPDC057206	Bacteria	Actinomycetota	Actinomycetia	Streptomycetales	Streptomycetaceae	Streptomyces	Streptomyces atroolivaceus	Streptomyces atroolivaceus NPDC057206
NPDC057208	Bacteria	Actinomycetota	Actinomycetia	Streptomycetales	Streptomycetaceae	Streptomyces	Streptomyces anulatus	Streptomyces anulatus NPDC057208
NPDC057209	Bacteria	Actinomycetota	Actinomycetia	Streptomycetales	Streptomycetaceae	Streptomyces	Streptomyces sp.	Streptomyces sp. NPDC057209
NPDC057210	Bacteria	Actinomycetota	Actinomycetia	Streptomycetales	Streptomycetaceae	Streptomyces	Streptomyces sp019090165	Streptomyces sp. NPDC057210
NPDC057211	Bacteria	Actinomycetota	Actinomycetia	Streptomycetales	Streptomycetaceae	Streptomyces	Streptomyces olivaceus	Streptomyces olivaceus NPDC057211
NPDC057212	Bacteria	Actinomycetota	Actinomycetia	Streptomycetales	Streptomycetaceae	Streptomyces	Streptomyces sp001905385	Streptomyces sp. NPDC057212
NPDC057213	Bacteria	Actinomycetota	Actinomycetia	Streptomycetales	Streptomycetaceae	Streptomyces	Streptomyces sp.	Streptomyces sp. NPDC057213
NPDC057214	Bacteria	Actinomycetota	Actinomycetia	Streptomycetales	Streptomycetaceae	Streptomyces	Streptomyces olivaceus	Streptomyces olivaceus NPDC057214
NPDC057215	Bacteria	Actinomycetota	Actinomycetia	Streptomycetales	Streptomycetaceae	Streptomyces	Streptomyces olivaceus	Streptomyces olivaceus NPDC057215
NPDC057216	Bacteria	Actinomycetota	Actinomycetia	Streptomycetales	Streptomycetaceae	Streptomyces	Streptomyces olivaceus	Streptomyces olivaceus NPDC057216
NPDC057217	Bacteria	Actinomycetota	Actinomycetia	Streptomycetales	Streptomycetaceae	Streptomyces	Streptomyces sp001280125	Streptomyces sp. NPDC057217
NPDC057218	Bacteria	Actinomycetota	Actinomycetia	Streptomycetales	Streptomycetaceae	Streptomyces	Streptomyces sp001905365	Streptomyces sp. NPDC057218
NPDC057223	Bacteria	Actinomycetota	Actinomycetia	Streptomycetales	Streptomycetaceae	Kitasatospora	Kitasatospora sp.	Kitasatospora sp. NPDC057223
NPDC057224	Bacteria	Actinomycetota	Actinomycetia	Streptomycetales	Streptomycetaceae	Streptomyces	Streptomyces olivaceus	Streptomyces olivaceus NPDC057224
NPDC057228	Bacteria	Actinomycetota	Actinomycetia	Streptomycetales	Streptomycetaceae	Streptomyces	Streptomyces olivaceus	Streptomyces olivaceus NPDC057228
NPDC057232	Bacteria	Actinomycetota	Actinomycetia	Streptomycetales	Streptomycetaceae	Streptomyces	Streptomyces griseoincarnatus	Streptomyces griseoincarnatus NPDC057232
NPDC057233	Bacteria	Actinomycetota	Actinomycetia	Streptomycetales	Streptomycetaceae	Streptomyces	Streptomyces olivaceus	Streptomyces olivaceus NPDC057233
NPDC057235	Bacteria	Actinomycetota	Actinomycetia	Streptomycetales	Streptomycetaceae	Streptomyces	Streptomyces sp.	Streptomyces sp. NPDC057235
NPDC057236	Bacteria	Actinomycetota	Actinomycetia	Streptomycetales	Streptomycetaceae	Streptomyces	Streptomyces sp002114215	Streptomyces sp. NPDC057236
NPDC057238	Bacteria	Actinomycetota	Actinomycetia	Streptomycetales	Streptomycetaceae	Streptomyces	Streptomyces sp001905725	Streptomyces sp. NPDC057238
NPDC057239	Bacteria	Actinomycetota	Actinomycetia	Streptomycetales	Streptomycetaceae	Streptomyces	Streptomyces sp001905725	Streptomyces sp. NPDC057239
NPDC057241	Bacteria	Actinomycetota	Actinomycetia	Streptomycetales	Streptomycetaceae	Streptomyces	Streptomyces sp.	Streptomyces sp. NPDC057241
NPDC057242	Bacteria	Actinomycetota	Actinomycetia	Streptomycetales	Streptomycetaceae	Streptomyces	Streptomyces sp.	Streptomyces sp. NPDC057242
NPDC057244	Bacteria	Actinomycetota	Actinomycetia	Streptomycetales	Streptomycetaceae	Streptomyces	Streptomyces sp.	Streptomyces sp. NPDC057244
NPDC057245	Bacteria	Actinomycetota	Actinomycetia	Streptomycetales	Streptomycetaceae	Streptomyces	Streptomyces sp018982965	Streptomyces sp. NPDC057245
NPDC057247	Bacteria	Actinomycetota	Actinomycetia	Streptomycetales	Streptomycetaceae	Streptomyces	Streptomyces griseoincarnatus	Streptomyces griseoincarnatus NPDC057247
NPDC057250	Bacteria	Actinomycetota	Actinomycetia	Streptomycetales	Streptomycetaceae	Streptomyces	Streptomyces sp.	Streptomyces sp. NPDC057250
NPDC057251	Bacteria	Actinomycetota	Actinomycetia	Streptomycetales	Streptomycetaceae	Streptomyces	Streptomyces olivaceus	Streptomyces olivaceus NPDC057251
NPDC057253	Bacteria	Actinomycetota	Actinomycetia	Streptomycetales	Streptomycetaceae	Streptomyces	Streptomyces sp.	Streptomyces sp. NPDC057253
NPDC057254	Bacteria	Actinomycetota	Actinomycetia	Streptomycetales	Streptomycetaceae	Streptomyces	Streptomyces sp.	Streptomyces sp. NPDC057254
NPDC057255	Bacteria	Actinomycetota	Actinomycetia	Streptomycetales	Streptomycetaceae	Streptomyces	Streptomyces nodosus	Streptomyces nodosus NPDC057255
NPDC057256	Bacteria	Actinomycetota	Actinomycetia	Streptomycetales	Streptomycetaceae	Streptomyces	Streptomyces griseorubiginosus	Streptomyces griseorubiginosus NPDC057256
NPDC057257	Bacteria	Actinomycetota	Actinomycetia	Streptomycetales	Streptomycetaceae	Streptomyces	Streptomyces sp022698165	Streptomyces sp. NPDC057257
NPDC057263	Bacteria	Actinomycetota	Actinomycetia	Streptomycetales	Streptomycetaceae	Streptomyces	Streptomyces olivaceus	Streptomyces olivaceus NPDC057263
NPDC057264	Bacteria	Actinomycetota	Actinomycetia	Streptomycetales	Streptomycetaceae	Streptomyces	Streptomyces cyaneofuscatus	Streptomyces cyaneofuscatus NPDC057264
NPDC057266	Bacteria	Actinomycetota	Actinomycetia	Streptomycetales	Streptomycetaceae	Streptomyces	Streptomyces sp.	Streptomyces sp. NPDC057266
NPDC057269	Bacteria	Actinomycetota	Actinomycetia	Streptomycetales	Streptomycetaceae	Streptomyces	Streptomyces rubiginosohelvolus	Streptomyces rubiginosohelvolus NPDC057269
NPDC057270	Bacteria	Actinomycetota	Actinomycetia	Streptomycetales	Streptomycetaceae	Streptomyces	Streptomyces cyaneofuscatus	Streptomyces cyaneofuscatus NPDC057270
NPDC057273	Bacteria	Actinomycetota	Actinomycetia	Streptomycetales	Streptomycetaceae	Streptomyces	Streptomyces sp.	Streptomyces sp. NPDC057273
NPDC057274	Bacteria	Actinomycetota	Actinomycetia	Streptomycetales	Streptomycetaceae	Streptomyces	Streptomyces coelicoflavus	Streptomyces coelicoflavus NPDC057274
NPDC057275	Bacteria	Actinomycetota	Actinomycetia	Streptomycetales	Streptomycetaceae	Streptomyces	Streptomyces pilosus	Streptomyces pilosus NPDC057275
NPDC057277	Bacteria	Actinomycetota	Actinomycetia	Streptomycetales	Streptomycetaceae	Streptomyces	Streptomyces bikiniensis	Streptomyces cinereoruber NPDC057277
NPDC057281	Bacteria	Actinomycetota	Actinomycetia	Streptomycetales	Streptomycetaceae	Streptomyces	Streptomyces sp003947455	Streptomyces sp. NPDC057281
NPDC057284	Bacteria	Actinomycetota	Actinomycetia	Streptomycetales	Streptomycetaceae	Streptomyces	Streptomyces sp.	Streptomyces sp. NPDC057284
NPDC057285	Bacteria	Actinomycetota	Actinomycetia	Streptomycetales	Streptomycetaceae	Streptomyces	Streptomyces sp001279725	Streptomyces sp. NPDC057285
NPDC057286	Bacteria	Actinomycetota	Actinomycetia	Streptomycetales	Streptomycetaceae	Streptomyces	Streptomyces sp003947455	Streptomyces sp. NPDC057286
NPDC057287	Bacteria	Actinomycetota	Actinomycetia	Streptomycetales	Streptomycetaceae	Streptomyces	Streptomyces sp.	Streptomyces sp. NPDC057287
NPDC057290	Bacteria	Actinomycetota	Actinomycetia	Streptomycetales	Streptomycetaceae	Streptomyces	Streptomyces paradoxus	Streptomyces paradoxus NPDC057290
NPDC057291	Bacteria	Actinomycetota	Actinomycetia	Streptomycetales	Streptomycetaceae	Streptomyces	Streptomyces sp.	Streptomyces sp. NPDC057291
NPDC057293	Bacteria	Actinomycetota	Actinomycetia	Streptomycetales	Streptomycetaceae	Streptomyces	Streptomyces sp003947455	Streptomyces sp. NPDC057293
NPDC057296	Bacteria	Actinomycetota	Actinomycetia	Streptomycetales	Streptomycetaceae	Streptomyces	Streptomyces sp003947455	Streptomyces sp. NPDC057296
NPDC057299	Bacteria	Actinomycetota	Actinomycetia	Streptomycetales	Streptomycetaceae	Streptomyces	Streptomyces sp003947455	Streptomyces sp. NPDC057299
NPDC057302	Bacteria	Actinomycetota	Actinomycetia	Streptomycetales	Streptomycetaceae	Streptomyces	Streptomyces sp.	Streptomyces sp. NPDC057302
NPDC057305	Bacteria	Actinomycetota	Actinomycetia	Streptomycetales	Streptomycetaceae	Streptomyces	Streptomyces sp003947455	Streptomyces sp. NPDC057305
NPDC057307	Bacteria	Actinomycetota	Actinomycetia	Streptomycetales	Streptomycetaceae	Streptomyces	Streptomyces sp.	Streptomyces sp. NPDC057307
NPDC057315	Bacteria	Actinomycetota	Actinomycetia	Streptomycetales	Streptomycetaceae	Streptomyces	Streptomyces sp003947455	Streptomyces sp. NPDC057315
NPDC057318	Bacteria	Actinomycetota	Actinomycetia	Streptomycetales	Streptomycetaceae	Streptomyces	Streptomyces papulosus	Streptomyces papulosus NPDC057318
NPDC057319	Bacteria	Actinomycetota	Actinomycetia	Streptomycetales	Streptomycetaceae	Streptomyces	Streptomyces sp003947455	Streptomyces sp. NPDC057319
NPDC057320	Bacteria	Actinomycetota	Actinomycetia	Streptomycetales	Streptomycetaceae	Streptomyces	Streptomyces bikiniensis	Streptomyces bikiniensis NPDC057320
NPDC057321	Bacteria	Actinomycetota	Actinomycetia	Streptomycetales	Streptomycetaceae	Streptomyces	Streptomyces bikiniensis	Streptomyces cinereoruber NPDC057321
NPDC057323	Bacteria	Actinomycetota	Actinomycetia	Streptomycetales	Streptomycetaceae	Streptomyces	Streptomyces papulosus	Kitasatospora papulosa NPDC057323
NPDC057325	Bacteria	Actinomycetota	Actinomycetia	Streptomycetales	Streptomycetaceae	Streptomyces	Streptomyces sp.	Streptomyces sp. NPDC057325
NPDC057327	Bacteria	Actinomycetota	Actinomycetia	Streptomycetales	Streptomycetaceae	Streptomyces	Streptomyces parvus	Streptomyces parvus NPDC057327
NPDC057329	Bacteria	Actinomycetota	Actinomycetia	Streptomycetales	Streptomycetaceae	Streptomyces	Streptomyces bikiniensis	Streptomyces cinereoruber NPDC057329
NPDC057330	Bacteria	Actinomycetota	Actinomycetia	Streptomycetales	Streptomycetaceae	Streptomyces	Streptomyces bikiniensis	Streptomyces cinereoruber NPDC057330
NPDC057334	Bacteria	Actinomycetota	Actinomycetia	Streptomycetales	Streptomycetaceae	Streptomyces	Streptomyces bikiniensis	Streptomyces cinereoruber NPDC057334
NPDC057335	Bacteria	Actinomycetota	Actinomycetia	Streptomycetales	Streptomycetaceae	Streptomyces	Streptomyces sp001280125	Streptomyces sp. NPDC057335
NPDC057336	Bacteria	Actinomycetota	Actinomycetia	Streptomycetales	Streptomycetaceae	Streptomyces	Streptomyces sp001905385	Streptomyces sp. NPDC057336
NPDC057337	Bacteria	Actinomycetota	Actinomycetia	Streptomycetales	Streptomycetaceae	Streptomyces	Streptomyces olivaceus	Streptomyces olivaceus NPDC057337
NPDC057340	Bacteria	Actinomycetota	Actinomycetia	Streptomycetales	Streptomycetaceae	Streptomyces	Streptomyces hyderabadensis	Streptomyces sp. NPDC057340
NPDC057341	Bacteria	Actinomycetota	Actinomycetia	Streptomycetales	Streptomycetaceae	Streptomyces	Streptomyces pilosus	Streptomyces pilosus NPDC057341
NPDC057343	Bacteria	Actinomycetota	Actinomycetia	Streptomycetales	Streptomycetaceae	Streptomyces	Streptomyces rochei	Streptomyces rochei NPDC057343
NPDC057346	Bacteria	Actinomycetota	Actinomycetia	Streptomycetales	Streptomycetaceae	Streptomyces	Streptomyces papulosus	Kitasatospora papulosa NPDC057346
NPDC057348	Bacteria	Actinomycetota	Actinomycetia	Streptomycetales	Streptomycetaceae	Streptomyces	Streptomyces papulosus	Streptomyces papulosus NPDC057348
NPDC057356	Bacteria	Actinomycetota	Actinomycetia	Streptomycetales	Streptomycetaceae	Streptomyces	Streptomyces bikiniensis	Streptomyces bikiniensis NPDC057356
NPDC057362	Bacteria	Actinomycetota	Actinomycetia	Streptomycetales	Streptomycetaceae	Streptomyces	Streptomyces sp000772045	Streptomyces sp. NPDC057362
NPDC057363	Bacteria	Actinomycetota	Actinomycetia	Streptomycetales	Streptomycetaceae	Streptomyces	Streptomyces sp.	Streptomyces sp. NPDC057363
NPDC057365	Bacteria	Actinomycetota	Actinomycetia	Streptomycetales	Streptomycetaceae	Streptomyces	Streptomyces griseoincarnatus	Streptomyces griseoincarnatus NPDC057365
NPDC057366	Bacteria	Actinomycetota	Actinomycetia	Streptomycetales	Streptomycetaceae	Streptomyces	Streptomyces olivaceus	Streptomyces olivaceus NPDC057366
NPDC057367	Bacteria	Actinomycetota	Actinomycetia	Streptomycetales	Streptomycetaceae	Streptomyces	Streptomyces sp001905385	Streptomyces sp. NPDC057367
NPDC057370	Bacteria	Actinomycetota	Actinomycetia	Streptomycetales	Streptomycetaceae	Streptomyces	Streptomyces papulosus	Kitasatospora papulosa NPDC057370
NPDC057371	Bacteria	Actinomycetota	Actinomycetia	Streptomycetales	Streptomycetaceae	Streptomyces	Streptomyces bikiniensis	Streptomyces cinereoruber NPDC057371
NPDC057376	Bacteria	Actinomycetota	Actinomycetia	Streptomycetales	Streptomycetaceae	Streptomyces	Streptomyces sp001905385	Streptomyces sp. NPDC057376
NPDC057377	Bacteria	Actinomycetota	Actinomycetia	Streptomycetales	Streptomycetaceae	Streptomyces	Streptomyces olivaceus	Streptomyces olivaceus NPDC057377
NPDC057378	Bacteria	Actinomycetota	Actinomycetia	Streptomycetales	Streptomycetaceae	Streptomyces	Streptomyces bikiniensis	Streptomyces cinereoruber NPDC057378
NPDC057379	Bacteria	Actinomycetota	Actinomycetia	Streptomycetales	Streptomycetaceae	Streptomyces	Streptomyces bikiniensis	Streptomyces cinereoruber NPDC057379
NPDC057381	Bacteria	Actinomycetota	Actinomycetia	Streptomycetales	Streptomycetaceae	Streptomyces	Streptomyces sp001905385	Streptomyces sp. NPDC057381
NPDC057382	Bacteria	Actinomycetota	Actinomycetia	Streptomycetales	Streptomycetaceae	Streptomyces	Streptomyces sp.	Streptomyces sp. NPDC057382
NPDC057384	Bacteria	Actinomycetota	Actinomycetia	Streptomycetales	Streptomycetaceae	Streptomyces	Streptomyces murinus	Streptomyces murinus NPDC057384
NPDC057385	Bacteria	Actinomycetota	Actinomycetia	Streptomycetales	Streptomycetaceae	Streptomyces	Streptomyces sp023072675	Streptomyces sp. NPDC057385
NPDC057386	Bacteria	Actinomycetota	Actinomycetia	Streptomycetales	Streptomycetaceae	Streptomyces	Streptomyces sp023072675	Streptomyces sp. NPDC057386
NPDC057387	Bacteria	Actinomycetota	Actinomycetia	Streptomycetales	Streptomycetaceae	Streptomyces	Streptomyces sp000772045	Streptomyces sp. NPDC057387
NPDC057392	Bacteria	Actinomycetota	Actinomycetia	Streptomycetales	Streptomycetaceae	Streptomyces	Streptomyces nigra	Streptomyces nigra NPDC057392
NPDC057398	Bacteria	Actinomycetota	Actinomycetia	Streptomycetales	Streptomycetaceae	Streptomyces	Streptomyces sp.	Streptomyces sp. NPDC057398
NPDC057399	Bacteria	Actinomycetota	Actinomycetia	Streptomycetales	Streptomycetaceae	Streptomyces	Streptomyces cellulosae	Streptomyces cellulosae NPDC057399
NPDC057402	Bacteria	Actinomycetota	Actinomycetia	Streptomycetales	Streptomycetaceae	Streptomyces	Streptomyces cellulosae	Streptomyces cellulosae NPDC057402
NPDC057403	Bacteria	Actinomycetota	Actinomycetia	Streptomycetales	Streptomycetaceae	Streptomyces	Streptomyces panaciradicis	Streptomyces sp. NPDC057403
NPDC057409	Bacteria	Actinomycetota	Actinomycetia	Streptomycetales	Streptomycetaceae	Streptomyces	Streptomyces sp.	Streptomyces sp. NPDC057409
NPDC057411	Bacteria	Actinomycetota	Actinomycetia	Streptomycetales	Streptomycetaceae	Streptomyces	Streptomyces sp.	Streptomyces sp. NPDC057411
NPDC057412	Bacteria	Actinomycetota	Actinomycetia	Streptomycetales	Streptomycetaceae	Streptomyces	Streptomyces sp008973465	Streptomyces sp. NPDC057412
NPDC057414	Bacteria	Actinomycetota	Actinomycetia	Streptomycetales	Streptomycetaceae	Streptomyces	Streptomyces antibioticus_B	Streptomyces antibioticus NPDC057414
NPDC057415	Bacteria	Actinomycetota	Actinomycetia	Streptomycetales	Streptomycetaceae	Streptomyces	Streptomyces shenzhenensis_A	Streptomyces shenzhenensis NPDC057415
NPDC057416	Bacteria	Actinomycetota	Actinomycetia	Streptomycetales	Streptomycetaceae	Streptomyces	Streptomyces shenzhenensis_A	Streptomyces shenzhenensis NPDC057416
NPDC057417	Bacteria	Actinomycetota	Actinomycetia	Streptomycetales	Streptomycetaceae	Streptomyces	Streptomyces sp.	Streptomyces sp. NPDC057417
NPDC057418	Bacteria	Actinomycetota	Actinomycetia	Streptomycetales	Streptomycetaceae	Streptomyces	Streptomyces sp.	Streptomyces sp. NPDC057418
NPDC057424	Bacteria	Actinomycetota	Actinomycetia	Streptomycetales	Streptomycetaceae	Streptomyces	Streptomyces sp.	Streptomyces sp. NPDC057424
NPDC057425	Bacteria	Actinomycetota	Actinomycetia	Streptomycetales	Streptomycetaceae	Streptomyces	Streptomyces griseoincarnatus	Streptomyces griseoincarnatus NPDC057425
NPDC057426	Bacteria	Actinomycetota	Actinomycetia	Streptomycetales	Streptomycetaceae	Streptomyces	Streptomyces sp.	Streptomyces sp. NPDC057426
NPDC057428	Bacteria	Actinomycetota	Actinomycetia	Streptomycetales	Streptomycetaceae	Streptomyces	Streptomyces sp.	Streptomyces sp. NPDC057428
NPDC057429	Bacteria	Actinomycetota	Actinomycetia	Streptomycetales	Streptomycetaceae	Streptomyces	Streptomyces sp.	Streptomyces sp. NPDC057429
NPDC057430	Bacteria	Actinomycetota	Actinomycetia	Streptomycetales	Streptomycetaceae	Streptomyces	Streptomyces sp.	Streptomyces sp. NPDC057430
NPDC057431	Bacteria	Actinomycetota	Actinomycetia	Streptomycetales	Streptomycetaceae	Streptomyces	Streptomyces albidoflavus	Streptomyces albidoflavus NPDC057431
NPDC057432	Bacteria	Actinomycetota	Actinomycetia	Streptomycetales	Streptomycetaceae	Streptomyces	Streptomyces albidoflavus	Streptomyces albidoflavus NPDC057432
NPDC057433	Bacteria	Actinomycetota	Actinomycetia	Streptomycetales	Streptomycetaceae	Streptomyces	Streptomyces sp000829695	Streptomyces sp. NPDC057433
NPDC057435	Bacteria	Actinomycetota	Actinomycetia	Streptomycetales	Streptomycetaceae	Streptomyces	Streptomyces libani	Streptomyces libani NPDC057435
NPDC057436	Bacteria	Actinomycetota	Actinomycetia	Streptomycetales	Streptomycetaceae	Streptomyces	Streptomyces anthocyanicus	Streptomyces anthocyanicus NPDC057436
NPDC057437	Bacteria	Actinomycetota	Actinomycetia	Streptomycetales	Streptomycetaceae	Streptomyces	Streptomyces libani	Streptomyces libani NPDC057437
NPDC057438	Bacteria	Actinomycetota	Actinomycetia	Streptomycetales	Streptomycetaceae	Streptomyces	Streptomyces sp.	Streptomyces sp. NPDC057438
NPDC057439	Bacteria	Actinomycetota	Actinomycetia	Streptomycetales	Streptomycetaceae	Streptomyces	Streptomyces bacillaris	Streptomyces bacillaris NPDC057439
NPDC057448	Bacteria	Actinomycetota	Actinomycetia	Streptomycetales	Streptomycetaceae	Streptomyces	Streptomyces niveus	Streptomyces niveus NPDC057448
NPDC057456	Bacteria	Actinomycetota	Actinomycetia	Streptomycetales	Streptomycetaceae	Streptomyces	Streptomyces sp.	Streptomyces sp. NPDC057456
NPDC057463	Bacteria	Actinomycetota	Actinomycetia	Streptomycetales	Streptomycetaceae	Streptomyces	Streptomyces bottropensis	Streptomyces bottropensis NPDC057463
NPDC057468	Bacteria	Actinomycetota	Actinomycetia	Streptomycetales	Streptomycetaceae	Streptomyces	Streptomyces anulatus	Streptomyces anulatus NPDC057468
NPDC057469	Bacteria	Actinomycetota	Actinomycetia	Streptomycetales	Streptomycetaceae	Streptomyces	Streptomyces phaeoluteigriseus	Streptomyces phaeoluteigriseus NPDC057469
NPDC057470	Bacteria	Actinomycetota	Actinomycetia	Streptomycetales	Streptomycetaceae	Streptomyces	Streptomyces cyaneofuscatus	Streptomyces cyaneofuscatus NPDC057470
NPDC057474	Bacteria	Actinomycetota	Actinomycetia	Streptomycetales	Streptomycetaceae	Streptomyces	Streptomyces sp.	Streptomyces sp. NPDC057474
NPDC057484	Bacteria	Actinomycetota	Actinomycetia	Streptomycetales	Streptomycetaceae	Streptomyces	Streptomyces albidoflavus	Streptomyces albidoflavus NPDC057484
NPDC057485	Bacteria	Actinomycetota	Actinomycetia	Streptomycetales	Streptomycetaceae	Streptomyces	Streptomyces celluloflavus	Streptomyces celluloflavus NPDC057485
NPDC057486	Bacteria	Actinomycetota	Actinomycetia	Streptomycetales	Streptomycetaceae	Streptomyces	Streptomyces sp.	Streptomyces sp. NPDC057486
NPDC057489	Bacteria	Actinomycetota	Actinomycetia	Streptomycetales	Streptomycetaceae	Streptomyces	Streptomyces gardneri	Streptomyces gardneri NPDC057489
NPDC057490	Bacteria	Actinomycetota	Actinomycetia	Streptomycetales	Streptomycetaceae	Streptomyces	Streptomyces bacillaris	Streptomyces rhizosphaericola NPDC057490
NPDC057493	Bacteria	Actinomycetota	Actinomycetia	Streptomycetales	Streptomycetaceae	Streptomyces	Streptomyces platensis	Streptomyces platensis NPDC057493
NPDC057494	Bacteria	Actinomycetota	Actinomycetia	Streptomycetales	Streptomycetaceae	Streptomyces	Streptomyces sp.	Streptomyces sp. NPDC057494
NPDC057495	Bacteria	Actinomycetota	Actinomycetia	Streptomycetales	Streptomycetaceae	Streptomyces	Streptomyces gardneri	Streptomyces gardneri NPDC057495
NPDC057496	Bacteria	Actinomycetota	Actinomycetia	Streptomycetales	Streptomycetaceae	Streptomyces	Streptomyces sp008120935	Streptomyces sp. NPDC057496
NPDC057498	Bacteria	Actinomycetota	Actinomycetia	Streptomycetales	Streptomycetaceae	Streptomyces	Streptomyces celluloflavus	Streptomyces celluloflavus NPDC057498
NPDC057499	Bacteria	Actinomycetota	Actinomycetia	Streptomycetales	Streptomycetaceae	Streptomyces	Streptomyces sp.	Streptomyces sp. NPDC057499
NPDC057509	Bacteria	Actinomycetota	Actinomycetia	Streptomycetales	Streptomycetaceae	Streptomyces	Streptomyces sp000373645	Streptomyces sp. NPDC057509
NPDC057510	Bacteria	Actinomycetota	Actinomycetia	Streptomycetales	Streptomycetaceae	Streptomyces	Streptomyces sp.	Streptomyces sp. NPDC057510
NPDC057512	Bacteria	Actinomycetota	Actinomycetia	Streptomycetales	Streptomycetaceae	Kitasatospora	Kitasatospora sp001905545	Kitasatospora sp. NPDC057512
NPDC057518	Bacteria	Actinomycetota	Actinomycetia	Streptomycetales	Streptomycetaceae	Kitasatospora	Kitasatospora sp001905545	Kitasatospora sp. NPDC057518
NPDC057520	Bacteria	Actinomycetota	Actinomycetia	Streptomycetales	Streptomycetaceae	Streptomyces	Streptomyces albidoflavus	Streptomyces albidoflavus NPDC057520
NPDC057521	Bacteria	Actinomycetota	Actinomycetia	Streptomycetales	Streptomycetaceae	Streptomyces	Streptomyces sp001905735	Streptomyces sp. NPDC057521
NPDC057522	Bacteria	Actinomycetota	Actinomycetia	Streptomycetales	Streptomycetaceae	Streptomyces	Streptomyces celluloflavus	Streptomyces celluloflavus NPDC057522
NPDC057524	Bacteria	Actinomycetota	Actinomycetia	Streptomycetales	Streptomycetaceae	Streptomyces	Streptomyces laurentii	Streptomyces laurentii NPDC057524
NPDC057525	Bacteria	Actinomycetota	Actinomycetia	Streptomycetales	Streptomycetaceae	Streptomyces	Streptomyces sp.	Streptomyces sp. NPDC057525
NPDC057527	Bacteria	Actinomycetota	Actinomycetia	Streptomycetales	Streptomycetaceae	Streptomyces	Streptomyces celluloflavus	Streptomyces celluloflavus NPDC057527
NPDC057528	Bacteria	Actinomycetota	Actinomycetia	Streptomycetales	Streptomycetaceae	Streptomyces	Streptomyces halstedii	Streptomyces halstedii NPDC057528
NPDC057535	Bacteria	Actinomycetota	Actinomycetia	Streptomycetales	Streptomycetaceae	Streptomyces	Streptomyces griseus	Streptomyces griseus NPDC057535
NPDC057539	Bacteria	Actinomycetota	Actinomycetia	Streptomycetales	Streptomycetaceae	Streptomyces	Streptomyces sp023534745	Streptomyces sp. NPDC057539
NPDC057540	Bacteria	Actinomycetota	Actinomycetia	Streptomycetales	Streptomycetaceae	Streptomyces	Streptomyces sp.	Streptomyces sp. NPDC057540
NPDC057541	Bacteria	Actinomycetota	Actinomycetia	Streptomycetales	Streptomycetaceae	Kitasatospora	Kitasatospora sp.	Kitasatospora sp. NPDC057541
NPDC057542	Bacteria	Actinomycetota	Actinomycetia	Streptomycetales	Streptomycetaceae	Kitasatospora	Kitasatospora sp020103755	Kitasatospora sp. NPDC057542
NPDC057543	Bacteria	Actinomycetota	Actinomycetia	Streptomycetales	Streptomycetaceae	Streptomyces	Streptomyces sp.	Streptomyces sp. NPDC057543
NPDC057544	Bacteria	Actinomycetota	Actinomycetia	Streptomycetales	Streptomycetaceae	Kitasatospora	Kitasatospora griseola	Kitasatospora griseola NPDC057544
NPDC057546	Bacteria	Actinomycetota	Actinomycetia	Streptomycetales	Streptomycetaceae	Streptomyces	Streptomyces sp.	Streptomyces sp. NPDC057546
NPDC057548	Bacteria	Actinomycetota	Actinomycetia	Streptomycetales	Streptomycetaceae	Streptomyces	Streptomyces chartreusis	Streptomyces chartreusis NPDC057548
NPDC057552	Bacteria	Actinomycetota	Actinomycetia	Streptomycetales	Streptomycetaceae	Streptomyces	Streptomyces albolongus	Streptomyces sp. NPDC057552
NPDC057553	Bacteria	Actinomycetota	Actinomycetia	Streptomycetales	Streptomycetaceae	Streptomyces	Streptomyces tendae	Streptomyces tendae NPDC057553
NPDC057554	Bacteria	Actinomycetota	Actinomycetia	Streptomycetales	Streptomycetaceae	Streptomyces	Streptomyces albolongus	Streptomyces sp. NPDC057554
NPDC057555	Bacteria	Actinomycetota	Actinomycetia	Streptomycetales	Streptomycetaceae	Streptomyces	Streptomyces sp.	Streptomyces sp. NPDC057555
NPDC057557	Bacteria	Actinomycetota	Actinomycetia	Streptomycetales	Streptomycetaceae	Streptomyces	Streptomyces sp900091955	Streptomyces sp. NPDC057557
NPDC057558	Bacteria	Actinomycetota	Actinomycetia	Streptomycetales	Streptomycetaceae	Streptomyces	Streptomyces fimicarius	Streptomyces griseus NPDC057558
NPDC057562	Bacteria	Actinomycetota	Actinomycetia	Streptomycetales	Streptomycetaceae	Streptomyces	Streptomyces anulatus	Streptomyces anulatus NPDC057562
NPDC057564	Bacteria	Actinomycetota	Actinomycetia	Streptomycetales	Streptomycetaceae	Streptomyces	Streptomyces fimicarius	Streptomyces griseus NPDC057564
NPDC057565	Bacteria	Actinomycetota	Actinomycetia	Streptomycetales	Streptomycetaceae	Streptomyces	Streptomyces sp.	Streptomyces sp. NPDC057565
NPDC057566	Bacteria	Actinomycetota	Actinomycetia	Streptomycetales	Streptomycetaceae	Streptomyces	Streptomyces papulosus	Kitasatospora papulosa NPDC057566
NPDC057572	Bacteria	Actinomycetota	Actinomycetia	Streptomycetales	Streptomycetaceae	Streptomyces	Streptomyces sp001905005	Streptomyces sp. NPDC057572
NPDC057575	Bacteria	Actinomycetota	Actinomycetia	Streptomycetales	Streptomycetaceae	Streptomyces	Streptomyces sp.	Streptomyces sp. NPDC057575
NPDC057578	Bacteria	Actinomycetota	Actinomycetia	Streptomycetales	Streptomycetaceae	Streptomyces	Streptomyces zhihengii	Streptomyces zhihengii NPDC057578
NPDC057579	Bacteria	Actinomycetota	Actinomycetia	Streptomycetales	Streptomycetaceae	Streptomyces	Streptomyces sp002803155	Streptomyces sp. NPDC057579
NPDC057582	Bacteria	Actinomycetota	Actinomycetia	Streptomycetales	Streptomycetaceae	Streptomyces	Streptomyces sp.	Streptomyces sp. NPDC057582
NPDC057588	Bacteria	Actinomycetota	Actinomycetia	Streptomycetales	Streptomycetaceae	Streptomyces	Streptomyces celluloflavus	Streptomyces celluloflavus NPDC057588
NPDC057592	Bacteria	Actinomycetota	Actinomycetia	Streptomycetales	Streptomycetaceae	Streptomyces	Streptomyces sp.	Streptomyces sp. NPDC057592
NPDC057593	Bacteria	Actinomycetota	Actinomycetia	Streptomycetales	Streptomycetaceae	Streptomyces	Streptomyces sp.	Streptomyces sp. NPDC057593
NPDC057595	Bacteria	Actinomycetota	Actinomycetia	Streptomycetales	Streptomycetaceae	Kitasatospora	Kitasatospora sp.	Kitasatospora sp. NPDC057595
NPDC057596	Bacteria	Actinomycetota	Actinomycetia	Streptomycetales	Streptomycetaceae	Streptomyces	Streptomyces sp006540305	Streptomyces sp. NPDC057596
NPDC057597	Bacteria	Actinomycetota	Actinomycetia	Streptomycetales	Streptomycetaceae	Streptomyces	Streptomyces sp.	Streptomyces sp. NPDC057597
NPDC057599	Bacteria	Actinomycetota	Actinomycetia	Streptomycetales	Streptomycetaceae	Streptomyces	Streptomyces sp002803155	Streptomyces sp. NPDC057599
NPDC057600	Bacteria	Actinomycetota	Actinomycetia	Streptomycetales	Streptomycetaceae	Streptomyces	Streptomyces sp.	Streptomyces sp. NPDC057600
NPDC057601	Bacteria	Actinomycetota	Actinomycetia	Streptomycetales	Streptomycetaceae	Streptomyces	Streptomyces sp.	Streptomyces sp. NPDC057601
NPDC057603	Bacteria	Actinomycetota	Actinomycetia	Streptomycetales	Streptomycetaceae	Streptomyces	Streptomyces rubiginosohelvolus	Streptomyces rubiginosohelvolus NPDC057603
NPDC057607	Bacteria	Actinomycetota	Actinomycetia	Streptomycetales	Streptomycetaceae	Streptomyces	Streptomyces albidoflavus	Streptomyces albidoflavus NPDC057607
NPDC057611	Bacteria	Actinomycetota	Actinomycetia	Streptomycetales	Streptomycetaceae	Streptomyces	Streptomyces sp006540305	Streptomyces sp. NPDC057611
NPDC057615	Bacteria	Actinomycetota	Actinomycetia	Streptomycetales	Streptomycetaceae	Streptomyces	Streptomyces tubercidicus	Streptomyces tubercidicus NPDC057615
NPDC057618	Bacteria	Actinomycetota	Actinomycetia	Streptomycetales	Streptomycetaceae	Streptomyces	Streptomyces atratus	Streptomyces atratus NPDC057618
NPDC057620	Bacteria	Actinomycetota	Actinomycetia	Streptomycetales	Streptomycetaceae	Streptomyces	Streptomyces liliiviolaceus	Streptomyces sp. NPDC057620
NPDC057621	Bacteria	Actinomycetota	Actinomycetia	Streptomycetales	Streptomycetaceae	Streptomyces	Streptomyces liliiviolaceus	Streptomyces sp. NPDC057621
NPDC057627	Bacteria	Actinomycetota	Actinomycetia	Streptomycetales	Streptomycetaceae	Streptomyces	Streptomyces erythrochromogenes_A	Streptomyces erythrochromogenes_A NPDC057627
NPDC057630	Bacteria	Actinomycetota	Actinomycetia	Streptomycetales	Streptomycetaceae	Streptomyces	Streptomyces cyaneofuscatus	Streptomyces cyaneofuscatus NPDC057630
NPDC057636	Bacteria	Actinomycetota	Actinomycetia	Streptomycetales	Streptomycetaceae	Streptomyces	Streptomyces sp003403055	Streptomyces sp. NPDC057636
NPDC057638	Bacteria	Actinomycetota	Actinomycetia	Streptomycetales	Streptomycetaceae	Streptomyces	Streptomyces sp.	Streptomyces sp. NPDC057638
NPDC057640	Bacteria	Actinomycetota	Actinomycetia	Streptomycetales	Streptomycetaceae	Streptomyces	Streptomyces albidoflavus	Streptomyces albidoflavus NPDC057640
NPDC057643	Bacteria	Actinomycetota	Actinomycetia	Streptomycetales	Streptomycetaceae	Streptomyces	Streptomyces californicus	Streptomyces californicus NPDC057643
NPDC057644	Bacteria	Actinomycetota	Actinomycetia	Streptomycetales	Streptomycetaceae	Streptomyces	Streptomyces durocortorensis	Streptomyces sp. NPDC057644
NPDC057645	Bacteria	Actinomycetota	Actinomycetia	Streptomycetales	Streptomycetaceae	Streptomyces	Streptomyces erythrochromogenes_A	Streptomyces erythrochromogenes NPDC057645
NPDC057647	Bacteria	Actinomycetota	Actinomycetia	Streptomycetales	Streptomycetaceae	Streptomyces	Streptomyces sp.	Streptomyces sp. NPDC057647
NPDC057651	Bacteria	Actinomycetota	Actinomycetia	Streptomycetales	Streptomycetaceae	Streptomyces	Streptomyces sp.	Streptomyces sp. NPDC057651
NPDC057656	Bacteria	Actinomycetota	Actinomycetia	Streptomycetales	Streptomycetaceae	Streptomyces	Streptomyces californicus	Streptomyces californicus NPDC057656
NPDC057657	Bacteria	Actinomycetota	Actinomycetia	Streptomycetales	Streptomycetaceae	Streptomyces	Streptomyces chartreusis	Streptomyces chartreusis NPDC057657
NPDC057665	Bacteria	Actinomycetota	Actinomycetia	Streptomycetales	Streptomycetaceae	Streptomyces	Streptomyces fimicarius	Streptomyces griseus NPDC057665
NPDC057674	Bacteria	Actinomycetota	Actinomycetia	Streptomycetales	Streptomycetaceae	Streptomyces	Streptomyces sp001905825	Streptomyces sp. NPDC057674
NPDC057675	Bacteria	Actinomycetota	Actinomycetia	Streptomycetales	Streptomycetaceae	Streptomyces	Streptomyces sp001905825	Streptomyces sp. NPDC057675
NPDC057676	Bacteria	Actinomycetota	Actinomycetia	Streptomycetales	Streptomycetaceae	Streptomyces	Streptomyces sp.	Streptomyces sp. NPDC057676
NPDC057677	Bacteria	Actinomycetota	Actinomycetia	Streptomycetales	Streptomycetaceae	Streptomyces	Streptomyces sp001905825	Streptomyces sp. NPDC057677
NPDC057678	Bacteria	Actinomycetota	Actinomycetia	Streptomycetales	Streptomycetaceae	Streptomyces	Streptomyces griseus	Streptomyces griseus NPDC057678
NPDC057680	Bacteria	Actinomycetota	Actinomycetia	Streptomycetales	Streptomycetaceae	Streptomyces	Streptomyces sp001905825	Streptomyces sp. NPDC057680
NPDC057681	Bacteria	Actinomycetota	Actinomycetia	Streptomycetales	Streptomycetaceae	Streptomyces	Streptomyces sp003403055	Streptomyces sp. NPDC057681
NPDC057684	Bacteria	Actinomycetota	Actinomycetia	Streptomycetales	Streptomycetaceae	Streptomyces	Streptomyces sp003403055	Streptomyces sp. NPDC057684
NPDC057686	Bacteria	Actinomycetota	Actinomycetia	Streptomycetales	Streptomycetaceae	Streptomyces	Streptomyces sp.	Streptomyces sp. NPDC057686
NPDC057687	Bacteria	Actinomycetota	Actinomycetia	Streptomycetales	Streptomycetaceae	Streptomyces	Streptomyces erythrochromogenes_A	Streptomyces erythrochromogenes NPDC057687
NPDC057689	Bacteria	Actinomycetota	Actinomycetia	Streptomycetales	Streptomycetaceae	Streptomyces	Streptomyces sp900105515	Streptomyces sp. NPDC057689
NPDC057690	Bacteria	Actinomycetota	Actinomycetia	Streptomycetales	Streptomycetaceae	Streptomyces	Streptomyces sp001298545	Streptomyces sp. NPDC057690
NPDC057692	Bacteria	Actinomycetota	Actinomycetia	Streptomycetales	Streptomycetaceae	Kitasatospora	Kitasatospora sp.	Kitasatospora sp. NPDC057692
NPDC057693	Bacteria	Actinomycetota	Actinomycetia	Streptomycetales	Streptomycetaceae	Streptomyces	Streptomyces rubiginosohelvolus	Streptomyces rubiginosohelvolus NPDC057693
NPDC057695	Bacteria	Actinomycetota	Actinomycetia	Streptomycetales	Streptomycetaceae	Streptomyces	Streptomyces sp008042145	Streptomyces sp. NPDC057695
NPDC057696	Bacteria	Actinomycetota	Actinomycetia	Streptomycetales	Streptomycetaceae	Streptomyces	Streptomyces sp003403055	Streptomyces sp. NPDC057696
NPDC057697	Bacteria	Actinomycetota	Actinomycetia	Streptomycetales	Streptomycetaceae	Streptomyces	Streptomyces sp.	Streptomyces sp. NPDC057697
NPDC057702	Bacteria	Actinomycetota	Actinomycetia	Streptomycetales	Streptomycetaceae	Streptomyces	Streptomyces sp.	Streptomyces sp. NPDC057702
NPDC057706	Bacteria	Actinomycetota	Actinomycetia	Streptomycetales	Streptomycetaceae	Streptomyces	Streptomyces erythrochromogenes_A	Streptomyces erythrochromogenes_A NPDC057706
NPDC057708	Bacteria	Actinomycetota	Actinomycetia	Streptomycetales	Streptomycetaceae	Streptomyces	Streptomyces californicus	Streptomyces californicus NPDC057708
NPDC057710	Bacteria	Actinomycetota	Actinomycetia	Streptomycetales	Streptomycetaceae	Streptomyces	Streptomyces fimicarius	Streptomyces griseus NPDC057710
NPDC057712	Bacteria	Actinomycetota	Actinomycetia	Streptomycetales	Streptomycetaceae	Streptomyces	Streptomyces sp.	Streptomyces sp. NPDC057712
NPDC057717	Bacteria	Actinomycetota	Actinomycetia	Streptomycetales	Streptomycetaceae	Streptomyces	Streptomyces sp.	Streptomyces sp. NPDC057717
NPDC057719	Bacteria	Actinomycetota	Actinomycetia	Streptomycetales	Streptomycetaceae	Streptomyces	Streptomyces albidoflavus	Streptomyces albidoflavus NPDC057719
NPDC057721	Bacteria	Actinomycetota	Actinomycetia	Streptomycetales	Streptomycetaceae	Streptomyces	Streptomyces sp.	Streptomyces sp. NPDC057721
NPDC057724	Bacteria	Actinomycetota	Actinomycetia	Streptomycetales	Streptomycetaceae	Kitasatospora	Kitasatospora purpeofusca	Kitasatospora purpeofusca NPDC057724
NPDC057725	Bacteria	Actinomycetota	Actinomycetia	Streptomycetales	Streptomycetaceae	Streptomyces	Streptomyces sp023534745	Streptomyces sp. NPDC057725
NPDC057726	Bacteria	Actinomycetota	Actinomycetia	Streptomycetales	Streptomycetaceae	Streptomyces	Streptomyces sp.	Streptomyces sp. NPDC057726
NPDC057727	Bacteria	Actinomycetota	Actinomycetia	Streptomycetales	Streptomycetaceae	Streptomyces	Streptomyces albidoflavus	Streptomyces albidoflavus NPDC057727
NPDC057728	Bacteria	Actinomycetota	Actinomycetia	Streptomycetales	Streptomycetaceae	Streptomyces	Streptomyces sp006540305	Streptomyces sp. NPDC057728
NPDC057731	Bacteria	Actinomycetota	Actinomycetia	Streptomycetales	Streptomycetaceae	Kitasatospora	Kitasatospora sp.	Kitasatospora sp. NPDC057731
NPDC057733	Bacteria	Actinomycetota	Actinomycetia	Streptomycetales	Streptomycetaceae	Streptomyces	Streptomyces sp.	Streptomyces sp. NPDC057733
NPDC057739	Bacteria	Actinomycetota	Actinomycetia	Streptomycetales	Streptomycetaceae	Streptomyces	Streptomyces tubercidicus	Streptomyces tubercidicus NPDC057739
NPDC057740	Bacteria	Actinomycetota	Actinomycetia	Streptomycetales	Streptomycetaceae	Streptomyces	Streptomyces sp.	Streptomyces sp. NPDC057740
NPDC057743	Bacteria	Actinomycetota	Actinomycetia	Streptomycetales	Streptomycetaceae	Streptomyces	Streptomyces sp.	Streptomyces sp. NPDC057743
NPDC057746	Bacteria	Actinomycetota	Actinomycetia	Streptomycetales	Streptomycetaceae	Streptomyces	Streptomyces sp.	Streptomyces sp. NPDC057746
NPDC057748	Bacteria	Actinomycetota	Actinomycetia	Streptomycetales	Streptomycetaceae	Streptomyces	Streptomyces sp.	Streptomyces sp. NPDC057748
NPDC057749	Bacteria	Actinomycetota	Actinomycetia	Streptomycetales	Streptomycetaceae	Kitasatospora	Kitasatospora sp001905545	Kitasatospora sp. NPDC057749
NPDC057750	Bacteria	Actinomycetota	Actinomycetia	Streptomycetales	Streptomycetaceae	Streptomyces	Streptomyces collinus_A	Streptomyces collinus_A NPDC057750
NPDC057751	Bacteria	Actinomycetota	Actinomycetia	Streptomycetales	Streptomycetaceae	Streptomyces	Streptomyces niveus	Streptomyces niveus NPDC057751
NPDC057753	Bacteria	Actinomycetota	Actinomycetia	Streptomycetales	Streptomycetaceae	Streptomyces	Streptomyces tendae	Streptomyces tendae NPDC057753
NPDC057756	Bacteria	Actinomycetota	Actinomycetia	Streptomycetales	Streptomycetaceae	Streptomyces	Streptomyces albidoflavus	Streptomyces albidoflavus NPDC057756
NPDC057757	Bacteria	Actinomycetota	Actinomycetia	Streptomycetales	Streptomycetaceae	Streptomyces	Streptomyces sp.	Streptomyces sp. NPDC057757
NPDC057759	Bacteria	Actinomycetota	Actinomycetia	Streptomycetales	Streptomycetaceae	Streptomyces	Streptomyces rochei	Streptomyces rochei NPDC057759
NPDC057761	Bacteria	Actinomycetota	Actinomycetia	Streptomycetales	Streptomycetaceae	Streptomyces	Streptomyces sp004151105	Streptomyces sp. NPDC057761
NPDC057762	Bacteria	Actinomycetota	Actinomycetia	Streptomycetales	Streptomycetaceae	Streptomyces	Streptomyces rochei	Streptomyces rochei NPDC057762
NPDC057766	Bacteria	Actinomycetota	Actinomycetia	Streptomycetales	Streptomycetaceae	Streptomyces	Streptomyces rochei	Streptomyces rochei NPDC057766
NPDC057768	Bacteria	Actinomycetota	Actinomycetia	Streptomycetales	Streptomycetaceae	Streptomyces	Streptomyces rochei	Streptomyces rochei NPDC057768
NPDC057769	Bacteria	Actinomycetota	Actinomycetia	Streptomycetales	Streptomycetaceae	Streptomyces	Streptomyces rochei	Streptomyces rochei NPDC057769
NPDC057771	Bacteria	Actinomycetota	Actinomycetia	Streptomycetales	Streptomycetaceae	Streptomyces	Streptomyces rochei	Streptomyces rochei NPDC057771
NPDC057773	Bacteria	Actinomycetota	Actinomycetia	Streptomycetales	Streptomycetaceae	Streptomyces	Streptomyces rochei	Streptomyces rochei NPDC057773
NPDC057774	Bacteria	Actinomycetota	Actinomycetia	Streptomycetales	Streptomycetaceae	Streptomyces	Streptomyces rochei	Streptomyces rochei NPDC057774
NPDC057775	Bacteria	Actinomycetota	Actinomycetia	Streptomycetales	Streptomycetaceae	Streptomyces	Streptomyces rochei	Streptomyces rochei NPDC057775
NPDC057776	Bacteria	Actinomycetota	Actinomycetia	Streptomycetales	Streptomycetaceae	Streptomyces	Streptomyces rochei	Streptomyces rochei NPDC057776
NPDC057777	Bacteria	Actinomycetota	Actinomycetia	Streptomycetales	Streptomycetaceae	Streptomyces	Streptomyces sp.	Streptomyces sp. NPDC057777
NPDC057778	Bacteria	Actinomycetota	Actinomycetia	Streptomycetales	Streptomycetaceae	Streptomyces	Streptomyces rochei	Streptomyces rochei NPDC057778
NPDC057781	Bacteria	Actinomycetota	Actinomycetia	Streptomycetales	Streptomycetaceae	Streptomyces	Streptomyces thinghirensis	Streptomyces sp. NPDC057781
NPDC057782	Bacteria	Actinomycetota	Actinomycetia	Streptomycetales	Streptomycetaceae	Streptomyces	Streptomyces rochei	Streptomyces rochei NPDC057782
NPDC057785	Bacteria	Actinomycetota	Actinomycetia	Streptomycetales	Streptomycetaceae	Streptomyces	Streptomyces rochei	Streptomyces rochei NPDC057785
NPDC057790	Bacteria	Actinomycetota	Actinomycetia	Streptomycetales	Streptomycetaceae	Streptomyces	Streptomyces rochei	Streptomyces rochei NPDC057790
NPDC057794	Bacteria	Actinomycetota	Actinomycetia	Streptomycetales	Streptomycetaceae	Streptomyces	Streptomyces sp.	Streptomyces sp. NPDC057794
NPDC057796	Bacteria	Actinomycetota	Actinomycetia	Streptomycetales	Streptomycetaceae	Streptomyces	Streptomyces venezuelae_B	Streptomyces venezuelae_B NPDC057796
NPDC057798	Bacteria	Actinomycetota	Actinomycetia	Streptomycetales	Streptomycetaceae	Streptomyces	Streptomyces sp023544665	Streptomyces sp. NPDC057798
NPDC057800	Bacteria	Actinomycetota	Actinomycetia	Streptomycetales	Streptomycetaceae	Streptomyces	Streptomyces sp001905885	Streptomyces sp. NPDC057800
NPDC057802	Bacteria	Actinomycetota	Actinomycetia	Streptomycetales	Streptomycetaceae	Streptomyces	Streptomyces thinghirensis	Streptomyces thinghirensis NPDC057802
NPDC057803	Bacteria	Actinomycetota	Actinomycetia	Streptomycetales	Streptomycetaceae	Streptomyces	Streptomyces rochei	Streptomyces rochei NPDC057803
NPDC057809	Bacteria	Actinomycetota	Actinomycetia	Streptomycetales	Streptomycetaceae	Streptomyces	Streptomyces bikiniensis	Streptomyces cinereoruber NPDC057809
NPDC057816	Bacteria	Actinomycetota	Actinomycetia	Streptomycetales	Streptomycetaceae	Streptomyces	Streptomyces alboflavus	Streptomyces alboflavus NPDC057816
NPDC057824	Bacteria	Actinomycetota	Actinomycetia	Streptomycetales	Streptomycetaceae	Streptomyces	Streptomyces rochei	Streptomyces rochei NPDC057824
NPDC057827	Bacteria	Actinomycetota	Actinomycetia	Streptomycetales	Streptomycetaceae	Streptomyces	Streptomyces roseolus	Streptomyces roseolus NPDC057827
NPDC057828	Bacteria	Actinomycetota	Actinomycetia	Streptomycetales	Streptomycetaceae	Streptomyces	Streptomyces rochei	Streptomyces rochei NPDC057828
NPDC057833	Bacteria	Actinomycetota	Actinomycetia	Streptomycetales	Streptomycetaceae	Streptomyces	Streptomyces sp.	Streptomyces sp. NPDC057833
NPDC057836	Bacteria	Actinomycetota	Actinomycetia	Streptomycetales	Streptomycetaceae	Streptomyces	Streptomyces sp.	Streptomyces sp. NPDC057836
NPDC057837	Bacteria	Actinomycetota	Actinomycetia	Streptomycetales	Streptomycetaceae	Streptomyces	Streptomyces sp.	Streptomyces sp. NPDC057837
NPDC057843	Bacteria	Actinomycetota	Actinomycetia	Streptomycetales	Streptomycetaceae	Streptomyces	Streptomyces sp001905885	Streptomyces sp. NPDC057843
NPDC057846	Bacteria	Actinomycetota	Actinomycetia	Streptomycetales	Streptomycetaceae	Streptomyces	Streptomyces sp001905885	Streptomyces sp. NPDC057846
NPDC057847	Bacteria	Actinomycetota	Actinomycetia	Streptomycetales	Streptomycetaceae	Streptomyces	Streptomyces sp003671715	Streptomyces sp. NPDC057847
NPDC057854	Bacteria	Actinomycetota	Actinomycetia	Streptomycetales	Streptomycetaceae	Streptomyces	Streptomyces sp000721275	Streptomyces sp. NPDC057854
NPDC057855	Bacteria	Actinomycetota	Actinomycetia	Streptomycetales	Streptomycetaceae	Streptomyces	Streptomyces niveus	Streptomyces niveus NPDC057855
NPDC057859	Bacteria	Actinomycetota	Actinomycetia	Streptomycetales	Streptomycetaceae	Streptomyces	Streptomyces sp.	Streptomyces sp. NPDC057859
NPDC057866	Bacteria	Actinomycetota	Actinomycetia	Streptomycetales	Streptomycetaceae	Streptomyces	Streptomyces sp000721275	Streptomyces sp. NPDC057866
NPDC057867	Bacteria	Actinomycetota	Actinomycetia	Streptomycetales	Streptomycetaceae	Streptomyces	Streptomyces goshikiensis	Streptomyces goshikiensis NPDC057867
NPDC057870	Bacteria	Actinomycetota	Actinomycetia	Streptomycetales	Streptomycetaceae	Streptomyces	Streptomyces albogriseolus	Streptomyces albogriseolus NPDC057870
NPDC057875	Bacteria	Actinomycetota	Actinomycetia	Streptomycetales	Streptomycetaceae	Streptomyces	Streptomyces rochei	Streptomyces rochei NPDC057875
NPDC057877	Bacteria	Actinomycetota	Actinomycetia	Streptomycetales	Streptomycetaceae	Streptomyces	Streptomyces sp.	Streptomyces sp. NPDC057877
NPDC057888	Bacteria	Actinomycetota	Actinomycetia	Streptomycetales	Streptomycetaceae	Streptomyces	Streptomyces sp003403055	Streptomyces sp. NPDC057888
NPDC057889	Bacteria	Actinomycetota	Actinomycetia	Streptomycetales	Streptomycetaceae	Streptomyces	Streptomyces sp003403055	Streptomyces sp. NPDC057889
NPDC057890	Bacteria	Actinomycetota	Actinomycetia	Streptomycetales	Streptomycetaceae	Streptomyces	Streptomyces laurentii	Streptomyces laurentii NPDC057890
NPDC057900	Bacteria	Actinomycetota	Actinomycetia	Streptomycetales	Streptomycetaceae	Streptomyces	Streptomyces sp001905365	Streptomyces sp. NPDC057900
NPDC057904	Bacteria	Actinomycetota	Actinomycetia	Streptomycetales	Streptomycetaceae	Kitasatospora	Kitasatospora sp.	Kitasatospora sp. NPDC057904
NPDC057905	Bacteria	Actinomycetota	Actinomycetia	Streptomycetales	Streptomycetaceae	Streptomyces	Streptomyces mirabilis	Streptomyces mirabilis NPDC057905
NPDC057908	Bacteria	Actinomycetota	Actinomycetia	Streptomycetales	Streptomycetaceae	Streptomyces	Streptomyces sp.	Streptomyces sp. NPDC057908
NPDC057912	Bacteria	Actinomycetota	Actinomycetia	Streptomycetales	Streptomycetaceae	Streptomyces	Streptomyces nojiriensis	Streptomyces nojiriensis NPDC057912
NPDC057914	Bacteria	Actinomycetota	Actinomycetia	Streptomycetales	Streptomycetaceae	Kitasatospora	Kitasatospora sp001625365	Kitasatospora sp. NPDC057914
NPDC057923	Bacteria	Actinomycetota	Actinomycetia	Streptomycetales	Streptomycetaceae	Streptomyces	Streptomyces mirabilis	Streptomyces mirabilis NPDC057923
NPDC057925	Bacteria	Actinomycetota	Actinomycetia	Streptomycetales	Streptomycetaceae	Streptomyces	Streptomyces niveus	Streptomyces niveus NPDC057925
NPDC057928	Bacteria	Actinomycetota	Actinomycetia	Streptomycetales	Streptomycetaceae	Streptomyces	Streptomyces niveus	Streptomyces niveus NPDC057928
NPDC057930	Bacteria	Actinomycetota	Actinomycetia	Streptomycetales	Streptomycetaceae	Streptomyces	Streptomyces cyaneofuscatus	Streptomyces cyaneofuscatus NPDC057930
NPDC057932	Bacteria	Actinomycetota	Actinomycetia	Streptomycetales	Streptomycetaceae	Streptomyces	Streptomyces rubiginosohelvolus	Streptomyces rubiginosohelvolus NPDC057932
NPDC057936	Bacteria	Actinomycetota	Actinomycetia	Streptomycetales	Streptomycetaceae	Kitasatospora	Kitasatospora sp.	Kitasatospora sp. NPDC057936
NPDC057939	Bacteria	Actinomycetota	Actinomycetia	Streptomycetales	Streptomycetaceae	Streptomyces	Streptomyces sp.	Streptomyces sp. NPDC057939
NPDC057940	Bacteria	Actinomycetota	Actinomycetia	Streptomycetales	Streptomycetaceae	Kitasatospora	Kitasatospora sp001625365	Kitasatospora sp. NPDC057940
NPDC057949	Bacteria	Actinomycetota	Actinomycetia	Streptomycetales	Streptomycetaceae	Streptomyces	Streptomyces niveus	Streptomyces niveus NPDC057949
NPDC057950	Bacteria	Actinomycetota	Actinomycetia	Streptomycetales	Streptomycetaceae	Streptomyces	Streptomyces sp012273515	Streptomyces sp. NPDC057950
NPDC057952	Bacteria	Actinomycetota	Actinomycetia	Streptomycetales	Streptomycetaceae	Streptomyces	Streptomyces mirabilis	Streptomyces mirabilis NPDC057952
NPDC057955	Bacteria	Actinomycetota	Actinomycetia	Streptomycetales	Streptomycetaceae	Streptomyces	Streptomyces celluloflavus	Streptomyces celluloflavus NPDC057955
NPDC057956	Bacteria	Actinomycetota	Actinomycetia	Streptomycetales	Streptomycetaceae	Streptomyces	Streptomyces hokutonensis	Streptomyces hokutonensis NPDC057956
NPDC057957	Bacteria	Actinomycetota	Actinomycetia	Streptomycetales	Streptomycetaceae	Streptomyces	Streptomyces albidoflavus	Streptomyces albidoflavus NPDC057957
NPDC057959	Bacteria	Actinomycetota	Actinomycetia	Streptomycetales	Streptomycetaceae	Streptomyces	Streptomyces albidoflavus	Streptomyces albidoflavus NPDC057959
NPDC057960	Bacteria	Actinomycetota	Actinomycetia	Streptomycetales	Streptomycetaceae	Streptomyces	Streptomyces cyaneofuscatus	Streptomyces cyaneofuscatus NPDC057960
NPDC057963	Bacteria	Actinomycetota	Actinomycetia	Streptomycetales	Streptomycetaceae	Streptomyces	Streptomyces sp.	Streptomyces sp. NPDC057963
NPDC057964	Bacteria	Actinomycetota	Actinomycetia	Streptomycetales	Streptomycetaceae	Streptomyces	Streptomyces albidoflavus	Streptomyces albidoflavus NPDC057964
NPDC057965	Bacteria	Actinomycetota	Actinomycetia	Streptomycetales	Streptomycetaceae	Kitasatospora	Kitasatospora sp.	Kitasatospora sp. NPDC057965
NPDC057966	Bacteria	Actinomycetota	Actinomycetia	Streptomycetales	Streptomycetaceae	Streptomyces	Streptomyces sp003846175	Streptomyces sp. NPDC057966
NPDC057969	Bacteria	Actinomycetota	Actinomycetia	Streptomycetales	Streptomycetaceae	Streptomyces	Streptomyces sp.	Streptomyces sp. NPDC057969
NPDC057971	Bacteria	Actinomycetota	Actinomycetia	Streptomycetales	Streptomycetaceae	Streptomyces	Streptomyces albidoflavus	Streptomyces albidoflavus NPDC057971
NPDC057973	Bacteria	Actinomycetota	Actinomycetia	Streptomycetales	Streptomycetaceae	Streptomyces	Streptomyces rubiginosohelvolus	Streptomyces rubiginosohelvolus NPDC057973
NPDC057974	Bacteria	Actinomycetota	Actinomycetia	Streptomycetales	Streptomycetaceae	Streptomyces	Streptomyces albidoflavus	Streptomyces albidoflavus NPDC057974
NPDC057975	Bacteria	Actinomycetota	Actinomycetia	Streptomycetales	Streptomycetaceae	Streptomyces	Streptomyces albidoflavus	Streptomyces albidoflavus NPDC057975
NPDC057985	Bacteria	Actinomycetota	Actinomycetia	Streptomycetales	Streptomycetaceae	Streptomyces	Streptomyces fimicarius	Streptomyces fimicarius NPDC057985
NPDC058000	Bacteria	Actinomycetota	Actinomycetia	Streptomycetales	Streptomycetaceae	Streptomyces	Streptomyces sp.	Streptomyces sp. NPDC058000
NPDC058001	Bacteria	Actinomycetota	Actinomycetia	Streptomycetales	Streptomycetaceae	Streptomyces	Streptomyces sp.	Streptomyces sp. NPDC058001
NPDC058004	Bacteria	Actinomycetota	Actinomycetia	Streptomycetales	Streptomycetaceae	Kitasatospora	Kitasatospora sp.	Kitasatospora sp. NPDC058004
NPDC058007	Bacteria	Actinomycetota	Actinomycetia	Streptomycetales	Streptomycetaceae	Kitasatospora	Kitasatospora cineracea	Kitasatospora cineracea NPDC058007
NPDC058008	Bacteria	Actinomycetota	Actinomycetia	Streptomycetales	Streptomycetaceae	Streptomyces	Streptomyces sp.	Streptomyces sp. NPDC058008
NPDC058009	Bacteria	Actinomycetota	Actinomycetia	Streptomycetales	Streptomycetaceae	Streptomyces	Streptomyces sp.	Streptomyces sp. NPDC058009
NPDC058010	Bacteria	Actinomycetota	Actinomycetia	Streptomycetales	Streptomycetaceae	Streptomyces	Streptomyces niveus	Streptomyces niveus NPDC058010
NPDC058011	Bacteria	Actinomycetota	Actinomycetia	Streptomycetales	Streptomycetaceae	Streptomyces	Streptomyces sp.	Streptomyces sp. NPDC058011
NPDC058013	Bacteria	Actinomycetota	Actinomycetia	Streptomycetales	Streptomycetaceae	Kitasatospora	Kitasatospora griseola	Kitasatospora griseola NPDC058013
NPDC058014	Bacteria	Actinomycetota	Actinomycetia	Streptomycetales	Streptomycetaceae	Streptomyces	Streptomyces albidoflavus	Streptomyces albidoflavus NPDC058014
NPDC058016	Bacteria	Actinomycetota	Actinomycetia	Streptomycetales	Streptomycetaceae	Streptomyces	Streptomyces niveus	Streptomyces niveus NPDC058016
NPDC058024	Bacteria	Actinomycetota	Actinomycetia	Streptomycetales	Streptomycetaceae	Streptomyces	Streptomyces cyaneofuscatus	Streptomyces cyaneofuscatus NPDC058024
NPDC058032	Bacteria	Actinomycetota	Actinomycetia	Streptomycetales	Streptomycetaceae	Kitasatospora	Kitasatospora sp.	Kitasatospora sp. NPDC058032
NPDC058039	Bacteria	Actinomycetota	Actinomycetia	Streptomycetales	Streptomycetaceae	Streptomyces	Streptomyces albidoflavus	Streptomyces albidoflavus NPDC058039
NPDC058043	Bacteria	Actinomycetota	Actinomycetia	Streptomycetales	Streptomycetaceae	Streptomyces	Streptomyces albidoflavus	Streptomyces albidoflavus NPDC058043
NPDC058045	Bacteria	Actinomycetota	Actinomycetia	Streptomycetales	Streptomycetaceae	Streptomyces	Streptomyces sp.	Streptomyces sp. NPDC058045
NPDC058046	Bacteria	Actinomycetota	Actinomycetia	Streptomycetales	Streptomycetaceae	Kitasatospora	Kitasatospora sp001905545	Kitasatospora sp. NPDC058046
NPDC058048	Bacteria	Actinomycetota	Actinomycetia	Streptomycetales	Streptomycetaceae	Kitasatospora	Kitasatospora sp.	Kitasatospora sp. NPDC058048
NPDC058050	Bacteria	Actinomycetota	Actinomycetia	Streptomycetales	Streptomycetaceae	Streptomyces	Streptomyces cyaneofuscatus	Streptomyces cyaneofuscatus NPDC058050
NPDC058051	Bacteria	Actinomycetota	Actinomycetia	Streptomycetales	Streptomycetaceae	Streptomyces	Streptomyces sp.	Streptomyces sp. NPDC058051
NPDC058052	Bacteria	Actinomycetota	Actinomycetia	Streptomycetales	Streptomycetaceae	Streptomyces	Streptomyces sp.	Streptomyces sp. NPDC058052
NPDC058060	Bacteria	Actinomycetota	Actinomycetia	Streptomycetales	Streptomycetaceae	Kitasatospora	Kitasatospora sp.	Kitasatospora sp. NPDC058060
NPDC058061	Bacteria	Actinomycetota	Actinomycetia	Streptomycetales	Streptomycetaceae	Streptomyces	Streptomyces sp.	Streptomyces sp. NPDC058061
NPDC058063	Bacteria	Actinomycetota	Actinomycetia	Streptomycetales	Streptomycetaceae	Kitasatospora	Kitasatospora sp.	Kitasatospora sp. NPDC058063
NPDC058066	Bacteria	Actinomycetota	Actinomycetia	Streptomycetales	Streptomycetaceae	Streptomyces	Streptomyces sp.	Streptomyces sp. NPDC058066
NPDC058067	Bacteria	Actinomycetota	Actinomycetia	Streptomycetales	Streptomycetaceae	Streptomyces	Streptomyces sp004005495	Streptomyces sp. NPDC058067
NPDC058069	Bacteria	Actinomycetota	Actinomycetia	Streptomycetales	Streptomycetaceae	Streptomyces	Streptomyces cyaneofuscatus	Streptomyces cyaneofuscatus NPDC058069
NPDC058083	Bacteria	Actinomycetota	Actinomycetia	Streptomycetales	Streptomycetaceae	Streptomyces	Streptomyces sp.	Streptomyces sp. NPDC058083
NPDC058084	Bacteria	Actinomycetota	Actinomycetia	Streptomycetales	Streptomycetaceae	Streptomyces	Streptomyces sp.	Streptomyces sp. NPDC058084
NPDC058085	Bacteria	Actinomycetota	Actinomycetia	Streptomycetales	Streptomycetaceae	Streptomyces	Streptomyces californicus	Streptomyces californicus NPDC058085
NPDC058086	Bacteria	Actinomycetota	Actinomycetia	Streptomycetales	Streptomycetaceae	Streptomyces	Streptomyces sp002846625	Streptomyces sp. NPDC058086
NPDC058089	Bacteria	Actinomycetota	Actinomycetia	Streptomycetales	Streptomycetaceae	Streptomyces	Streptomyces goshikiensis	Streptomyces goshikiensis NPDC058089
NPDC058091	Bacteria	Actinomycetota	Actinomycetia	Streptomycetales	Streptomycetaceae	Streptomyces	Streptomyces albidoflavus	Streptomyces albidoflavus NPDC058091
NPDC058092	Bacteria	Actinomycetota	Actinomycetia	Streptomycetales	Streptomycetaceae	Streptomyces	Streptomyces sp.	Streptomyces sp. NPDC058092
NPDC058096	Bacteria	Actinomycetota	Actinomycetia	Streptomycetales	Streptomycetaceae	Streptomyces	Streptomyces sp.	Streptomyces sp. NPDC058096
NPDC058099	Bacteria	Actinomycetota	Actinomycetia	Streptomycetales	Streptomycetaceae	Streptomyces	Streptomyces albidoflavus	Streptomyces albidoflavus NPDC058099
NPDC058100	Bacteria	Actinomycetota	Actinomycetia	Streptomycetales	Streptomycetaceae	Streptomyces	Streptomyces mirabilis	Streptomyces mirabilis NPDC058100
NPDC058102	Bacteria	Actinomycetota	Actinomycetia	Streptomycetales	Streptomycetaceae	Streptomyces	Streptomyces microflavus	Streptomyces microflavus NPDC058102
NPDC058103	Bacteria	Actinomycetota	Actinomycetia	Streptomycetales	Streptomycetaceae	Streptomyces	Streptomyces sp.	Streptomyces sp. NPDC058103
NPDC058106	Bacteria	Actinomycetota	Actinomycetia	Streptomycetales	Streptomycetaceae	Streptomyces	Streptomyces mirabilis	Streptomyces mirabilis NPDC058106
NPDC058108	Bacteria	Actinomycetota	Actinomycetia	Streptomycetales	Streptomycetaceae	Streptomyces	Streptomyces sp008042115	Streptomyces sp. NPDC058108
NPDC058111	Bacteria	Actinomycetota	Actinomycetia	Streptomycetales	Streptomycetaceae	Streptomyces	Streptomyces goshikiensis	Streptomyces goshikiensis NPDC058111
NPDC058113	Bacteria	Actinomycetota	Actinomycetia	Streptomycetales	Streptomycetaceae	Streptomyces	Streptomyces albidoflavus	Streptomyces albidoflavus NPDC058113
NPDC058115	Bacteria	Actinomycetota	Actinomycetia	Streptomycetales	Streptomycetaceae	Kitasatospora	Kitasatospora sp.	Kitasatospora sp. NPDC058115
NPDC058117	Bacteria	Actinomycetota	Actinomycetia	Streptomycetales	Streptomycetaceae	Streptomyces	Streptomyces albidoflavus	Streptomyces albidoflavus NPDC058117
NPDC058121	Bacteria	Actinomycetota	Actinomycetia	Streptomycetales	Streptomycetaceae	Streptomyces	Streptomyces xiamenensis	Streptomyces xiamenensis NPDC058121
NPDC058124	Bacteria	Actinomycetota	Actinomycetia	Streptomycetales	Streptomycetaceae	Kitasatospora	Kitasatospora herbaricolor	Kitasatospora herbaricolor NPDC058124
NPDC058125	Bacteria	Actinomycetota	Actinomycetia	Streptomycetales	Streptomycetaceae	Streptomyces	Streptomyces goshikiensis	Streptomyces goshikiensis NPDC058125
NPDC058128	Bacteria	Actinomycetota	Actinomycetia	Streptomycetales	Streptomycetaceae	Streptomyces	Streptomyces sp001905825	Streptomyces sp. NPDC058128
NPDC058132	Bacteria	Actinomycetota	Actinomycetia	Streptomycetales	Streptomycetaceae	Streptomyces	Streptomyces globisporus	Streptomyces globisporus NPDC058132
NPDC058142	Bacteria	Actinomycetota	Actinomycetia	Streptomycetales	Streptomycetaceae	Streptomyces	Streptomyces sp.	Streptomyces sp. NPDC058142
NPDC058143	Bacteria	Actinomycetota	Actinomycetia	Streptomycetales	Streptomycetaceae	Streptomyces	Streptomyces albidoflavus	Streptomyces albidoflavus NPDC058143
NPDC058145	Bacteria	Actinomycetota	Actinomycetia	Streptomycetales	Streptomycetaceae	Streptomyces	Streptomyces sp.	Streptomyces sp. NPDC058145
NPDC058146	Bacteria	Actinomycetota	Actinomycetia	Streptomycetales	Streptomycetaceae	Streptomyces	Streptomyces anulatus	Streptomyces anulatus NPDC058146
NPDC058155	Bacteria	Actinomycetota	Actinomycetia	Streptomycetales	Streptomycetaceae	Streptomyces	Streptomyces sp.	Streptomyces sp. NPDC058155
NPDC058157	Bacteria	Actinomycetota	Actinomycetia	Streptomycetales	Streptomycetaceae	Streptomyces	Streptomyces sp.	Streptomyces sp. NPDC058157
NPDC058158	Bacteria	Actinomycetota	Actinomycetia	Streptomycetales	Streptomycetaceae	Streptomyces	Streptomyces antibioticus_B	Streptomyces antibioticus NPDC058158
NPDC058162	Bacteria	Actinomycetota	Actinomycetia	Streptomycetales	Streptomycetaceae	Kitasatospora	Kitasatospora sp.	Kitasatospora sp. NPDC058162
NPDC058170	Bacteria	Actinomycetota	Actinomycetia	Streptomycetales	Streptomycetaceae	Kitasatospora	Kitasatospora sp.	Kitasatospora sp. NPDC058170
NPDC058171	Bacteria	Actinomycetota	Actinomycetia	Streptomycetales	Streptomycetaceae	Streptomyces	Streptomyces sp.	Streptomyces sp. NPDC058171
NPDC058175	Bacteria	Actinomycetota	Actinomycetia	Streptomycetales	Streptomycetaceae	Streptomyces	Streptomyces sp.	Streptomyces sp. NPDC058175
NPDC058184	Bacteria	Actinomycetota	Actinomycetia	Streptomycetales	Streptomycetaceae	Kitasatospora	Kitasatospora sp001905545	Kitasatospora sp. NPDC058184
NPDC058190	Bacteria	Actinomycetota	Actinomycetia	Streptomycetales	Streptomycetaceae	Kitasatospora	Kitasatospora sp.	Kitasatospora sp. NPDC058190
NPDC058193	Bacteria	Actinomycetota	Actinomycetia	Streptomycetales	Streptomycetaceae	Streptomyces	Streptomyces sp.	Streptomyces sp. NPDC058193
NPDC058195	Bacteria	Actinomycetota	Actinomycetia	Streptomycetales	Streptomycetaceae	Streptomyces	Streptomyces sp.	Streptomyces sp. NPDC058195
NPDC058197	Bacteria	Actinomycetota	Actinomycetia	Streptomycetales	Streptomycetaceae	Streptomyces	Streptomyces olivochromogenes	Streptomyces olivochromogenes NPDC058197
NPDC058200	Bacteria	Actinomycetota	Actinomycetia	Streptomycetales	Streptomycetaceae	Streptomyces	Streptomyces sp.	Streptomyces sp. NPDC058200
NPDC058201	Bacteria	Actinomycetota	Actinomycetia	Streptomycetales	Streptomycetaceae	Kitasatospora	Kitasatospora sp.	Kitasatospora sp. NPDC058201
NPDC058202	Bacteria	Actinomycetota	Actinomycetia	Streptomycetales	Streptomycetaceae	Streptomyces	Streptomyces sp002078175	Streptomyces sp. NPDC058202
NPDC058203	Bacteria	Actinomycetota	Actinomycetia	Streptomycetales	Streptomycetaceae	Streptomyces	Streptomyces albidoflavus	Streptomyces albidoflavus NPDC058203
NPDC058204	Bacteria	Actinomycetota	Actinomycetia	Streptomycetales	Streptomycetaceae	Streptomyces	Streptomyces sp.	Streptomyces sp. NPDC058204
NPDC058206	Bacteria	Actinomycetota	Actinomycetia	Streptomycetales	Streptomycetaceae	Streptomyces	Streptomyces sp.	Streptomyces sp. NPDC058206
NPDC058209	Bacteria	Actinomycetota	Actinomycetia	Streptomycetales	Streptomycetaceae	Kitasatospora	Kitasatospora herbaricolor	Kitasatospora herbaricolor NPDC058209
NPDC058211	Bacteria	Actinomycetota	Actinomycetia	Streptomycetales	Streptomycetaceae	Streptomyces	Streptomyces cacaoi_A	Streptomyces cacaoi_A NPDC058211
NPDC058212	Bacteria	Actinomycetota	Actinomycetia	Streptomycetales	Streptomycetaceae	Kitasatospora	Kitasatospora herbaricolor	Kitasatospora herbaricolor NPDC058212
NPDC058215	Bacteria	Actinomycetota	Actinomycetia	Streptomycetales	Streptomycetaceae	Streptomyces	Streptomyces sp001905905	Streptomyces sp. NPDC058215
NPDC058217	Bacteria	Actinomycetota	Actinomycetia	Streptomycetales	Streptomycetaceae	Streptomyces	Streptomyces sp.	Streptomyces sp. NPDC058217
NPDC058218	Bacteria	Actinomycetota	Actinomycetia	Streptomycetales	Streptomycetaceae	Kitasatospora	Kitasatospora sp.	Kitasatospora sp. NPDC058218
NPDC058219	Bacteria	Actinomycetota	Actinomycetia	Streptomycetales	Streptomycetaceae	Streptomyces	Streptomyces sp.	Streptomyces sp. NPDC058219
NPDC058220	Bacteria	Actinomycetota	Actinomycetia	Streptomycetales	Streptomycetaceae	Streptomyces	Streptomyces sp.	Streptomyces sp. NPDC058220
NPDC058221	Bacteria	Actinomycetota	Actinomycetia	Streptomycetales	Streptomycetaceae	Streptomyces	Streptomyces sp.	Streptomyces sp. NPDC058221
NPDC058222	Bacteria	Actinomycetota	Actinomycetia	Streptomycetales	Streptomycetaceae	Kitasatospora	Kitasatospora herbaricolor	Kitasatospora herbaricolor NPDC058222
NPDC058224	Bacteria	Actinomycetota	Actinomycetia	Streptomycetales	Streptomycetaceae	Streptomyces	Streptomyces sp012273515	Streptomyces sp. NPDC058224
NPDC058228	Bacteria	Actinomycetota	Actinomycetia	Streptomycetales	Streptomycetaceae	Streptomyces	Streptomyces sp.	Streptomyces sp. NPDC058228
NPDC058231	Bacteria	Actinomycetota	Actinomycetia	Streptomycetales	Streptomycetaceae	Streptomyces	Streptomyces sp.	Streptomyces sp. NPDC058231
NPDC058236	Bacteria	Actinomycetota	Actinomycetia	Streptomycetales	Streptomycetaceae	Streptomyces	Streptomyces olivochromogenes	Streptomyces olivochromogenes NPDC058236
NPDC058237	Bacteria	Actinomycetota	Actinomycetia	Streptomycetales	Streptomycetaceae	Streptomyces	Streptomyces virginiae_A	Streptomyces virginiae NPDC058237
NPDC058239	Bacteria	Actinomycetota	Actinomycetia	Streptomycetales	Streptomycetaceae	Streptomyces	Streptomyces sp.	Streptomyces sp. NPDC058239
NPDC058242	Bacteria	Actinomycetota	Actinomycetia	Streptomycetales	Streptomycetaceae	Streptomyces	Streptomyces virginiae_A	Streptomyces virginiae NPDC058242
NPDC058246	Bacteria	Actinomycetota	Actinomycetia	Streptomycetales	Streptomycetaceae	Streptomyces	Streptomyces sp.	Streptomyces sp. NPDC058246
NPDC058247	Bacteria	Actinomycetota	Actinomycetia	Streptomycetales	Streptomycetaceae	Streptomyces	Streptomyces sp.	Streptomyces sp. NPDC058247
NPDC058249	Bacteria	Actinomycetota	Actinomycetia	Streptomycetales	Streptomycetaceae	Streptomyces	Streptomyces sp.	Streptomyces sp. NPDC058249
NPDC058251	Bacteria	Actinomycetota	Actinomycetia	Streptomycetales	Streptomycetaceae	Streptomyces	Streptomyces sp.	Streptomyces sp. NPDC058251
NPDC058252	Bacteria	Actinomycetota	Actinomycetia	Streptomycetales	Streptomycetaceae	Streptomyces	Streptomyces sp.	Streptomyces sp. NPDC058252
NPDC058254	Bacteria	Actinomycetota	Actinomycetia	Streptomycetales	Streptomycetaceae	Streptomyces	Streptomyces sp.	Streptomyces sp. NPDC058254
NPDC058255	Bacteria	Actinomycetota	Actinomycetia	Streptomycetales	Streptomycetaceae	Streptomyces	Streptomyces sp.	Streptomyces sp. NPDC058255
NPDC058256	Bacteria	Actinomycetota	Actinomycetia	Streptomycetales	Streptomycetaceae	Streptomyces	Streptomyces sp.	Streptomyces sp. NPDC058256
NPDC058259	Bacteria	Actinomycetota	Actinomycetia	Streptomycetales	Streptomycetaceae	Streptomyces	Streptomyces sviceus	Streptomyces sviceus NPDC058259
NPDC058263	Bacteria	Actinomycetota	Actinomycetia	Streptomycetales	Streptomycetaceae	Kitasatospora	Kitasatospora sp.	Kitasatospora sp. NPDC058263
NPDC058266	Bacteria	Actinomycetota	Actinomycetia	Streptomycetales	Streptomycetaceae	Streptomyces	Streptomyces sp.	Streptomyces sp. NPDC058266
NPDC058272	Bacteria	Actinomycetota	Actinomycetia	Streptomycetales	Streptomycetaceae	Streptomyces	Streptomyces sp.	Streptomyces sp. NPDC058272
NPDC058274	Bacteria	Actinomycetota	Actinomycetia	Streptomycetales	Streptomycetaceae	Streptomyces	Streptomyces sp.	Streptomyces sp. NPDC058274
NPDC058276	Bacteria	Actinomycetota	Actinomycetia	Streptomycetales	Streptomycetaceae	Streptomyces	Streptomyces olivochromogenes	Streptomyces mirabilis NPDC058276
NPDC058280	Bacteria	Actinomycetota	Actinomycetia	Streptomycetales	Streptomycetaceae	Streptomyces	Streptomyces sp.	Streptomyces sp. NPDC058280
NPDC058283	Bacteria	Actinomycetota	Actinomycetia	Streptomycetales	Streptomycetaceae	Streptomyces	Streptomyces sp900091725	Streptomyces sp. NPDC058283
NPDC058284	Bacteria	Actinomycetota	Actinomycetia	Streptomycetales	Streptomycetaceae	Streptomyces	Streptomyces sp.	Streptomyces sp. NPDC058284
NPDC058286	Bacteria	Actinomycetota	Actinomycetia	Streptomycetales	Streptomycetaceae	Streptomyces	Streptomyces sp003403055	Streptomyces sp. NPDC058286
NPDC058287	Bacteria	Actinomycetota	Actinomycetia	Streptomycetales	Streptomycetaceae	Streptomyces	Streptomyces sp003403055	Streptomyces sp. NPDC058287
NPDC058289	Bacteria	Actinomycetota	Actinomycetia	Streptomycetales	Streptomycetaceae	Streptomyces	Streptomyces sp.	Streptomyces sp. NPDC058289
NPDC058290	Bacteria	Actinomycetota	Actinomycetia	Streptomycetales	Streptomycetaceae	Streptomyces	Streptomyces sp.	Streptomyces sp. NPDC058290
NPDC058291	Bacteria	Actinomycetota	Actinomycetia	Streptomycetales	Streptomycetaceae	Streptomyces	Streptomyces sp.	Streptomyces sp. NPDC058291
NPDC058293	Bacteria	Actinomycetota	Actinomycetia	Streptomycetales	Streptomycetaceae	Streptomyces	Streptomyces sp003403055	Streptomyces sp. NPDC058293
NPDC058294	Bacteria	Actinomycetota	Actinomycetia	Streptomycetales	Streptomycetaceae	Streptomyces	Streptomyces sp.	Streptomyces sp. NPDC058294
NPDC058296	Bacteria	Actinomycetota	Actinomycetia	Streptomycetales	Streptomycetaceae	Streptomyces	Streptomyces sp.	Streptomyces sp. NPDC058296
NPDC058297	Bacteria	Actinomycetota	Actinomycetia	Streptomycetales	Streptomycetaceae	Streptomyces	Streptomyces sp.	Streptomyces sp. NPDC058297
NPDC058299	Bacteria	Actinomycetota	Actinomycetia	Streptomycetales	Streptomycetaceae	Streptomyces	Streptomyces sp.	Streptomyces sp. NPDC058299
NPDC058301	Bacteria	Actinomycetota	Actinomycetia	Streptomycetales	Streptomycetaceae	Streptomyces	Streptomyces sp.	Streptomyces sp. NPDC058301
NPDC058304	Bacteria	Actinomycetota	Actinomycetia	Streptomycetales	Streptomycetaceae	Streptomyces	Streptomyces sp.	Streptomyces sp. NPDC058304
NPDC058305	Bacteria	Actinomycetota	Actinomycetia	Streptomycetales	Streptomycetaceae	Streptomyces	Streptomyces sp002078175	Streptomyces sp. NPDC058305
NPDC058307	Bacteria	Actinomycetota	Actinomycetia	Streptomycetales	Streptomycetaceae	Streptomyces	Streptomyces sp.	Streptomyces sp. NPDC058307
NPDC058308	Bacteria	Actinomycetota	Actinomycetia	Streptomycetales	Streptomycetaceae	Streptomyces	Streptomyces sp.	Streptomyces sp. NPDC058308
NPDC058309	Bacteria	Actinomycetota	Actinomycetia	Streptomycetales	Streptomycetaceae	Streptomyces	Streptomyces papulosus	Kitasatospora papulosa NPDC058309
NPDC058315	Bacteria	Actinomycetota	Actinomycetia	Streptomycetales	Streptomycetaceae	Streptomyces	Streptomyces virginiae_A	Streptomyces virginiae NPDC058315
NPDC058316	Bacteria	Actinomycetota	Actinomycetia	Streptomycetales	Streptomycetaceae	Streptomyces	Streptomyces sp.	Streptomyces sp. NPDC058316
NPDC058317	Bacteria	Actinomycetota	Actinomycetia	Streptomycetales	Streptomycetaceae	Streptomyces	Streptomyces sp001654495	Streptomyces sp. NPDC058317
NPDC058320	Bacteria	Actinomycetota	Actinomycetia	Streptomycetales	Streptomycetaceae	Streptomyces	Streptomyces sp003403055	Streptomyces sp. NPDC058320
NPDC058321	Bacteria	Actinomycetota	Actinomycetia	Streptomycetales	Streptomycetaceae	Streptomyces	Streptomyces sp.	Streptomyces sp. NPDC058321
NPDC058322	Bacteria	Actinomycetota	Actinomycetia	Streptomycetales	Streptomycetaceae	Streptomyces	Streptomyces sp003846175	Streptomyces sp. NPDC058322
NPDC058323	Bacteria	Actinomycetota	Actinomycetia	Streptomycetales	Streptomycetaceae	Streptomyces	Streptomyces marokkonensis	Streptomyces marokkonensis NPDC058323
NPDC058324	Bacteria	Actinomycetota	Actinomycetia	Streptomycetales	Streptomycetaceae	Streptomyces	Streptomyces mirabilis	Streptomyces mirabilis NPDC058324
NPDC058325	Bacteria	Actinomycetota	Actinomycetia	Streptomycetales	Streptomycetaceae	Streptomyces	Streptomyces sp.	Streptomyces sp. NPDC058325
NPDC058326	Bacteria	Actinomycetota	Actinomycetia	Streptomycetales	Streptomycetaceae	Streptomyces	Streptomyces sp.	Streptomyces sp. NPDC058326
NPDC058327	Bacteria	Actinomycetota	Actinomycetia	Streptomycetales	Streptomycetaceae	Streptomyces	Streptomyces rochei	Streptomyces rochei NPDC058327
NPDC058328	Bacteria	Actinomycetota	Actinomycetia	Streptomycetales	Streptomycetaceae	Streptomyces	Streptomyces marokkonensis	Streptomyces marokkonensis NPDC058328
NPDC058330	Bacteria	Actinomycetota	Actinomycetia	Streptomycetales	Streptomycetaceae	Streptomyces	Streptomyces sp000177195	Streptomyces sp. NPDC058330
NPDC058331	Bacteria	Actinomycetota	Actinomycetia	Streptomycetales	Streptomycetaceae	Streptomyces	Streptomyces tendae	Streptomyces tendae NPDC058331
NPDC058332	Bacteria	Actinomycetota	Actinomycetia	Streptomycetales	Streptomycetaceae	Streptomyces	Streptomyces tendae	Streptomyces tendae NPDC058332
NPDC058334	Bacteria	Actinomycetota	Actinomycetia	Streptomycetales	Streptomycetaceae	Streptomyces	Streptomyces hawaiiensis	Streptomyces hawaiiensis NPDC058334
NPDC058335	Bacteria	Actinomycetota	Actinomycetia	Streptomycetales	Streptomycetaceae	Streptomyces	Streptomyces sp.	Streptomyces sp. NPDC058335
NPDC058339	Bacteria	Actinomycetota	Actinomycetia	Streptomycetales	Streptomycetaceae	Streptomyces	Streptomyces hawaiiensis	Streptomyces hawaiiensis NPDC058339
NPDC058343	Bacteria	Actinomycetota	Actinomycetia	Streptomycetales	Streptomycetaceae	Streptomyces	Streptomyces tendae	Streptomyces tendae NPDC058343
NPDC058344	Bacteria	Actinomycetota	Actinomycetia	Streptomycetales	Streptomycetaceae	Streptomyces	Streptomyces rochei	Streptomyces rochei NPDC058344
NPDC058346	Bacteria	Actinomycetota	Actinomycetia	Streptomycetales	Streptomycetaceae	Streptomyces	Streptomyces rubrogriseus	Streptomyces rubrogriseus NPDC058346
NPDC058347	Bacteria	Actinomycetota	Actinomycetia	Streptomycetales	Streptomycetaceae	Streptomyces	Streptomyces mutabilis	Streptomyces mutabilis NPDC058347
NPDC058349	Bacteria	Actinomycetota	Actinomycetia	Streptomycetales	Streptomycetaceae	Streptomyces	Streptomyces rochei	Streptomyces rochei NPDC058349
NPDC058351	Bacteria	Actinomycetota	Actinomycetia	Streptomycetales	Streptomycetaceae	Streptomyces	Streptomyces bobili	Streptomyces bobili NPDC058351
NPDC058352	Bacteria	Actinomycetota	Actinomycetia	Streptomycetales	Streptomycetaceae	Streptomyces	Streptomyces qaidamensis	Streptomyces qaidamensis NPDC058352
NPDC058354	Bacteria	Actinomycetota	Actinomycetia	Streptomycetales	Streptomycetaceae	Streptomyces	Streptomyces mutabilis	Streptomyces mutabilis NPDC058354
NPDC058355	Bacteria	Actinomycetota	Actinomycetia	Streptomycetales	Streptomycetaceae	Streptomyces	Streptomyces olindensis	Streptomyces olindensis NPDC058355
NPDC058356	Bacteria	Actinomycetota	Actinomycetia	Streptomycetales	Streptomycetaceae	Streptomyces	Streptomyces tendae	Streptomyces tendae NPDC058356
NPDC058357	Bacteria	Actinomycetota	Actinomycetia	Streptomycetales	Streptomycetaceae	Streptomyces	Streptomyces sp900091725	Streptomyces sp. NPDC058357
NPDC058358	Bacteria	Actinomycetota	Actinomycetia	Streptomycetales	Streptomycetaceae	Streptomyces	Streptomyces bikiniensis	Streptomyces cinereoruber NPDC058358
NPDC058359	Bacteria	Actinomycetota	Actinomycetia	Streptomycetales	Streptomycetaceae	Streptomyces	Streptomyces tendae	Streptomyces tendae NPDC058359
NPDC058360	Bacteria	Actinomycetota	Actinomycetia	Streptomycetales	Streptomycetaceae	Streptomyces	Streptomyces sp003369795	Streptomyces sp. NPDC058360
NPDC058361	Bacteria	Actinomycetota	Actinomycetia	Streptomycetales	Streptomycetaceae	Streptomyces	Streptomyces hawaiiensis	Streptomyces hawaiiensis NPDC058361
NPDC058363	Bacteria	Actinomycetota	Actinomycetia	Streptomycetales	Streptomycetaceae	Streptomyces	Streptomyces mutabilis	Streptomyces mutabilis NPDC058363
NPDC058364	Bacteria	Actinomycetota	Actinomycetia	Streptomycetales	Streptomycetaceae	Streptomyces	Streptomyces buecherae	Streptomyces buecherae NPDC058364
NPDC058366	Bacteria	Actinomycetota	Actinomycetia	Streptomycetales	Streptomycetaceae	Streptomyces	Streptomyces sp.	Streptomyces sp. NPDC058366
NPDC058368	Bacteria	Actinomycetota	Actinomycetia	Streptomycetales	Streptomycetaceae	Streptomyces	Streptomyces sp001905735	Streptomyces sp. NPDC058368
NPDC058369	Bacteria	Actinomycetota	Actinomycetia	Streptomycetales	Streptomycetaceae	Streptomyces	Streptomyces sp008042035	Streptomyces sp. NPDC058369
NPDC058372	Bacteria	Actinomycetota	Actinomycetia	Streptomycetales	Streptomycetaceae	Streptomyces	Streptomyces sp.	Streptomyces sp. NPDC058372
NPDC058373	Bacteria	Actinomycetota	Actinomycetia	Streptomycetales	Streptomycetaceae	Streptomyces	Streptomyces sp.	Streptomyces sp. NPDC058373
NPDC058374	Bacteria	Actinomycetota	Actinomycetia	Streptomycetales	Streptomycetaceae	Streptomyces	Streptomyces sp.	Streptomyces sp. NPDC058374
NPDC058377	Bacteria	Actinomycetota	Actinomycetia	Streptomycetales	Streptomycetaceae	Streptomyces	Streptomyces silvae	Streptomyces sp. NPDC058377
NPDC058378	Bacteria	Actinomycetota	Actinomycetia	Streptomycetales	Streptomycetaceae	Streptomyces	Streptomyces silvae	Streptomyces sp. NPDC058378
NPDC058381	Bacteria	Actinomycetota	Actinomycetia	Streptomycetales	Streptomycetaceae	Streptomyces	Streptomyces chartreusis	Streptomyces chartreusis NPDC058381
NPDC058382	Bacteria	Actinomycetota	Actinomycetia	Streptomycetales	Streptomycetaceae	Streptomyces	Streptomyces sp.	Streptomyces sp. NPDC058382
NPDC058383	Bacteria	Actinomycetota	Actinomycetia	Streptomycetales	Streptomycetaceae	Streptomyces	Streptomyces sp.	Streptomyces sp. NPDC058383
NPDC058385	Bacteria	Actinomycetota	Actinomycetia	Streptomycetales	Streptomycetaceae	Streptomyces	Streptomyces sp.	Streptomyces sp. NPDC058385
NPDC058386	Bacteria	Actinomycetota	Actinomycetia	Streptomycetales	Streptomycetaceae	Streptomyces	Streptomyces sp.	Streptomyces sp. NPDC058386
NPDC058391	Bacteria	Actinomycetota	Actinomycetia	Streptomycetales	Streptomycetaceae	Streptomyces	Streptomyces sp.	Streptomyces sp. NPDC058391
NPDC058394	Bacteria	Actinomycetota	Actinomycetia	Streptomycetales	Streptomycetaceae	Streptomyces	Streptomyces sp.	Streptomyces sp. NPDC058394
NPDC058395	Bacteria	Actinomycetota	Actinomycetia	Streptomycetales	Streptomycetaceae	Kitasatospora	Kitasatospora purpeofusca	Kitasatospora purpeofusca NPDC058395
NPDC058396	Bacteria	Actinomycetota	Actinomycetia	Streptomycetales	Streptomycetaceae	Streptomyces	Streptomyces goshikiensis	Streptomyces goshikiensis NPDC058396
NPDC058397	Bacteria	Actinomycetota	Actinomycetia	Streptomycetales	Streptomycetaceae	Kitasatospora	Kitasatospora sp001625365	Kitasatospora sp. NPDC058397
NPDC058398	Bacteria	Actinomycetota	Actinomycetia	Streptomycetales	Streptomycetaceae	Streptomyces	Streptomyces sp.	Streptomyces sp. NPDC058398
NPDC058399	Bacteria	Actinomycetota	Actinomycetia	Streptomycetales	Streptomycetaceae	Streptomyces	Streptomyces virginiae_A	Streptomyces virginiae NPDC058399
NPDC058401	Bacteria	Actinomycetota	Actinomycetia	Streptomycetales	Streptomycetaceae	Streptomyces	Streptomyces sp.	Streptomyces sp. NPDC058401
NPDC058402	Bacteria	Actinomycetota	Actinomycetia	Streptomycetales	Streptomycetaceae	Kitasatospora	Kitasatospora sp001625365	Kitasatospora sp. NPDC058402
NPDC058404	Bacteria	Actinomycetota	Actinomycetia	Streptomycetales	Streptomycetaceae	Streptomyces	Streptomyces atratus	Streptomyces atratus NPDC058404
NPDC058405	Bacteria	Actinomycetota	Actinomycetia	Streptomycetales	Streptomycetaceae	Streptomyces	Streptomyces sp.	Streptomyces sp. NPDC058405
NPDC058406	Bacteria	Actinomycetota	Actinomycetia	Streptomycetales	Streptomycetaceae	Kitasatospora	Kitasatospora sp.	Kitasatospora sp. NPDC058406
NPDC058408	Bacteria	Actinomycetota	Actinomycetia	Streptomycetales	Streptomycetaceae	Streptomyces	Streptomyces virginiae_A	Streptomyces virginiae NPDC058408
NPDC058411	Bacteria	Actinomycetota	Actinomycetia	Streptomycetales	Streptomycetaceae	Streptomyces	Streptomyces silvae	Streptomyces sp. NPDC058411
NPDC058412	Bacteria	Actinomycetota	Actinomycetia	Streptomycetales	Streptomycetaceae	Streptomyces	Streptomyces sp000720115	Streptomyces sp. NPDC058412
NPDC058415	Bacteria	Actinomycetota	Actinomycetia	Streptomycetales	Streptomycetaceae	Streptomyces	Streptomyces anulatus	Streptomyces anulatus NPDC058415
NPDC058416	Bacteria	Actinomycetota	Actinomycetia	Streptomycetales	Streptomycetaceae	Streptomyces	Streptomyces uncialis	Streptomyces uncialis NPDC058416
NPDC058417	Bacteria	Actinomycetota	Actinomycetia	Streptomycetales	Streptomycetaceae	Streptomyces	Streptomyces sp.	Streptomyces sp. NPDC058417
NPDC058418	Bacteria	Actinomycetota	Actinomycetia	Streptomycetales	Streptomycetaceae	Streptomyces	Streptomyces sp.	Streptomyces sp. NPDC058418
NPDC058419	Bacteria	Actinomycetota	Actinomycetia	Streptomycetales	Streptomycetaceae	Streptomyces	Streptomyces virginiae_A	Streptomyces virginiae NPDC058419
NPDC058420	Bacteria	Actinomycetota	Actinomycetia	Streptomycetales	Streptomycetaceae	Streptomyces	Streptomyces sp016893485	Streptomyces sp. NPDC058420
NPDC058421	Bacteria	Actinomycetota	Actinomycetia	Streptomycetales	Streptomycetaceae	Streptomyces	Streptomyces niveus	Streptomyces niveus NPDC058421
NPDC058422	Bacteria	Actinomycetota	Actinomycetia	Streptomycetales	Streptomycetaceae	Streptomyces	Streptomyces anulatus	Streptomyces anulatus NPDC058422
NPDC058423	Bacteria	Actinomycetota	Actinomycetia	Streptomycetales	Streptomycetaceae	Streptomyces	Streptomyces sp.	Streptomyces sp. NPDC058423
NPDC058424	Bacteria	Actinomycetota	Actinomycetia	Streptomycetales	Streptomycetaceae	Streptomyces	Streptomyces sp.	Streptomyces sp. NPDC058424
NPDC058425	Bacteria	Actinomycetota	Actinomycetia	Streptomycetales	Streptomycetaceae	Streptomyces	Streptomyces sp.	Streptomyces sp. NPDC058425
NPDC058426	Bacteria	Actinomycetota	Actinomycetia	Streptomycetales	Streptomycetaceae	Streptomyces	Streptomyces sp000213055	Streptomyces sp. NPDC058426
NPDC058428	Bacteria	Actinomycetota	Actinomycetia	Streptomycetales	Streptomycetaceae	Streptomyces	Streptomyces rubiginosohelvolus	Streptomyces rubiginosohelvolus NPDC058428
NPDC058430	Bacteria	Actinomycetota	Actinomycetia	Streptomycetales	Streptomycetaceae	Streptomyces	Streptomyces sp.	Streptomyces sp. NPDC058430
NPDC058431	Bacteria	Actinomycetota	Actinomycetia	Streptomycetales	Streptomycetaceae	Streptomyces	Streptomyces sp.	Streptomyces sp. NPDC058431
NPDC058433	Bacteria	Actinomycetota	Actinomycetia	Streptomycetales	Streptomycetaceae	Streptomyces	Streptomyces anulatus	Streptomyces anulatus NPDC058433
NPDC058434	Bacteria	Actinomycetota	Actinomycetia	Streptomycetales	Streptomycetaceae	Streptomyces	Streptomyces sp.	Streptomyces sp. NPDC058434
NPDC058439	Bacteria	Actinomycetota	Actinomycetia	Streptomycetales	Streptomycetaceae	Streptomyces	Streptomyces sp.	Streptomyces sp. NPDC058439
NPDC058440	Bacteria	Actinomycetota	Actinomycetia	Streptomycetales	Streptomycetaceae	Streptomyces	Streptomyces sp002803075	Streptomyces sp. NPDC058440
NPDC058442	Bacteria	Actinomycetota	Actinomycetia	Streptomycetales	Streptomycetaceae	Streptomyces	Streptomyces sp.	Streptomyces sp. NPDC058442
NPDC058444	Bacteria	Actinomycetota	Actinomycetia	Streptomycetales	Streptomycetaceae	Kitasatospora	Kitasatospora sp.	Kitasatospora sp. NPDC058444
NPDC058446	Bacteria	Actinomycetota	Actinomycetia	Streptomycetales	Streptomycetaceae	Streptomyces	Streptomyces halstedii	Streptomyces halstedii NPDC058446
NPDC058451	Bacteria	Actinomycetota	Actinomycetia	Streptomycetales	Streptomycetaceae	Streptomyces	Streptomyces sp002803075	Streptomyces sp. NPDC058451
NPDC058455	Bacteria	Actinomycetota	Actinomycetia	Streptomycetales	Streptomycetaceae	Streptomyces	Streptomyces rubiginosohelvolus	Streptomyces rubiginosohelvolus NPDC058455
NPDC058456	Bacteria	Actinomycetota	Actinomycetia	Streptomycetales	Streptomycetaceae	Streptomyces	Streptomyces niveus	Streptomyces niveus NPDC058456
NPDC058457	Bacteria	Actinomycetota	Actinomycetia	Streptomycetales	Streptomycetaceae	Streptomyces	Streptomyces sp.	Streptomyces sp. NPDC058457
NPDC058460	Bacteria	Actinomycetota	Actinomycetia	Streptomycetales	Streptomycetaceae	Streptomyces	Streptomyces bauhiniae	Streptomyces bauhiniae NPDC058460
NPDC058462	Bacteria	Actinomycetota	Actinomycetia	Streptomycetales	Streptomycetaceae	Streptomyces	Streptomyces sindenensis	Streptomyces sindenensis NPDC058462
NPDC058463	Bacteria	Actinomycetota	Actinomycetia	Streptomycetales	Streptomycetaceae	Streptomyces	Streptomyces sp.	Streptomyces sp. NPDC058463
NPDC058464	Bacteria	Actinomycetota	Actinomycetia	Streptomycetales	Streptomycetaceae	Streptomyces	Streptomyces sp.	Streptomyces sp. NPDC058464
NPDC058465	Bacteria	Actinomycetota	Actinomycetia	Streptomycetales	Streptomycetaceae	Streptomyces	Streptomyces bauhiniae	Streptomyces bauhiniae NPDC058465
NPDC058466	Bacteria	Actinomycetota	Actinomycetia	Streptomycetales	Streptomycetaceae	Streptomyces	Streptomyces sp.	Streptomyces sp. NPDC058466
NPDC058467	Bacteria	Actinomycetota	Actinomycetia	Streptomycetales	Streptomycetaceae	Streptomyces	Streptomyces sp.	Streptomyces sp. NPDC058467
NPDC058469	Bacteria	Actinomycetota	Actinomycetia	Streptomycetales	Streptomycetaceae	Streptomyces	Streptomyces sp.	Streptomyces sp. NPDC058469
NPDC058470	Bacteria	Actinomycetota	Actinomycetia	Streptomycetales	Streptomycetaceae	Streptomyces	Streptomyces sp.	Streptomyces sp. NPDC058470
NPDC058471	Bacteria	Actinomycetota	Actinomycetia	Streptomycetales	Streptomycetaceae	Streptomyces	Streptomyces sp.	Streptomyces sp. NPDC058471
NPDC058473	Bacteria	Actinomycetota	Actinomycetia	Streptomycetales	Streptomycetaceae	Streptomyces	Streptomyces sp.	Streptomyces sp. NPDC058473
NPDC058475	Bacteria	Actinomycetota	Actinomycetia	Streptomycetales	Streptomycetaceae	Streptomyces	Streptomyces sp.	Streptomyces sp. NPDC058475
NPDC058476	Bacteria	Actinomycetota	Actinomycetia	Streptomycetales	Streptomycetaceae	Streptomyces	Streptomyces sp.	Streptomyces sp. NPDC058476
NPDC058478	Bacteria	Actinomycetota	Actinomycetia	Streptomycetales	Streptomycetaceae	Kitasatospora	Kitasatospora sp001625365	Kitasatospora sp. NPDC058478
NPDC058479	Bacteria	Actinomycetota	Actinomycetia	Streptomycetales	Streptomycetaceae	Streptomyces	Streptomyces sp.	Streptomyces sp. NPDC058479
NPDC058486	Bacteria	Actinomycetota	Actinomycetia	Streptomycetales	Streptomycetaceae	Streptomyces	Streptomyces sp.	Streptomyces sp. NPDC058486
NPDC058492	Bacteria	Actinomycetota	Actinomycetia	Streptomycetales	Streptomycetaceae	Kitasatospora	Kitasatospora sp001625365	Kitasatospora sp. NPDC058492
NPDC058495	Bacteria	Actinomycetota	Actinomycetia	Streptomycetales	Streptomycetaceae	Streptomyces	Streptomyces sp.	Streptomyces sp. NPDC058495
NPDC058510	Bacteria	Actinomycetota	Actinomycetia	Streptomycetales	Streptomycetaceae	Streptomyces	Streptomyces anulatus	Streptomyces anulatus NPDC058510
NPDC058511	Bacteria	Actinomycetota	Actinomycetia	Streptomycetales	Streptomycetaceae	Streptomyces	Streptomyces anulatus	Streptomyces anulatus NPDC058511
NPDC058522	Bacteria	Actinomycetota	Actinomycetia	Streptomycetales	Streptomycetaceae	Streptomyces	Streptomyces bacillaris	Streptomyces bacillaris NPDC058522
NPDC058525	Bacteria	Actinomycetota	Actinomycetia	Streptomycetales	Streptomycetaceae	Streptomyces	Streptomyces sp.	Streptomyces sp. NPDC058525
NPDC058527	Bacteria	Actinomycetota	Actinomycetia	Streptomycetales	Streptomycetaceae	Streptomyces	Streptomyces sp.	Streptomyces sp. NPDC058527
NPDC058528	Bacteria	Actinomycetota	Actinomycetia	Streptomycetales	Streptomycetaceae	Streptomyces	Streptomyces anulatus	Streptomyces anulatus NPDC058528
NPDC058531	Bacteria	Actinomycetota	Actinomycetia	Streptomycetales	Streptomycetaceae	Streptomyces	Streptomyces cyaneofuscatus	Streptomyces cyaneofuscatus NPDC058531
NPDC058534	Bacteria	Actinomycetota	Actinomycetia	Streptomycetales	Streptomycetaceae	Streptomyces	Streptomyces sp.	Streptomyces sp. NPDC058534
NPDC058541	Bacteria	Actinomycetota	Actinomycetia	Streptomycetales	Streptomycetaceae	Streptomyces	Streptomyces coelicoflavus	Streptomyces coelicoflavus NPDC058541
NPDC058542	Bacteria	Actinomycetota	Actinomycetia	Streptomycetales	Streptomycetaceae	Streptomyces	Streptomyces sp018619185	Streptomyces sp. NPDC058542
NPDC058545	Bacteria	Actinomycetota	Actinomycetia	Streptomycetales	Streptomycetaceae	Streptomyces	Streptomyces sp900116325	Streptomyces sp. NPDC058545
NPDC058546	Bacteria	Actinomycetota	Actinomycetia	Streptomycetales	Streptomycetaceae	Streptomyces	Streptomyces sindenensis	Streptomyces sindenensis NPDC058546
NPDC058548	Bacteria	Actinomycetota	Actinomycetia	Streptomycetales	Streptomycetaceae	Streptomyces	Streptomyces sp014451325	Streptomyces sp. NPDC058548
NPDC058549	Bacteria	Actinomycetota	Actinomycetia	Streptomycetales	Streptomycetaceae	Streptomyces	Streptomyces goshikiensis	Streptomyces goshikiensis NPDC058549
NPDC058550	Bacteria	Actinomycetota	Actinomycetia	Streptomycetales	Streptomycetaceae	Streptomyces	Streptomyces albidoflavus	Streptomyces albidoflavus NPDC058550
NPDC058551	Bacteria	Actinomycetota	Actinomycetia	Streptomycetales	Streptomycetaceae	Streptomyces	Streptomyces goshikiensis	Streptomyces goshikiensis NPDC058551
NPDC058553	Bacteria	Actinomycetota	Actinomycetia	Streptomycetales	Streptomycetaceae	Streptomyces	Streptomyces bacillaris	Streptomyces bacillaris NPDC058553
NPDC058556	Bacteria	Actinomycetota	Actinomycetia	Streptomycetales	Streptomycetaceae	Streptomyces	Streptomyces albidoflavus	Streptomyces albidoflavus NPDC058556
NPDC058557	Bacteria	Actinomycetota	Actinomycetia	Streptomycetales	Streptomycetaceae	Streptomyces	Streptomyces fimicarius	Streptomyces griseus NPDC058557
NPDC058558	Bacteria	Actinomycetota	Actinomycetia	Streptomycetales	Streptomycetaceae	Streptomyces	Streptomyces sindenensis	Streptomyces sindenensis NPDC058558
NPDC058561	Bacteria	Actinomycetota	Actinomycetia	Streptomycetales	Streptomycetaceae	Streptomyces	Streptomyces albidoflavus	Streptomyces albidoflavus NPDC058561
NPDC058562	Bacteria	Actinomycetota	Actinomycetia	Streptomycetales	Streptomycetaceae	Streptomyces	Streptomyces sindenensis	Streptomyces sindenensis NPDC058562
NPDC058563	Bacteria	Actinomycetota	Actinomycetia	Streptomycetales	Streptomycetaceae	Streptomyces	Streptomyces albidoflavus	Streptomyces albidoflavus NPDC058563
NPDC058566	Bacteria	Actinomycetota	Actinomycetia	Streptomycetales	Streptomycetaceae	Streptomyces	Streptomyces rubiginosohelvolus	Streptomyces rubiginosohelvolus NPDC058566
NPDC058567	Bacteria	Actinomycetota	Actinomycetia	Streptomycetales	Streptomycetaceae	Streptomyces	Streptomyces rubiginosohelvolus	Streptomyces rubiginosohelvolus NPDC058567
NPDC058568	Bacteria	Actinomycetota	Actinomycetia	Streptomycetales	Streptomycetaceae	Streptomyces	Streptomyces cyaneofuscatus	Streptomyces cyaneofuscatus NPDC058568
NPDC058569	Bacteria	Actinomycetota	Actinomycetia	Streptomycetales	Streptomycetaceae	Streptomyces	Streptomyces cyaneofuscatus	Streptomyces cyaneofuscatus NPDC058569
NPDC058570	Bacteria	Actinomycetota	Actinomycetia	Streptomycetales	Streptomycetaceae	Streptomyces	Streptomyces globisporus	Streptomyces globisporus NPDC058570
NPDC058571	Bacteria	Actinomycetota	Actinomycetia	Streptomycetales	Streptomycetaceae	Streptomyces	Streptomyces albidoflavus	Streptomyces albidoflavus NPDC058571
NPDC058572	Bacteria	Actinomycetota	Actinomycetia	Streptomycetales	Streptomycetaceae	Streptomyces	Streptomyces sp.	Streptomyces sp. NPDC058572
NPDC058573	Bacteria	Actinomycetota	Actinomycetia	Streptomycetales	Streptomycetaceae	Streptomyces	Streptomyces albidoflavus	Streptomyces albidoflavus NPDC058573
NPDC058574	Bacteria	Actinomycetota	Actinomycetia	Streptomycetales	Streptomycetaceae	Streptomyces	Streptomyces griseus	Streptomyces griseus NPDC058574
NPDC058575	Bacteria	Actinomycetota	Actinomycetia	Streptomycetales	Streptomycetaceae	Streptomyces	Streptomyces albidoflavus	Streptomyces albidoflavus NPDC058575
NPDC058576	Bacteria	Actinomycetota	Actinomycetia	Streptomycetales	Streptomycetaceae	Streptomyces	Streptomyces sp002551355	Streptomyces sp. NPDC058576
NPDC058577	Bacteria	Actinomycetota	Actinomycetia	Streptomycetales	Streptomycetaceae	Streptomyces	Streptomyces niveus	Streptomyces niveus NPDC058577
NPDC058578	Bacteria	Actinomycetota	Actinomycetia	Streptomycetales	Streptomycetaceae	Streptomyces	Streptomyces bacillaris	Streptomyces bacillaris NPDC058578
NPDC058579	Bacteria	Actinomycetota	Actinomycetia	Streptomycetales	Streptomycetaceae	Streptomyces	Streptomyces sp.	Streptomyces sp. NPDC058579
NPDC058581	Bacteria	Actinomycetota	Actinomycetia	Streptomycetales	Streptomycetaceae	Streptomyces	Streptomyces microflavus	Streptomyces microflavus NPDC058581
NPDC058582	Bacteria	Actinomycetota	Actinomycetia	Streptomycetales	Streptomycetaceae	Streptomyces	Streptomyces albidoflavus	Streptomyces albidoflavus NPDC058582
NPDC058583	Bacteria	Actinomycetota	Actinomycetia	Streptomycetales	Streptomycetaceae	Streptomyces	Streptomyces sp014451325	Streptomyces sp. NPDC058583
NPDC058584	Bacteria	Actinomycetota	Actinomycetia	Streptomycetales	Streptomycetaceae	Streptomyces	Streptomyces bacillaris	Streptomyces bacillaris NPDC058584
NPDC058587	Bacteria	Actinomycetota	Actinomycetia	Streptomycetales	Streptomycetaceae	Streptomyces	Streptomyces microflavus	Streptomyces microflavus NPDC058587
NPDC058589	Bacteria	Actinomycetota	Actinomycetia	Streptomycetales	Streptomycetaceae	Streptomyces	Streptomyces californicus	Streptomyces californicus NPDC058589
NPDC058592	Bacteria	Actinomycetota	Actinomycetia	Streptomycetales	Streptomycetaceae	Streptomyces	Streptomyces hydrogenans	Streptomyces hydrogenans NPDC058592
NPDC058595	Bacteria	Actinomycetota	Actinomycetia	Streptomycetales	Streptomycetaceae	Streptomyces	Streptomyces sp022695985	Streptomyces sp. NPDC058595
NPDC058597	Bacteria	Actinomycetota	Actinomycetia	Streptomycetales	Streptomycetaceae	Streptomyces	Streptomyces cellulosae	Streptomyces cellulosae NPDC058597
NPDC058599	Bacteria	Actinomycetota	Actinomycetia	Streptomycetales	Streptomycetaceae	Streptomyces	Streptomyces californicus	Streptomyces californicus NPDC058599
NPDC058600	Bacteria	Actinomycetota	Actinomycetia	Streptomycetales	Streptomycetaceae	Streptomyces	Streptomyces albidoflavus	Streptomyces albidoflavus NPDC058600
NPDC058601	Bacteria	Actinomycetota	Actinomycetia	Streptomycetales	Streptomycetaceae	Streptomyces	Streptomyces californicus	Streptomyces californicus NPDC058601
NPDC058603	Bacteria	Actinomycetota	Actinomycetia	Streptomycetales	Streptomycetaceae	Streptomyces	Streptomyces sp004151105	Streptomyces sp. NPDC058603
NPDC058607	Bacteria	Actinomycetota	Actinomycetia	Streptomycetales	Streptomycetaceae	Streptomyces	Streptomyces rubiginosohelvolus	Streptomyces rubiginosohelvolus NPDC058607
NPDC058611	Bacteria	Actinomycetota	Actinomycetia	Streptomycetales	Streptomycetaceae	Streptomyces	Streptomyces sp.	Streptomyces sp. NPDC058611
NPDC058612	Bacteria	Actinomycetota	Actinomycetia	Streptomycetales	Streptomycetaceae	Streptomyces	Streptomyces sp.	Streptomyces sp. NPDC058612
NPDC058613	Bacteria	Actinomycetota	Actinomycetia	Streptomycetales	Streptomycetaceae	Streptomyces	Streptomyces sp.	Streptomyces sp. NPDC058613
NPDC058614	Bacteria	Actinomycetota	Actinomycetia	Streptomycetales	Streptomycetaceae	Streptomyces	Streptomyces sp.	Streptomyces sp. NPDC058614
NPDC058618	Bacteria	Actinomycetota	Actinomycetia	Streptomycetales	Streptomycetaceae	Streptomyces	Streptomyces sp.	Streptomyces sp. NPDC058618
NPDC058619	Bacteria	Actinomycetota	Actinomycetia	Streptomycetales	Streptomycetaceae	Streptomyces	Streptomyces sp.	Streptomyces sp. NPDC058619
NPDC058620	Bacteria	Actinomycetota	Actinomycetia	Streptomycetales	Streptomycetaceae	Streptomyces	Streptomyces sp.	Streptomyces sp. NPDC058620
NPDC058621	Bacteria	Actinomycetota	Actinomycetia	Streptomycetales	Streptomycetaceae	Streptomyces	Streptomyces sp.	Streptomyces sp. NPDC058621
NPDC058622	Bacteria	Actinomycetota	Actinomycetia	Streptomycetales	Streptomycetaceae	Streptomyces	Streptomyces sp.	Streptomyces sp. NPDC058622
NPDC058624	Bacteria	Actinomycetota	Actinomycetia	Streptomycetales	Streptomycetaceae	Streptomyces	Streptomyces microflavus	Streptomyces microflavus NPDC058624
NPDC058625	Bacteria	Actinomycetota	Actinomycetia	Streptomycetales	Streptomycetaceae	Streptomyces	Streptomyces sp.	Streptomyces sp. NPDC058625
NPDC058627	Bacteria	Actinomycetota	Actinomycetia	Streptomycetales	Streptomycetaceae	Streptomyces	Streptomyces cyaneofuscatus	Streptomyces cyaneofuscatus NPDC058627
NPDC058629	Bacteria	Actinomycetota	Actinomycetia	Streptomycetales	Streptomycetaceae	Streptomyces	Streptomyces sp001905595	Streptomyces sp. NPDC058629
NPDC058630	Bacteria	Actinomycetota	Actinomycetia	Streptomycetales	Streptomycetaceae	Streptomyces	Streptomyces cyaneofuscatus	Streptomyces cyaneofuscatus NPDC058630
NPDC058632	Bacteria	Actinomycetota	Actinomycetia	Streptomycetales	Streptomycetaceae	Streptomyces	Streptomyces sp.	Streptomyces sp. NPDC058632
NPDC058634	Bacteria	Actinomycetota	Actinomycetia	Streptomycetales	Streptomycetaceae	Streptomyces	Streptomyces cyaneofuscatus	Streptomyces cyaneofuscatus NPDC058634
NPDC058637	Bacteria	Actinomycetota	Actinomycetia	Streptomycetales	Streptomycetaceae	Streptomyces	Streptomyces sp.	Streptomyces sp. NPDC058637
NPDC058642	Bacteria	Actinomycetota	Actinomycetia	Streptomycetales	Streptomycetaceae	Streptomyces	Streptomyces sp.	Streptomyces sp. NPDC058642
NPDC058644	Bacteria	Actinomycetota	Actinomycetia	Streptomycetales	Streptomycetaceae	Streptomyces	Streptomyces sp.	Streptomyces sp. NPDC058644
NPDC058646	Bacteria	Actinomycetota	Actinomycetia	Streptomycetales	Streptomycetaceae	Streptomyces	Streptomyces sp.	Streptomyces sp. NPDC058646
NPDC058647	Bacteria	Actinomycetota	Actinomycetia	Streptomycetales	Streptomycetaceae	Streptomyces	Streptomyces griseoluteus_A	Streptomyces griseoluteus_A NPDC058647
NPDC058648	Bacteria	Actinomycetota	Actinomycetia	Streptomycetales	Streptomycetaceae	Streptomyces	Streptomyces sp.	Streptomyces sp. NPDC058648
NPDC058649	Bacteria	Actinomycetota	Actinomycetia	Streptomycetales	Streptomycetaceae	Streptomyces	Streptomyces griseoluteus_A	Streptomyces griseoluteus_A NPDC058649
NPDC058650	Bacteria	Actinomycetota	Actinomycetia	Streptomycetales	Streptomycetaceae	Streptomyces	Streptomyces sp.	Streptomyces sp. NPDC058650
NPDC058653	Bacteria	Actinomycetota	Actinomycetia	Streptomycetales	Streptomycetaceae	Streptomyces	Streptomyces sp.	Streptomyces sp. NPDC058653
NPDC058655	Bacteria	Actinomycetota	Actinomycetia	Streptomycetales	Streptomycetaceae	Streptomyces	Streptomyces sp.	Streptomyces sp. NPDC058655
NPDC058656	Bacteria	Actinomycetota	Actinomycetia	Streptomycetales	Streptomycetaceae	Streptomyces	Streptomyces liliifuscus	Streptomyces sp. NPDC058656
NPDC058657	Bacteria	Actinomycetota	Actinomycetia	Streptomycetales	Streptomycetaceae	Streptomyces	Streptomyces sp.	Streptomyces sp. NPDC058657
NPDC058659	Bacteria	Actinomycetota	Actinomycetia	Streptomycetales	Streptomycetaceae	Streptomyces	Streptomyces sp.	Streptomyces sp. NPDC058659
NPDC058662	Bacteria	Actinomycetota	Actinomycetia	Streptomycetales	Streptomycetaceae	Streptomyces	Streptomyces sp.	Streptomyces sp. NPDC058662
NPDC058663	Bacteria	Actinomycetota	Actinomycetia	Streptomycetales	Streptomycetaceae	Streptomyces	Streptomyces sp.	Streptomyces sp. NPDC058663
NPDC058664	Bacteria	Actinomycetota	Actinomycetia	Streptomycetales	Streptomycetaceae	Streptomyces	Streptomyces sp.	Streptomyces sp. NPDC058664
NPDC058665	Bacteria	Actinomycetota	Actinomycetia	Streptomycetales	Streptomycetaceae	Streptomyces	Streptomyces sp.	Streptomyces sp. NPDC058665
NPDC058667	Bacteria	Actinomycetota	Actinomycetia	Streptomycetales	Streptomycetaceae	Streptomyces	Streptomyces sp.	Streptomyces sp. NPDC058667
NPDC058668	Bacteria	Actinomycetota	Actinomycetia	Streptomycetales	Streptomycetaceae	Streptomyces	Streptomyces sp.	Streptomyces sp. NPDC058668
NPDC058671	Bacteria	Actinomycetota	Actinomycetia	Streptomycetales	Streptomycetaceae	Streptomyces	Streptomyces sp.	Streptomyces sp. NPDC058671
NPDC058672	Bacteria	Actinomycetota	Actinomycetia	Streptomycetales	Streptomycetaceae	Streptomyces	Streptomyces sp.	Streptomyces sp. NPDC058672
NPDC058674	Bacteria	Actinomycetota	Actinomycetia	Streptomycetales	Streptomycetaceae	Streptomyces	Streptomyces sp.	Streptomyces sp. NPDC058674
NPDC058675	Bacteria	Actinomycetota	Actinomycetia	Streptomycetales	Streptomycetaceae	Streptomyces	Streptomyces griseus	Streptomyces griseus NPDC058675
NPDC058676	Bacteria	Actinomycetota	Actinomycetia	Streptomycetales	Streptomycetaceae	Streptomyces	Streptomyces sp.	Streptomyces sp. NPDC058676
NPDC058677	Bacteria	Actinomycetota	Actinomycetia	Streptomycetales	Streptomycetaceae	Streptomyces	Streptomyces sp.	Streptomyces sp. NPDC058677
NPDC058678	Bacteria	Actinomycetota	Actinomycetia	Streptomycetales	Streptomycetaceae	Streptomyces	Streptomyces sp.	Streptomyces sp. NPDC058678
NPDC058682	Bacteria	Actinomycetota	Actinomycetia	Streptomycetales	Streptomycetaceae	Streptomyces	Streptomyces sp.	Streptomyces sp. NPDC058682
NPDC058683	Bacteria	Actinomycetota	Actinomycetia	Streptomycetales	Streptomycetaceae	Streptomyces	Streptomyces sp.	Streptomyces sp. NPDC058683
NPDC058685	Bacteria	Actinomycetota	Actinomycetia	Streptomycetales	Streptomycetaceae	Streptomyces	Streptomyces sp.	Streptomyces sp. NPDC058685
NPDC058686	Bacteria	Actinomycetota	Actinomycetia	Streptomycetales	Streptomycetaceae	Streptomyces	Streptomyces sp.	Streptomyces sp. NPDC058686
NPDC058690	Bacteria	Actinomycetota	Actinomycetia	Streptomycetales	Streptomycetaceae	Streptomyces	Streptomyces sp900116325	Streptomyces sp. NPDC058690
NPDC058691	Bacteria	Actinomycetota	Actinomycetia	Streptomycetales	Streptomycetaceae	Streptomyces	Streptomyces sp.	Streptomyces sp. NPDC058691
NPDC058692	Bacteria	Actinomycetota	Actinomycetia	Streptomycetales	Streptomycetaceae	Streptomyces	Streptomyces decoyicus	Streptomyces decoyicus NPDC058692
NPDC058694	Bacteria	Actinomycetota	Actinomycetia	Streptomycetales	Streptomycetaceae	Streptomyces	Streptomyces liliifuscus	Streptomyces sp. NPDC058694
NPDC058695	Bacteria	Actinomycetota	Actinomycetia	Streptomycetales	Streptomycetaceae	Streptomyces	Streptomyces sp002803065	Streptomyces sp. NPDC058695
NPDC058697	Bacteria	Actinomycetota	Actinomycetia	Streptomycetales	Streptomycetaceae	Streptomyces	Streptomyces liliifuscus	Streptomyces sp. NPDC058697
NPDC058698	Bacteria	Actinomycetota	Actinomycetia	Streptomycetales	Streptomycetaceae	Streptomyces	Streptomyces sp002910825	Streptomyces sp. NPDC058698
NPDC058699	Bacteria	Actinomycetota	Actinomycetia	Streptomycetales	Streptomycetaceae	Streptomyces	Streptomyces goshikiensis	Streptomyces goshikiensis NPDC058699
NPDC058700	Bacteria	Actinomycetota	Actinomycetia	Streptomycetales	Streptomycetaceae	Streptomyces	Streptomyces sp.	Streptomyces sp. NPDC058700
NPDC058701	Bacteria	Actinomycetota	Actinomycetia	Streptomycetales	Streptomycetaceae	Streptomyces	Streptomyces sp.	Streptomyces sp. NPDC058701
NPDC058702	Bacteria	Actinomycetota	Actinomycetia	Streptomycetales	Streptomycetaceae	Streptomyces	Streptomyces cyaneofuscatus	Streptomyces cyaneofuscatus NPDC058702
NPDC058703	Bacteria	Actinomycetota	Actinomycetia	Streptomycetales	Streptomycetaceae	Streptomyces	Streptomyces fradiae	Streptomyces fradiae NPDC058703
NPDC058704	Bacteria	Actinomycetota	Actinomycetia	Streptomycetales	Streptomycetaceae	Streptomyces	Streptomyces albidoflavus	Streptomyces albidoflavus NPDC058704
NPDC058707	Bacteria	Actinomycetota	Actinomycetia	Streptomycetales	Streptomycetaceae	Streptomyces	Streptomyces bacillaris	Streptomyces bacillaris NPDC058707
NPDC058708	Bacteria	Actinomycetota	Actinomycetia	Streptomycetales	Streptomycetaceae	Streptomyces	Streptomyces albidoflavus	Streptomyces albidoflavus NPDC058708
NPDC058709	Bacteria	Actinomycetota	Actinomycetia	Streptomycetales	Streptomycetaceae	Streptomyces	Streptomyces olivaceus	Streptomyces olivaceus NPDC058709
NPDC058710	Bacteria	Actinomycetota	Actinomycetia	Streptomycetales	Streptomycetaceae	Streptomyces	Streptomyces fradiae	Streptomyces fradiae NPDC058710
NPDC058711	Bacteria	Actinomycetota	Actinomycetia	Streptomycetales	Streptomycetaceae	Streptomyces	Streptomyces albidoflavus	Streptomyces albidoflavus NPDC058711
NPDC058713	Bacteria	Actinomycetota	Actinomycetia	Streptomycetales	Streptomycetaceae	Streptomyces	Streptomyces albidoflavus	Streptomyces albidoflavus NPDC058713
NPDC058714	Bacteria	Actinomycetota	Actinomycetia	Streptomycetales	Streptomycetaceae	Streptomyces	Streptomyces albidoflavus	Streptomyces albidoflavus NPDC058714
NPDC058715	Bacteria	Actinomycetota	Actinomycetia	Streptomycetales	Streptomycetaceae	Streptomyces	Streptomyces albidoflavus	Streptomyces albidoflavus NPDC058715
NPDC058716	Bacteria	Actinomycetota	Actinomycetia	Streptomycetales	Streptomycetaceae	Streptomyces	Streptomyces rochei	Streptomyces rochei NPDC058716
NPDC058718	Bacteria	Actinomycetota	Actinomycetia	Streptomycetales	Streptomycetaceae	Streptomyces	Streptomyces sp001426585	Streptomyces sp. NPDC058718
NPDC058719	Bacteria	Actinomycetota	Actinomycetia	Streptomycetales	Streptomycetaceae	Streptomyces	Streptomyces glaucescens	Streptomyces pharetrae NPDC058719
NPDC058720	Bacteria	Actinomycetota	Actinomycetia	Streptomycetales	Streptomycetaceae	Streptomyces	Streptomyces cyaneofuscatus	Streptomyces cyaneofuscatus NPDC058720
NPDC058721	Bacteria	Actinomycetota	Actinomycetia	Streptomycetales	Streptomycetaceae	Streptomyces	Streptomyces fimicarius	Streptomyces griseus NPDC058721
NPDC058723	Bacteria	Actinomycetota	Actinomycetia	Streptomycetales	Streptomycetaceae	Streptomyces	Streptomyces microflavus	Streptomyces microflavus NPDC058723
NPDC058724	Bacteria	Actinomycetota	Actinomycetia	Streptomycetales	Streptomycetaceae	Streptomyces	Streptomyces cyaneofuscatus	Streptomyces cyaneofuscatus NPDC058724
NPDC058725	Bacteria	Actinomycetota	Actinomycetia	Streptomycetales	Streptomycetaceae	Streptomyces	Streptomyces microflavus	Streptomyces microflavus NPDC058725
NPDC058726	Bacteria	Actinomycetota	Actinomycetia	Streptomycetales	Streptomycetaceae	Streptomyces	Streptomyces sp002910825	Streptomyces sp. NPDC058726
NPDC058727	Bacteria	Actinomycetota	Actinomycetia	Streptomycetales	Streptomycetaceae	Streptomyces	Streptomyces cyaneofuscatus	Streptomyces cyaneofuscatus NPDC058727
NPDC058728	Bacteria	Actinomycetota	Actinomycetia	Streptomycetales	Streptomycetaceae	Streptomyces	Streptomyces sp.	Streptomyces sp. NPDC058728
NPDC058729	Bacteria	Actinomycetota	Actinomycetia	Streptomycetales	Streptomycetaceae	Streptomyces	Streptomyces anulatus	Streptomyces anulatus NPDC058729
NPDC058731	Bacteria	Actinomycetota	Actinomycetia	Streptomycetales	Streptomycetaceae	Streptomyces	Streptomyces sp.	Streptomyces sp. NPDC058731
NPDC058732	Bacteria	Actinomycetota	Actinomycetia	Streptomycetales	Streptomycetaceae	Streptomyces	Streptomyces olivaceoviridis	Streptomyces olivaceoviridis NPDC058732
NPDC058733	Bacteria	Actinomycetota	Actinomycetia	Streptomycetales	Streptomycetaceae	Streptomyces	Streptomyces sp.	Streptomyces sp. NPDC058733
NPDC058734	Bacteria	Actinomycetota	Actinomycetia	Streptomycetales	Streptomycetaceae	Streptomyces	Streptomyces sp000158895	Streptomyces sp. NPDC058734
NPDC058735	Bacteria	Actinomycetota	Actinomycetia	Streptomycetales	Streptomycetaceae	Streptomyces	Streptomyces sp.	Streptomyces sp. NPDC058735
NPDC058736	Bacteria	Actinomycetota	Actinomycetia	Streptomycetales	Streptomycetaceae	Streptomyces	Streptomyces papulosus	Kitasatospora papulosa NPDC058736
NPDC058737	Bacteria	Actinomycetota	Actinomycetia	Streptomycetales	Streptomycetaceae	Streptomyces	Streptomyces sp000772045	Streptomyces sp. NPDC058737
NPDC058738	Bacteria	Actinomycetota	Actinomycetia	Streptomycetales	Streptomycetaceae	Streptomyces	Streptomyces nigra	Streptomyces nigra NPDC058738
NPDC058739	Bacteria	Actinomycetota	Actinomycetia	Streptomycetales	Streptomycetaceae	Streptomyces	Streptomyces sp.	Streptomyces sp. NPDC058739
NPDC058740	Bacteria	Actinomycetota	Actinomycetia	Streptomycetales	Streptomycetaceae	Streptomyces	Streptomyces sp.	Streptomyces sp. NPDC058740
NPDC058741	Bacteria	Actinomycetota	Actinomycetia	Streptomycetales	Streptomycetaceae	Streptomyces	Streptomyces sp.	Streptomyces sp. NPDC058741
NPDC058743	Bacteria	Actinomycetota	Actinomycetia	Streptomycetales	Streptomycetaceae	Streptomyces	Streptomyces fungicidicus	Streptomyces fungicidicus NPDC058743
NPDC058744	Bacteria	Actinomycetota	Actinomycetia	Streptomycetales	Streptomycetaceae	Streptomyces	Streptomyces cyaneofuscatus	Streptomyces cyaneofuscatus NPDC058744
NPDC058746	Bacteria	Actinomycetota	Actinomycetia	Streptomycetales	Streptomycetaceae	Streptomyces	Streptomyces sp.	Streptomyces sp. NPDC058746
NPDC058747	Bacteria	Actinomycetota	Actinomycetia	Streptomycetales	Streptomycetaceae	Streptomyces	Streptomyces fungicidicus	Streptomyces fungicidicus NPDC058747
NPDC058748	Bacteria	Actinomycetota	Actinomycetia	Streptomycetales	Streptomycetaceae	Streptomyces	Streptomyces papulosus	Kitasatospora papulosa NPDC058748
NPDC058749	Bacteria	Actinomycetota	Actinomycetia	Streptomycetales	Streptomycetaceae	Streptomyces	Streptomyces tendae	Streptomyces tendae NPDC058749
NPDC058751	Bacteria	Actinomycetota	Actinomycetia	Streptomycetales	Streptomycetaceae	Streptomyces	Streptomyces sp.	Streptomyces sp. NPDC058751
NPDC058753	Bacteria	Actinomycetota	Actinomycetia	Streptomycetales	Streptomycetaceae	Kitasatospora	Kitasatospora phosalacinea_A	Kitasatospora phosalacinea NPDC058753
NPDC058755	Bacteria	Actinomycetota	Actinomycetia	Streptomycetales	Streptomycetaceae	Streptomyces	Streptomyces sp.	Streptomyces sp. NPDC058755
NPDC058757	Bacteria	Actinomycetota	Actinomycetia	Streptomycetales	Streptomycetaceae	Streptomyces	Streptomyces sp.	Streptomyces sp. NPDC058757
NPDC058758	Bacteria	Actinomycetota	Actinomycetia	Streptomycetales	Streptomycetaceae	Streptomyces	Streptomyces sp.	Streptomyces sp. NPDC058758
NPDC058759	Bacteria	Actinomycetota	Actinomycetia	Streptomycetales	Streptomycetaceae	Streptomyces	Streptomyces sp.	Streptomyces sp. NPDC058759
NPDC058761	Bacteria	Actinomycetota	Actinomycetia	Streptomycetales	Streptomycetaceae	Streptomyces	Streptomyces albogriseolus	Streptomyces albogriseolus NPDC058761
NPDC058762	Bacteria	Actinomycetota	Actinomycetia	Streptomycetales	Streptomycetaceae	Streptomyces	Streptomyces sp000772045	Streptomyces sp. NPDC058762
NPDC058763	Bacteria	Actinomycetota	Actinomycetia	Streptomycetales	Streptomycetaceae	Streptomyces	Streptomyces griseoaurantiacus	Streptomyces griseoaurantiacus NPDC058763
NPDC058764	Bacteria	Actinomycetota	Actinomycetia	Streptomycetales	Streptomycetaceae	Streptomyces	Streptomyces albogriseolus	Streptomyces albogriseolus NPDC058764
NPDC058765	Bacteria	Actinomycetota	Actinomycetia	Streptomycetales	Streptomycetaceae	Streptomyces	Streptomyces papulosus	Kitasatospora papulosa NPDC058765
NPDC058767	Bacteria	Actinomycetota	Actinomycetia	Streptomycetales	Streptomycetaceae	Streptomyces	Streptomyces olivaceoviridis	Streptomyces olivaceoviridis NPDC058767
NPDC058769	Bacteria	Actinomycetota	Actinomycetia	Streptomycetales	Streptomycetaceae	Streptomyces	Streptomyces albidoflavus	Streptomyces albidoflavus NPDC058769
NPDC058770	Bacteria	Actinomycetota	Actinomycetia	Streptomycetales	Streptomycetaceae	Streptomyces	Streptomyces sp001905795	Streptomyces sp. NPDC058770
NPDC058771	Bacteria	Actinomycetota	Actinomycetia	Streptomycetales	Streptomycetaceae	Streptomyces	Streptomyces albidoflavus	Streptomyces albidoflavus NPDC058771
NPDC058773	Bacteria	Actinomycetota	Actinomycetia	Streptomycetales	Streptomycetaceae	Streptomyces	Streptomyces sp.	Streptomyces sp. NPDC058773
NPDC058774	Bacteria	Actinomycetota	Actinomycetia	Streptomycetales	Streptomycetaceae	Streptomyces	Streptomyces harbinensis	Streptomyces harbinensis NPDC058774
NPDC058779	Bacteria	Actinomycetota	Actinomycetia	Streptomycetales	Streptomycetaceae	Streptomyces	Streptomyces murinus	Streptomyces murinus NPDC058779
NPDC058784	Bacteria	Actinomycetota	Actinomycetia	Streptomycetales	Streptomycetaceae	Streptomyces	Streptomyces albidoflavus	Streptomyces albidoflavus NPDC058784
NPDC058785	Bacteria	Actinomycetota	Actinomycetia	Streptomycetales	Streptomycetaceae	Streptomyces	Streptomyces olivaceus	Streptomyces olivaceus NPDC058785
NPDC058790	Bacteria	Actinomycetota	Actinomycetia	Streptomycetales	Streptomycetaceae	Streptomyces	Streptomyces rochei	Streptomyces rochei NPDC058790
NPDC058791	Bacteria	Actinomycetota	Actinomycetia	Streptomycetales	Streptomycetaceae	Streptomyces	Streptomyces rochei	Streptomyces rochei NPDC058791
NPDC058793	Bacteria	Actinomycetota	Actinomycetia	Streptomycetales	Streptomycetaceae	Streptomyces	Streptomyces sp001905385	Streptomyces sp. NPDC058793
NPDC058795	Bacteria	Actinomycetota	Actinomycetia	Streptomycetales	Streptomycetaceae	Streptomyces	Streptomyces albidoflavus	Streptomyces albidoflavus NPDC058795
NPDC058796	Bacteria	Actinomycetota	Actinomycetia	Streptomycetales	Streptomycetaceae	Streptomyces	Streptomyces sp001905385	Streptomyces sp. NPDC058796
NPDC058799	Bacteria	Actinomycetota	Actinomycetia	Streptomycetales	Streptomycetaceae	Streptomyces	Streptomyces smyrnaeus	Streptomyces smyrnaeus NPDC058799
NPDC058800	Bacteria	Actinomycetota	Actinomycetia	Streptomycetales	Streptomycetaceae	Streptomyces	Streptomyces fungicidicus	Streptomyces fungicidicus NPDC058800
NPDC058801	Bacteria	Actinomycetota	Actinomycetia	Streptomycetales	Streptomycetaceae	Streptomyces	Streptomyces rochei	Streptomyces rochei NPDC058801
NPDC058802	Bacteria	Actinomycetota	Actinomycetia	Streptomycetales	Streptomycetaceae	Streptomyces	Streptomyces rochei	Streptomyces rochei NPDC058802
NPDC058803	Bacteria	Actinomycetota	Actinomycetia	Streptomycetales	Streptomycetaceae	Streptomyces	Streptomyces rochei	Streptomyces rochei NPDC058803
NPDC058804	Bacteria	Actinomycetota	Actinomycetia	Streptomycetales	Streptomycetaceae	Streptomyces	Streptomyces rochei	Streptomyces rochei NPDC058804
NPDC058807	Bacteria	Actinomycetota	Actinomycetia	Streptomycetales	Streptomycetaceae	Streptomyces	Streptomyces sp001905385	Streptomyces sp. NPDC058807
NPDC058808	Bacteria	Actinomycetota	Actinomycetia	Streptomycetales	Streptomycetaceae	Streptomyces	Streptomyces rochei	Streptomyces rochei NPDC058808
NPDC058809	Bacteria	Actinomycetota	Actinomycetia	Streptomycetales	Streptomycetaceae	Streptomyces	Streptomyces rochei	Streptomyces rochei NPDC058809
NPDC058810	Bacteria	Actinomycetota	Actinomycetia	Streptomycetales	Streptomycetaceae	Streptomyces	Streptomyces rochei	Streptomyces rochei NPDC058810
NPDC058811	Bacteria	Actinomycetota	Actinomycetia	Streptomycetales	Streptomycetaceae	Streptomyces	Streptomyces rochei	Streptomyces rochei NPDC058811
NPDC058812	Bacteria	Actinomycetota	Actinomycetia	Streptomycetales	Streptomycetaceae	Streptomyces	Streptomyces sp003671715	Streptomyces sp. NPDC058812
NPDC058813	Bacteria	Actinomycetota	Actinomycetia	Streptomycetales	Streptomycetaceae	Streptomyces	Streptomyces rochei	Streptomyces rochei NPDC058813
NPDC058814	Bacteria	Actinomycetota	Actinomycetia	Streptomycetales	Streptomycetaceae	Streptomyces	Streptomyces rochei	Streptomyces rochei NPDC058814
NPDC058815	Bacteria	Actinomycetota	Actinomycetia	Streptomycetales	Streptomycetaceae	Streptomyces	Streptomyces rochei	Streptomyces rochei NPDC058815
NPDC058817	Bacteria	Actinomycetota	Actinomycetia	Streptomycetales	Streptomycetaceae	Streptomyces	Streptomyces pseudogriseolus	Streptomyces pseudogriseolus NPDC058817
NPDC058818	Bacteria	Actinomycetota	Actinomycetia	Streptomycetales	Streptomycetaceae	Streptomyces	Streptomyces sp003671715	Streptomyces sp. NPDC058818
NPDC058820	Bacteria	Actinomycetota	Actinomycetia	Streptomycetales	Streptomycetaceae	Streptomyces	Streptomyces smyrnaeus	Streptomyces smyrnaeus NPDC058820
NPDC058822	Bacteria	Actinomycetota	Actinomycetia	Streptomycetales	Streptomycetaceae	Streptomyces	Streptomyces pseudogriseolus	Streptomyces pseudogriseolus NPDC058822
NPDC058823	Bacteria	Actinomycetota	Actinomycetia	Streptomycetales	Streptomycetaceae	Streptomyces	Streptomyces rochei	Streptomyces rochei NPDC058823
NPDC058824	Bacteria	Actinomycetota	Actinomycetia	Streptomycetales	Streptomycetaceae	Streptomyces	Streptomyces mutabilis	Streptomyces mutabilis NPDC058824
NPDC058826	Bacteria	Actinomycetota	Actinomycetia	Streptomycetales	Streptomycetaceae	Streptomyces	Streptomyces sp001905385	Streptomyces sp. NPDC058826
NPDC058827	Bacteria	Actinomycetota	Actinomycetia	Streptomycetales	Streptomycetaceae	Streptomyces	Streptomyces mutabilis	Streptomyces mutabilis NPDC058827
NPDC058829	Bacteria	Actinomycetota	Actinomycetia	Streptomycetales	Streptomycetaceae	Streptomyces	Streptomyces sp001905385	Streptomyces sp. NPDC058829
NPDC058830	Bacteria	Actinomycetota	Actinomycetia	Streptomycetales	Streptomycetaceae	Streptomyces	Streptomyces sp001905385	Streptomyces sp. NPDC058830
NPDC058831	Bacteria	Actinomycetota	Actinomycetia	Streptomycetales	Streptomycetaceae	Streptomyces	Streptomyces mutabilis	Streptomyces mutabilis NPDC058831
NPDC058832	Bacteria	Actinomycetota	Actinomycetia	Streptomycetales	Streptomycetaceae	Streptomyces	Streptomyces sp001905385	Streptomyces sp. NPDC058832
NPDC058833	Bacteria	Actinomycetota	Actinomycetia	Streptomycetales	Streptomycetaceae	Streptomyces	Streptomyces mutabilis	Streptomyces mutabilis NPDC058833
NPDC058834	Bacteria	Actinomycetota	Actinomycetia	Streptomycetales	Streptomycetaceae	Streptomyces	Streptomyces sp003671715	Streptomyces sp. NPDC058834
NPDC058835	Bacteria	Actinomycetota	Actinomycetia	Streptomycetales	Streptomycetaceae	Streptomyces	Streptomyces mutabilis	Streptomyces mutabilis NPDC058835
NPDC058836	Bacteria	Actinomycetota	Actinomycetia	Streptomycetales	Streptomycetaceae	Streptomyces	Streptomyces mutabilis	Streptomyces mutabilis NPDC058836
NPDC058838	Bacteria	Actinomycetota	Actinomycetia	Streptomycetales	Streptomycetaceae	Streptomyces	Streptomyces smyrnaeus	Streptomyces smyrnaeus NPDC058838
NPDC058846	Bacteria	Actinomycetota	Actinomycetia	Streptomycetales	Streptomycetaceae	Streptomyces	Streptomyces rochei	Streptomyces rochei NPDC058846
NPDC058847	Bacteria	Actinomycetota	Actinomycetia	Streptomycetales	Streptomycetaceae	Streptomyces	Streptomyces sp001905385	Streptomyces sp. NPDC058847
NPDC058848	Bacteria	Actinomycetota	Actinomycetia	Streptomycetales	Streptomycetaceae	Streptomyces	Streptomyces sp001905385	Streptomyces sp. NPDC058848
NPDC058849	Bacteria	Actinomycetota	Actinomycetia	Streptomycetales	Streptomycetaceae	Streptomyces	Streptomyces rochei	Streptomyces rochei NPDC058849
NPDC058856	Bacteria	Actinomycetota	Actinomycetia	Streptomycetales	Streptomycetaceae	Streptomyces	Streptomyces rochei	Streptomyces rochei NPDC058856
NPDC058861	Bacteria	Actinomycetota	Actinomycetia	Streptomycetales	Streptomycetaceae	Streptomyces	Streptomyces sp.	Streptomyces sp. NPDC058861
NPDC058863	Bacteria	Actinomycetota	Actinomycetia	Streptomycetales	Streptomycetaceae	Streptomyces	Streptomyces griseoincarnatus	Streptomyces griseoincarnatus NPDC058863
NPDC058864	Bacteria	Actinomycetota	Actinomycetia	Streptomycetales	Streptomycetaceae	Streptomyces	Streptomyces sp.	Streptomyces sp. NPDC058864
NPDC058865	Bacteria	Actinomycetota	Actinomycetia	Streptomycetales	Streptomycetaceae	Streptomyces	Streptomyces sp.	Streptomyces sp. NPDC058865
NPDC058866	Bacteria	Actinomycetota	Actinomycetia	Streptomycetales	Streptomycetaceae	Streptomyces	Streptomyces sp000612545	Streptomyces sp. NPDC058866
NPDC058867	Bacteria	Actinomycetota	Actinomycetia	Streptomycetales	Streptomycetaceae	Streptomyces	Streptomyces sp.	Streptomyces sp. NPDC058867
NPDC058868	Bacteria	Actinomycetota	Actinomycetia	Streptomycetales	Streptomycetaceae	Streptomyces	Streptomyces sp001895105	Streptomyces sp. NPDC058868
NPDC058869	Bacteria	Actinomycetota	Actinomycetia	Streptomycetales	Streptomycetaceae	Streptomyces	Streptomyces sp001895105	Streptomyces sp. NPDC058869
NPDC058870	Bacteria	Actinomycetota	Actinomycetia	Streptomycetales	Streptomycetaceae	Streptomyces	Streptomyces antibioticus_B	Streptomyces antibioticus_B NPDC058870
NPDC058874	Bacteria	Actinomycetota	Actinomycetia	Streptomycetales	Streptomycetaceae	Streptomyces	Streptomyces sp000612545	Streptomyces sp. NPDC058874
NPDC058875	Bacteria	Actinomycetota	Actinomycetia	Streptomycetales	Streptomycetaceae	Streptomyces	Streptomyces sp000612545	Streptomyces sp. NPDC058875
NPDC058876	Bacteria	Actinomycetota	Actinomycetia	Streptomycetales	Streptomycetaceae	Streptomyces	Streptomyces sp000612545	Streptomyces sp. NPDC058876
NPDC058878	Bacteria	Actinomycetota	Actinomycetia	Streptomycetales	Streptomycetaceae	Streptomyces	Streptomyces antibioticus_B	Streptomyces antibioticus NPDC058878
NPDC058885	Bacteria	Actinomycetota	Actinomycetia	Streptomycetales	Streptomycetaceae	Streptomyces	Streptomyces albogriseolus	Streptomyces albogriseolus NPDC058885
NPDC058886	Bacteria	Actinomycetota	Actinomycetia	Streptomycetales	Streptomycetaceae	Streptomyces	Streptomyces nigra	Streptomyces nigra NPDC058886
NPDC058889	Bacteria	Actinomycetota	Actinomycetia	Streptomycetales	Streptomycetaceae	Streptomyces	Streptomyces tendae	Streptomyces tendae NPDC058889
NPDC058891	Bacteria	Actinomycetota	Actinomycetia	Streptomycetales	Streptomycetaceae	Streptomyces	Streptomyces sp001507435	Streptomyces sp. NPDC058891
NPDC058892	Bacteria	Actinomycetota	Actinomycetia	Streptomycetales	Streptomycetaceae	Streptomyces	Streptomyces sp000612545	Streptomyces sp. NPDC058892
NPDC058896	Bacteria	Actinomycetota	Actinomycetia	Streptomycetales	Streptomycetaceae	Streptomyces	Streptomyces albidoflavus	Streptomyces albidoflavus NPDC058896
NPDC058900	Bacteria	Actinomycetota	Actinomycetia	Streptomycetales	Streptomycetaceae	Streptomyces	Streptomyces griseoaurantiacus	Streptomyces griseoaurantiacus NPDC058900
NPDC058902	Bacteria	Actinomycetota	Actinomycetia	Streptomycetales	Streptomycetaceae	Streptomyces	Streptomyces pilosus	Streptomyces pilosus NPDC058902
NPDC058906	Bacteria	Actinomycetota	Actinomycetia	Streptomycetales	Streptomycetaceae	Streptomyces	Streptomyces nigra	Streptomyces nigra NPDC058906
NPDC058907	Bacteria	Actinomycetota	Actinomycetia	Streptomycetales	Streptomycetaceae	Streptomyces	Streptomyces griseoaurantiacus	Streptomyces griseoaurantiacus NPDC058907
NPDC058912	Bacteria	Actinomycetota	Actinomycetia	Streptomycetales	Streptomycetaceae	Streptomyces	Streptomyces tendae	Streptomyces tendae NPDC058912
NPDC058914	Bacteria	Actinomycetota	Actinomycetia	Streptomycetales	Streptomycetaceae	Streptomyces	Streptomyces sp.	Streptomyces sp. NPDC058914
NPDC058916	Bacteria	Actinomycetota	Actinomycetia	Streptomycetales	Streptomycetaceae	Streptomyces	Streptomyces griseoluteus	Streptomyces griseoluteus NPDC058916
NPDC058917	Bacteria	Actinomycetota	Actinomycetia	Streptomycetales	Streptomycetaceae	Streptomyces	Streptomyces nigra	Streptomyces nigra NPDC058917
NPDC058928	Bacteria	Actinomycetota	Actinomycetia	Streptomycetales	Streptomycetaceae	Streptomyces	Streptomyces nigra	Streptomyces nigra NPDC058928
NPDC058929	Bacteria	Actinomycetota	Actinomycetia	Streptomycetales	Streptomycetaceae	Streptomyces	Streptomyces sp001507435	Streptomyces sp. NPDC058929
NPDC058934	Bacteria	Actinomycetota	Actinomycetia	Streptomycetales	Streptomycetaceae	Streptomyces	Streptomyces pseudogriseolus	Streptomyces pseudogriseolus NPDC058934
NPDC058947	Bacteria	Actinomycetota	Actinomycetia	Streptomycetales	Streptomycetaceae	Streptomyces	Streptomyces sp002237655	Streptomyces sp. NPDC058947
NPDC058950	Bacteria	Actinomycetota	Actinomycetia	Streptomycetales	Streptomycetaceae	Streptomyces	Streptomyces tendae	Streptomyces tendae NPDC058950
NPDC058951	Bacteria	Actinomycetota	Actinomycetia	Streptomycetales	Streptomycetaceae	Streptomyces	Streptomyces fungicidicus	Streptomyces fungicidicus NPDC058951
NPDC058953	Bacteria	Actinomycetota	Actinomycetia	Streptomycetales	Streptomycetaceae	Streptomyces	Streptomyces sp.	Streptomyces sp. NPDC058953
NPDC058954	Bacteria	Actinomycetota	Actinomycetia	Streptomycetales	Streptomycetaceae	Streptomyces	Streptomyces sp006715395	Streptomyces sp. NPDC058954
NPDC058955	Bacteria	Actinomycetota	Actinomycetia	Streptomycetales	Streptomycetaceae	Streptomyces	Streptomyces sp.	Streptomyces sp. NPDC058955
NPDC058959	Bacteria	Actinomycetota	Actinomycetia	Streptomycetales	Streptomycetaceae	Streptomyces	Streptomyces bungoensis	Streptomyces bungoensis NPDC058959
NPDC058961	Bacteria	Actinomycetota	Actinomycetia	Streptomycetales	Streptomycetaceae	Streptomyces	Streptomyces sp002803085	Streptomyces sp. NPDC058961
NPDC058963	Bacteria	Actinomycetota	Actinomycetia	Streptomycetales	Streptomycetaceae	Streptomyces	Streptomyces albogriseolus	Streptomyces albogriseolus NPDC058963
NPDC058964	Bacteria	Actinomycetota	Actinomycetia	Streptomycetales	Streptomycetaceae	Streptomyces	Streptomyces sp.	Streptomyces sp. NPDC058964
NPDC058965	Bacteria	Actinomycetota	Actinomycetia	Streptomycetales	Streptomycetaceae	Kitasatospora	Kitasatospora sp.	Kitasatospora sp. NPDC058965
NPDC058967	Bacteria	Actinomycetota	Actinomycetia	Streptomycetales	Streptomycetaceae	Streptomyces	Streptomyces inhibens	Streptomyces inhibens NPDC058967
NPDC058971	Bacteria	Actinomycetota	Actinomycetia	Streptomycetales	Streptomycetaceae	Streptomyces	Streptomyces olivaceus	Streptomyces olivaceus NPDC058971
NPDC058973	Bacteria	Actinomycetota	Actinomycetia	Streptomycetales	Streptomycetaceae	Streptomyces	Streptomyces albidoflavus	Streptomyces albidoflavus NPDC058973
NPDC058981	Bacteria	Actinomycetota	Actinomycetia	Streptomycetales	Streptomycetaceae	Streptomyces	Streptomyces albidoflavus	Streptomyces albidoflavus NPDC058981
NPDC058982	Bacteria	Actinomycetota	Actinomycetia	Streptomycetales	Streptomycetaceae	Streptomyces	Streptomyces olivaceus	Streptomyces olivaceus NPDC058982
NPDC058984	Bacteria	Actinomycetota	Actinomycetia	Streptomycetales	Streptomycetaceae	Streptomyces	Streptomyces griseoincarnatus	Streptomyces griseoincarnatus NPDC058984
NPDC058985	Bacteria	Actinomycetota	Actinomycetia	Streptomycetales	Streptomycetaceae	Streptomyces	Streptomyces sp003947455	Streptomyces sp. NPDC058985
NPDC058989	Bacteria	Actinomycetota	Actinomycetia	Streptomycetales	Streptomycetaceae	Streptomyces	Streptomyces sp.	Streptomyces sp. NPDC058989
NPDC058991	Bacteria	Actinomycetota	Actinomycetia	Streptomycetales	Streptomycetaceae	Streptomyces	Streptomyces sp.	Streptomyces sp. NPDC058991
NPDC058992	Bacteria	Actinomycetota	Actinomycetia	Streptomycetales	Streptomycetaceae	Streptomyces	Streptomyces sp.	Streptomyces sp. NPDC058992
NPDC058993	Bacteria	Actinomycetota	Actinomycetia	Streptomycetales	Streptomycetaceae	Streptomyces	Streptomyces papulosus	Kitasatospora papulosa NPDC058993
NPDC058994	Bacteria	Actinomycetota	Actinomycetia	Streptomycetales	Streptomycetaceae	Streptomyces	Streptomyces papulosus	Kitasatospora papulosa NPDC058994
NPDC058995	Bacteria	Actinomycetota	Actinomycetia	Streptomycetales	Streptomycetaceae	Streptomyces	Streptomyces papulosus	Kitasatospora papulosa NPDC058995
NPDC058997	Bacteria	Actinomycetota	Actinomycetia	Streptomycetales	Streptomycetaceae	Streptomyces	Streptomyces papulosus	Kitasatospora papulosa NPDC058997
NPDC058998	Bacteria	Actinomycetota	Actinomycetia	Streptomycetales	Streptomycetaceae	Streptomyces	Streptomyces papulosus	Kitasatospora papulosa NPDC058998
NPDC058999	Bacteria	Actinomycetota	Actinomycetia	Streptomycetales	Streptomycetaceae	Streptomyces	Streptomyces papulosus	Kitasatospora papulosa NPDC058999
NPDC059000	Bacteria	Actinomycetota	Actinomycetia	Streptomycetales	Streptomycetaceae	Streptomyces	Streptomyces papulosus	Kitasatospora papulosa NPDC059000
NPDC059002	Bacteria	Actinomycetota	Actinomycetia	Streptomycetales	Streptomycetaceae	Streptomyces	Streptomyces sp.	Streptomyces sp. NPDC059002
NPDC059003	Bacteria	Actinomycetota	Actinomycetia	Streptomycetales	Streptomycetaceae	Streptomyces	Streptomyces sp.	Streptomyces sp. NPDC059003
NPDC059004	Bacteria	Actinomycetota	Actinomycetia	Streptomycetales	Streptomycetaceae	Streptomyces	Streptomyces papulosus	Kitasatospora papulosa NPDC059004
NPDC059005	Bacteria	Actinomycetota	Actinomycetia	Streptomycetales	Streptomycetaceae	Streptomyces	Streptomyces papulosus	Kitasatospora papulosa NPDC059005
NPDC059008	Bacteria	Actinomycetota	Actinomycetia	Streptomycetales	Streptomycetaceae	Streptomyces	Streptomyces sp.	Streptomyces sp. NPDC059008
NPDC059009	Bacteria	Actinomycetota	Actinomycetia	Streptomycetales	Streptomycetaceae	Streptomyces	Streptomyces sp.	Streptomyces sp. NPDC059009
NPDC059010	Bacteria	Actinomycetota	Actinomycetia	Streptomycetales	Streptomycetaceae	Streptomyces	Streptomyces sp013362785	Streptomyces sp. NPDC059010
NPDC059011	Bacteria	Actinomycetota	Actinomycetia	Streptomycetales	Streptomycetaceae	Streptomyces	Streptomyces sp.	Streptomyces sp. NPDC059011
NPDC059012	Bacteria	Actinomycetota	Actinomycetia	Streptomycetales	Streptomycetaceae	Streptomyces	Streptomyces albireticuli	Streptomyces albireticuli NPDC059012
NPDC059013	Bacteria	Actinomycetota	Actinomycetia	Streptomycetales	Streptomycetaceae	Streptomyces	Streptomyces sp.	Streptomyces sp. NPDC059013
NPDC059014	Bacteria	Actinomycetota	Actinomycetia	Streptomycetales	Streptomycetaceae	Streptomyces	Streptomyces griseoincarnatus	Streptomyces griseoincarnatus NPDC059014
NPDC059015	Bacteria	Actinomycetota	Actinomycetia	Streptomycetales	Streptomycetaceae	Streptomyces	Streptomyces sp.	Streptomyces sp. NPDC059015
NPDC059016	Bacteria	Actinomycetota	Actinomycetia	Streptomycetales	Streptomycetaceae	Streptomyces	Streptomyces sp.	Streptomyces sp. NPDC059016
NPDC059017	Bacteria	Actinomycetota	Actinomycetia	Streptomycetales	Streptomycetaceae	Streptomyces	Streptomyces sp.	Streptomyces sp. NPDC059017
NPDC059018	Bacteria	Actinomycetota	Actinomycetia	Streptomycetales	Streptomycetaceae	Streptomyces	Streptomyces sp.	Streptomyces sp. NPDC059018
NPDC059031	Bacteria	Actinomycetota	Actinomycetia	Streptomycetales	Streptomycetaceae	Streptomyces	Streptomyces griseoincarnatus	Streptomyces griseoincarnatus NPDC059031
NPDC059032	Bacteria	Actinomycetota	Actinomycetia	Streptomycetales	Streptomycetaceae	Streptomyces	Streptomyces griseoincarnatus	Streptomyces griseoincarnatus NPDC059032
NPDC059034	Bacteria	Actinomycetota	Actinomycetia	Streptomycetales	Streptomycetaceae	Streptomyces	Streptomyces alboflavus	Streptomyces alboflavus NPDC059034
NPDC059036	Bacteria	Actinomycetota	Actinomycetia	Streptomycetales	Streptomycetaceae	Streptomyces	Streptomyces massasporeus	Streptomyces massasporeus NPDC059036
NPDC059037	Bacteria	Actinomycetota	Actinomycetia	Streptomycetales	Streptomycetaceae	Streptomyces	Streptomyces sp.	Streptomyces sp. NPDC059037
NPDC059038	Bacteria	Actinomycetota	Actinomycetia	Streptomycetales	Streptomycetaceae	Streptomyces	Streptomyces alboflavus	Streptomyces alboflavus NPDC059038
NPDC059039	Bacteria	Actinomycetota	Actinomycetia	Streptomycetales	Streptomycetaceae	Streptomyces	Streptomyces papulosus	Kitasatospora papulosa NPDC059039
NPDC059042	Bacteria	Actinomycetota	Actinomycetia	Streptomycetales	Streptomycetaceae	Streptomyces	Streptomyces griseoincarnatus	Streptomyces griseoincarnatus NPDC059042
NPDC059043	Bacteria	Actinomycetota	Actinomycetia	Streptomycetales	Streptomycetaceae	Streptomyces	Streptomyces massasporeus	Streptomyces massasporeus NPDC059043
NPDC059044	Bacteria	Actinomycetota	Actinomycetia	Streptomycetales	Streptomycetaceae	Streptomyces	Streptomyces parvus	Streptomyces parvus NPDC059044
NPDC059046	Bacteria	Actinomycetota	Actinomycetia	Streptomycetales	Streptomycetaceae	Streptomyces	Streptomyces papulosus	Kitasatospora papulosa NPDC059046
NPDC059047	Bacteria	Actinomycetota	Actinomycetia	Streptomycetales	Streptomycetaceae	Streptomyces	Streptomyces parvus	Streptomyces parvus NPDC059047
NPDC059049	Bacteria	Actinomycetota	Actinomycetia	Streptomycetales	Streptomycetaceae	Streptomyces	Streptomyces papulosus	Kitasatospora papulosa NPDC059049
NPDC059052	Bacteria	Actinomycetota	Actinomycetia	Streptomycetales	Streptomycetaceae	Streptomyces	Streptomyces papulosus	Kitasatospora papulosa NPDC059052
NPDC059053	Bacteria	Actinomycetota	Actinomycetia	Streptomycetales	Streptomycetaceae	Streptomyces	Streptomyces papulosus	Kitasatospora papulosa NPDC059053
NPDC059055	Bacteria	Actinomycetota	Actinomycetia	Streptomycetales	Streptomycetaceae	Streptomyces	Streptomyces papulosus	Kitasatospora papulosa NPDC059055
NPDC059056	Bacteria	Actinomycetota	Actinomycetia	Streptomycetales	Streptomycetaceae	Streptomyces	Streptomyces papulosus	Kitasatospora papulosa NPDC059056
NPDC059057	Bacteria	Actinomycetota	Actinomycetia	Streptomycetales	Streptomycetaceae	Streptomyces	Streptomyces papulosus	Kitasatospora papulosa NPDC059057
NPDC059058	Bacteria	Actinomycetota	Actinomycetia	Streptomycetales	Streptomycetaceae	Streptomyces	Streptomyces papulosus	Kitasatospora papulosa NPDC059058
NPDC059059	Bacteria	Actinomycetota	Actinomycetia	Streptomycetales	Streptomycetaceae	Streptomyces	Streptomyces papulosus	Kitasatospora papulosa NPDC059059
NPDC059060	Bacteria	Actinomycetota	Actinomycetia	Streptomycetales	Streptomycetaceae	Streptomyces	Streptomyces papulosus	Kitasatospora papulosa NPDC059060
NPDC059062	Bacteria	Actinomycetota	Actinomycetia	Streptomycetales	Streptomycetaceae	Streptomyces	Streptomyces papulosus	Kitasatospora papulosa NPDC059062
NPDC059063	Bacteria	Actinomycetota	Actinomycetia	Streptomycetales	Streptomycetaceae	Streptomyces	Streptomyces sp.	Streptomyces sp. NPDC059063
NPDC059065	Bacteria	Actinomycetota	Actinomycetia	Streptomycetales	Streptomycetaceae	Streptomyces	Streptomyces papulosus	Kitasatospora papulosa NPDC059065
NPDC059066	Bacteria	Actinomycetota	Actinomycetia	Streptomycetales	Streptomycetaceae	Streptomyces	Streptomyces papulosus	Kitasatospora papulosa NPDC059066
NPDC059067	Bacteria	Actinomycetota	Actinomycetia	Streptomycetales	Streptomycetaceae	Streptomyces	Streptomyces papulosus	Kitasatospora papulosa NPDC059067
NPDC059068	Bacteria	Actinomycetota	Actinomycetia	Streptomycetales	Streptomycetaceae	Streptomyces	Streptomyces papulosus	Kitasatospora papulosa NPDC059068
NPDC059069	Bacteria	Actinomycetota	Actinomycetia	Streptomycetales	Streptomycetaceae	Streptomyces	Streptomyces papulosus	Kitasatospora papulosa NPDC059069
NPDC059070	Bacteria	Actinomycetota	Actinomycetia	Streptomycetales	Streptomycetaceae	Streptomyces	Streptomyces sp.	Streptomyces sp. NPDC059070
NPDC059072	Bacteria	Actinomycetota	Actinomycetia	Streptomycetales	Streptomycetaceae	Streptomyces	Streptomyces sp.	Streptomyces sp. NPDC059072
NPDC059075	Bacteria	Actinomycetota	Actinomycetia	Streptomycetales	Streptomycetaceae	Streptomyces	Streptomyces violascens	Streptomyces violascens NPDC059075
NPDC059076	Bacteria	Actinomycetota	Actinomycetia	Streptomycetales	Streptomycetaceae	Streptomyces	Streptomyces sp.	Streptomyces sp. NPDC059076
NPDC059080	Bacteria	Actinomycetota	Actinomycetia	Streptomycetales	Streptomycetaceae	Streptomyces	Streptomyces benahoarensis	Streptomyces sp. NPDC059080
NPDC059082	Bacteria	Actinomycetota	Actinomycetia	Streptomycetales	Streptomycetaceae	Streptomyces	Streptomyces sp.	Streptomyces sp. NPDC059082
NPDC059083	Bacteria	Actinomycetota	Actinomycetia	Streptomycetales	Streptomycetaceae	Streptomyces	Streptomyces sp.	Streptomyces sp. NPDC059083
NPDC059085	Bacteria	Actinomycetota	Actinomycetia	Streptomycetales	Streptomycetaceae	Streptomyces	Streptomyces violascens	Streptomyces violascens NPDC059085
NPDC059087	Bacteria	Actinomycetota	Actinomycetia	Streptomycetales	Streptomycetaceae	Streptomyces	Streptomyces niveus_A	Streptomyces niveus NPDC059087
NPDC059088	Bacteria	Actinomycetota	Actinomycetia	Streptomycetales	Streptomycetaceae	Kitasatospora	Kitasatospora sp.	Kitasatospora sp. NPDC059088
NPDC059092	Bacteria	Actinomycetota	Actinomycetia	Streptomycetales	Streptomycetaceae	Streptomyces	Streptomyces sp.	Streptomyces sp. NPDC059092
NPDC059095	Bacteria	Actinomycetota	Actinomycetia	Streptomycetales	Streptomycetaceae	Streptomyces	Streptomyces sp002803085	Streptomyces sp. NPDC059095
NPDC059096	Bacteria	Actinomycetota	Actinomycetia	Streptomycetales	Streptomycetaceae	Streptomyces	Streptomyces sp.	Streptomyces sp. NPDC059096
NPDC059098	Bacteria	Actinomycetota	Actinomycetia	Streptomycetales	Streptomycetaceae	Streptomyces	Streptomyces scopuliridis	Streptomyces scopuliridis NPDC059098
NPDC059101	Bacteria	Actinomycetota	Actinomycetia	Streptomycetales	Streptomycetaceae	Streptomyces	Streptomyces sp002803155	Streptomyces sp. NPDC059101
NPDC059105	Bacteria	Actinomycetota	Actinomycetia	Streptomycetales	Streptomycetaceae	Streptomyces	Streptomyces goshikiensis	Streptomyces goshikiensis NPDC059105
NPDC059106	Bacteria	Actinomycetota	Actinomycetia	Streptomycetales	Streptomycetaceae	Streptomyces	Streptomyces cyaneofuscatus	Streptomyces cyaneofuscatus NPDC059106
NPDC059118	Bacteria	Actinomycetota	Actinomycetia	Streptomycetales	Streptomycetaceae	Streptomyces	Streptomyces sp900091725	Streptomyces sp. NPDC059118
NPDC059119	Bacteria	Actinomycetota	Actinomycetia	Streptomycetales	Streptomycetaceae	Streptomyces	Streptomyces goshikiensis	Streptomyces goshikiensis NPDC059119
NPDC059121	Bacteria	Actinomycetota	Actinomycetia	Streptomycetales	Streptomycetaceae	Streptomyces	Streptomyces goshikiensis	Streptomyces goshikiensis NPDC059121
NPDC059122	Bacteria	Actinomycetota	Actinomycetia	Streptomycetales	Streptomycetaceae	Streptomyces	Streptomyces sp002803155	Streptomyces sp. NPDC059122
NPDC059125	Bacteria	Actinomycetota	Actinomycetia	Streptomycetales	Streptomycetaceae	Streptomyces	Streptomyces goshikiensis	Streptomyces goshikiensis NPDC059125
NPDC059128	Bacteria	Actinomycetota	Actinomycetia	Streptomycetales	Streptomycetaceae	Streptomyces	Streptomyces goshikiensis	Streptomyces goshikiensis NPDC059128
NPDC059129	Bacteria	Actinomycetota	Actinomycetia	Streptomycetales	Streptomycetaceae	Streptomyces	Streptomyces sp.	Streptomyces sp. NPDC059129
NPDC059130	Bacteria	Actinomycetota	Actinomycetia	Streptomycetales	Streptomycetaceae	Streptomyces	Streptomyces sp.	Streptomyces sp. NPDC059130
NPDC059131	Bacteria	Actinomycetota	Actinomycetia	Streptomycetales	Streptomycetaceae	Streptomyces	Streptomyces sp.	Streptomyces sp. NPDC059131
NPDC059134	Bacteria	Actinomycetota	Actinomycetia	Streptomycetales	Streptomycetaceae	Streptomyces	Streptomyces sp.	Streptomyces sp. NPDC059134
NPDC059135	Bacteria	Actinomycetota	Actinomycetia	Streptomycetales	Streptomycetaceae	Streptomyces	Streptomyces lydicus_C	Streptomyces lydicus NPDC059135
NPDC059136	Bacteria	Actinomycetota	Actinomycetia	Streptomycetales	Streptomycetaceae	Streptomyces	Streptomyces goshikiensis	Streptomyces goshikiensis NPDC059136
NPDC059140	Bacteria	Actinomycetota	Actinomycetia	Streptomycetales	Streptomycetaceae	Streptomyces	Streptomyces griseus	Streptomyces griseus NPDC059140
NPDC059142	Bacteria	Actinomycetota	Actinomycetia	Streptomycetales	Streptomycetaceae	Streptomyces	Streptomyces sp.	Streptomyces sp. NPDC059142
NPDC059144	Bacteria	Actinomycetota	Actinomycetia	Streptomycetales	Streptomycetaceae	Streptomyces	Streptomyces durocortorensis	Streptomyces sp. NPDC059144
NPDC059149	Bacteria	Actinomycetota	Actinomycetia	Streptomycetales	Streptomycetaceae	Streptomyces	Streptomyces goshikiensis	Streptomyces goshikiensis NPDC059149
NPDC059152	Bacteria	Actinomycetota	Actinomycetia	Streptomycetales	Streptomycetaceae	Streptomyces	Streptomyces sp002803155	Streptomyces sp. NPDC059152
NPDC059153	Bacteria	Actinomycetota	Actinomycetia	Streptomycetales	Streptomycetaceae	Streptomyces	Streptomyces sp900091955	Streptomyces sp. NPDC059153
NPDC059155	Bacteria	Actinomycetota	Actinomycetia	Streptomycetales	Streptomycetaceae	Streptomyces	Streptomyces sp.	Streptomyces sp. NPDC059155
NPDC059157	Bacteria	Actinomycetota	Actinomycetia	Streptomycetales	Streptomycetaceae	Streptomyces	Streptomyces niveus	Streptomyces niveus NPDC059157
NPDC059158	Bacteria	Actinomycetota	Actinomycetia	Streptomycetales	Streptomycetaceae	Streptomyces	Streptomyces kronopolitis	Streptomyces kronopolitis NPDC059158
NPDC059160	Bacteria	Actinomycetota	Actinomycetia	Streptomycetales	Streptomycetaceae	Kitasatospora	Kitasatospora sp.	Kitasatospora sp. NPDC059160
NPDC059161	Bacteria	Actinomycetota	Actinomycetia	Streptomycetales	Streptomycetaceae	Streptomyces	Streptomyces sp.	Streptomyces sp. NPDC059161
NPDC059164	Bacteria	Actinomycetota	Actinomycetia	Streptomycetales	Streptomycetaceae	Streptomyces	Streptomyces sp001895105	Streptomyces sp. NPDC059164
NPDC059165	Bacteria	Actinomycetota	Actinomycetia	Streptomycetales	Streptomycetaceae	Streptomyces	Streptomyces sp.	Streptomyces sp. NPDC059165
NPDC059166	Bacteria	Actinomycetota	Actinomycetia	Streptomycetales	Streptomycetaceae	Streptomyces	Streptomyces sp.	Streptomyces sp. NPDC059166
NPDC059168	Bacteria	Actinomycetota	Actinomycetia	Streptomycetales	Streptomycetaceae	Streptomyces	Streptomyces cellostaticus_A	Streptomyces sp. NPDC059168
NPDC059170	Bacteria	Actinomycetota	Actinomycetia	Streptomycetales	Streptomycetaceae	Streptomyces	Streptomyces anulatus	Streptomyces anulatus NPDC059170
NPDC059171	Bacteria	Actinomycetota	Actinomycetia	Streptomycetales	Streptomycetaceae	Streptomyces	Streptomyces sp001895105	Streptomyces sp. NPDC059171
NPDC059172	Bacteria	Actinomycetota	Actinomycetia	Streptomycetales	Streptomycetaceae	Streptomyces	Streptomyces bacillaris	Streptomyces bacillaris NPDC059172
NPDC059173	Bacteria	Actinomycetota	Actinomycetia	Streptomycetales	Streptomycetaceae	Streptomyces	Streptomyces sp001895105	Streptomyces sp. NPDC059173
NPDC059174	Bacteria	Actinomycetota	Actinomycetia	Streptomycetales	Streptomycetaceae	Streptomyces	Streptomyces anulatus	Streptomyces anulatus NPDC059174
NPDC059175	Bacteria	Actinomycetota	Actinomycetia	Streptomycetales	Streptomycetaceae	Streptomyces	Streptomyces sp.	Streptomyces sp. NPDC059175
NPDC059176	Bacteria	Actinomycetota	Actinomycetia	Streptomycetales	Streptomycetaceae	Streptomyces	Streptomyces sp.	Streptomyces sp. NPDC059176
NPDC059178	Bacteria	Actinomycetota	Actinomycetia	Streptomycetales	Streptomycetaceae	Streptomyces	Streptomyces anulatus	Streptomyces anulatus NPDC059178
NPDC059183	Bacteria	Actinomycetota	Actinomycetia	Streptomycetales	Streptomycetaceae	Streptomyces	Streptomyces albidoflavus	Streptomyces albidoflavus NPDC059183
NPDC059184	Bacteria	Actinomycetota	Actinomycetia	Streptomycetales	Streptomycetaceae	Streptomyces	Streptomyces griseus	Streptomyces griseus NPDC059184
NPDC059185	Bacteria	Actinomycetota	Actinomycetia	Streptomycetales	Streptomycetaceae	Streptomyces	Streptomyces sp014451325	Streptomyces sp. NPDC059185
NPDC059191	Bacteria	Actinomycetota	Actinomycetia	Streptomycetales	Streptomycetaceae	Streptomyces	Streptomyces anulatus	Streptomyces anulatus NPDC059191
NPDC059193	Bacteria	Actinomycetota	Actinomycetia	Streptomycetales	Streptomycetaceae	Streptomyces	Streptomyces sp.	Streptomyces sp. NPDC059193
NPDC059196	Bacteria	Actinomycetota	Actinomycetia	Streptomycetales	Streptomycetaceae	Streptomyces	Streptomyces anulatus	Streptomyces anulatus NPDC059196
NPDC059202	Bacteria	Actinomycetota	Actinomycetia	Streptomycetales	Streptomycetaceae	Streptomyces	Streptomyces sp.	Streptomyces sp. NPDC059202
NPDC059204	Bacteria	Actinomycetota	Actinomycetia	Streptomycetales	Streptomycetaceae	Streptomyces	Streptomyces sp022695985	Streptomyces sp. NPDC059204
NPDC059206	Bacteria	Actinomycetota	Actinomycetia	Streptomycetales	Streptomycetaceae	Streptomyces	Streptomyces antimycoticus	Streptomyces antimycoticus NPDC059206
NPDC059207	Bacteria	Actinomycetota	Actinomycetia	Streptomycetales	Streptomycetaceae	Streptomyces	Streptomyces violascens	Streptomyces violascens NPDC059207
NPDC059210	Bacteria	Actinomycetota	Actinomycetia	Streptomycetales	Streptomycetaceae	Yinghuangia	Yinghuangia sp.	Yinghuangia sp. NPDC059210
NPDC059213	Bacteria	Actinomycetota	Actinomycetia	Streptomycetales	Streptomycetaceae	Embleya	Embleya sp.	Embleya sp. NPDC059213
NPDC059214	Bacteria	Actinomycetota	Actinomycetia	Streptomycetales	Streptomycetaceae	Kitasatospora	Kitasatospora indigofera	Kitasatospora indigofera NPDC059214
NPDC059215	Bacteria	Actinomycetota	Actinomycetia	Streptomycetales	Streptomycetaceae	Streptomyces	Streptomyces sp008042115	Streptomyces sp. NPDC059215
NPDC059216	Bacteria	Actinomycetota	Actinomycetia	Streptomycetales	Streptomycetaceae	Kitasatospora	Kitasatospora indigofera	Kitasatospora indigofera NPDC059216
NPDC059218	Bacteria	Actinomycetota	Actinomycetia	Streptomycetales	Streptomycetaceae	Streptomyces	Streptomyces sp003846175	Streptomyces sp. NPDC059218
NPDC059221	Bacteria	Actinomycetota	Actinomycetia	Streptomycetales	Streptomycetaceae	Streptomyces	Streptomyces sp003846175	Streptomyces sp. NPDC059221
NPDC059224	Bacteria	Actinomycetota	Actinomycetia	Streptomycetales	Streptomycetaceae	Streptomyces	Streptomyces sp.	Streptomyces sp. NPDC059224
NPDC059227	Bacteria	Actinomycetota	Actinomycetia	Streptomycetales	Streptomycetaceae	Streptomyces	Streptomyces niveus_A	Streptomyces niveus NPDC059227
NPDC059230	Bacteria	Actinomycetota	Actinomycetia	Streptomycetales	Streptomycetaceae	Streptomyces	Streptomyces scopuliridis	Streptomyces scopuliridis NPDC059230
NPDC059242	Bacteria	Actinomycetota	Actinomycetia	Streptomycetales	Streptomycetaceae	Streptomyces	Streptomyces sp001905905	Streptomyces sp. NPDC059242
NPDC059247	Bacteria	Actinomycetota	Actinomycetia	Streptomycetales	Streptomycetaceae	Streptomyces	Streptomyces sp.	Streptomyces sp. NPDC059247
NPDC059248	Bacteria	Actinomycetota	Actinomycetia	Streptomycetales	Streptomycetaceae	Streptomyces	Streptomyces sp.	Streptomyces sp. NPDC059248
NPDC059250	Bacteria	Actinomycetota	Actinomycetia	Streptomycetales	Streptomycetaceae	Streptomyces	Streptomyces niveus	Streptomyces niveus NPDC059250
NPDC059255	Bacteria	Actinomycetota	Actinomycetia	Streptomycetales	Streptomycetaceae	Streptomyces	Streptomyces sp.	Streptomyces sp. NPDC059255
NPDC059256	Bacteria	Actinomycetota	Actinomycetia	Streptomycetales	Streptomycetaceae	Streptomyces	Streptomyces sp.	Streptomyces sp. NPDC059256
NPDC059258	Bacteria	Actinomycetota	Actinomycetia	Streptomycetales	Streptomycetaceae	Streptomyces	Streptomyces durocortorensis	Streptomyces sp. NPDC059258
NPDC059260	Bacteria	Actinomycetota	Actinomycetia	Streptomycetales	Streptomycetaceae	Streptomyces	Streptomyces roseus	Streptomyces roseus NPDC059260
NPDC059261	Bacteria	Actinomycetota	Actinomycetia	Streptomycetales	Streptomycetaceae	Streptomyces	Streptomyces canus_C	Streptomyces canus NPDC059261
NPDC059262	Bacteria	Actinomycetota	Actinomycetia	Streptomycetales	Streptomycetaceae	Streptomyces	Streptomyces sp.	Streptomyces sp. NPDC059262
NPDC059263	Bacteria	Actinomycetota	Actinomycetia	Streptomycetales	Streptomycetaceae	Streptomyces	Streptomyces sp003403055	Streptomyces sp. NPDC059263
NPDC059268	Bacteria	Actinomycetota	Actinomycetia	Streptomycetales	Streptomycetaceae	Streptomyces	Streptomyces goshikiensis	Streptomyces goshikiensis NPDC059268
NPDC059269	Bacteria	Actinomycetota	Actinomycetia	Streptomycetales	Streptomycetaceae	Streptomyces	Streptomyces goshikiensis	Streptomyces goshikiensis NPDC059269
NPDC059271	Bacteria	Actinomycetota	Actinomycetia	Streptomycetales	Streptomycetaceae	Streptomyces	Streptomyces sp002078175	Streptomyces sp. NPDC059271
NPDC059272	Bacteria	Actinomycetota	Actinomycetia	Streptomycetales	Streptomycetaceae	Streptomyces	Streptomyces sp016893485	Streptomyces sp. NPDC059272
NPDC059274	Bacteria	Actinomycetota	Actinomycetia	Streptomycetales	Streptomycetaceae	Kitasatospora	Kitasatospora indigofera	Kitasatospora indigofera NPDC059274
NPDC059276	Bacteria	Actinomycetota	Actinomycetia	Streptomycetales	Streptomycetaceae	Kitasatospora	Kitasatospora indigofera	Kitasatospora indigofera NPDC059276
NPDC059277	Bacteria	Actinomycetota	Actinomycetia	Streptomycetales	Streptomycetaceae	Kitasatospora	Kitasatospora indigofera	Kitasatospora indigofera NPDC059277
NPDC059278	Bacteria	Actinomycetota	Actinomycetia	Streptomycetales	Streptomycetaceae	Streptomyces	Streptomyces sp003846175	Streptomyces sp. NPDC059278
NPDC059279	Bacteria	Actinomycetota	Actinomycetia	Streptomycetales	Streptomycetaceae	Streptomyces	Streptomyces roseus	Streptomyces roseus NPDC059279
NPDC059280	Bacteria	Actinomycetota	Actinomycetia	Streptomycetales	Streptomycetaceae	Yinghuangia	Yinghuangia sp.	Yinghuangia sp. NPDC059280
NPDC059326	Bacteria	Actinomycetota	Actinomycetia	Streptomycetales	Streptomycetaceae	Streptomyces	Streptomyces lavendulae_C	Streptomyces lavendulae NPDC059326
NPDC059327	Bacteria	Actinomycetota	Actinomycetia	Streptomycetales	Streptomycetaceae	Kitasatospora	Kitasatospora sp.	Kitasatospora sp. NPDC059327
NPDC059332	Bacteria	Actinomycetota	Actinomycetia	Streptomycetales	Streptomycetaceae	Streptomyces	Streptomyces rubiginosohelvolus	Streptomyces rubiginosohelvolus NPDC059332
NPDC059337	Bacteria	Actinomycetota	Actinomycetia	Streptomycetales	Streptomycetaceae	Kitasatospora	Kitasatospora sp.	Kitasatospora sp. NPDC059337
NPDC059338	Bacteria	Actinomycetota	Actinomycetia	Streptomycetales	Streptomycetaceae	Streptomyces	Streptomyces bikiniensis	Streptomyces bikiniensis NPDC059338
NPDC059340	Bacteria	Actinomycetota	Actinomycetia	Streptomycetales	Streptomycetaceae	Streptomyces	Streptomyces sp002846625	Streptomyces sp. NPDC059340
NPDC059341	Bacteria	Actinomycetota	Actinomycetia	Streptomycetales	Streptomycetaceae	Streptomyces	Streptomyces mirabilis	Streptomyces mirabilis NPDC059341
NPDC059342	Bacteria	Actinomycetota	Actinomycetia	Streptomycetales	Streptomycetaceae	Streptomyces	Streptomyces cellulosae	Streptomyces cellulosae NPDC059342
NPDC059344	Bacteria	Actinomycetota	Actinomycetia	Streptomycetales	Streptomycetaceae	Streptomyces	Streptomyces goshikiensis	Streptomyces goshikiensis NPDC059344
NPDC059345	Bacteria	Actinomycetota	Actinomycetia	Streptomycetales	Streptomycetaceae	Streptomyces	Streptomyces sp.	Streptomyces sp. NPDC059345
NPDC059346	Bacteria	Actinomycetota	Actinomycetia	Streptomycetales	Streptomycetaceae	Streptomyces	Streptomyces sp001905905	Streptomyces sp. NPDC059346
NPDC059348	Bacteria	Actinomycetota	Actinomycetia	Streptomycetales	Streptomycetaceae	Streptomyces	Streptomyces olivochromogenes	Streptomyces mirabilis NPDC059348
NPDC059349	Bacteria	Actinomycetota	Actinomycetia	Streptomycetales	Streptomycetaceae	Streptomyces	Streptomyces sp.	Streptomyces sp. NPDC059349
NPDC059350	Bacteria	Actinomycetota	Actinomycetia	Streptomycetales	Streptomycetaceae	Streptomyces	Streptomyces sp001905905	Streptomyces sp. NPDC059350
NPDC059351	Bacteria	Actinomycetota	Actinomycetia	Streptomycetales	Streptomycetaceae	Streptomyces	Streptomyces rubiginosohelvolus	Streptomyces rubiginosohelvolus NPDC059351
NPDC059352	Bacteria	Actinomycetota	Actinomycetia	Streptomycetales	Streptomycetaceae	Streptomyces	Streptomyces sp.	Streptomyces sp. NPDC059352
NPDC059353	Bacteria	Actinomycetota	Actinomycetia	Streptomycetales	Streptomycetaceae	Streptomyces	Streptomyces scopuliridis	Streptomyces scopuliridis NPDC059353
NPDC059354	Bacteria	Actinomycetota	Actinomycetia	Streptomycetales	Streptomycetaceae	Streptomyces	Streptomyces scopuliridis	Streptomyces scopuliridis NPDC059354
NPDC059355	Bacteria	Actinomycetota	Actinomycetia	Streptomycetales	Streptomycetaceae	Streptomyces	Streptomyces flavotricini	Streptomyces sp. NPDC059355
NPDC059357	Bacteria	Actinomycetota	Actinomycetia	Streptomycetales	Streptomycetaceae	Streptomyces	Streptomyces olivochromogenes	Streptomyces mirabilis NPDC059357
NPDC059359	Bacteria	Actinomycetota	Actinomycetia	Streptomycetales	Streptomycetaceae	Streptomyces	Streptomyces olivochromogenes	Streptomyces mirabilis NPDC059359
NPDC059360	Bacteria	Actinomycetota	Actinomycetia	Streptomycetales	Streptomycetaceae	Streptomyces	Streptomyces olivochromogenes	Streptomyces mirabilis NPDC059360
NPDC059362	Bacteria	Actinomycetota	Actinomycetia	Streptomycetales	Streptomycetaceae	Streptomyces	Streptomyces caelestis_A	Streptomyces caelestis NPDC059362
NPDC059363	Bacteria	Actinomycetota	Actinomycetia	Streptomycetales	Streptomycetaceae	Streptomyces	Streptomyces olivochromogenes	Streptomyces mirabilis NPDC059363
NPDC059365	Bacteria	Actinomycetota	Actinomycetia	Streptomycetales	Streptomycetaceae	Streptomyces	Streptomyces scopuliridis	Streptomyces scopuliridis NPDC059365
NPDC059366	Bacteria	Actinomycetota	Actinomycetia	Streptomycetales	Streptomycetaceae	Streptomyces	Streptomyces scopuliridis	Streptomyces scopuliridis NPDC059366
NPDC059369	Bacteria	Actinomycetota	Actinomycetia	Streptomycetales	Streptomycetaceae	Streptomyces	Streptomyces mirabilis	Streptomyces mirabilis NPDC059369
NPDC059370	Bacteria	Actinomycetota	Actinomycetia	Streptomycetales	Streptomycetaceae	Streptomyces	Streptomyces seoulensis_A	Streptomyces seoulensis_A NPDC059370
NPDC059371	Bacteria	Actinomycetota	Actinomycetia	Streptomycetales	Streptomycetaceae	Streptomyces	Streptomyces sp.	Streptomyces sp. NPDC059371
NPDC059373	Bacteria	Actinomycetota	Actinomycetia	Streptomycetales	Streptomycetaceae	Streptomyces	Streptomyces sp.	Streptomyces sp. NPDC059373
NPDC059374	Bacteria	Actinomycetota	Actinomycetia	Streptomycetales	Streptomycetaceae	Streptomyces	Streptomyces sp001509795	Streptomyces sp. NPDC059374
NPDC059376	Bacteria	Actinomycetota	Actinomycetia	Streptomycetales	Streptomycetaceae	Streptomyces	Streptomyces lydicus	Streptomyces lydicus NPDC059376
NPDC059378	Bacteria	Actinomycetota	Actinomycetia	Streptomycetales	Streptomycetaceae	Streptomyces	Streptomyces sp.	Streptomyces sp. NPDC059378
NPDC059380	Bacteria	Actinomycetota	Actinomycetia	Streptomycetales	Streptomycetaceae	Streptomyces	Streptomyces hygroscopicus	Streptomyces hygroscopicus NPDC059380
NPDC059382	Bacteria	Actinomycetota	Actinomycetia	Streptomycetales	Streptomycetaceae	Streptomyces	Streptomyces sp001279725	Streptomyces sp. NPDC059382
NPDC059385	Bacteria	Actinomycetota	Actinomycetia	Streptomycetales	Streptomycetaceae	Streptomyces	Streptomyces sp.	Streptomyces sp. NPDC059385
NPDC059388	Bacteria	Actinomycetota	Actinomycetia	Streptomycetales	Streptomycetaceae	Streptomyces	Streptomyces mirabilis	Streptomyces mirabilis NPDC059388
NPDC059391	Bacteria	Actinomycetota	Actinomycetia	Streptomycetales	Streptomycetaceae	Streptomyces	Streptomyces glauciniger	Actinacidiphila glaucinigra NPDC059391
NPDC059392	Bacteria	Actinomycetota	Actinomycetia	Streptomycetales	Streptomycetaceae	Streptomyces	Streptomyces californicus	Streptomyces californicus NPDC059392
NPDC059394	Bacteria	Actinomycetota	Actinomycetia	Streptomycetales	Streptomycetaceae	Streptomyces	Streptomyces bacillaris	Streptomyces bacillaris NPDC059394
NPDC059396	Bacteria	Actinomycetota	Actinomycetia	Streptomycetales	Streptomycetaceae	Streptomyces	Streptomyces sp.	Streptomyces sp. NPDC059396
NPDC059397	Bacteria	Actinomycetota	Actinomycetia	Streptomycetales	Streptomycetaceae	Streptomyces	Streptomyces anthocyanicus	Streptomyces anthocyanicus NPDC059397
NPDC059398	Bacteria	Actinomycetota	Actinomycetia	Streptomycetales	Streptomycetaceae	Streptomyces	Streptomyces sp.	Streptomyces sp. NPDC059398
NPDC059399	Bacteria	Actinomycetota	Actinomycetia	Streptomycetales	Streptomycetaceae	Streptomyces	Streptomyces papulosus	Kitasatospora papulosa NPDC059399
NPDC059401	Bacteria	Actinomycetota	Actinomycetia	Streptomycetales	Streptomycetaceae	Streptomyces	Streptomyces sp001905905	Streptomyces sp. NPDC059401
NPDC059402	Bacteria	Actinomycetota	Actinomycetia	Streptomycetales	Streptomycetaceae	Streptomyces	Streptomyces sp000772045	Streptomyces sp. NPDC059402
NPDC059404	Bacteria	Actinomycetota	Actinomycetia	Streptomycetales	Streptomycetaceae	Streptomyces	Streptomyces nigra	Streptomyces nigra NPDC059404
NPDC059405	Bacteria	Actinomycetota	Actinomycetia	Streptomycetales	Streptomycetaceae	Streptomyces	Streptomyces parvulus	Streptomyces parvulus NPDC059405
NPDC059407	Bacteria	Actinomycetota	Actinomycetia	Streptomycetales	Streptomycetaceae	Streptomyces	Streptomyces naganishii	Streptomyces naganishii NPDC059407
NPDC059408	Bacteria	Actinomycetota	Actinomycetia	Streptomycetales	Streptomycetaceae	Kitasatospora	Kitasatospora sp.	Kitasatospora sp. NPDC059408
NPDC059409	Bacteria	Actinomycetota	Actinomycetia	Streptomycetales	Streptomycetaceae	Streptomyces	Streptomyces sp000772045	Streptomyces sp. NPDC059409
NPDC059411	Bacteria	Actinomycetota	Actinomycetia	Streptomycetales	Streptomycetaceae	Streptomyces	Streptomyces sp.	Streptomyces sp. NPDC059411
NPDC059415	Bacteria	Actinomycetota	Actinomycetia	Streptomycetales	Streptomycetaceae	Streptomyces	Streptomyces coelicoflavus	Streptomyces coelicoflavus NPDC059415
NPDC059416	Bacteria	Actinomycetota	Actinomycetia	Streptomycetales	Streptomycetaceae	Streptomyces	Streptomyces hokutonensis	Streptomyces hokutonensis NPDC059416
NPDC059417	Bacteria	Actinomycetota	Actinomycetia	Streptomycetales	Streptomycetaceae	Streptomyces	Streptomyces mirabilis	Streptomyces mirabilis NPDC059417
NPDC059420	Bacteria	Actinomycetota	Actinomycetia	Streptomycetales	Streptomycetaceae	Streptomyces	Streptomyces althioticus	Streptomyces althioticus NPDC059420
NPDC059421	Bacteria	Actinomycetota	Actinomycetia	Streptomycetales	Streptomycetaceae	Streptomyces	Streptomyces virginiae	Streptomyces virginiae NPDC059421
NPDC059424	Bacteria	Actinomycetota	Actinomycetia	Streptomycetales	Streptomycetaceae	Streptomyces	Streptomyces sp.	Streptomyces sp. NPDC059424
NPDC059425	Bacteria	Actinomycetota	Actinomycetia	Streptomycetales	Streptomycetaceae	Streptomyces	Streptomyces sp001905905	Streptomyces sp. NPDC059425
NPDC059426	Bacteria	Actinomycetota	Actinomycetia	Streptomycetales	Streptomycetaceae	Streptomyces	Streptomyces sp018883605	Streptomyces sp. NPDC059426
NPDC059427	Bacteria	Actinomycetota	Actinomycetia	Streptomycetales	Streptomycetaceae	Kitasatospora	Kitasatospora cineracea	Kitasatospora cineracea NPDC059427
NPDC059429	Bacteria	Actinomycetota	Actinomycetia	Streptomycetales	Streptomycetaceae	Streptomyces	Streptomyces cellulosae	Streptomyces cellulosae NPDC059429
NPDC059430	Bacteria	Actinomycetota	Actinomycetia	Streptomycetales	Streptomycetaceae	Streptomyces	Streptomyces rubiginosohelvolus	Streptomyces rubiginosohelvolus NPDC059430
NPDC059431	Bacteria	Actinomycetota	Actinomycetia	Streptomycetales	Streptomycetaceae	Streptomyces	Streptomyces sp.	Streptomyces sp. NPDC059431
NPDC059432	Bacteria	Actinomycetota	Actinomycetia	Streptomycetales	Streptomycetaceae	Streptomyces	Streptomyces griseosporeus	Streptomyces griseosporeus NPDC059432
NPDC059434	Bacteria	Actinomycetota	Actinomycetia	Streptomycetales	Streptomycetaceae	Streptomyces	Streptomyces lavendulae_C	Streptomyces lavendulae NPDC059434
NPDC059435	Bacteria	Actinomycetota	Actinomycetia	Streptomycetales	Streptomycetaceae	Streptomyces	Streptomyces cyaneofuscatus	Streptomyces cyaneofuscatus NPDC059435
NPDC059436	Bacteria	Actinomycetota	Actinomycetia	Streptomycetales	Streptomycetaceae	Streptomyces	Streptomyces lavendulae_C	Streptomyces lavendulae NPDC059436
NPDC059439	Bacteria	Actinomycetota	Actinomycetia	Streptomycetales	Streptomycetaceae	Streptomyces	Streptomyces kronopolitis	Streptomyces kronopolitis NPDC059439
NPDC059441	Bacteria	Actinomycetota	Actinomycetia	Streptomycetales	Streptomycetaceae	Streptomyces	Streptomyces sp.	Streptomyces sp. NPDC059441
NPDC059442	Bacteria	Actinomycetota	Actinomycetia	Streptomycetales	Streptomycetaceae	Streptomyces	Streptomyces sp008042125	Streptomyces sp. NPDC059442
NPDC059443	Bacteria	Actinomycetota	Actinomycetia	Streptomycetales	Streptomycetaceae	Streptomyces	Streptomyces sp.	Streptomyces sp. NPDC059443
NPDC059444	Bacteria	Actinomycetota	Actinomycetia	Streptomycetales	Streptomycetaceae	Streptomyces	Streptomyces mirabilis	Streptomyces mirabilis NPDC059444
NPDC059445	Bacteria	Actinomycetota	Actinomycetia	Streptomycetales	Streptomycetaceae	Streptomyces	Streptomyces sp.	Streptomyces sp. NPDC059445
NPDC059446	Bacteria	Actinomycetota	Actinomycetia	Streptomycetales	Streptomycetaceae	Streptomyces	Streptomyces sp.	Streptomyces sp. NPDC059446
NPDC059447	Bacteria	Actinomycetota	Actinomycetia	Streptomycetales	Streptomycetaceae	Streptomyces	Streptomyces sp.	Streptomyces sp. NPDC059447
NPDC059448	Bacteria	Actinomycetota	Actinomycetia	Streptomycetales	Streptomycetaceae	Streptomyces	Streptomyces microflavus	Streptomyces microflavus NPDC059448
NPDC059449	Bacteria	Actinomycetota	Actinomycetia	Streptomycetales	Streptomycetaceae	Streptomyces	Streptomyces olivaceus	Streptomyces olivaceus NPDC059449
NPDC059452	Bacteria	Actinomycetota	Actinomycetia	Streptomycetales	Streptomycetaceae	Streptomyces	Streptomyces sp.	Streptomyces sp. NPDC059452
NPDC059453	Bacteria	Actinomycetota	Actinomycetia	Streptomycetales	Streptomycetaceae	Streptomyces	Streptomyces rubiginosohelvolus	Streptomyces rubiginosohelvolus NPDC059453
NPDC059454	Bacteria	Actinomycetota	Actinomycetia	Streptomycetales	Streptomycetaceae	Streptomyces	Streptomyces sp.	Streptomyces sp. NPDC059454
NPDC059455	Bacteria	Actinomycetota	Actinomycetia	Streptomycetales	Streptomycetaceae	Streptomyces	Streptomyces endocoffeicus	Streptomyces sp. NPDC059455
NPDC059456	Bacteria	Actinomycetota	Actinomycetia	Streptomycetales	Streptomycetaceae	Streptomyces	Streptomyces sp.	Streptomyces sp. NPDC059456
NPDC059457	Bacteria	Actinomycetota	Actinomycetia	Streptomycetales	Streptomycetaceae	Streptomyces	Streptomyces amritsarensis	Streptomyces amritsarensis NPDC059457
NPDC059458	Bacteria	Actinomycetota	Actinomycetia	Streptomycetales	Streptomycetaceae	Streptomyces	Streptomyces amritsarensis	Streptomyces amritsarensis NPDC059458
NPDC059459	Bacteria	Actinomycetota	Actinomycetia	Streptomycetales	Streptomycetaceae	Streptomyces	Streptomyces sp.	Streptomyces sp. NPDC059459
NPDC059460	Bacteria	Actinomycetota	Actinomycetia	Streptomycetales	Streptomycetaceae	Streptomyces	Streptomyces sp.	Streptomyces sp. NPDC059460
NPDC059461	Bacteria	Actinomycetota	Actinomycetia	Streptomycetales	Streptomycetaceae	Streptomyces	Streptomyces scopuliridis	Streptomyces scopuliridis NPDC059461
NPDC059462	Bacteria	Actinomycetota	Actinomycetia	Streptomycetales	Streptomycetaceae	Kitasatospora	Kitasatospora sp.	Kitasatospora sp. NPDC059462
NPDC059463	Bacteria	Actinomycetota	Actinomycetia	Streptomycetales	Streptomycetaceae	Kitasatospora	Kitasatospora sp.	Kitasatospora sp. NPDC059463
NPDC059464	Bacteria	Actinomycetota	Actinomycetia	Streptomycetales	Streptomycetaceae	Streptomyces	Streptomyces misionensis	Streptomyces misionensis NPDC059464
NPDC059466	Bacteria	Actinomycetota	Actinomycetia	Streptomycetales	Streptomycetaceae	Streptomyces	Streptomyces sp.	Streptomyces sp. NPDC059466
NPDC059467	Bacteria	Actinomycetota	Actinomycetia	Streptomycetales	Streptomycetaceae	Streptomyces	Streptomyces sp003814875	Streptomyces sp. NPDC059467
NPDC059468	Bacteria	Actinomycetota	Actinomycetia	Streptomycetales	Streptomycetaceae	Streptomyces	Streptomyces sp007827595	Streptomyces sp. NPDC059468
NPDC059469	Bacteria	Actinomycetota	Actinomycetia	Streptomycetales	Streptomycetaceae	Streptomyces	Streptomyces canus	Streptomyces canus NPDC059469
NPDC059470	Bacteria	Actinomycetota	Actinomycetia	Streptomycetales	Streptomycetaceae	Streptomyces	Streptomyces sviceus	Streptomyces sviceus NPDC059470
NPDC059471	Bacteria	Actinomycetota	Actinomycetia	Streptomycetales	Streptomycetaceae	Streptomyces	Streptomyces lavendulae_C	Streptomyces lavendulae NPDC059471
NPDC059472	Bacteria	Actinomycetota	Actinomycetia	Streptomycetales	Streptomycetaceae	Streptomyces	Streptomyces gardneri	Streptomyces gardneri NPDC059472
NPDC059473	Bacteria	Actinomycetota	Actinomycetia	Streptomycetales	Streptomycetaceae	Streptomyces	Streptomyces hygroscopicus	Streptomyces hygroscopicus NPDC059473
NPDC059474	Bacteria	Actinomycetota	Actinomycetia	Streptomycetales	Streptomycetaceae	Streptomyces	Streptomyces sp018883605	Streptomyces sp. NPDC059474
NPDC059475	Bacteria	Actinomycetota	Actinomycetia	Streptomycetales	Streptomycetaceae	Streptomyces	Streptomyces yangpuensis	Streptomyces yangpuensis NPDC059475
NPDC059477	Bacteria	Actinomycetota	Actinomycetia	Streptomycetales	Streptomycetaceae	Streptomyces	Streptomyces sp.	Streptomyces sp. NPDC059477
NPDC059478	Bacteria	Actinomycetota	Actinomycetia	Streptomycetales	Streptomycetaceae	Streptomyces	Streptomyces albidoflavus	Streptomyces albidoflavus NPDC059478
NPDC059479	Bacteria	Actinomycetota	Actinomycetia	Streptomycetales	Streptomycetaceae	Streptomyces	Streptomyces sp900091995	Streptomyces sp. NPDC059479
NPDC059481	Bacteria	Actinomycetota	Actinomycetia	Streptomycetales	Streptomycetaceae	Streptomyces	Streptomyces anulatus	Streptomyces anulatus NPDC059481
NPDC059484	Bacteria	Actinomycetota	Actinomycetia	Streptomycetales	Streptomycetaceae	Streptomyces	Streptomyces massasporeus	Streptomyces massasporeus NPDC059484
NPDC059487	Bacteria	Actinomycetota	Actinomycetia	Streptomycetales	Streptomycetaceae	Streptomyces	Streptomyces mirabilis	Streptomyces mirabilis NPDC059487
NPDC059491	Bacteria	Actinomycetota	Actinomycetia	Streptomycetales	Streptomycetaceae	Streptomyces	Streptomyces sp.	Streptomyces sp. NPDC059491
NPDC059492	Bacteria	Actinomycetota	Actinomycetia	Streptomycetales	Streptomycetaceae	Streptomyces	Streptomyces anandii	Streptomyces anandii NPDC059492
NPDC059496	Bacteria	Actinomycetota	Actinomycetia	Streptomycetales	Streptomycetaceae	Streptomyces	Streptomyces sp.	Streptomyces sp. NPDC059496
NPDC059497	Bacteria	Actinomycetota	Actinomycetia	Streptomycetales	Streptomycetaceae	Streptomyces	Streptomyces anandii	Streptomyces anandii NPDC059497
NPDC059498	Bacteria	Actinomycetota	Actinomycetia	Streptomycetales	Streptomycetaceae	Streptomyces	Streptomyces yangpuensis	Streptomyces yangpuensis NPDC059498
NPDC059499	Bacteria	Actinomycetota	Actinomycetia	Streptomycetales	Streptomycetaceae	Streptomyces	Streptomyces sp.	Streptomyces sp. NPDC059499
NPDC059500	Bacteria	Actinomycetota	Actinomycetia	Streptomycetales	Streptomycetaceae	Streptomyces	Streptomyces anandii	Streptomyces anandii NPDC059500
NPDC059505	Bacteria	Actinomycetota	Actinomycetia	Streptomycetales	Streptomycetaceae	Streptomyces	Streptomyces asoensis	Streptomyces asoensis NPDC059505
NPDC059506	Bacteria	Actinomycetota	Actinomycetia	Streptomycetales	Streptomycetaceae	SCUT-3	SCUT-3 sp014083985	Streptomyces sp. NPDC059506
NPDC059508	Bacteria	Actinomycetota	Actinomycetia	Streptomycetales	Streptomycetaceae	Streptomyces	Streptomyces cellulosae	Streptomyces cellulosae NPDC059508
NPDC059509	Bacteria	Actinomycetota	Actinomycetia	Streptomycetales	Streptomycetaceae	Streptomyces	Streptomyces hygroscopicus	Streptomyces hygroscopicus NPDC059509
NPDC059513	Bacteria	Actinomycetota	Actinomycetia	Streptomycetales	Streptomycetaceae	Streptomyces	Streptomyces sp003116725	Streptomyces sp. NPDC059513
NPDC059515	Bacteria	Actinomycetota	Actinomycetia	Streptomycetales	Streptomycetaceae	Streptomyces	Streptomyces sp010548465	Streptomyces sp. NPDC059515
NPDC059517	Bacteria	Actinomycetota	Actinomycetia	Streptomycetales	Streptomycetaceae	Streptomyces	Streptomyces liliiviolaceus	Streptomyces sp. NPDC059517
NPDC059522	Bacteria	Actinomycetota	Actinomycetia	Streptomycetales	Streptomycetaceae	Streptomyces	Streptomyces microflavus	Streptomyces microflavus NPDC059522
NPDC059524	Bacteria	Actinomycetota	Actinomycetia	Streptomycetales	Streptomycetaceae	Streptomyces	Streptomyces xanthii	Streptomyces sp. NPDC059524
NPDC059527	Bacteria	Actinomycetota	Actinomycetia	Streptomycetales	Streptomycetaceae	Streptomyces	Streptomyces diastatochromogenes	Streptomyces diastatochromogenes NPDC059527
NPDC059529	Bacteria	Actinomycetota	Actinomycetia	Streptomycetales	Streptomycetaceae	Streptomyces	Streptomyces parvulus	Streptomyces parvulus NPDC059529
NPDC059533	Bacteria	Actinomycetota	Actinomycetia	Streptomycetales	Streptomycetaceae	Streptomyces	Streptomyces sp.	Streptomyces sp. NPDC059533
NPDC059534	Bacteria	Actinomycetota	Actinomycetia	Streptomycetales	Streptomycetaceae	Streptomyces	Streptomyces sp.	Streptomyces sp. NPDC059534
NPDC059535	Bacteria	Actinomycetota	Actinomycetia	Streptomycetales	Streptomycetaceae	Streptomyces	Streptomyces sioyaensis	Streptomyces sioyaensis NPDC059535
NPDC059537	Bacteria	Actinomycetota	Actinomycetia	Streptomycetales	Streptomycetaceae	Streptomyces	Streptomyces bottropensis	Streptomyces bottropensis NPDC059537
NPDC059538	Bacteria	Actinomycetota	Actinomycetia	Streptomycetales	Streptomycetaceae	Streptomyces	Streptomyces sp002080455	Streptomyces sp. NPDC059538
NPDC059539	Bacteria	Actinomycetota	Actinomycetia	Streptomycetales	Streptomycetaceae	Streptomyces	Streptomyces erythrochromogenes_A	Streptomyces erythrochromogenes NPDC059539
NPDC059541	Bacteria	Actinomycetota	Actinomycetia	Streptomycetales	Streptomycetaceae	Streptomyces	Streptomyces bottropensis	Streptomyces bottropensis NPDC059541
NPDC059543	Bacteria	Actinomycetota	Actinomycetia	Streptomycetales	Streptomycetaceae	Streptomyces	Streptomyces papulosus	Kitasatospora papulosa NPDC059543
NPDC059544	Bacteria	Actinomycetota	Actinomycetia	Streptomycetales	Streptomycetaceae	Streptomyces	Streptomyces sp.	Streptomyces sp. NPDC059544
NPDC059546	Bacteria	Actinomycetota	Actinomycetia	Streptomycetales	Streptomycetaceae	Streptomyces	Streptomyces virginiae	Streptomyces virginiae NPDC059546
NPDC059549	Bacteria	Actinomycetota	Actinomycetia	Streptomycetales	Streptomycetaceae	Streptomyces	Streptomyces lasiicapitis	Streptomyces lasiicapitis NPDC059549
NPDC059550	Bacteria	Actinomycetota	Actinomycetia	Streptomycetales	Streptomycetaceae	Streptomyces	Streptomyces abikoensis	Streptomyces abikoensis NPDC059550
NPDC059551	Bacteria	Actinomycetota	Actinomycetia	Streptomycetales	Streptomycetaceae	Streptomyces	Streptomyces zaomyceticus	Streptomyces zaomyceticus NPDC059551
NPDC059552	Bacteria	Actinomycetota	Actinomycetia	Streptomycetales	Streptomycetaceae	Streptomyces	Streptomyces sp002080455	Streptomyces sp. NPDC059552
NPDC059553	Bacteria	Actinomycetota	Actinomycetia	Streptomycetales	Streptomycetaceae	Kitasatospora	Kitasatospora purpeofusca	Kitasatospora purpeofusca NPDC059553
NPDC059554	Bacteria	Actinomycetota	Actinomycetia	Streptomycetales	Streptomycetaceae	Streptomyces	Streptomyces bottropensis	Streptomyces bottropensis NPDC059554
NPDC059555	Bacteria	Actinomycetota	Actinomycetia	Streptomycetales	Streptomycetaceae	Streptomyces	Streptomyces goshikiensis	Streptomyces goshikiensis NPDC059555
NPDC059556	Bacteria	Actinomycetota	Actinomycetia	Streptomycetales	Streptomycetaceae	Streptomyces	Streptomyces sp001905825	Streptomyces sp. NPDC059556
NPDC059557	Bacteria	Actinomycetota	Actinomycetia	Streptomycetales	Streptomycetaceae	Streptomyces	Streptomyces erythrochromogenes_A	Streptomyces erythrochromogenes NPDC059557
NPDC059558	Bacteria	Actinomycetota	Actinomycetia	Streptomycetales	Streptomycetaceae	Streptomyces	Streptomyces sp002080455	Streptomyces sp. NPDC059558
NPDC059559	Bacteria	Actinomycetota	Actinomycetia	Streptomycetales	Streptomycetaceae	Streptomyces	Streptomyces collinus_A	Streptomyces collinus NPDC059559
NPDC059560	Bacteria	Actinomycetota	Actinomycetia	Streptomycetales	Streptomycetaceae	Streptomyces	Streptomyces seoulensis_A	Streptomyces seoulensis_A NPDC059560
NPDC059561	Bacteria	Actinomycetota	Actinomycetia	Streptomycetales	Streptomycetaceae	Streptomyces	Streptomyces prasinus	Streptomyces prasinus NPDC059561
NPDC059562	Bacteria	Actinomycetota	Actinomycetia	Streptomycetales	Streptomycetaceae	Streptomyces	Streptomyces erythrochromogenes_A	Streptomyces erythrochromogenes NPDC059562
NPDC059563	Bacteria	Actinomycetota	Actinomycetia	Streptomycetales	Streptomycetaceae	Streptomyces	Streptomyces bottropensis	Streptomyces bottropensis NPDC059563
NPDC059564	Bacteria	Actinomycetota	Actinomycetia	Streptomycetales	Streptomycetaceae	Streptomyces	Streptomyces sp.	Streptomyces sp. NPDC059564
NPDC059565	Bacteria	Actinomycetota	Actinomycetia	Streptomycetales	Streptomycetaceae	Streptomyces	Streptomyces xanthophaeus	Streptomyces xanthophaeus NPDC059565
NPDC059566	Bacteria	Actinomycetota	Actinomycetia	Streptomycetales	Streptomycetaceae	Streptomyces	Streptomyces sp002080455	Streptomyces sp. NPDC059566
NPDC059567	Bacteria	Actinomycetota	Actinomycetia	Streptomycetales	Streptomycetaceae	Streptomyces	Streptomyces sp.	Streptomyces sp. NPDC059567
NPDC059568	Bacteria	Actinomycetota	Actinomycetia	Streptomycetales	Streptomycetaceae	Streptomyces	Streptomyces sp900091995	Streptomyces sp. NPDC059568
NPDC059569	Bacteria	Actinomycetota	Actinomycetia	Streptomycetales	Streptomycetaceae	Streptomyces	Streptomyces sp004151105	Streptomyces sp. NPDC059569
NPDC059570	Bacteria	Actinomycetota	Actinomycetia	Streptomycetales	Streptomycetaceae	Streptomyces	Streptomyces sp001654495	Streptomyces sp. NPDC059570
NPDC059571	Bacteria	Actinomycetota	Actinomycetia	Streptomycetales	Streptomycetaceae	Kitasatospora	Kitasatospora sp.	Kitasatospora sp. NPDC059571
NPDC059573	Bacteria	Actinomycetota	Actinomycetia	Streptomycetales	Streptomycetaceae	Streptomyces	Streptomyces mirabilis	Streptomyces mirabilis NPDC059573
NPDC059575	Bacteria	Actinomycetota	Actinomycetia	Streptomycetales	Streptomycetaceae	Streptomyces	Streptomyces sp009863025	Streptomyces sp. NPDC059575
NPDC059577	Bacteria	Actinomycetota	Actinomycetia	Streptomycetales	Streptomycetaceae	Kitasatospora	Kitasatospora sp.	Kitasatospora sp. NPDC059577
NPDC059578	Bacteria	Actinomycetota	Actinomycetia	Streptomycetales	Streptomycetaceae	Streptomyces	Streptomyces sp.	Streptomyces sp. NPDC059578
NPDC059580	Bacteria	Actinomycetota	Actinomycetia	Streptomycetales	Streptomycetaceae	Streptomyces	Streptomyces vinaceus	Streptomyces vinaceus NPDC059580
NPDC059584	Bacteria	Actinomycetota	Actinomycetia	Streptomycetales	Streptomycetaceae	Streptomyces	Streptomyces atroolivaceus	Streptomyces atroolivaceus NPDC059584
NPDC059585	Bacteria	Actinomycetota	Actinomycetia	Streptomycetales	Streptomycetaceae	Streptomyces	Streptomyces mirabilis	Streptomyces mirabilis NPDC059585
NPDC059586	Bacteria	Actinomycetota	Actinomycetia	Streptomycetales	Streptomycetaceae	Streptomyces	Streptomyces sp003116725	Streptomyces sp. NPDC059586
NPDC059588	Bacteria	Actinomycetota	Actinomycetia	Streptomycetales	Streptomycetaceae	Streptomyces	Streptomyces ardesiacus	Streptomyces ardesiacus NPDC059588
NPDC059590	Bacteria	Actinomycetota	Actinomycetia	Streptomycetales	Streptomycetaceae	Streptomyces	Streptomyces sp.	Streptomyces sp. NPDC059590
NPDC059593	Bacteria	Actinomycetota	Actinomycetia	Streptomycetales	Streptomycetaceae	Streptomyces	Streptomyces sp001426585	Streptomyces sp. NPDC059593
NPDC059597	Bacteria	Actinomycetota	Actinomycetia	Streptomycetales	Streptomycetaceae	Streptomyces	Streptomyces sp016482685	Streptomyces sp. NPDC059597
NPDC059599	Bacteria	Actinomycetota	Actinomycetia	Streptomycetales	Streptomycetaceae	Kitasatospora	Kitasatospora sp.	Kitasatospora sp. NPDC059599
NPDC059604	Bacteria	Actinomycetota	Actinomycetia	Streptomycetales	Streptomycetaceae	Streptomyces	Streptomyces sp008120935	Streptomyces sp. NPDC059604
NPDC059609	Bacteria	Actinomycetota	Actinomycetia	Streptomycetales	Streptomycetaceae	Streptomyces	Streptomyces anulatus	Streptomyces anulatus NPDC059609
NPDC059610	Bacteria	Actinomycetota	Actinomycetia	Streptomycetales	Streptomycetaceae	Streptomyces	Streptomyces anulatus	Streptomyces anulatus NPDC059610
NPDC059612	Bacteria	Actinomycetota	Actinomycetia	Streptomycetales	Streptomycetaceae	Streptomyces	Streptomyces sp003116725	Streptomyces sp. NPDC059612
NPDC059614	Bacteria	Actinomycetota	Actinomycetia	Streptomycetales	Streptomycetaceae	Streptomyces	Streptomyces pseudogriseolus	Streptomyces pseudogriseolus NPDC059614
NPDC059616	Bacteria	Actinomycetota	Actinomycetia	Streptomycetales	Streptomycetaceae	Streptomyces	Streptomyces sp003846175	Streptomyces sp. NPDC059616
NPDC059620	Bacteria	Actinomycetota	Actinomycetia	Streptomycetales	Streptomycetaceae	Streptomyces	Streptomyces vinaceus	Streptomyces vinaceus NPDC059620
NPDC059622	Bacteria	Actinomycetota	Actinomycetia	Streptomycetales	Streptomycetaceae	Kitasatospora	Kitasatospora purpeofusca	Kitasatospora purpeofusca NPDC059622
NPDC059625	Bacteria	Actinomycetota	Actinomycetia	Streptomycetales	Streptomycetaceae	Streptomyces	Streptomyces mirabilis	Streptomyces mirabilis NPDC059625
NPDC059627	Bacteria	Actinomycetota	Actinomycetia	Streptomycetales	Streptomycetaceae	Streptomyces	Streptomyces sp.	Streptomyces sp. NPDC059627
NPDC059629	Bacteria	Actinomycetota	Actinomycetia	Streptomycetales	Streptomycetaceae	Streptomyces	Streptomyces sp003814875	Streptomyces sp. NPDC059629
NPDC059631	Bacteria	Actinomycetota	Actinomycetia	Streptomycetales	Streptomycetaceae	Streptomyces	Streptomyces sp001654495	Streptomyces sp. NPDC059631
NPDC059632	Bacteria	Actinomycetota	Actinomycetia	Streptomycetales	Streptomycetaceae	Streptomyces	Streptomyces globisporus	Streptomyces globisporus NPDC059632
NPDC059633	Bacteria	Actinomycetota	Actinomycetia	Streptomycetales	Streptomycetaceae	Streptomyces	Streptomyces californicus	Streptomyces californicus NPDC059633
NPDC059635	Bacteria	Actinomycetota	Actinomycetia	Streptomycetales	Streptomycetaceae	Streptomyces	Streptomyces globisporus	Streptomyces globisporus NPDC059635
NPDC059636	Bacteria	Actinomycetota	Actinomycetia	Streptomycetales	Streptomycetaceae	Streptomyces	Streptomyces xiamenensis	Streptomyces xiamenensis NPDC059636
NPDC059637	Bacteria	Actinomycetota	Actinomycetia	Streptomycetales	Streptomycetaceae	SCUT-3	SCUT-3 sp014083985	Streptomyces sp. NPDC059637
NPDC059638	Bacteria	Actinomycetota	Actinomycetia	Streptomycetales	Streptomycetaceae	Streptomyces	Streptomyces virginiae	Streptomyces virginiae NPDC059638
NPDC059640	Bacteria	Actinomycetota	Actinomycetia	Streptomycetales	Streptomycetaceae	Streptomyces	Streptomyces fradiae	Streptomyces fradiae NPDC059640
NPDC059641	Bacteria	Actinomycetota	Actinomycetia	Streptomycetales	Streptomycetaceae	Streptomyces	Streptomyces sp001654495	Streptomyces sp. NPDC059641
NPDC059643	Bacteria	Actinomycetota	Actinomycetia	Streptomycetales	Streptomycetaceae	Streptomyces	Streptomyces capillispiralis	Streptomyces capillispiralis NPDC059643
NPDC059644	Bacteria	Actinomycetota	Actinomycetia	Streptomycetales	Streptomycetaceae	Streptomyces	Streptomyces zaomyceticus	Streptomyces zaomyceticus NPDC059644
NPDC059645	Bacteria	Actinomycetota	Actinomycetia	Streptomycetales	Streptomycetaceae	Streptomyces	Streptomyces cyaneofuscatus	Streptomyces cyaneofuscatus NPDC059645
NPDC059646	Bacteria	Actinomycetota	Actinomycetia	Streptomycetales	Streptomycetaceae	Kitasatospora	Kitasatospora sp.	Kitasatospora sp. NPDC059646
NPDC059647	Bacteria	Actinomycetota	Actinomycetia	Streptomycetales	Streptomycetaceae	Streptomyces	Streptomyces hygroscopicus	Streptomyces hygroscopicus NPDC059647
NPDC059648	Bacteria	Actinomycetota	Actinomycetia	Streptomycetales	Streptomycetaceae	Kitasatospora	Kitasatospora sp.	Kitasatospora sp. NPDC059648
NPDC059649	Bacteria	Actinomycetota	Actinomycetia	Streptomycetales	Streptomycetaceae	Streptomyces	Streptomyces sp.	Streptomyces sp. NPDC059649
NPDC059650	Bacteria	Actinomycetota	Actinomycetia	Streptomycetales	Streptomycetaceae	Streptomyces	Streptomyces sp.	Streptomyces sp. NPDC059650
NPDC059651	Bacteria	Actinomycetota	Actinomycetia	Streptomycetales	Streptomycetaceae	Streptomyces	Streptomyces sp.	Streptomyces sp. NPDC059651
NPDC059654	Bacteria	Actinomycetota	Actinomycetia	Streptomycetales	Streptomycetaceae	Streptomyces	Streptomyces antimycoticus	Streptomyces antimycoticus NPDC059654
NPDC059655	Bacteria	Actinomycetota	Actinomycetia	Streptomycetales	Streptomycetaceae	Streptomyces	Streptomyces microflavus	Streptomyces microflavus NPDC059655
NPDC059656	Bacteria	Actinomycetota	Actinomycetia	Streptomycetales	Streptomycetaceae	Streptomyces	Streptomyces sp.	Streptomyces sp. NPDC059656
NPDC059658	Bacteria	Actinomycetota	Actinomycetia	Streptomycetales	Streptomycetaceae	Streptomyces	Streptomyces rubrogriseus	Streptomyces rubrogriseus NPDC059658
NPDC059661	Bacteria	Actinomycetota	Actinomycetia	Streptomycetales	Streptomycetaceae	Streptomyces	Streptomyces coelicoflavus	Streptomyces coelicoflavus NPDC059661
NPDC059663	Bacteria	Actinomycetota	Actinomycetia	Streptomycetales	Streptomycetaceae	Streptomyces	Streptomyces californicus	Streptomyces californicus NPDC059663
NPDC059664	Bacteria	Actinomycetota	Actinomycetia	Streptomycetales	Streptomycetaceae	Streptomyces	Streptomyces anulatus	Streptomyces anulatus NPDC059664
NPDC059665	Bacteria	Actinomycetota	Actinomycetia	Streptomycetales	Streptomycetaceae	Streptomyces	Streptomyces papulosus	Kitasatospora papulosa NPDC059665
NPDC059666	Bacteria	Actinomycetota	Actinomycetia	Streptomycetales	Streptomycetaceae	Streptomyces	Streptomyces globisporus	Streptomyces globisporus NPDC059666
NPDC059667	Bacteria	Actinomycetota	Actinomycetia	Streptomycetales	Streptomycetaceae	Streptomyces	Streptomyces microflavus	Streptomyces microflavus NPDC059667
NPDC059668	Bacteria	Actinomycetota	Actinomycetia	Streptomycetales	Streptomycetaceae	Streptomyces	Streptomyces sp.	Streptomyces sp. NPDC059668
NPDC059674	Bacteria	Actinomycetota	Actinomycetia	Streptomycetales	Streptomycetaceae	Streptomyces	Streptomyces coelicoflavus	Streptomyces coelicoflavus NPDC059674
NPDC059675	Bacteria	Actinomycetota	Actinomycetia	Streptomycetales	Streptomycetaceae	Streptomyces	Streptomyces lavendulae_C	Streptomyces lavendulae NPDC059675
NPDC059676	Bacteria	Actinomycetota	Actinomycetia	Streptomycetales	Streptomycetaceae	Streptomyces	Streptomyces sp.	Streptomyces sp. NPDC059676
NPDC059677	Bacteria	Actinomycetota	Actinomycetia	Streptomycetales	Streptomycetaceae	Streptomyces	Streptomyces coelicoflavus	Streptomyces coelicoflavus NPDC059677
NPDC059678	Bacteria	Actinomycetota	Actinomycetia	Streptomycetales	Streptomycetaceae	Streptomyces	Streptomyces lydicus	Streptomyces lydicus NPDC059678
NPDC059679	Bacteria	Actinomycetota	Actinomycetia	Streptomycetales	Streptomycetaceae	Streptomyces	Streptomyces sp002224125	Streptomyces sp. NPDC059679
NPDC059680	Bacteria	Actinomycetota	Actinomycetia	Streptomycetales	Streptomycetaceae	Streptomyces	Streptomyces barringtoniae	Streptomyces sp. NPDC059680
NPDC059682	Bacteria	Actinomycetota	Actinomycetia	Streptomycetales	Streptomycetaceae	Streptomyces	Streptomyces bauhiniae	Streptomyces bauhiniae NPDC059682
NPDC059683	Bacteria	Actinomycetota	Actinomycetia	Streptomycetales	Streptomycetaceae	Streptomyces	Streptomyces hygroscopicus	Streptomyces hygroscopicus NPDC059683
NPDC059686	Bacteria	Actinomycetota	Actinomycetia	Streptomycetales	Streptomycetaceae	Streptomyces	Streptomyces wuyuanensis	Streptomyces wuyuanensis NPDC059686
NPDC059687	Bacteria	Actinomycetota	Actinomycetia	Streptomycetales	Streptomycetaceae	Streptomyces	Streptomyces sp001507435	Streptomyces sp. NPDC059687
NPDC059688	Bacteria	Actinomycetota	Actinomycetia	Streptomycetales	Streptomycetaceae	Streptomyces	Streptomyces sp900105245	Streptomyces sp. NPDC059688
NPDC059689	Bacteria	Actinomycetota	Actinomycetia	Streptomycetales	Streptomycetaceae	Streptomyces	Streptomyces samsunensis	Streptomyces solisilvae NPDC059689
NPDC059690	Bacteria	Actinomycetota	Actinomycetia	Streptomycetales	Streptomycetaceae	Streptomyces	Streptomyces sp.	Streptomyces sp. NPDC059690
NPDC059694	Bacteria	Actinomycetota	Actinomycetia	Streptomycetales	Streptomycetaceae	Streptomyces	Streptomyces sp001905905	Streptomyces sp. NPDC059694
NPDC059695	Bacteria	Actinomycetota	Actinomycetia	Streptomycetales	Streptomycetaceae	Streptomyces	Streptomyces sp.	Streptomyces sp. NPDC059695
NPDC059696	Bacteria	Actinomycetota	Actinomycetia	Streptomycetales	Streptomycetaceae	Streptomyces	Streptomyces sp.	Streptomyces sp. NPDC059696
NPDC059697	Bacteria	Actinomycetota	Actinomycetia	Streptomycetales	Streptomycetaceae	Streptomyces	Streptomyces sp002846625	Streptomyces sp. NPDC059697
NPDC059698	Bacteria	Actinomycetota	Actinomycetia	Streptomycetales	Streptomycetaceae	Streptomyces	Streptomyces sp001905905	Streptomyces sp. NPDC059698
NPDC059699	Bacteria	Actinomycetota	Actinomycetia	Streptomycetales	Streptomycetaceae	Streptomyces	Streptomyces massasporeus	Streptomyces massasporeus NPDC059699
NPDC059700	Bacteria	Actinomycetota	Actinomycetia	Streptomycetales	Streptomycetaceae	Streptomyces	Streptomyces griseoluteus	Streptomyces griseoluteus NPDC059700
NPDC059701	Bacteria	Actinomycetota	Actinomycetia	Streptomycetales	Streptomycetaceae	Streptomyces	Streptomyces sp.	Streptomyces sp. NPDC059701
NPDC059702	Bacteria	Actinomycetota	Actinomycetia	Streptomycetales	Streptomycetaceae	Streptomyces	Streptomyces althioticus	Streptomyces althioticus NPDC059702
NPDC059703	Bacteria	Actinomycetota	Actinomycetia	Streptomycetales	Streptomycetaceae	Streptomyces	Streptomyces flaveolus	Streptomyces flaveolus NPDC059703
NPDC059704	Bacteria	Actinomycetota	Actinomycetia	Streptomycetales	Streptomycetaceae	Streptomyces	Streptomyces sp001905905	Streptomyces sp. NPDC059704
NPDC059708	Bacteria	Actinomycetota	Actinomycetia	Streptomycetales	Streptomycetaceae	Streptomyces	Streptomyces sp.	Streptomyces sp. NPDC059708
NPDC059709	Bacteria	Actinomycetota	Actinomycetia	Streptomycetales	Streptomycetaceae	Streptomyces	Streptomyces sp000772045	Streptomyces sp. NPDC059709
NPDC059711	Bacteria	Actinomycetota	Actinomycetia	Streptomycetales	Streptomycetaceae	Streptomyces	Streptomyces parvulus	Streptomyces parvulus NPDC059711
NPDC059712	Bacteria	Actinomycetota	Actinomycetia	Streptomycetales	Streptomycetaceae	Streptomyces	Streptomyces sp000772045	Streptomyces sp. NPDC059712
NPDC059713	Bacteria	Actinomycetota	Actinomycetia	Streptomycetales	Streptomycetaceae	Streptomyces	Streptomyces albidoflavus	Streptomyces albidoflavus NPDC059713
NPDC059714	Bacteria	Actinomycetota	Actinomycetia	Streptomycetales	Streptomycetaceae	Streptomyces	Streptomyces sp001905905	Streptomyces sp. NPDC059714
NPDC059715	Bacteria	Actinomycetota	Actinomycetia	Streptomycetales	Streptomycetaceae	Streptomyces	Streptomyces sp001905905	Streptomyces sp. NPDC059715
NPDC059716	Bacteria	Actinomycetota	Actinomycetia	Streptomycetales	Streptomycetaceae	Streptomyces	Streptomyces cellulosae	Streptomyces cellulosae NPDC059716
NPDC059717	Bacteria	Actinomycetota	Actinomycetia	Streptomycetales	Streptomycetaceae	Streptomyces	Streptomyces sp001507435	Streptomyces sp. NPDC059717
NPDC059718	Bacteria	Actinomycetota	Actinomycetia	Streptomycetales	Streptomycetaceae	Streptomyces	Streptomyces sp.	Streptomyces sp. NPDC059718
NPDC059719	Bacteria	Actinomycetota	Actinomycetia	Streptomycetales	Streptomycetaceae	Streptomyces	Streptomyces cyaneofuscatus	Streptomyces cyaneofuscatus NPDC059719
NPDC059720	Bacteria	Actinomycetota	Actinomycetia	Streptomycetales	Streptomycetaceae	Streptomyces	Streptomyces sp.	Streptomyces sp. NPDC059720
NPDC059722	Bacteria	Actinomycetota	Actinomycetia	Streptomycetales	Streptomycetaceae	Kitasatospora	Kitasatospora sp.	Kitasatospora sp. NPDC059722
NPDC059728	Bacteria	Actinomycetota	Actinomycetia	Streptomycetales	Streptomycetaceae	Streptomyces	Streptomyces mirabilis	Streptomyces mirabilis NPDC059728
NPDC059729	Bacteria	Actinomycetota	Actinomycetia	Streptomycetales	Streptomycetaceae	Streptomyces	Streptomyces microflavus	Streptomyces microflavus NPDC059729
NPDC059732	Bacteria	Actinomycetota	Actinomycetia	Streptomycetales	Streptomycetaceae	Streptomyces	Streptomyces albidoflavus	Streptomyces albidoflavus NPDC059732
NPDC059735	Bacteria	Actinomycetota	Actinomycetia	Streptomycetales	Streptomycetaceae	Streptomyces	Streptomyces mexicanus	Streptomyces mexicanus NPDC059735
NPDC059736	Bacteria	Actinomycetota	Actinomycetia	Streptomycetales	Streptomycetaceae	Streptomyces	Streptomyces albidoflavus	Streptomyces albidoflavus NPDC059736
NPDC059739	Bacteria	Actinomycetota	Actinomycetia	Streptomycetales	Streptomycetaceae	Streptomyces	Streptomyces ardesiacus	Streptomyces ardesiacus NPDC059739
NPDC059740	Bacteria	Actinomycetota	Actinomycetia	Streptomycetales	Streptomycetaceae	Streptomyces	Streptomyces sp.	Streptomyces sp. NPDC059740
NPDC059741	Bacteria	Actinomycetota	Actinomycetia	Streptomycetales	Streptomycetaceae	Streptomyces	Streptomyces mirabilis	Streptomyces mirabilis NPDC059741
NPDC059742	Bacteria	Actinomycetota	Actinomycetia	Streptomycetales	Streptomycetaceae	Streptomyces	Streptomyces sp.	Streptomyces sp. NPDC059742
NPDC059743	Bacteria	Actinomycetota	Actinomycetia	Streptomycetales	Streptomycetaceae	Streptomyces	Streptomyces sp900091995	Streptomyces sp. NPDC059743
NPDC059744	Bacteria	Actinomycetota	Actinomycetia	Streptomycetales	Streptomycetaceae	Streptomyces	Streptomyces sp.	Streptomyces sp. NPDC059744
NPDC059746	Bacteria	Actinomycetota	Actinomycetia	Streptomycetales	Streptomycetaceae	Streptomyces	Streptomyces clavifer	Streptomyces clavifer NPDC059746
NPDC059747	Bacteria	Actinomycetota	Actinomycetia	Streptomycetales	Streptomycetaceae	Kitasatospora	Kitasatospora sp.	Kitasatospora sp. NPDC059747
NPDC059748	Bacteria	Actinomycetota	Actinomycetia	Streptomycetales	Streptomycetaceae	Streptomyces	Streptomyces microflavus	Streptomyces microflavus NPDC059748
NPDC059751	Bacteria	Actinomycetota	Actinomycetia	Streptomycetales	Streptomycetaceae	Kitasatospora	Kitasatospora indigofera	Kitasatospora indigofera NPDC059751
NPDC059753	Bacteria	Actinomycetota	Actinomycetia	Streptomycetales	Streptomycetaceae	Streptomyces	Streptomyces sp003403055	Streptomyces sp. NPDC059753
NPDC059755	Bacteria	Actinomycetota	Actinomycetia	Streptomycetales	Streptomycetaceae	Streptomyces	Streptomyces sp001298545	Streptomyces sp. NPDC059755
NPDC059759	Bacteria	Actinomycetota	Actinomycetia	Streptomycetales	Streptomycetaceae	Streptomyces	Streptomyces sp002078175	Streptomyces sp. NPDC059759
NPDC059760	Bacteria	Actinomycetota	Actinomycetia	Streptomycetales	Streptomycetaceae	Streptomyces	Streptomyces microflavus	Streptomyces microflavus NPDC059760
NPDC059761	Bacteria	Actinomycetota	Actinomycetia	Streptomycetales	Streptomycetaceae	Streptomyces	Streptomyces sp000717915	Streptomyces sp. NPDC059761
NPDC059762	Bacteria	Actinomycetota	Actinomycetia	Streptomycetales	Streptomycetaceae	Streptomyces	Streptomyces sp.	Streptomyces sp. NPDC059762
NPDC059766	Bacteria	Actinomycetota	Actinomycetia	Streptomycetales	Streptomycetaceae	Streptomyces	Streptomyces sp.	Streptomyces sp. NPDC059766
NPDC059772	Bacteria	Actinomycetota	Actinomycetia	Streptomycetales	Streptomycetaceae	Streptomyces	Streptomyces nojiriensis	Streptomyces nojiriensis NPDC059772
NPDC059776	Bacteria	Actinomycetota	Actinomycetia	Streptomycetales	Streptomycetaceae	Streptomyces	Streptomyces parvus	Streptomyces parvus NPDC059776
NPDC059777	Bacteria	Actinomycetota	Actinomycetia	Streptomycetales	Streptomycetaceae	Streptomyces	Streptomyces chartreusis	Streptomyces chartreusis NPDC059777
NPDC059779	Bacteria	Actinomycetota	Actinomycetia	Streptomycetales	Streptomycetaceae	Streptomyces	Streptomyces microflavus	Streptomyces microflavus NPDC059779
NPDC059780	Bacteria	Actinomycetota	Actinomycetia	Streptomycetales	Streptomycetaceae	Streptomyces	Streptomyces sp001905905	Streptomyces sp. NPDC059780
NPDC059781	Bacteria	Actinomycetota	Actinomycetia	Streptomycetales	Streptomycetaceae	Streptomyces	Streptomyces sp001905725	Streptomyces sp. NPDC059781
NPDC059782	Bacteria	Actinomycetota	Actinomycetia	Streptomycetales	Streptomycetaceae	Streptomyces	Streptomyces bauhiniae	Streptomyces bauhiniae NPDC059782
NPDC059783	Bacteria	Actinomycetota	Actinomycetia	Streptomycetales	Streptomycetaceae	Streptomyces	Streptomyces sp.	Streptomyces sp. NPDC059783
NPDC059784	Bacteria	Actinomycetota	Actinomycetia	Streptomycetales	Streptomycetaceae	Streptomyces	Streptomyces bauhiniae	Streptomyces bauhiniae NPDC059784
NPDC059786	Bacteria	Actinomycetota	Actinomycetia	Streptomycetales	Streptomycetaceae	Streptomyces	Streptomyces sp.	Streptomyces sp. NPDC059786
NPDC059787	Bacteria	Actinomycetota	Actinomycetia	Streptomycetales	Streptomycetaceae	Streptomyces	Streptomyces sp001905725	Streptomyces sp. NPDC059787
NPDC059788	Bacteria	Actinomycetota	Actinomycetia	Streptomycetales	Streptomycetaceae	Streptomyces	Streptomyces sp.	Streptomyces sp. NPDC059788
NPDC059790	Bacteria	Actinomycetota	Actinomycetia	Streptomycetales	Streptomycetaceae	Streptomyces	Streptomyces anulatus	Streptomyces anulatus NPDC059790
NPDC059791	Bacteria	Actinomycetota	Actinomycetia	Streptomycetales	Streptomycetaceae	Streptomyces	Streptomyces lavendulae_C	Streptomyces lavendulae NPDC059791
NPDC059793	Bacteria	Actinomycetota	Actinomycetia	Streptomycetales	Streptomycetaceae	Streptomyces	Streptomyces anulatus	Streptomyces anulatus NPDC059793
NPDC059794	Bacteria	Actinomycetota	Actinomycetia	Streptomycetales	Streptomycetaceae	Kitasatospora	Kitasatospora phosalacinea_A	Kitasatospora phosalacinea NPDC059794
NPDC059795	Bacteria	Actinomycetota	Actinomycetia	Streptomycetales	Streptomycetaceae	Kitasatospora	Kitasatospora sp001905465	Kitasatospora sp. NPDC059795
NPDC059796	Bacteria	Actinomycetota	Actinomycetia	Streptomycetales	Streptomycetaceae	Streptomyces	Streptomyces chilikensis	Streptomyces chilikensis NPDC059796
NPDC059799	Bacteria	Actinomycetota	Actinomycetia	Streptomycetales	Streptomycetaceae	Streptomyces	Streptomyces caelestis_A	Streptomyces caelestis NPDC059799
NPDC059800	Bacteria	Actinomycetota	Actinomycetia	Streptomycetales	Streptomycetaceae	Kitasatospora	Kitasatospora sp001625365	Kitasatospora sp. NPDC059800
NPDC059802	Bacteria	Actinomycetota	Actinomycetia	Streptomycetales	Streptomycetaceae	Streptomyces	Streptomyces sp.	Streptomyces sp. NPDC059802
NPDC059803	Bacteria	Actinomycetota	Actinomycetia	Streptomycetales	Streptomycetaceae	Kitasatospora	Kitasatospora sp001625365	Kitasatospora sp. NPDC059803
NPDC059805	Bacteria	Actinomycetota	Actinomycetia	Streptomycetales	Streptomycetaceae	Streptomyces	Streptomyces sp001509795	Streptomyces sp. NPDC059805
NPDC059806	Bacteria	Actinomycetota	Actinomycetia	Streptomycetales	Streptomycetaceae	Kitasatospora	Kitasatospora sp001625365	Kitasatospora sp. NPDC059806
NPDC059809	Bacteria	Actinomycetota	Actinomycetia	Streptomycetales	Streptomycetaceae	Streptomyces	Streptomyces sp001905905	Streptomyces sp. NPDC059809
NPDC059810	Bacteria	Actinomycetota	Actinomycetia	Streptomycetales	Streptomycetaceae	Streptomyces	Streptomyces sp001905825	Streptomyces sp. NPDC059810
NPDC059811	Bacteria	Actinomycetota	Actinomycetia	Streptomycetales	Streptomycetaceae	Kitasatospora	Kitasatospora sp001625365	Kitasatospora sp. NPDC059811
NPDC059812	Bacteria	Actinomycetota	Actinomycetia	Streptomycetales	Streptomycetaceae	Kitasatospora	Kitasatospora sp001625365	Kitasatospora sp. NPDC059812
NPDC059814	Bacteria	Actinomycetota	Actinomycetia	Streptomycetales	Streptomycetaceae	Streptomyces	Streptomyces sp.	Streptomyces sp. NPDC059814
NPDC059816	Bacteria	Actinomycetota	Actinomycetia	Streptomycetales	Streptomycetaceae	Streptomyces	Streptomyces sp.	Streptomyces sp. NPDC059816
NPDC059817	Bacteria	Actinomycetota	Actinomycetia	Streptomycetales	Streptomycetaceae	Kitasatospora	Kitasatospora sp001625365	Kitasatospora sp. NPDC059817
NPDC059818	Bacteria	Actinomycetota	Actinomycetia	Streptomycetales	Streptomycetaceae	Streptomyces	Streptomyces sp.	Streptomyces sp. NPDC059818
NPDC059819	Bacteria	Actinomycetota	Actinomycetia	Streptomycetales	Streptomycetaceae	Streptomyces	Streptomyces sp002803085	Streptomyces sp. NPDC059819
NPDC059820	Bacteria	Actinomycetota	Actinomycetia	Streptomycetales	Streptomycetaceae	Kitasatospora	Kitasatospora sp001625365	Kitasatospora sp. NPDC059820
NPDC059823	Bacteria	Actinomycetota	Actinomycetia	Streptomycetales	Streptomycetaceae	Kitasatospora	Kitasatospora purpeofusca	Kitasatospora purpeofusca NPDC059823
NPDC059827	Bacteria	Actinomycetota	Actinomycetia	Streptomycetales	Streptomycetaceae	Kitasatospora	Kitasatospora sp.	Kitasatospora sp. NPDC059827
NPDC059828	Bacteria	Actinomycetota	Actinomycetia	Streptomycetales	Streptomycetaceae	Streptomyces	Streptomyces sp.	Streptomyces sp. NPDC059828
NPDC059829	Bacteria	Actinomycetota	Actinomycetia	Streptomycetales	Streptomycetaceae	Streptomyces	Streptomyces mirabilis	Streptomyces mirabilis NPDC059829
NPDC059833	Bacteria	Actinomycetota	Actinomycetia	Streptomycetales	Streptomycetaceae	Streptomyces	Streptomyces virginiae_A	Streptomyces virginiae NPDC059833
NPDC059837	Bacteria	Actinomycetota	Actinomycetia	Streptomycetales	Streptomycetaceae	Streptomyces	Streptomyces sp.	Streptomyces sp. NPDC059837
NPDC059840	Bacteria	Actinomycetota	Actinomycetia	Streptomycetales	Streptomycetaceae	Streptomyces	Streptomyces sp008042115	Streptomyces sp. NPDC059840
NPDC059843	Bacteria	Actinomycetota	Actinomycetia	Streptomycetales	Streptomycetaceae	Streptomyces	Streptomyces tendae	Streptomyces tendae NPDC059843
NPDC059845	Bacteria	Actinomycetota	Actinomycetia	Streptomycetales	Streptomycetaceae	Streptomyces	Streptomyces californicus	Streptomyces californicus NPDC059845
NPDC059846	Bacteria	Actinomycetota	Actinomycetia	Streptomycetales	Streptomycetaceae	Streptomyces	Streptomyces albidoflavus	Streptomyces albidoflavus NPDC059846
NPDC059849	Bacteria	Actinomycetota	Actinomycetia	Streptomycetales	Streptomycetaceae	Streptomyces	Streptomyces sp003846175	Streptomyces sp. NPDC059849
NPDC059850	Bacteria	Actinomycetota	Actinomycetia	Streptomycetales	Streptomycetaceae	Streptomyces	Streptomyces sp.	Streptomyces sp. NPDC059850
NPDC059851	Bacteria	Actinomycetota	Actinomycetia	Streptomycetales	Streptomycetaceae	Streptomyces	Streptomyces sp.	Streptomyces sp. NPDC059851
NPDC059852	Bacteria	Actinomycetota	Actinomycetia	Streptomycetales	Streptomycetaceae	Streptomyces	Streptomyces sp008973465	Streptomyces sp. NPDC059852
NPDC059853	Bacteria	Actinomycetota	Actinomycetia	Streptomycetales	Streptomycetaceae	Streptomyces	Streptomyces sp.	Streptomyces sp. NPDC059853
NPDC059854	Bacteria	Actinomycetota	Actinomycetia	Streptomycetales	Streptomycetaceae	Streptomyces	Streptomyces mirabilis	Streptomyces mirabilis NPDC059854
NPDC059856	Bacteria	Actinomycetota	Actinomycetia	Streptomycetales	Streptomycetaceae	Streptomyces	Streptomyces massasporeus	Streptomyces massasporeus NPDC059856
NPDC059858	Bacteria	Actinomycetota	Actinomycetia	Streptomycetales	Streptomycetaceae	Streptomyces	Streptomyces glaucescens	Streptomyces pharetrae NPDC059858
NPDC059859	Bacteria	Actinomycetota	Actinomycetia	Streptomycetales	Streptomycetaceae	Streptomyces	Streptomyces glaucescens	Streptomyces glaucescens NPDC059859
NPDC059860	Bacteria	Actinomycetota	Actinomycetia	Streptomycetales	Streptomycetaceae	Streptomyces	Streptomyces glaucescens	Streptomyces pharetrae NPDC059860
NPDC059861	Bacteria	Actinomycetota	Actinomycetia	Streptomycetales	Streptomycetaceae	Streptomyces	Streptomyces sp.	Streptomyces sp. NPDC059861
NPDC059862	Bacteria	Actinomycetota	Actinomycetia	Streptomycetales	Streptomycetaceae	Streptomyces	Streptomyces sp004187715	Streptomyces sp. NPDC059862
NPDC059863	Bacteria	Actinomycetota	Actinomycetia	Streptomycetales	Streptomycetaceae	Streptomyces	Streptomyces sp023534745	Streptomyces sp. NPDC059863
NPDC059864	Bacteria	Actinomycetota	Actinomycetia	Streptomycetales	Streptomycetaceae	Streptomyces	Streptomyces sp004151105	Streptomyces sp. NPDC059864
NPDC059865	Bacteria	Actinomycetota	Actinomycetia	Streptomycetales	Streptomycetaceae	Streptomyces	Streptomyces sp001905845	Streptomyces sp. NPDC059865
NPDC059867	Bacteria	Actinomycetota	Actinomycetia	Streptomycetales	Streptomycetaceae	Streptomyces	Streptomyces xiamenensis	Streptomyces xiamenensis NPDC059867
NPDC059868	Bacteria	Actinomycetota	Actinomycetia	Streptomycetales	Streptomycetaceae	Streptomyces	Streptomyces sp001905845	Streptomyces sp. NPDC059868
NPDC059872	Bacteria	Actinomycetota	Actinomycetia	Streptomycetales	Streptomycetaceae	Streptomyces	Streptomyces sp023534745	Streptomyces sp. NPDC059872
NPDC059873	Bacteria	Actinomycetota	Actinomycetia	Streptomycetales	Streptomycetaceae	Streptomyces	Streptomyces sp004151105	Streptomyces sp. NPDC059873
NPDC059874	Bacteria	Actinomycetota	Actinomycetia	Streptomycetales	Streptomycetaceae	Streptomyces	Streptomyces sp.	Streptomyces sp. NPDC059874
NPDC059875	Bacteria	Actinomycetota	Actinomycetia	Streptomycetales	Streptomycetaceae	Streptomyces	Streptomyces sp.	Streptomyces sp. NPDC059875
NPDC059876	Bacteria	Actinomycetota	Actinomycetia	Streptomycetales	Streptomycetaceae	Streptomyces	Streptomyces sp004151105	Streptomyces sp. NPDC059876
NPDC059877	Bacteria	Actinomycetota	Actinomycetia	Streptomycetales	Streptomycetaceae	Streptomyces	Streptomyces niveus	Streptomyces niveus NPDC059877
NPDC059881	Bacteria	Actinomycetota	Actinomycetia	Streptomycetales	Streptomycetaceae	Streptomyces	Streptomyces sp.	Streptomyces sp. NPDC059881
NPDC059882	Bacteria	Actinomycetota	Actinomycetia	Streptomycetales	Streptomycetaceae	Streptomyces	Streptomyces violascens	Streptomyces violascens NPDC059882
NPDC059883	Bacteria	Actinomycetota	Actinomycetia	Streptomycetales	Streptomycetaceae	Streptomyces	Streptomyces sp004151105	Streptomyces sp. NPDC059883
NPDC059885	Bacteria	Actinomycetota	Actinomycetia	Streptomycetales	Streptomycetaceae	Streptomyces	Streptomyces sp.	Streptomyces sp. NPDC059885
NPDC059886	Bacteria	Actinomycetota	Actinomycetia	Streptomycetales	Streptomycetaceae	Streptomyces	Streptomyces violascens	Streptomyces violascens NPDC059886
NPDC059887	Bacteria	Actinomycetota	Actinomycetia	Streptomycetales	Streptomycetaceae	Streptomyces	Streptomyces syringium	Streptomyces syringium NPDC059887
NPDC059891	Bacteria	Actinomycetota	Actinomycetia	Streptomycetales	Streptomycetaceae	Streptomyces	Streptomyces mirabilis	Streptomyces mirabilis NPDC059891
NPDC059892	Bacteria	Actinomycetota	Actinomycetia	Streptomycetales	Streptomycetaceae	Streptomyces	Streptomyces sp004151105	Streptomyces sp. NPDC059892
NPDC059893	Bacteria	Actinomycetota	Actinomycetia	Streptomycetales	Streptomycetaceae	Streptomyces	Streptomyces sp.	Streptomyces sp. NPDC059893
NPDC059894	Bacteria	Actinomycetota	Actinomycetia	Streptomycetales	Streptomycetaceae	Streptomyces	Streptomyces sp.	Streptomyces sp. NPDC059894
NPDC059896	Bacteria	Actinomycetota	Actinomycetia	Streptomycetales	Streptomycetaceae	Streptomyces	Streptomyces sp004151105	Streptomyces sp. NPDC059896
NPDC059897	Bacteria	Actinomycetota	Actinomycetia	Streptomycetales	Streptomycetaceae	Streptomyces	Streptomyces sp.	Streptomyces sp. NPDC059897
NPDC059900	Bacteria	Actinomycetota	Actinomycetia	Streptomycetales	Streptomycetaceae	Streptomyces	Streptomyces sp.	Streptomyces sp. NPDC059900
NPDC059904	Bacteria	Actinomycetota	Actinomycetia	Streptomycetales	Streptomycetaceae	Streptomyces	Streptomyces sp003403055	Streptomyces sp. NPDC059904
NPDC059906	Bacteria	Actinomycetota	Actinomycetia	Streptomycetales	Streptomycetaceae	Streptomyces	Streptomyces sp.	Streptomyces sp. NPDC059906
NPDC059907	Bacteria	Actinomycetota	Actinomycetia	Streptomycetales	Streptomycetaceae	Streptomyces	Streptomyces anulatus	Streptomyces anulatus NPDC059907
NPDC059908	Bacteria	Actinomycetota	Actinomycetia	Streptomycetales	Streptomycetaceae	Streptomyces	Streptomyces anulatus	Streptomyces anulatus NPDC059908
NPDC059913	Bacteria	Actinomycetota	Actinomycetia	Streptomycetales	Streptomycetaceae	Streptomyces	Streptomyces sp.	Streptomyces sp. NPDC059913
NPDC059916	Bacteria	Actinomycetota	Actinomycetia	Streptomycetales	Streptomycetaceae	Streptomyces	Streptomyces sp003403055	Streptomyces sp. NPDC059916
NPDC059917	Bacteria	Actinomycetota	Actinomycetia	Streptomycetales	Streptomycetaceae	Streptomyces	Streptomyces sp.	Streptomyces sp. NPDC059917
NPDC059918	Bacteria	Actinomycetota	Actinomycetia	Streptomycetales	Streptomycetaceae	Streptomyces	Streptomyces sp.	Streptomyces sp. NPDC059918
NPDC059921	Bacteria	Actinomycetota	Actinomycetia	Streptomycetales	Streptomycetaceae	Streptomyces	Streptomyces microflavus	Streptomyces microflavus NPDC059921
NPDC059922	Bacteria	Actinomycetota	Actinomycetia	Streptomycetales	Streptomycetaceae	Streptomyces	Streptomyces sp004151105	Streptomyces sp. NPDC059922
NPDC059923	Bacteria	Actinomycetota	Actinomycetia	Streptomycetales	Streptomycetaceae	Streptomyces	Streptomyces celluloflavus	Streptomyces celluloflavus NPDC059923
NPDC059925	Bacteria	Actinomycetota	Actinomycetia	Streptomycetales	Streptomycetaceae	Streptomyces	Streptomyces mirabilis	Streptomyces mirabilis NPDC059925
NPDC059928	Bacteria	Actinomycetota	Actinomycetia	Streptomycetales	Streptomycetaceae	Streptomyces	Streptomyces sp.	Streptomyces sp. NPDC059928
NPDC059935	Bacteria	Actinomycetota	Actinomycetia	Streptomycetales	Streptomycetaceae	Streptomyces	Streptomyces mirabilis	Streptomyces mirabilis NPDC059935
NPDC059940	Bacteria	Actinomycetota	Actinomycetia	Streptomycetales	Streptomycetaceae	Streptomyces	Streptomyces cyaneofuscatus	Streptomyces cyaneofuscatus NPDC059940
NPDC059941	Bacteria	Actinomycetota	Actinomycetia	Streptomycetales	Streptomycetaceae	Streptomyces	Streptomyces goshikiensis	Streptomyces goshikiensis NPDC059941
NPDC059943	Bacteria	Actinomycetota	Actinomycetia	Streptomycetales	Streptomycetaceae	Streptomyces	Streptomyces sp.	Streptomyces sp. NPDC059943
NPDC059944	Bacteria	Actinomycetota	Actinomycetia	Streptomycetales	Streptomycetaceae	Streptomyces	Streptomyces sp.	Streptomyces sp. NPDC059944
NPDC059949	Bacteria	Actinomycetota	Actinomycetia	Streptomycetales	Streptomycetaceae	Streptomyces	Streptomyces sp.	Streptomyces sp. NPDC059949
NPDC059954	Bacteria	Actinomycetota	Actinomycetia	Streptomycetales	Streptomycetaceae	Streptomyces	Streptomyces virginiae_A	Streptomyces virginiae NPDC059954
NPDC059956	Bacteria	Actinomycetota	Actinomycetia	Streptomycetales	Streptomycetaceae	Streptomyces	Streptomyces sp.	Streptomyces sp. NPDC059956
NPDC059966	Bacteria	Actinomycetota	Actinomycetia	Streptomycetales	Streptomycetaceae	Streptomyces	Streptomyces virginiae_A	Streptomyces virginiae NPDC059966
NPDC059967	Bacteria	Actinomycetota	Actinomycetia	Streptomycetales	Streptomycetaceae	Streptomyces	Streptomyces mirabilis	Streptomyces mirabilis NPDC059967
NPDC059970	Bacteria	Actinomycetota	Actinomycetia	Streptomycetales	Streptomycetaceae	Streptomyces	Streptomyces sp.	Streptomyces sp. NPDC059970
NPDC059972	Bacteria	Actinomycetota	Actinomycetia	Streptomycetales	Streptomycetaceae	Streptomyces	Streptomyces mirabilis	Streptomyces mirabilis NPDC059972
NPDC059973	Bacteria	Actinomycetota	Actinomycetia	Streptomycetales	Streptomycetaceae	Kitasatospora	Kitasatospora sp.	Kitasatospora sp. NPDC059973
NPDC059979	Bacteria	Actinomycetota	Actinomycetia	Streptomycetales	Streptomycetaceae	Streptomyces	Streptomyces sp.	Streptomyces sp. NPDC059979
NPDC059980	Bacteria	Actinomycetota	Actinomycetia	Streptomycetales	Streptomycetaceae	Streptomyces	Streptomyces sp002078175	Streptomyces sp. NPDC059980
NPDC059981	Bacteria	Actinomycetota	Actinomycetia	Streptomycetales	Streptomycetaceae	Streptomyces	Streptomyces sp.	Streptomyces sp. NPDC059981
NPDC059985	Bacteria	Actinomycetota	Actinomycetia	Streptomycetales	Streptomycetaceae	Streptomyces	Streptomyces sp.	Streptomyces sp. NPDC059985
NPDC059989	Bacteria	Actinomycetota	Actinomycetia	Streptomycetales	Streptomycetaceae	Streptomyces	Streptomyces sp.	Streptomyces sp. NPDC059989
NPDC059990	Bacteria	Actinomycetota	Actinomycetia	Streptomycetales	Streptomycetaceae	Streptomyces	Streptomyces sp.	Streptomyces sp. NPDC059990
NPDC059991	Bacteria	Actinomycetota	Actinomycetia	Streptomycetales	Streptomycetaceae	Streptomyces	Streptomyces sp.	Streptomyces sp. NPDC059991
NPDC059994	Bacteria	Actinomycetota	Actinomycetia	Streptomycetales	Streptomycetaceae	Streptomyces	Streptomyces sp.	Streptomyces sp. NPDC059994
NPDC059999	Bacteria	Actinomycetota	Actinomycetia	Streptomycetales	Streptomycetaceae	Streptomyces	Streptomyces sp001279725	Streptomyces sp. NPDC059999
NPDC060000	Bacteria	Actinomycetota	Actinomycetia	Streptomycetales	Streptomycetaceae	Streptomyces	Streptomyces sp.	Streptomyces sp. NPDC060000
NPDC060001	Bacteria	Actinomycetota	Actinomycetia	Streptomycetales	Streptomycetaceae	Streptomyces	Streptomyces sp019090165	Streptomyces sp. NPDC060001
NPDC060002	Bacteria	Actinomycetota	Actinomycetia	Streptomycetales	Streptomycetaceae	Streptomyces	Streptomyces sp.	Streptomyces sp. NPDC060002
NPDC060005	Bacteria	Actinomycetota	Actinomycetia	Streptomycetales	Streptomycetaceae	Streptomyces	Streptomyces sp002078175	Streptomyces sp. NPDC060005
NPDC060006	Bacteria	Actinomycetota	Actinomycetia	Streptomycetales	Streptomycetaceae	Streptomyces	Streptomyces sp019090165	Streptomyces sp. NPDC060006
NPDC060008	Bacteria	Actinomycetota	Actinomycetia	Streptomycetales	Streptomycetaceae	Streptomyces	Streptomyces griseus	Streptomyces griseus NPDC060008
NPDC060010	Bacteria	Actinomycetota	Actinomycetia	Streptomycetales	Streptomycetaceae	Streptomyces	Streptomyces sp001279725	Streptomyces sp. NPDC060010
NPDC060011	Bacteria	Actinomycetota	Actinomycetia	Streptomycetales	Streptomycetaceae	Streptomyces	Streptomyces sp002078175	Streptomyces sp. NPDC060011
NPDC060012	Bacteria	Actinomycetota	Actinomycetia	Streptomycetales	Streptomycetaceae	Streptomyces	Streptomyces goshikiensis	Streptomyces goshikiensis NPDC060012
NPDC060020	Bacteria	Actinomycetota	Actinomycetia	Streptomycetales	Streptomycetaceae	Streptomyces	Streptomyces sp000720115	Streptomyces sp. NPDC060020
NPDC060022	Bacteria	Actinomycetota	Actinomycetia	Streptomycetales	Streptomycetaceae	Streptomyces	Streptomyces sp.	Streptomyces sp. NPDC060022
NPDC060027	Bacteria	Actinomycetota	Actinomycetia	Streptomycetales	Streptomycetaceae	Streptomyces	Streptomyces sp.	Streptomyces sp. NPDC060027
NPDC060028	Bacteria	Actinomycetota	Actinomycetia	Streptomycetales	Streptomycetaceae	Streptomyces	Streptomyces sp.	Streptomyces sp. NPDC060028
NPDC060030	Bacteria	Actinomycetota	Actinomycetia	Streptomycetales	Streptomycetaceae	Streptomyces	Streptomyces sp.	Streptomyces sp. NPDC060030
NPDC060031	Bacteria	Actinomycetota	Actinomycetia	Streptomycetales	Streptomycetaceae	Streptomyces	Streptomyces sp.	Streptomyces sp. NPDC060031
NPDC060033	Bacteria	Actinomycetota	Actinomycetia	Streptomycetales	Streptomycetaceae	Streptomyces	Streptomyces sp001905125	Streptomyces sp. NPDC060033
NPDC060034	Bacteria	Actinomycetota	Actinomycetia	Streptomycetales	Streptomycetaceae	Streptomyces	Streptomyces nojiriensis	Streptomyces nojiriensis NPDC060034
NPDC060035	Bacteria	Actinomycetota	Actinomycetia	Streptomycetales	Streptomycetaceae	Streptomyces	Streptomyces sp.	Streptomyces sp. NPDC060035
NPDC060038	Bacteria	Actinomycetota	Actinomycetia	Streptomycetales	Streptomycetaceae	Streptomyces	Streptomyces goshikiensis	Streptomyces goshikiensis NPDC060038
NPDC060039	Bacteria	Actinomycetota	Actinomycetia	Streptomycetales	Streptomycetaceae	Streptomyces	Streptomyces goshikiensis	Streptomyces goshikiensis NPDC060039
NPDC060042	Bacteria	Actinomycetota	Actinomycetia	Streptomycetales	Streptomycetaceae	Streptomyces	Streptomyces phaeochromogenes	Streptomyces phaeochromogenes NPDC060042
NPDC060046	Bacteria	Actinomycetota	Actinomycetia	Streptomycetales	Streptomycetaceae	Streptomyces	Streptomyces olivochromogenes	Streptomyces mirabilis NPDC060046
NPDC060048	Bacteria	Actinomycetota	Actinomycetia	Streptomycetales	Streptomycetaceae	Streptomyces	Streptomyces sp.	Streptomyces sp. NPDC060048
NPDC060050	Bacteria	Actinomycetota	Actinomycetia	Streptomycetales	Streptomycetaceae	Streptomyces	Streptomyces goshikiensis	Streptomyces goshikiensis NPDC060050
NPDC060052	Bacteria	Actinomycetota	Actinomycetia	Streptomycetales	Streptomycetaceae	Streptomyces	Streptomyces papulosus	Kitasatospora papulosa NPDC060052
NPDC060053	Bacteria	Actinomycetota	Actinomycetia	Streptomycetales	Streptomycetaceae	Streptomyces	Streptomyces sp.	Streptomyces sp. NPDC060053
NPDC060054	Bacteria	Actinomycetota	Actinomycetia	Streptomycetales	Streptomycetaceae	Streptomyces	Streptomyces sp001905125	Streptomyces sp. NPDC060054
NPDC060055	Bacteria	Actinomycetota	Actinomycetia	Streptomycetales	Streptomycetaceae	Streptomyces	Streptomyces goshikiensis	Streptomyces goshikiensis NPDC060055
NPDC060060	Bacteria	Actinomycetota	Actinomycetia	Streptomycetales	Streptomycetaceae	Streptomyces	Streptomyces anulatus	Streptomyces anulatus NPDC060060
NPDC060063	Bacteria	Actinomycetota	Actinomycetia	Streptomycetales	Streptomycetaceae	Streptomyces	Streptomyces albidoflavus	Streptomyces albidoflavus NPDC060063
NPDC060064	Bacteria	Actinomycetota	Actinomycetia	Streptomycetales	Streptomycetaceae	Streptomyces	Streptomyces sp.	Streptomyces sp. NPDC060064
NPDC060065	Bacteria	Actinomycetota	Actinomycetia	Streptomycetales	Streptomycetaceae	Streptomyces	Streptomyces sp.	Streptomyces sp. NPDC060065
NPDC060066	Bacteria	Actinomycetota	Actinomycetia	Streptomycetales	Streptomycetaceae	Streptomyces	Streptomyces diastaticus	Streptomyces diastaticus NPDC060066
NPDC060067	Bacteria	Actinomycetota	Actinomycetia	Streptomycetales	Streptomycetaceae	Streptomyces	Streptomyces diastaticus	Streptomyces diastaticus NPDC060067
NPDC060068	Bacteria	Actinomycetota	Actinomycetia	Streptomycetales	Streptomycetaceae	Streptomyces	Streptomyces diastaticus	Streptomyces diastaticus NPDC060068
NPDC060069	Bacteria	Actinomycetota	Actinomycetia	Streptomycetales	Streptomycetaceae	Streptomyces	Streptomyces albidoflavus	Streptomyces albidoflavus NPDC060069
NPDC060070	Bacteria	Actinomycetota	Actinomycetia	Streptomycetales	Streptomycetaceae	Streptomyces	Streptomyces diastaticus	Streptomyces diastaticus NPDC060070
NPDC060071	Bacteria	Actinomycetota	Actinomycetia	Streptomycetales	Streptomycetaceae	Streptomyces	Streptomyces roseolus	Streptomyces roseolus NPDC060071
NPDC060072	Bacteria	Actinomycetota	Actinomycetia	Streptomycetales	Streptomycetaceae	Streptomyces	Streptomyces diastaticus	Streptomyces diastaticus NPDC060072
NPDC060073	Bacteria	Actinomycetota	Actinomycetia	Streptomycetales	Streptomycetaceae	Streptomyces	Streptomyces diastaticus	Streptomyces diastaticus NPDC060073
NPDC060074	Bacteria	Actinomycetota	Actinomycetia	Streptomycetales	Streptomycetaceae	Streptomyces	Streptomyces albidoflavus	Streptomyces koyangensis NPDC060074
NPDC060075	Bacteria	Actinomycetota	Actinomycetia	Streptomycetales	Streptomycetaceae	Streptomyces	Streptomyces sp.	Streptomyces sp. NPDC060075
NPDC060076	Bacteria	Actinomycetota	Actinomycetia	Streptomycetales	Streptomycetaceae	Streptomyces	Streptomyces albidoflavus	Streptomyces albidoflavus NPDC060076
NPDC060077	Bacteria	Actinomycetota	Actinomycetia	Streptomycetales	Streptomycetaceae	Streptomyces	Streptomyces sp002910825	Streptomyces sp. NPDC060077
NPDC060078	Bacteria	Actinomycetota	Actinomycetia	Streptomycetales	Streptomycetaceae	Streptomyces	Streptomyces diastaticus	Streptomyces diastaticus NPDC060078
NPDC060079	Bacteria	Actinomycetota	Actinomycetia	Streptomycetales	Streptomycetaceae	Streptomyces	Streptomyces diastaticus	Streptomyces diastaticus NPDC060079
NPDC060080	Bacteria	Actinomycetota	Actinomycetia	Streptomycetales	Streptomycetaceae	Streptomyces	Streptomyces diastaticus	Streptomyces diastaticus NPDC060080
NPDC060081	Bacteria	Actinomycetota	Actinomycetia	Streptomycetales	Streptomycetaceae	Streptomyces	Streptomyces diastaticus	Streptomyces diastaticus NPDC060081
NPDC060082	Bacteria	Actinomycetota	Actinomycetia	Streptomycetales	Streptomycetaceae	Streptomyces	Streptomyces diastaticus	Streptomyces diastaticus NPDC060082
NPDC060083	Bacteria	Actinomycetota	Actinomycetia	Streptomycetales	Streptomycetaceae	Streptomyces	Streptomyces diastaticus	Streptomyces diastaticus NPDC060083
NPDC060085	Bacteria	Actinomycetota	Actinomycetia	Streptomycetales	Streptomycetaceae	Streptomyces	Streptomyces sp002078175	Streptomyces sp. NPDC060085
NPDC060087	Bacteria	Actinomycetota	Actinomycetia	Streptomycetales	Streptomycetaceae	Streptomyces	Streptomyces cyaneofuscatus	Streptomyces cyaneofuscatus NPDC060087
NPDC060093	Bacteria	Actinomycetota	Actinomycetia	Streptomycetales	Streptomycetaceae	Streptomyces	Streptomyces roseolus	Streptomyces roseolus NPDC060093
NPDC060098	Bacteria	Actinomycetota	Actinomycetia	Streptomycetales	Streptomycetaceae	Streptomyces	Streptomyces anthocyanicus	Streptomyces anthocyanicus NPDC060098
NPDC060099	Bacteria	Actinomycetota	Actinomycetia	Streptomycetales	Streptomycetaceae	Streptomyces	Streptomyces anthocyanicus	Streptomyces anthocyanicus NPDC060099
NPDC060100	Bacteria	Actinomycetota	Actinomycetia	Streptomycetales	Streptomycetaceae	Streptomyces	Streptomyces anthocyanicus	Streptomyces anthocyanicus NPDC060100
NPDC060102	Bacteria	Actinomycetota	Actinomycetia	Streptomycetales	Streptomycetaceae	Streptomyces	Streptomyces anthocyanicus	Streptomyces anthocyanicus NPDC060102
NPDC060103	Bacteria	Actinomycetota	Actinomycetia	Streptomycetales	Streptomycetaceae	Streptomyces	Streptomyces anthocyanicus	Streptomyces anthocyanicus NPDC060103
NPDC060105	Bacteria	Actinomycetota	Actinomycetia	Streptomycetales	Streptomycetaceae	Streptomyces	Streptomyces anthocyanicus	Streptomyces anthocyanicus NPDC060105
NPDC060106	Bacteria	Actinomycetota	Actinomycetia	Streptomycetales	Streptomycetaceae	Streptomyces	Streptomyces anthocyanicus	Streptomyces anthocyanicus NPDC060106
NPDC060110	Bacteria	Actinomycetota	Actinomycetia	Streptomycetales	Streptomycetaceae	Streptomyces	Streptomyces venezuelae_D	Streptomyces venezuelae NPDC060110
NPDC060112	Bacteria	Actinomycetota	Actinomycetia	Streptomycetales	Streptomycetaceae	Streptomyces	Streptomyces anthocyanicus	Streptomyces anthocyanicus NPDC060112
NPDC060119	Bacteria	Actinomycetota	Actinomycetia	Streptomycetales	Streptomycetaceae	Streptomyces	Streptomyces coelicoflavus	Streptomyces coelicoflavus NPDC060119
NPDC060122	Bacteria	Actinomycetota	Actinomycetia	Streptomycetales	Streptomycetaceae	Streptomyces	Streptomyces anthocyanicus	Streptomyces anthocyanicus NPDC060122
NPDC060125	Bacteria	Actinomycetota	Actinomycetia	Streptomycetales	Streptomycetaceae	Streptomyces	Streptomyces parvus	Streptomyces parvus NPDC060125
NPDC060142	Bacteria	Actinomycetota	Actinomycetia	Streptomycetales	Streptomycetaceae	Streptomyces	Streptomyces diastaticus	Streptomyces diastaticus NPDC060142
NPDC060143	Bacteria	Actinomycetota	Actinomycetia	Streptomycetales	Streptomycetaceae	Streptomyces	Streptomyces coelicoflavus	Streptomyces coelicoflavus NPDC060143
NPDC060145	Bacteria	Actinomycetota	Actinomycetia	Streptomycetales	Streptomycetaceae	Streptomyces	Streptomyces roseolus	Streptomyces roseolus NPDC060145
NPDC060146	Bacteria	Actinomycetota	Actinomycetia	Streptomycetales	Streptomycetaceae	Streptomyces	Streptomyces diastaticus	Streptomyces diastaticus NPDC060146
NPDC060147	Bacteria	Actinomycetota	Actinomycetia	Streptomycetales	Streptomycetaceae	Streptomyces	Streptomyces diastaticus	Streptomyces diastaticus NPDC060147
NPDC060148	Bacteria	Actinomycetota	Actinomycetia	Streptomycetales	Streptomycetaceae	Streptomyces	Streptomyces anulatus	Streptomyces anulatus NPDC060148
NPDC060151	Bacteria	Actinomycetota	Actinomycetia	Streptomycetales	Streptomycetaceae	Streptomyces	Streptomyces anulatus	Streptomyces anulatus NPDC060151
NPDC060156	Bacteria	Actinomycetota	Actinomycetia	Streptomycetales	Streptomycetaceae	Streptomyces	Streptomyces coelicoflavus	Streptomyces coelicoflavus NPDC060156
NPDC060162	Bacteria	Actinomycetota	Actinomycetia	Streptomycetales	Streptomycetaceae	Streptomyces	Streptomyces bacillaris	Streptomyces bacillaris NPDC060162
NPDC060164	Bacteria	Actinomycetota	Actinomycetia	Streptomycetales	Streptomycetaceae	Streptomyces	Streptomyces diastaticus	Streptomyces diastaticus NPDC060164
NPDC060178	Bacteria	Actinomycetota	Actinomycetia	Streptomycetales	Streptomycetaceae	Streptomyces	Streptomyces sp002078175	Streptomyces sp. NPDC060178
NPDC060179	Bacteria	Actinomycetota	Actinomycetia	Streptomycetales	Streptomycetaceae	Streptomyces	Streptomyces anulatus	Streptomyces anulatus NPDC060179
NPDC060182	Bacteria	Actinomycetota	Actinomycetia	Streptomycetales	Streptomycetaceae	Streptomyces	Streptomyces albidoflavus	Streptomyces albidoflavus NPDC060182
NPDC060184	Bacteria	Actinomycetota	Actinomycetia	Streptomycetales	Streptomycetaceae	Streptomyces	Streptomyces sp.	Streptomyces sp. NPDC060184
NPDC060187	Bacteria	Actinomycetota	Actinomycetia	Streptomycetales	Streptomycetaceae	Streptomyces	Streptomyces sp002078175	Streptomyces sp. NPDC060187
NPDC060188	Bacteria	Actinomycetota	Actinomycetia	Streptomycetales	Streptomycetaceae	Streptomyces	Streptomyces sp.	Streptomyces sp. NPDC060188
NPDC060189	Bacteria	Actinomycetota	Actinomycetia	Streptomycetales	Streptomycetaceae	Streptomyces	Streptomyces goshikiensis	Streptomyces goshikiensis NPDC060189
NPDC060192	Bacteria	Actinomycetota	Actinomycetia	Streptomycetales	Streptomycetaceae	Streptomyces	Streptomyces nigra	Streptomyces nigra NPDC060192
NPDC060194	Bacteria	Actinomycetota	Actinomycetia	Streptomycetales	Streptomycetaceae	Streptomyces	Streptomyces sp.	Streptomyces sp. NPDC060194
NPDC060196	Bacteria	Actinomycetota	Actinomycetia	Streptomycetales	Streptomycetaceae	Streptomyces	Streptomyces massasporeus	Streptomyces massasporeus NPDC060196
NPDC060198	Bacteria	Actinomycetota	Actinomycetia	Streptomycetales	Streptomycetaceae	Streptomyces	Streptomyces sp.	Streptomyces sp. NPDC060198
NPDC060200	Bacteria	Actinomycetota	Actinomycetia	Streptomycetales	Streptomycetaceae	Streptomyces	Streptomyces roseolus	Streptomyces roseolus NPDC060200
NPDC060205	Bacteria	Actinomycetota	Actinomycetia	Streptomycetales	Streptomycetaceae	Streptomyces	Streptomyces sp.	Streptomyces sp. NPDC060205
NPDC060206	Bacteria	Actinomycetota	Actinomycetia	Streptomycetales	Streptomycetaceae	Streptomyces	Streptomyces albidoflavus	Streptomyces albidoflavus NPDC060206
NPDC060207	Bacteria	Actinomycetota	Actinomycetia	Streptomycetales	Streptomycetaceae	Streptomyces	Streptomyces roseolus	Streptomyces roseolus NPDC060207
NPDC060209	Bacteria	Actinomycetota	Actinomycetia	Streptomycetales	Streptomycetaceae	Streptomyces	Streptomyces sp.	Streptomyces sp. NPDC060209
NPDC060210	Bacteria	Actinomycetota	Actinomycetia	Streptomycetales	Streptomycetaceae	Streptomyces	Streptomyces sp004151105	Streptomyces sp. NPDC060210
NPDC060212	Bacteria	Actinomycetota	Actinomycetia	Streptomycetales	Streptomycetaceae	Streptomyces	Streptomyces venezuelae_D	Streptomyces venezuelae NPDC060212
NPDC060214	Bacteria	Actinomycetota	Actinomycetia	Streptomycetales	Streptomycetaceae	Streptomyces	Streptomyces roseolus	Streptomyces roseolus NPDC060214
NPDC060215	Bacteria	Actinomycetota	Actinomycetia	Streptomycetales	Streptomycetaceae	Streptomyces	Streptomyces sp004151105	Streptomyces sp. NPDC060215
NPDC060216	Bacteria	Actinomycetota	Actinomycetia	Streptomycetales	Streptomycetaceae	Streptomyces	Streptomyces goshikiensis	Streptomyces goshikiensis NPDC060216
NPDC060223	Bacteria	Actinomycetota	Actinomycetia	Streptomycetales	Streptomycetaceae	Streptomyces	Streptomyces sp.	Streptomyces sp. NPDC060223
NPDC060226	Bacteria	Actinomycetota	Actinomycetia	Streptomycetales	Streptomycetaceae	Streptomyces	Streptomyces sp.	Streptomyces sp. NPDC060226
NPDC060228	Bacteria	Actinomycetota	Actinomycetia	Streptomycetales	Streptomycetaceae	Streptomyces	Streptomyces niveus	Streptomyces niveus NPDC060228
NPDC060233	Bacteria	Actinomycetota	Actinomycetia	Streptomycetales	Streptomycetaceae	Streptomyces	Streptomyces roseolus	Streptomyces roseolus NPDC060233
NPDC060235	Bacteria	Actinomycetota	Actinomycetia	Streptomycetales	Streptomycetaceae	Streptomyces	Streptomyces sp002078175	Streptomyces sp. NPDC060235
NPDC060240	Bacteria	Actinomycetota	Actinomycetia	Streptomycetales	Streptomycetaceae	Streptomyces	Streptomyces diastaticus	Streptomyces diastaticus NPDC060240
NPDC060243	Bacteria	Actinomycetota	Actinomycetia	Streptomycetales	Streptomycetaceae	Streptomyces	Streptomyces sp000213055	Streptomyces sp. NPDC060243
NPDC060244	Bacteria	Actinomycetota	Actinomycetia	Streptomycetales	Streptomycetaceae	Streptomyces	Streptomyces roseolus	Streptomyces roseolus NPDC060244
NPDC060247	Bacteria	Actinomycetota	Actinomycetia	Streptomycetales	Streptomycetaceae	Streptomyces	Streptomyces diastaticus	Streptomyces diastaticus NPDC060247
NPDC060268	Bacteria	Actinomycetota	Actinomycetia	Streptomycetales	Streptomycetaceae	Streptomyces	Streptomyces albidoflavus	Streptomyces albidoflavus NPDC060268
NPDC060275	Bacteria	Actinomycetota	Actinomycetia	Streptomycetales	Streptomycetaceae	Streptomyces	Streptomyces sp003369795	Streptomyces sp. NPDC060275
NPDC060288	Bacteria	Actinomycetota	Actinomycetia	Streptomycetales	Streptomycetaceae	Streptomyces	Streptomyces hydrogenans	Streptomyces hydrogenans NPDC060288
NPDC060295	Bacteria	Actinomycetota	Actinomycetia	Streptomycetales	Streptomycetaceae	Streptomyces	Streptomyces goshikiensis	Streptomyces goshikiensis NPDC060295
NPDC060297	Bacteria	Actinomycetota	Actinomycetia	Streptomycetales	Streptomycetaceae	Streptomyces	Streptomyces griseoincarnatus	Streptomyces griseoincarnatus NPDC060297
NPDC060300	Bacteria	Actinomycetota	Actinomycetia	Streptomycetales	Streptomycetaceae	Streptomyces	Streptomyces erythrochromogenes_A	Streptomyces erythrochromogenes NPDC060300
NPDC060305	Bacteria	Actinomycetota	Actinomycetia	Streptomycetales	Streptomycetaceae	Streptomyces	Streptomyces bacillaris	Streptomyces bacillaris NPDC060305
NPDC060307	Bacteria	Actinomycetota	Actinomycetia	Streptomycetales	Streptomycetaceae	Streptomyces	Streptomyces bacillaris	Streptomyces bacillaris NPDC060307
NPDC060308	Bacteria	Actinomycetota	Actinomycetia	Streptomycetales	Streptomycetaceae	Streptomyces	Streptomyces pilosus	Streptomyces pilosus NPDC060308
NPDC060309	Bacteria	Actinomycetota	Actinomycetia	Streptomycetales	Streptomycetaceae	Streptomyces	Streptomyces griseoaurantiacus	Streptomyces griseoaurantiacus NPDC060309
NPDC060311	Bacteria	Actinomycetota	Actinomycetia	Streptomycetales	Streptomycetaceae	Streptomyces	Streptomyces sp000772045	Streptomyces sp. NPDC060311
NPDC060312	Bacteria	Actinomycetota	Actinomycetia	Streptomycetales	Streptomycetaceae	Streptomyces	Streptomyces anthocyanicus	Streptomyces anthocyanicus NPDC060312
NPDC060314	Bacteria	Actinomycetota	Actinomycetia	Streptomycetales	Streptomycetaceae	Streptomyces	Streptomyces rochei	Streptomyces rochei NPDC060314
NPDC060315	Bacteria	Actinomycetota	Actinomycetia	Streptomycetales	Streptomycetaceae	Streptomyces	Streptomyces rochei	Streptomyces rochei NPDC060315
NPDC060316	Bacteria	Actinomycetota	Actinomycetia	Streptomycetales	Streptomycetaceae	Streptomyces	Streptomyces rochei	Streptomyces rochei NPDC060316
NPDC060317	Bacteria	Actinomycetota	Actinomycetia	Streptomycetales	Streptomycetaceae	Streptomyces	Streptomyces albidoflavus	Streptomyces koyangensis NPDC060317
NPDC060318	Bacteria	Actinomycetota	Actinomycetia	Streptomycetales	Streptomycetaceae	Streptomyces	Streptomyces massasporeus	Streptomyces massasporeus NPDC060318
NPDC060319	Bacteria	Actinomycetota	Actinomycetia	Streptomycetales	Streptomycetaceae	Streptomyces	Streptomyces collinus	Streptomyces collinus NPDC060319
NPDC060320	Bacteria	Actinomycetota	Actinomycetia	Streptomycetales	Streptomycetaceae	Streptomyces	Streptomyces chartreusis	Streptomyces chartreusis NPDC060320
NPDC060323	Bacteria	Actinomycetota	Actinomycetia	Streptomycetales	Streptomycetaceae	Streptomyces	Streptomyces cyaneofuscatus	Streptomyces cyaneofuscatus NPDC060323
NPDC060328	Bacteria	Actinomycetota	Actinomycetia	Streptomycetales	Streptomycetaceae	Streptomyces	Streptomyces diastaticus	Streptomyces diastaticus NPDC060328
NPDC060329	Bacteria	Actinomycetota	Actinomycetia	Streptomycetales	Streptomycetaceae	Streptomyces	Streptomyces griseus	Streptomyces griseus NPDC060329
NPDC060331	Bacteria	Actinomycetota	Actinomycetia	Streptomycetales	Streptomycetaceae	Streptomyces	Streptomyces microflavus	Streptomyces microflavus NPDC060331
NPDC060333	Bacteria	Actinomycetota	Actinomycetia	Streptomycetales	Streptomycetaceae	Streptomyces	Streptomyces sp001279725	Streptomyces sp. NPDC060333
NPDC060334	Bacteria	Actinomycetota	Actinomycetia	Streptomycetales	Streptomycetaceae	Streptomyces	Streptomyces sp001279725	Streptomyces sp. NPDC060334
NPDC060350	Bacteria	Actinomycetota	Actinomycetia	Streptomycetales	Streptomycetaceae	Streptomyces	Streptomyces bacillaris	Streptomyces bacillaris NPDC060350
NPDC060361	Bacteria	Actinomycetota	Actinomycetia	Streptomycetales	Streptomycetaceae	Streptomyces	Streptomyces chartreusis	Streptomyces chartreusis NPDC060361
NPDC060364	Bacteria	Actinomycetota	Actinomycetia	Streptomycetales	Streptomycetaceae	Streptomyces	Streptomyces massasporeus	Streptomyces massasporeus NPDC060364
NPDC060365	Bacteria	Actinomycetota	Actinomycetia	Streptomycetales	Streptomycetaceae	Streptomyces	Streptomyces fungicidicus	Streptomyces fungicidicus NPDC060365
NPDC060366	Bacteria	Actinomycetota	Actinomycetia	Streptomycetales	Streptomycetaceae	Streptomyces	Streptomyces sp.	Streptomyces sp. NPDC060366
NPDC060368	Bacteria	Actinomycetota	Actinomycetia	Streptomycetales	Streptomycetaceae	Streptomyces	Streptomyces sp010384365	Streptomyces sp. NPDC060368
NPDC060369	Bacteria	Actinomycetota	Actinomycetia	Streptomycetales	Streptomycetaceae	Streptomyces	Streptomyces glaucescens	Streptomyces pharetrae NPDC060369
NPDC060370	Bacteria	Actinomycetota	Actinomycetia	Streptomycetales	Streptomycetaceae	Streptomyces	Streptomyces coeruleorubidus	Streptomyces coeruleorubidus NPDC060370
NPDC064945	Bacteria	Actinomycetota	Actinomycetia	Streptomycetales	Streptomycetaceae	Streptomyces	Streptomyces achromogenes	Streptomyces achromogenes NPDC064945
NPDC076783	Bacteria	Actinomycetota	Actinomycetia	Streptomycetales	Streptomycetaceae	Streptomyces	Streptomyces flavidovirens	Streptomyces flavidovirens NPDC076783
NPDC077535	Bacteria	Actinomycetota	Actinomycetia	Streptomycetales	Streptomycetaceae	Streptomyces	Streptomyces chartreusis	Streptomyces chartreusis NPDC077535
NPDC078856	Bacteria	Actinomycetota	Actinomycetia	Streptomycetales	Streptomycetaceae	Streptomyces	Streptomyces papulosus	Streptomyces papulosus NPDC078856
NPDC078892	Bacteria	Actinomycetota	Actinomycetia	Streptomycetales	Streptomycetaceae	Streptomyces	Streptomyces albidoflavus	Streptomyces albidoflavus NPDC078892
NPDC079020	Bacteria	Actinomycetota	Actinomycetia	Streptomycetales	Streptomycetaceae	Streptomyces	Streptomyces sp.	Streptomyces sp. NPDC079020
NPDC079141	Bacteria	Actinomycetota	Actinomycetia	Streptomycetales	Streptomycetaceae	Streptomyces	Streptomyces sp.	Streptomyces sp. NPDC079141
NPDC079167	Bacteria	Actinomycetota	Actinomycetia	Streptomycetales	Streptomycetaceae	Streptomyces	Streptomyces sp.	Streptomyces sp. NPDC079167
NPDC079168	Bacteria	Actinomycetota	Actinomycetia	Streptomycetales	Streptomycetaceae	Streptomyces	Streptomyces halstedii	Streptomyces halstedii NPDC079168
NPDC079189	Bacteria	Actinomycetota	Actinomycetia	Streptomycetales	Streptomycetaceae	Streptomyces	Streptomyces sp.	Streptomyces sp. NPDC079189
NPDC085448	Bacteria	Actinomycetota	Actinomycetia	Streptomycetales	Streptomycetaceae	Streptomyces	Streptomyces aquilus	Streptomyces aquilus NPDC085448
NPDC085455	Bacteria	Actinomycetota	Actinomycetia	Streptomycetales	Streptomycetaceae	Streptomyces	Streptomyces rochei	Streptomyces rochei NPDC085455
NPDC085456	Bacteria	Actinomycetota	Actinomycetia	Streptomycetales	Streptomycetaceae	Streptomyces	Streptomyces rubrogriseus	Streptomyces rubrogriseus NPDC085456
NPDC085460	Bacteria	Actinomycetota	Actinomycetia	Streptomycetales	Streptomycetaceae	Streptomyces	Streptomyces sp.	Streptomyces sp. NPDC085460
NPDC085463	Bacteria	Actinomycetota	Actinomycetia	Streptomycetales	Streptomycetaceae	Streptomyces	Streptomyces sp001280125	Streptomyces sp. NPDC085463
NPDC085464	Bacteria	Actinomycetota	Actinomycetia	Streptomycetales	Streptomycetaceae	Kitasatospora	Kitasatospora sp.	Kitasatospora sp. NPDC085464
NPDC085466	Bacteria	Actinomycetota	Actinomycetia	Streptomycetales	Streptomycetaceae	Streptomyces	Streptomyces sp.	Streptomyces sp. NPDC085466
NPDC085479	Bacteria	Actinomycetota	Actinomycetia	Streptomycetales	Streptomycetaceae	Streptomyces	Streptomyces sp.	Streptomyces sp. NPDC085479
NPDC085480	Bacteria	Actinomycetota	Actinomycetia	Streptomycetales	Streptomycetaceae	Streptomyces	Streptomyces pseudogriseolus	Streptomyces pseudogriseolus NPDC085480
NPDC085481	Bacteria	Actinomycetota	Actinomycetia	Streptomycetales	Streptomycetaceae	Streptomyces	Streptomyces sp.	Streptomyces sp. NPDC085481
NPDC085513	Bacteria	Actinomycetota	Actinomycetia	Streptomycetales	Streptomycetaceae	Streptomyces	Streptomyces erythrochromogenes_A	Streptomyces erythrochromogenes_A NPDC085513
NPDC085520	Bacteria	Actinomycetota	Actinomycetia	Streptomycetales	Streptomycetaceae	Streptomyces	Streptomyces pseudogriseolus	Streptomyces pseudogriseolus NPDC085520
NPDC085524	Bacteria	Actinomycetota	Actinomycetia	Streptomycetales	Streptomycetaceae	Streptomyces	Streptomyces sp.	Streptomyces sp. NPDC085524
NPDC085529	Bacteria	Actinomycetota	Actinomycetia	Streptomycetales	Streptomycetaceae	Streptomyces	Streptomyces sp000719555	Streptomyces sp. NPDC085529
NPDC085540	Bacteria	Actinomycetota	Actinomycetia	Streptomycetales	Streptomycetaceae	Streptomyces	Streptomyces sp.	Streptomyces sp. NPDC085540
NPDC085563	Bacteria	Actinomycetota	Actinomycetia	Streptomycetales	Streptomycetaceae	Streptomyces	Streptomyces xiamenensis	Streptomyces xiamenensis NPDC085563
NPDC085577	Bacteria	Actinomycetota	Actinomycetia	Streptomycetales	Streptomycetaceae	Streptomyces	Streptomyces filamentosus	Streptomyces filamentosus NPDC085577
NPDC085581	Bacteria	Actinomycetota	Actinomycetia	Streptomycetales	Streptomycetaceae	Streptomyces	Streptomyces parvus	Streptomyces parvus NPDC085581
NPDC085586	Bacteria	Actinomycetota	Actinomycetia	Streptomycetales	Streptomycetaceae	Streptomyces	Streptomyces filamentosus	Streptomyces filamentosus NPDC085586
NPDC085596	Bacteria	Actinomycetota	Actinomycetia	Streptomycetales	Streptomycetaceae	Streptomyces	Streptomyces sp.	Streptomyces sp. NPDC085596
NPDC085608	Bacteria	Actinomycetota	Actinomycetia	Streptomycetales	Streptomycetaceae	Streptomyces	Streptomyces microflavus	Streptomyces microflavus NPDC085608
NPDC085612	Bacteria	Actinomycetota	Actinomycetia	Streptomycetales	Streptomycetaceae	Streptomyces	Streptomyces sp.	Streptomyces sp. NPDC085612
NPDC085614	Bacteria	Actinomycetota	Actinomycetia	Streptomycetales	Streptomycetaceae	Streptomyces	Streptomyces sp008042125	Streptomyces sp. NPDC085614
NPDC085615	Bacteria	Actinomycetota	Actinomycetia	Streptomycetales	Streptomycetaceae	Streptomyces	Streptomyces rubiginosohelvolus	Streptomyces rubiginosohelvolus NPDC085615
NPDC085638	Bacteria	Actinomycetota	Actinomycetia	Streptomycetales	Streptomycetaceae	Streptomyces	Streptomyces albidoflavus	Streptomyces albidoflavus NPDC085638
NPDC085639	Bacteria	Actinomycetota	Actinomycetia	Streptomycetales	Streptomycetaceae	Streptomyces	Streptomyces sp002080455	Streptomyces sp. NPDC085639
NPDC085641	Bacteria	Actinomycetota	Actinomycetia	Streptomycetales	Streptomycetaceae	Streptomyces	Streptomyces cyaneofuscatus	Streptomyces cyaneofuscatus NPDC085641
NPDC085659	Bacteria	Actinomycetota	Actinomycetia	Streptomycetales	Streptomycetaceae	Streptomyces	Streptomyces sp001905735	Streptomyces sp. NPDC085659
NPDC085665	Bacteria	Actinomycetota	Actinomycetia	Streptomycetales	Streptomycetaceae	Streptomyces	Streptomyces flavotricini	Streptomyces flavotricini NPDC085665
NPDC085717	Bacteria	Actinomycetota	Actinomycetia	Streptomycetales	Streptomycetaceae	Streptomyces	Streptomyces nigra	Streptomyces nigra NPDC085717
NPDC085798	Bacteria	Actinomycetota	Actinomycetia	Streptomycetales	Streptomycetaceae	Streptomyces	Streptomyces bacillaris	Streptomyces bacillaris NPDC085798
NPDC085866	Bacteria	Actinomycetota	Actinomycetia	Streptomycetales	Streptomycetaceae	Streptomyces	Streptomyces sp.	Streptomyces sp. NPDC085866
NPDC085878	Bacteria	Actinomycetota	Actinomycetia	Streptomycetales	Streptomycetaceae	Streptomyces	Streptomyces caelestis_A	Streptomyces caelestis NPDC085878
NPDC085879	Bacteria	Actinomycetota	Actinomycetia	Streptomycetales	Streptomycetaceae	Kitasatospora	Kitasatospora sp002300355	Kitasatospora sp. NPDC085879
NPDC085888	Bacteria	Actinomycetota	Actinomycetia	Streptomycetales	Streptomycetaceae	Streptomyces	Streptomyces albulus_A	Streptomyces albulus_A NPDC085888
NPDC085895	Bacteria	Actinomycetota	Actinomycetia	Streptomycetales	Streptomycetaceae	Kitasatospora	Kitasatospora sp.	Kitasatospora sp. NPDC085895
NPDC085900	Bacteria	Actinomycetota	Actinomycetia	Streptomycetales	Streptomycetaceae	Streptomyces	Streptomyces sp006715395	Streptomyces sp. NPDC085900
NPDC085927	Bacteria	Actinomycetota	Actinomycetia	Streptomycetales	Streptomycetaceae	Streptomyces	Streptomyces sp.	Streptomyces sp. NPDC085927
NPDC085929	Bacteria	Actinomycetota	Actinomycetia	Streptomycetales	Streptomycetaceae	Streptomyces	Streptomyces sp.	Streptomyces sp. NPDC085929
NPDC085931	Bacteria	Actinomycetota	Actinomycetia	Streptomycetales	Streptomycetaceae	Streptomyces	Streptomyces sp.	Streptomyces sp. NPDC085931
NPDC085932	Bacteria	Actinomycetota	Actinomycetia	Streptomycetales	Streptomycetaceae	Streptomyces	Streptomyces sp002237655	Streptomyces sp. NPDC085932
NPDC085933	Bacteria	Actinomycetota	Actinomycetia	Streptomycetales	Streptomycetaceae	Streptomyces	Streptomyces werraensis	Streptomyces werraensis NPDC085933
NPDC085937	Bacteria	Actinomycetota	Actinomycetia	Streptomycetales	Streptomycetaceae	Streptomyces	Streptomyces sp000527195	Streptomyces sp. NPDC085937
NPDC085942	Bacteria	Actinomycetota	Actinomycetia	Streptomycetales	Streptomycetaceae	Streptomyces	Streptomyces sp001905905	Streptomyces sp. NPDC085942
NPDC085944	Bacteria	Actinomycetota	Actinomycetia	Streptomycetales	Streptomycetaceae	Streptomyces	Streptomyces sp000772045	Streptomyces sp. NPDC085944
NPDC085951	Bacteria	Actinomycetota	Actinomycetia	Streptomycetales	Streptomycetaceae	Streptomyces	Streptomyces microflavus	Streptomyces microflavus NPDC085951
NPDC085993	Bacteria	Actinomycetota	Actinomycetia	Streptomycetales	Streptomycetaceae	Streptomyces	Streptomyces nigra	Streptomyces nigra NPDC085993
NPDC085995	Bacteria	Actinomycetota	Actinomycetia	Streptomycetales	Streptomycetaceae	Streptomyces	Streptomyces sennicomposti	Streptomyces sp. NPDC085995
NPDC086000	Bacteria	Actinomycetota	Actinomycetia	Streptomycetales	Streptomycetaceae	Streptomyces	Streptomyces microflavus	Streptomyces microflavus NPDC086000
NPDC086001	Bacteria	Actinomycetota	Actinomycetia	Streptomycetales	Streptomycetaceae	Streptomyces	Streptomyces glauciniger	Streptomyces glauciniger NPDC086001
NPDC086009	Bacteria	Actinomycetota	Actinomycetia	Streptomycetales	Streptomycetaceae	Kitasatospora	Kitasatospora sp.	Kitasatospora sp. NPDC086009
NPDC086010	Bacteria	Actinomycetota	Actinomycetia	Streptomycetales	Streptomycetaceae	Streptomyces	Streptomyces sp.	Streptomyces sp. NPDC086010
NPDC086011	Bacteria	Actinomycetota	Actinomycetia	Streptomycetales	Streptomycetaceae	Streptomyces	Streptomyces diastaticus	Streptomyces diastaticus NPDC086011
NPDC086077	Bacteria	Actinomycetota	Actinomycetia	Streptomycetales	Streptomycetaceae	Streptomyces	Streptomyces sp.	Streptomyces sp. NPDC086077
NPDC086079	Bacteria	Actinomycetota	Actinomycetia	Streptomycetales	Streptomycetaceae	Streptomyces	Streptomyces diastaticus	Streptomyces diastaticus NPDC086079
NPDC086082	Bacteria	Actinomycetota	Actinomycetia	Streptomycetales	Streptomycetaceae	Streptomyces	Streptomyces sp016893485	Streptomyces sp. NPDC086082
NPDC086091	Bacteria	Actinomycetota	Actinomycetia	Streptomycetales	Streptomycetaceae	Streptomyces	Streptomyces sp.	Streptomyces sp. NPDC086091
NPDC086092	Bacteria	Actinomycetota	Actinomycetia	Streptomycetales	Streptomycetaceae	Streptomyces	Streptomyces cyaneofuscatus	Streptomyces cyaneofuscatus NPDC086092
NPDC086095	Bacteria	Actinomycetota	Actinomycetia	Streptomycetales	Streptomycetaceae	Streptomyces	Streptomyces griseoluteus	Streptomyces griseoluteus NPDC086095
NPDC086122	Bacteria	Actinomycetota	Actinomycetia	Streptomycetales	Streptomycetaceae	Streptomyces	Streptomyces sp001905795	Streptomyces sp. NPDC086122
NPDC086147	Bacteria	Actinomycetota	Actinomycetia	Streptomycetales	Streptomycetaceae	Streptomyces	Streptomyces sp.	Streptomyces sp. NPDC086147
NPDC086182	Bacteria	Actinomycetota	Actinomycetia	Streptomycetales	Streptomycetaceae	Streptomyces	Streptomyces sp.	Streptomyces sp. NPDC086182
NPDC086188	Bacteria	Actinomycetota	Actinomycetia	Streptomycetales	Streptomycetaceae	Streptomyces	Streptomyces antimycoticus	Streptomyces antimycoticus NPDC086188
NPDC086515	Bacteria	Actinomycetota	Actinomycetia	Streptomycetales	Streptomycetaceae	Streptomyces	Streptomyces anthocyanicus	Streptomyces anthocyanicus NPDC086515
NPDC086518	Bacteria	Actinomycetota	Actinomycetia	Streptomycetales	Streptomycetaceae	Streptomyces	Streptomyces fimicarius	Streptomyces fimicarius NPDC086518
NPDC086519	Bacteria	Actinomycetota	Actinomycetia	Streptomycetales	Streptomycetaceae	Streptomyces	Streptomyces shenzhenensis	Streptomyces sp. NPDC086519
NPDC086549	Bacteria	Actinomycetota	Actinomycetia	Streptomycetales	Streptomycetaceae	Streptomyces	Streptomyces sp.	Streptomyces sp. NPDC086549
NPDC086554	Bacteria	Actinomycetota	Actinomycetia	Streptomycetales	Streptomycetaceae	Streptomyces	Streptomyces sp.	Streptomyces sp. NPDC086554
NPDC086671	Bacteria	Actinomycetota	Actinomycetia	Streptomycetales	Streptomycetaceae	Streptomyces	Streptomyces bacillaris	Streptomyces bacillaris NPDC086671
NPDC086743	Bacteria	Actinomycetota	Actinomycetia	Streptomycetales	Streptomycetaceae	Streptomyces	Streptomyces cellulosae	Streptomyces cellulosae NPDC086743
NPDC086745	Bacteria	Actinomycetota	Actinomycetia	Streptomycetales	Streptomycetaceae	Streptomyces	Streptomyces diastaticus	Streptomyces diastaticus NPDC086745
NPDC086766	Bacteria	Actinomycetota	Actinomycetia	Streptomycetales	Streptomycetaceae	Streptomyces	Streptomyces sp.	Streptomyces sp. NPDC086766
NPDC086771	Bacteria	Actinomycetota	Actinomycetia	Streptomycetales	Streptomycetaceae	Streptomyces	Streptomyces sp900091725	Streptomyces sp. NPDC086771
NPDC086776	Bacteria	Actinomycetota	Actinomycetia	Streptomycetales	Streptomycetaceae	Streptomyces	Streptomyces sp900116325	Streptomyces sp. NPDC086776
NPDC086777	Bacteria	Actinomycetota	Actinomycetia	Streptomycetales	Streptomycetaceae	Streptomyces	Streptomyces sp.	Streptomyces sp. NPDC086777
NPDC086779	Bacteria	Actinomycetota	Actinomycetia	Streptomycetales	Streptomycetaceae	Streptomyces	Streptomyces papulosus	Streptomyces sp. NPDC086779
NPDC086782	Bacteria	Actinomycetota	Actinomycetia	Streptomycetales	Streptomycetaceae	Streptomyces	Streptomyces sp002803075	Streptomyces sp. NPDC086782
NPDC086783	Bacteria	Actinomycetota	Actinomycetia	Streptomycetales	Streptomycetaceae	Streptomyces	Streptomyces sp.	Streptomyces sp. NPDC086783
NPDC086787	Bacteria	Actinomycetota	Actinomycetia	Streptomycetales	Streptomycetaceae	Streptomyces	Streptomyces sp.	Streptomyces sp. NPDC086787
NPDC086788	Bacteria	Actinomycetota	Actinomycetia	Streptomycetales	Streptomycetaceae	Streptomyces	Streptomyces halstedii	Streptomyces halstedii NPDC086788
NPDC086790	Bacteria	Actinomycetota	Actinomycetia	Streptomycetales	Streptomycetaceae	Streptomyces	Streptomyces halstedii	Streptomyces halstedii NPDC086790
NPDC086791	Bacteria	Actinomycetota	Actinomycetia	Streptomycetales	Streptomycetaceae	Kitasatospora	Kitasatospora sp.	Kitasatospora sp. NPDC086791
NPDC086796	Bacteria	Actinomycetota	Actinomycetia	Streptomycetales	Streptomycetaceae	Streptomyces	Streptomyces sp900091725	Streptomyces sp. NPDC086796
NPDC086798	Bacteria	Actinomycetota	Actinomycetia	Streptomycetales	Streptomycetaceae	Streptomyces	Streptomyces halstedii	Streptomyces halstedii NPDC086798
NPDC086801	Bacteria	Actinomycetota	Actinomycetia	Streptomycetales	Streptomycetaceae	Kitasatospora	Kitasatospora sp001625365	Kitasatospora sp. NPDC086801
NPDC086830	Bacteria	Actinomycetota	Actinomycetia	Streptomycetales	Streptomycetaceae	Streptomyces	Streptomyces griseoviridis_A	Streptomyces griseoviridis_A NPDC086830
NPDC086832	Bacteria	Actinomycetota	Actinomycetia	Streptomycetales	Streptomycetaceae	Streptomyces	Streptomyces kanasensis	Streptomyces kanasensis NPDC086832
NPDC086835	Bacteria	Actinomycetota	Actinomycetia	Streptomycetales	Streptomycetaceae	Streptomyces	Streptomyces sp009832925	Streptomyces sp. NPDC086835
NPDC086838	Bacteria	Actinomycetota	Actinomycetia	Streptomycetales	Streptomycetaceae	Streptomyces	Streptomyces sp900105515	Streptomyces sp. NPDC086838
NPDC086840	Bacteria	Actinomycetota	Actinomycetia	Streptomycetales	Streptomycetaceae	Streptomyces	Streptomyces albidoflavus	Streptomyces albidoflavus NPDC086840
NPDC086842	Bacteria	Actinomycetota	Actinomycetia	Streptomycetales	Streptomycetaceae	Streptomyces	Streptomyces flaveolus	Streptomyces flaveolus NPDC086842
NPDC086843	Bacteria	Actinomycetota	Actinomycetia	Streptomycetales	Streptomycetaceae	Streptomyces	Streptomyces sp000527195	Streptomyces sp. NPDC086843
NPDC086852	Bacteria	Actinomycetota	Actinomycetia	Streptomycetales	Streptomycetaceae	Streptomyces	Streptomyces hydrogenans	Streptomyces hydrogenans NPDC086852
NPDC086991	Bacteria	Actinomycetota	Actinomycetia	Streptomycetales	Streptomycetaceae	Streptomyces	Streptomyces roseus	Streptomyces roseus NPDC086991
NPDC087192	Bacteria	Actinomycetota	Actinomycetia	Streptomycetales	Streptomycetaceae	Streptomyces	Streptomyces collinus	Streptomyces collinus NPDC087192
NPDC087193	Bacteria	Actinomycetota	Actinomycetia	Streptomycetales	Streptomycetaceae	Streptomyces	Streptomyces tendae	Streptomyces tendae NPDC087193
NPDC087198	Bacteria	Actinomycetota	Actinomycetia	Streptomycetales	Streptomycetaceae	Streptomyces	Streptomyces tendae	Streptomyces tendae NPDC087198
NPDC087203	Bacteria	Actinomycetota	Actinomycetia	Streptomycetales	Streptomycetaceae	Streptomyces	Streptomyces collinus	Streptomyces collinus NPDC087203
NPDC087205	Bacteria	Actinomycetota	Actinomycetia	Streptomycetales	Streptomycetaceae	Streptomyces	Streptomyces massasporeus	Streptomyces massasporeus NPDC087205
NPDC087212	Bacteria	Actinomycetota	Actinomycetia	Streptomycetales	Streptomycetaceae	Streptomyces	Streptomyces sp.	Streptomyces sp. NPDC087212
NPDC087215	Bacteria	Actinomycetota	Actinomycetia	Streptomycetales	Streptomycetaceae	Streptomyces	Streptomyces sp.	Streptomyces sp. NPDC087215
NPDC087216	Bacteria	Actinomycetota	Actinomycetia	Streptomycetales	Streptomycetaceae	Streptomyces	Streptomyces sp.	Streptomyces sp. NPDC087216
NPDC087218	Bacteria	Actinomycetota	Actinomycetia	Streptomycetales	Streptomycetaceae	Streptomyces	Streptomyces sp008120935	Streptomyces sp. NPDC087218
NPDC087219	Bacteria	Actinomycetota	Actinomycetia	Streptomycetales	Streptomycetaceae	Streptomyces	Streptomyces sp014451325	Streptomyces sp. NPDC087219
NPDC087220	Bacteria	Actinomycetota	Actinomycetia	Streptomycetales	Streptomycetaceae	Streptomyces	Streptomyces toxytricini	Streptomyces toxytricini NPDC087220
NPDC087226	Bacteria	Actinomycetota	Actinomycetia	Streptomycetales	Streptomycetaceae	Streptomyces	Streptomyces sp000718785	Streptomyces sp. NPDC087226
NPDC087245	Bacteria	Actinomycetota	Actinomycetia	Streptomycetales	Streptomycetaceae	Streptomyces	Streptomyces griseofuscus	Streptomyces griseofuscus NPDC087245
NPDC087263	Bacteria	Actinomycetota	Actinomycetia	Streptomycetales	Streptomycetaceae	Streptomyces	Streptomyces sp.	Streptomyces sp. NPDC087263
NPDC087265	Bacteria	Actinomycetota	Actinomycetia	Streptomycetales	Streptomycetaceae	Streptomyces	Streptomyces prasinus	Streptomyces prasinus NPDC087265
NPDC087270	Bacteria	Actinomycetota	Actinomycetia	Streptomycetales	Streptomycetaceae	Streptomyces	Streptomyces sp.	Streptomyces sp. NPDC087270
NPDC087271	Bacteria	Actinomycetota	Actinomycetia	Streptomycetales	Streptomycetaceae	Kitasatospora	Kitasatospora sp001625365	Kitasatospora sp. NPDC087271
NPDC087272	Bacteria	Actinomycetota	Actinomycetia	Streptomycetales	Streptomycetaceae	Streptomyces	Streptomyces sp900091725	Streptomyces sp. NPDC087272
NPDC087280	Bacteria	Actinomycetota	Actinomycetia	Streptomycetales	Streptomycetaceae	Streptomyces	Streptomyces rubiginosohelvolus	Streptomyces rubiginosohelvolus NPDC087280
NPDC087290	Bacteria	Actinomycetota	Actinomycetia	Streptomycetales	Streptomycetaceae	Streptomyces	Streptomyces sp900091725	Streptomyces sp. NPDC087290
NPDC087294	Bacteria	Actinomycetota	Actinomycetia	Streptomycetales	Streptomycetaceae	Streptomyces	Streptomyces sp.	Streptomyces sp. NPDC087294
NPDC087296	Bacteria	Actinomycetota	Actinomycetia	Streptomycetales	Streptomycetaceae	Streptomyces	Streptomyces griseoviridis_A	Streptomyces griseoviridis_A NPDC087296
NPDC087297	Bacteria	Actinomycetota	Actinomycetia	Streptomycetales	Streptomycetaceae	Streptomyces	Streptomyces sp002080455	Streptomyces sp. NPDC087297
NPDC087298	Bacteria	Actinomycetota	Actinomycetia	Streptomycetales	Streptomycetaceae	Streptomyces	Streptomyces sp900091725	Streptomyces sp. NPDC087298
NPDC087300	Bacteria	Actinomycetota	Actinomycetia	Streptomycetales	Streptomycetaceae	Streptomyces	Streptomyces sp.	Streptomyces sp. NPDC087300
NPDC087305	Bacteria	Actinomycetota	Actinomycetia	Streptomycetales	Streptomycetaceae	Streptomyces	Streptomyces sp016893485	Streptomyces sp. NPDC087305
NPDC087307	Bacteria	Actinomycetota	Actinomycetia	Streptomycetales	Streptomycetaceae	Streptomyces	Streptomyces sp900091725	Streptomyces sp. NPDC087307
NPDC087310	Bacteria	Actinomycetota	Actinomycetia	Streptomycetales	Streptomycetaceae	Streptomyces	Streptomyces sp.	Streptomyces sp. NPDC087310
NPDC087314	Bacteria	Actinomycetota	Actinomycetia	Streptomycetales	Streptomycetaceae	Kitasatospora	Kitasatospora sp.	Kitasatospora sp. NPDC087314
NPDC087315	Bacteria	Actinomycetota	Actinomycetia	Streptomycetales	Streptomycetaceae	Kitasatospora	Kitasatospora sp.	Kitasatospora sp. NPDC087315
NPDC087317	Bacteria	Actinomycetota	Actinomycetia	Streptomycetales	Streptomycetaceae	Streptomyces	Streptomyces sp002803075	Streptomyces sp. NPDC087317
NPDC087318	Bacteria	Actinomycetota	Actinomycetia	Streptomycetales	Streptomycetaceae	Streptomyces	Streptomyces rochei	Streptomyces rochei NPDC087318
NPDC087422	Bacteria	Actinomycetota	Actinomycetia	Streptomycetales	Streptomycetaceae	Streptomyces	Streptomyces sp014596445	Streptomyces sp. NPDC087422
NPDC087425	Bacteria	Actinomycetota	Actinomycetia	Streptomycetales	Streptomycetaceae	Streptomyces	Streptomyces sp.	Streptomyces sp. NPDC087425
NPDC087428	Bacteria	Actinomycetota	Actinomycetia	Streptomycetales	Streptomycetaceae	Streptomyces	Streptomyces sp.	Streptomyces sp. NPDC087428
NPDC087438	Bacteria	Actinomycetota	Actinomycetia	Streptomycetales	Streptomycetaceae	Streptomyces	Streptomyces collinus_A	Streptomyces collinus_A NPDC087438
NPDC087440	Bacteria	Actinomycetota	Actinomycetia	Streptomycetales	Streptomycetaceae	Streptomyces	Streptomyces sp.	Streptomyces sp. NPDC087440
NPDC087460	Bacteria	Actinomycetota	Actinomycetia	Streptomycetales	Streptomycetaceae	Streptomyces	Streptomyces sp000772045	Streptomyces sp. NPDC087460
NPDC087511	Bacteria	Actinomycetota	Actinomycetia	Streptomycetales	Streptomycetaceae	Streptomyces	Streptomyces sp900091725	Streptomyces sp. NPDC087511
NPDC087512	Bacteria	Actinomycetota	Actinomycetia	Streptomycetales	Streptomycetaceae	Streptomyces	Streptomyces sp.	Streptomyces sp. NPDC087512
NPDC087525	Bacteria	Actinomycetota	Actinomycetia	Streptomycetales	Streptomycetaceae	Streptomyces	Streptomyces sp004151105	Streptomyces sp. NPDC087525
NPDC087527	Bacteria	Actinomycetota	Actinomycetia	Streptomycetales	Streptomycetaceae	Kitasatospora	Kitasatospora aureofaciens_A	Kitasatospora aureofaciens_A NPDC087527
NPDC087529	Bacteria	Actinomycetota	Actinomycetia	Streptomycetales	Streptomycetaceae	Streptomyces	Streptomyces sp002803075	Streptomyces sp. NPDC087529
NPDC087532	Bacteria	Actinomycetota	Actinomycetia	Streptomycetales	Streptomycetaceae	Streptomyces	Streptomyces sp.	Streptomyces sp. NPDC087532
NPDC087534	Bacteria	Actinomycetota	Actinomycetia	Streptomycetales	Streptomycetaceae	Streptomyces	Streptomyces sp.	Streptomyces sp. NPDC087534
NPDC087536	Bacteria	Actinomycetota	Actinomycetia	Streptomycetales	Streptomycetaceae	Streptomyces	Streptomyces halstedii	Streptomyces halstedii NPDC087536
NPDC087538	Bacteria	Actinomycetota	Actinomycetia	Streptomycetales	Streptomycetaceae	Streptomyces	Streptomyces sp.	Streptomyces sp. NPDC087538
NPDC087539	Bacteria	Actinomycetota	Actinomycetia	Streptomycetales	Streptomycetaceae	Streptomyces	Streptomyces sp900091725	Streptomyces sp. NPDC087539
NPDC087568	Bacteria	Actinomycetota	Actinomycetia	Streptomycetales	Streptomycetaceae	Streptomyces	Streptomyces sp002803075	Streptomyces sp. NPDC087568
NPDC087657	Bacteria	Actinomycetota	Actinomycetia	Streptomycetales	Streptomycetaceae	Streptomyces	Streptomyces griseoviridis_A	Streptomyces griseoviridis_A NPDC087657
NPDC087658	Bacteria	Actinomycetota	Actinomycetia	Streptomycetales	Streptomycetaceae	Streptomyces	Streptomyces sp.	Streptomyces sp. NPDC087658
NPDC087659	Bacteria	Actinomycetota	Actinomycetia	Streptomycetales	Streptomycetaceae	Streptomyces	Streptomyces sp.	Streptomyces sp. NPDC087659
NPDC087769	Bacteria	Actinomycetota	Actinomycetia	Streptomycetales	Streptomycetaceae	Streptomyces	Streptomyces sp003846175	Streptomyces sp. NPDC087769
NPDC087781	Bacteria	Actinomycetota	Actinomycetia	Streptomycetales	Streptomycetaceae	Streptomyces	Streptomyces brevispora	Streptomyces brevispora NPDC087781
NPDC087782	Bacteria	Actinomycetota	Actinomycetia	Streptomycetales	Streptomycetaceae	Streptomyces	Streptomyces antimycoticus	Streptomyces antimycoticus NPDC087782
NPDC087783	Bacteria	Actinomycetota	Actinomycetia	Streptomycetales	Streptomycetaceae	Streptomyces	Streptomyces anulatus	Streptomyces anulatus NPDC087783
NPDC087787	Bacteria	Actinomycetota	Actinomycetia	Streptomycetales	Streptomycetaceae	Streptomyces	Streptomyces sp002803075	Streptomyces sp. NPDC087787
NPDC087838	Bacteria	Actinomycetota	Actinomycetia	Streptomycetales	Streptomycetaceae	Streptomyces	Streptomyces xanthochromogenes	Streptomyces xanthochromogenes NPDC087838
NPDC087842	Bacteria	Actinomycetota	Actinomycetia	Streptomycetales	Streptomycetaceae	Streptomyces	Streptomyces griseofuscus	Streptomyces griseofuscus NPDC087842
NPDC087843	Bacteria	Actinomycetota	Actinomycetia	Streptomycetales	Streptomycetaceae	Streptomyces	Streptomyces sp.	Streptomyces sp. NPDC087843
NPDC087844	Bacteria	Actinomycetota	Actinomycetia	Streptomycetales	Streptomycetaceae	Streptomyces	Streptomyces sp.	Streptomyces sp. NPDC087844
NPDC087845	Bacteria	Actinomycetota	Actinomycetia	Streptomycetales	Streptomycetaceae	Streptomyces	Streptomyces sp.	Streptomyces sp. NPDC087845
NPDC087846	Bacteria	Actinomycetota	Actinomycetia	Streptomycetales	Streptomycetaceae	Streptomyces	Streptomyces sp900091725	Streptomyces sp. NPDC087846
NPDC087847	Bacteria	Actinomycetota	Actinomycetia	Streptomycetales	Streptomycetaceae	Streptomyces	Streptomyces albidoflavus	Streptomyces albidoflavus NPDC087847
NPDC087849	Bacteria	Actinomycetota	Actinomycetia	Streptomycetales	Streptomycetaceae	Streptomyces	Streptomyces sp.	Streptomyces sp. NPDC087849
NPDC087850	Bacteria	Actinomycetota	Actinomycetia	Streptomycetales	Streptomycetaceae	Streptomyces	Streptomyces sp.	Streptomyces sp. NPDC087850
NPDC087851	Bacteria	Actinomycetota	Actinomycetia	Streptomycetales	Streptomycetaceae	Streptomyces	Streptomyces sp.	Streptomyces sp. NPDC087851
NPDC087855	Bacteria	Actinomycetota	Actinomycetia	Streptomycetales	Streptomycetaceae	Streptomyces	Streptomyces microflavus	Streptomyces microflavus NPDC087855
NPDC087856	Bacteria	Actinomycetota	Actinomycetia	Streptomycetales	Streptomycetaceae	Streptomyces	Streptomyces sp016893485	Streptomyces sp. NPDC087856
NPDC087859	Bacteria	Actinomycetota	Actinomycetia	Streptomycetales	Streptomycetaceae	Streptomyces	Streptomyces sp000972385	Streptomyces sp. NPDC087859
NPDC087860	Bacteria	Actinomycetota	Actinomycetia	Streptomycetales	Streptomycetaceae	Streptomyces	Streptomyces microflavus	Streptomyces microflavus NPDC087860
NPDC087861	Bacteria	Actinomycetota	Actinomycetia	Streptomycetales	Streptomycetaceae	Kitasatospora	Kitasatospora sp.	Kitasatospora sp. NPDC087861
NPDC087862	Bacteria	Actinomycetota	Actinomycetia	Streptomycetales	Streptomycetaceae	Streptomyces	Streptomyces sp900091725	Streptomyces sp. NPDC087862
NPDC087863	Bacteria	Actinomycetota	Actinomycetia	Streptomycetales	Streptomycetaceae	Streptomyces	Streptomyces anulatus	Streptomyces anulatus NPDC087863
NPDC087864	Bacteria	Actinomycetota	Actinomycetia	Streptomycetales	Streptomycetaceae	Streptomyces	Streptomyces sp.	Streptomyces sp. NPDC087864
NPDC087865	Bacteria	Actinomycetota	Actinomycetia	Streptomycetales	Streptomycetaceae	Streptomyces	Streptomyces halstedii	Streptomyces halstedii NPDC087865
NPDC087866	Bacteria	Actinomycetota	Actinomycetia	Streptomycetales	Streptomycetaceae	Streptomyces	Streptomyces sp008042035	Streptomyces sp. NPDC087866
NPDC087867	Bacteria	Actinomycetota	Actinomycetia	Streptomycetales	Streptomycetaceae	Streptomyces	Streptomyces anulatus	Streptomyces anulatus NPDC087867
NPDC087871	Bacteria	Actinomycetota	Actinomycetia	Streptomycetales	Streptomycetaceae	Streptomyces	Streptomyces microflavus	Streptomyces microflavus NPDC087871
NPDC087894	Bacteria	Actinomycetota	Actinomycetia	Streptomycetales	Streptomycetaceae	Streptomyces	Streptomyces silvae	Streptomyces silvae NPDC087894
NPDC087896	Bacteria	Actinomycetota	Actinomycetia	Streptomycetales	Streptomycetaceae	Streptomyces	Streptomyces albogriseolus	Streptomyces albogriseolus NPDC087896
NPDC087897	Bacteria	Actinomycetota	Actinomycetia	Streptomycetales	Streptomycetaceae	Streptomyces	Streptomyces sp.	Streptomyces sp. NPDC087897
NPDC087898	Bacteria	Actinomycetota	Actinomycetia	Streptomycetales	Streptomycetaceae	Streptomyces	Streptomyces albidoflavus	Streptomyces albidoflavus NPDC087898
NPDC087899	Bacteria	Actinomycetota	Actinomycetia	Streptomycetales	Streptomycetaceae	Streptomyces	Streptomyces albidoflavus	Streptomyces albidoflavus NPDC087899
NPDC087901	Bacteria	Actinomycetota	Actinomycetia	Streptomycetales	Streptomycetaceae	Streptomyces	Streptomyces sp.	Streptomyces sp. NPDC087901
NPDC087903	Bacteria	Actinomycetota	Actinomycetia	Streptomycetales	Streptomycetaceae	Streptomyces	Streptomyces sp.	Streptomyces sp. NPDC087903
NPDC087905	Bacteria	Actinomycetota	Actinomycetia	Streptomycetales	Streptomycetaceae	Streptomyces	Streptomyces anulatus	Streptomyces anulatus NPDC087905
NPDC087908	Bacteria	Actinomycetota	Actinomycetia	Streptomycetales	Streptomycetaceae	Streptomyces	Streptomyces sp008042145	Streptomyces sp. NPDC087908
NPDC087910	Bacteria	Actinomycetota	Actinomycetia	Streptomycetales	Streptomycetaceae	Streptomyces	Streptomyces massasporeus	Streptomyces massasporeus NPDC087910
NPDC087912	Bacteria	Actinomycetota	Actinomycetia	Streptomycetales	Streptomycetaceae	Streptomyces	Streptomyces anulatus	Streptomyces anulatus NPDC087912
NPDC087914	Bacteria	Actinomycetota	Actinomycetia	Streptomycetales	Streptomycetaceae	Streptomyces	Streptomyces microflavus	Streptomyces microflavus NPDC087914
NPDC087916	Bacteria	Actinomycetota	Actinomycetia	Streptomycetales	Streptomycetaceae	Streptomyces	Streptomyces microflavus	Streptomyces microflavus NPDC087916
NPDC087917	Bacteria	Actinomycetota	Actinomycetia	Streptomycetales	Streptomycetaceae	Streptomyces	Streptomyces sp.	Streptomyces sp. NPDC087917
NPDC088090	Bacteria	Actinomycetota	Actinomycetia	Streptomycetales	Streptomycetaceae	Streptomyces	Streptomyces sp.	Streptomyces sp. NPDC088090
NPDC088106	Bacteria	Actinomycetota	Actinomycetia	Streptomycetales	Streptomycetaceae	Streptomyces	Streptomyces sp002910825	Streptomyces sp. NPDC088106
NPDC088115	Bacteria	Actinomycetota	Actinomycetia	Streptomycetales	Streptomycetaceae	Streptomyces	Streptomyces sp001905365	Streptomyces sp. NPDC088115
NPDC088124	Bacteria	Actinomycetota	Actinomycetia	Streptomycetales	Streptomycetaceae	Streptomyces	Streptomyces sp.	Streptomyces sp. NPDC088124
NPDC088135	Bacteria	Actinomycetota	Actinomycetia	Streptomycetales	Streptomycetaceae	Streptomyces	Streptomyces sp900091725	Streptomyces sp. NPDC088135
NPDC088141	Bacteria	Actinomycetota	Actinomycetia	Streptomycetales	Streptomycetaceae	Streptomyces	Streptomyces sp.	Streptomyces sp. NPDC088141
NPDC088146	Bacteria	Actinomycetota	Actinomycetia	Streptomycetales	Streptomycetaceae	Streptomyces	Streptomyces sp.	Streptomyces sp. NPDC088146
NPDC088147	Bacteria	Actinomycetota	Actinomycetia	Streptomycetales	Streptomycetaceae	Streptomyces	Streptomyces sp004151105	Streptomyces sp. NPDC088147
NPDC088151	Bacteria	Actinomycetota	Actinomycetia	Streptomycetales	Streptomycetaceae	Streptomyces	Streptomyces papulosus	Streptomyces papulosus NPDC088151
NPDC088156	Bacteria	Actinomycetota	Actinomycetia	Streptomycetales	Streptomycetaceae	Streptomyces	Streptomyces sp.	Streptomyces sp. NPDC088156
NPDC088163	Bacteria	Actinomycetota	Actinomycetia	Streptomycetales	Streptomycetaceae	Streptomyces	Streptomyces anulatus	Streptomyces anulatus NPDC088163
NPDC088170	Bacteria	Actinomycetota	Actinomycetia	Streptomycetales	Streptomycetaceae	Streptomyces	Streptomyces sp900091725	Streptomyces sp. NPDC088170
NPDC088174	Bacteria	Actinomycetota	Actinomycetia	Streptomycetales	Streptomycetaceae	Streptomyces	Streptomyces subrutilus	Streptomyces subrutilus NPDC088174
NPDC088177	Bacteria	Actinomycetota	Actinomycetia	Streptomycetales	Streptomycetaceae	Streptomyces	Streptomyces anulatus	Streptomyces anulatus NPDC088177
NPDC088179	Bacteria	Actinomycetota	Actinomycetia	Streptomycetales	Streptomycetaceae	Streptomyces	Streptomyces niveus	Streptomyces niveus NPDC088179
NPDC088180	Bacteria	Actinomycetota	Actinomycetia	Streptomycetales	Streptomycetaceae	Streptomyces	Streptomyces sp.	Streptomyces sp. NPDC088180
NPDC088183	Bacteria	Actinomycetota	Actinomycetia	Streptomycetales	Streptomycetaceae	Streptomyces	Streptomyces sp900091725	Streptomyces sp. NPDC088183
NPDC088184	Bacteria	Actinomycetota	Actinomycetia	Streptomycetales	Streptomycetaceae	Streptomyces	Streptomyces sp900091725	Streptomyces sp. NPDC088184
NPDC088191	Bacteria	Actinomycetota	Actinomycetia	Streptomycetales	Streptomycetaceae	Streptomyces	Streptomyces albidoflavus	Streptomyces albidoflavus NPDC088191
NPDC088194	Bacteria	Actinomycetota	Actinomycetia	Streptomycetales	Streptomycetaceae	Streptomyces	Streptomyces sp.	Streptomyces sp. NPDC088194
NPDC088196	Bacteria	Actinomycetota	Actinomycetia	Streptomycetales	Streptomycetaceae	Streptomyces	Streptomyces sp.	Streptomyces sp. NPDC088196
NPDC088199	Bacteria	Actinomycetota	Actinomycetia	Streptomycetales	Streptomycetaceae	Streptomyces	Streptomyces albidoflavus	Streptomyces albidoflavus NPDC088199
NPDC088200	Bacteria	Actinomycetota	Actinomycetia	Streptomycetales	Streptomycetaceae	Streptomyces	Streptomyces albidoflavus	Streptomyces albidoflavus NPDC088200
NPDC088223	Bacteria	Actinomycetota	Actinomycetia	Streptomycetales	Streptomycetaceae	Streptomyces	Streptomyces anthocyanicus	Streptomyces anthocyanicus NPDC088223
NPDC088264	Bacteria	Actinomycetota	Actinomycetia	Streptomycetales	Streptomycetaceae	Kitasatospora	Kitasatospora sp001625365	Kitasatospora sp. NPDC088264
NPDC088270	Bacteria	Actinomycetota	Actinomycetia	Streptomycetales	Streptomycetaceae	Streptomyces	Streptomyces sp900091725	Streptomyces sp. NPDC088270
NPDC088324	Bacteria	Actinomycetota	Actinomycetia	Streptomycetales	Streptomycetaceae	Streptomyces	Streptomyces rubiginosohelvolus	Streptomyces rubiginosohelvolus NPDC088324
NPDC088341	Bacteria	Actinomycetota	Actinomycetia	Streptomycetales	Streptomycetaceae	Streptomyces	Streptomyces sp.	Streptomyces sp. NPDC088341
NPDC088343	Bacteria	Actinomycetota	Actinomycetia	Streptomycetales	Streptomycetaceae	Streptomyces	Streptomyces griseoviridis_A	Streptomyces griseoviridis NPDC088343
NPDC088345	Bacteria	Actinomycetota	Actinomycetia	Streptomycetales	Streptomycetaceae	Streptomyces	Streptomyces anulatus	Streptomyces anulatus NPDC088345
NPDC088350	Bacteria	Actinomycetota	Actinomycetia	Streptomycetales	Streptomycetaceae	Streptomyces	Streptomyces sp.	Streptomyces sp. NPDC088350
NPDC088351	Bacteria	Actinomycetota	Actinomycetia	Streptomycetales	Streptomycetaceae	Kitasatospora	Kitasatospora sp.	Kitasatospora sp. NPDC088351
NPDC088357	Bacteria	Actinomycetota	Actinomycetia	Streptomycetales	Streptomycetaceae	Streptomyces	Streptomyces sp000972385	Streptomyces sp. NPDC088357
NPDC088360	Bacteria	Actinomycetota	Actinomycetia	Streptomycetales	Streptomycetaceae	Streptomyces	Streptomyces sp.	Streptomyces sp. NPDC088360
NPDC088366	Bacteria	Actinomycetota	Actinomycetia	Streptomycetales	Streptomycetaceae	Streptomyces	Streptomyces albidoflavus	Streptomyces albidoflavus NPDC088366
NPDC088387	Bacteria	Actinomycetota	Actinomycetia	Streptomycetales	Streptomycetaceae	Streptomyces	Streptomyces sp.	Streptomyces sp. NPDC088387
NPDC088389	Bacteria	Actinomycetota	Actinomycetia	Streptomycetales	Streptomycetaceae	Streptomyces	Streptomyces microflavus	Streptomyces microflavus NPDC088389
NPDC088391	Bacteria	Actinomycetota	Actinomycetia	Streptomycetales	Streptomycetaceae	Kitasatospora	Kitasatospora sp.	Kitasatospora sp. NPDC088391
NPDC088393	Bacteria	Actinomycetota	Actinomycetia	Streptomycetales	Streptomycetaceae	Streptomyces	Streptomyces hirsutus	Streptomyces hirsutus NPDC088393
NPDC088394	Bacteria	Actinomycetota	Actinomycetia	Streptomycetales	Streptomycetaceae	Streptomyces	Streptomyces sp003846175	Streptomyces sp. NPDC088394
NPDC088412	Bacteria	Actinomycetota	Actinomycetia	Streptomycetales	Streptomycetaceae	Streptomyces	Streptomyces sp.	Streptomyces griseorubiginosus NPDC088412
NPDC088542	Bacteria	Actinomycetota	Actinomycetia	Streptomycetales	Streptomycetaceae	Streptomyces	Streptomyces nigra	Streptomyces nigra NPDC088542
NPDC088544	Bacteria	Actinomycetota	Actinomycetia	Streptomycetales	Streptomycetaceae	Streptomyces	Streptomyces parvulus	Streptomyces parvulus NPDC088544
NPDC088545	Bacteria	Actinomycetota	Actinomycetia	Streptomycetales	Streptomycetaceae	Streptomyces	Streptomyces nigra	Streptomyces nigra NPDC088545
NPDC088546	Bacteria	Actinomycetota	Actinomycetia	Streptomycetales	Streptomycetaceae	Streptomyces	Streptomyces albidoflavus	Streptomyces albidoflavus NPDC088546
NPDC088551	Bacteria	Actinomycetota	Actinomycetia	Streptomycetales	Streptomycetaceae	Streptomyces	Streptomyces sp004151105	Streptomyces sp. NPDC088551
NPDC088553	Bacteria	Actinomycetota	Actinomycetia	Streptomycetales	Streptomycetaceae	Streptomyces	Streptomyces sp014451325	Streptomyces sp. NPDC088553
NPDC088554	Bacteria	Actinomycetota	Actinomycetia	Streptomycetales	Streptomycetaceae	Streptomyces	Streptomyces sp.	Streptomyces sp. NPDC088554
NPDC088556	Bacteria	Actinomycetota	Actinomycetia	Streptomycetales	Streptomycetaceae	Kitasatospora	Kitasatospora sp001625365	Kitasatospora sp. NPDC088556
NPDC088557	Bacteria	Actinomycetota	Actinomycetia	Streptomycetales	Streptomycetaceae	Streptomyces	Streptomyces sp.	Streptomyces sp. NPDC088557
NPDC088558	Bacteria	Actinomycetota	Actinomycetia	Streptomycetales	Streptomycetaceae	Streptomyces	Streptomyces parvulus	Streptomyces parvulus NPDC088558
NPDC088560	Bacteria	Actinomycetota	Actinomycetia	Streptomycetales	Streptomycetaceae	Streptomyces	Streptomyces sp.	Streptomyces sp. NPDC088560
NPDC088697	Bacteria	Actinomycetota	Actinomycetia	Streptomycetales	Streptomycetaceae	Streptomyces	Streptomyces cyaneofuscatus	Streptomyces cyaneofuscatus NPDC088697
NPDC088706	Bacteria	Actinomycetota	Actinomycetia	Streptomycetales	Streptomycetaceae	Streptomyces	Streptomyces sp.	Streptomyces sp. NPDC088706
NPDC088707	Bacteria	Actinomycetota	Actinomycetia	Streptomycetales	Streptomycetaceae	Streptomyces	Streptomyces sp014451325	Streptomyces sp. NPDC088707
NPDC088718	Bacteria	Actinomycetota	Actinomycetia	Streptomycetales	Streptomycetaceae	Streptomyces	Streptomyces cyaneofuscatus	Streptomyces cyaneofuscatus NPDC088718
NPDC088719	Bacteria	Actinomycetota	Actinomycetia	Streptomycetales	Streptomycetaceae	Streptomyces	Streptomyces sp.	Streptomyces sp. NPDC088719
NPDC088720	Bacteria	Actinomycetota	Actinomycetia	Streptomycetales	Streptomycetaceae	Streptomyces	Streptomyces goshikiensis	Streptomyces goshikiensis NPDC088720
NPDC088722	Bacteria	Actinomycetota	Actinomycetia	Streptomycetales	Streptomycetaceae	Streptomyces	Streptomyces seoulensis_A	Streptomyces seoulensis_A NPDC088722
NPDC088724	Bacteria	Actinomycetota	Actinomycetia	Streptomycetales	Streptomycetaceae	Streptomyces	Streptomyces griseoviridis_A	Streptomyces griseoviridis_A NPDC088724
NPDC088725	Bacteria	Actinomycetota	Actinomycetia	Streptomycetales	Streptomycetaceae	Streptomyces	Streptomyces sp.	Streptomyces sp. NPDC088725
NPDC088726	Bacteria	Actinomycetota	Actinomycetia	Streptomycetales	Streptomycetaceae	Streptomyces	Streptomyces sp001905365	Streptomyces sp. NPDC088726
NPDC088727	Bacteria	Actinomycetota	Actinomycetia	Streptomycetales	Streptomycetaceae	Streptomyces	Streptomyces sp001905365	Streptomyces sp. NPDC088727
NPDC088729	Bacteria	Actinomycetota	Actinomycetia	Streptomycetales	Streptomycetaceae	Streptomyces	Streptomyces sp003846185	Streptomyces sp. NPDC088729
NPDC088730	Bacteria	Actinomycetota	Actinomycetia	Streptomycetales	Streptomycetaceae	Streptomyces	Streptomyces sp001905365	Streptomyces sp. NPDC088730
NPDC088731	Bacteria	Actinomycetota	Actinomycetia	Streptomycetales	Streptomycetaceae	Streptomyces	Streptomyces sp900091725	Streptomyces sp. NPDC088731
NPDC088732	Bacteria	Actinomycetota	Actinomycetia	Streptomycetales	Streptomycetaceae	Streptomyces	Streptomyces sp.	Streptomyces sp. NPDC088732
NPDC088733	Bacteria	Actinomycetota	Actinomycetia	Streptomycetales	Streptomycetaceae	Streptomyces	Streptomyces sp.	Streptomyces sp. NPDC088733
NPDC088734	Bacteria	Actinomycetota	Actinomycetia	Streptomycetales	Streptomycetaceae	Streptomyces	Streptomyces murinus	Streptomyces murinus NPDC088734
NPDC088736	Bacteria	Actinomycetota	Actinomycetia	Streptomycetales	Streptomycetaceae	Streptomyces	Streptomyces sp008042115	Streptomyces sp. NPDC088736
NPDC088738	Bacteria	Actinomycetota	Actinomycetia	Streptomycetales	Streptomycetaceae	Streptomyces	Streptomyces griseofuscus	Streptomyces griseofuscus NPDC088738
NPDC088739	Bacteria	Actinomycetota	Actinomycetia	Streptomycetales	Streptomycetaceae	Streptomyces	Streptomyces sp.	Streptomyces sp. NPDC088739
NPDC088740	Bacteria	Actinomycetota	Actinomycetia	Streptomycetales	Streptomycetaceae	Streptomyces	Streptomyces sp.	Streptomyces sp. NPDC088740
NPDC088744	Bacteria	Actinomycetota	Actinomycetia	Streptomycetales	Streptomycetaceae	Streptomyces	Streptomyces sp.	Streptomyces sp. NPDC088744
NPDC088746	Bacteria	Actinomycetota	Actinomycetia	Streptomycetales	Streptomycetaceae	Streptomyces	Streptomyces sp.	Streptomyces sp. NPDC088746
NPDC088747	Bacteria	Actinomycetota	Actinomycetia	Streptomycetales	Streptomycetaceae	Streptomyces	Streptomyces sp.	Streptomyces sp. NPDC088747
NPDC088748	Bacteria	Actinomycetota	Actinomycetia	Streptomycetales	Streptomycetaceae	Streptomyces	Streptomyces sp002080455	Streptomyces sp. NPDC088748
NPDC088751	Bacteria	Actinomycetota	Actinomycetia	Streptomycetales	Streptomycetaceae	Streptomyces	Streptomyces cyaneofuscatus	Streptomyces cyaneofuscatus NPDC088751
NPDC088752	Bacteria	Actinomycetota	Actinomycetia	Streptomycetales	Streptomycetaceae	Streptomyces	Streptomyces sp003949805	Streptomyces sp. NPDC088752
NPDC088753	Bacteria	Actinomycetota	Actinomycetia	Streptomycetales	Streptomycetaceae	Streptomyces	Streptomyces cyaneofuscatus	Streptomyces cyaneofuscatus NPDC088753
NPDC088755	Bacteria	Actinomycetota	Actinomycetia	Streptomycetales	Streptomycetaceae	Streptomyces	Streptomyces sp.	Streptomyces sp. NPDC088755
NPDC088757	Bacteria	Actinomycetota	Actinomycetia	Streptomycetales	Streptomycetaceae	Streptomyces	Streptomyces sp003949805	Streptomyces sp. NPDC088757
NPDC088760	Bacteria	Actinomycetota	Actinomycetia	Streptomycetales	Streptomycetaceae	Streptomyces	Streptomyces sp.	Streptomyces sp. NPDC088760
NPDC088762	Bacteria	Actinomycetota	Actinomycetia	Streptomycetales	Streptomycetaceae	Streptomyces	Streptomyces sp.	Streptomyces sp. NPDC088762
NPDC088763	Bacteria	Actinomycetota	Actinomycetia	Streptomycetales	Streptomycetaceae	Streptomyces	Streptomyces sp001509795	Streptomyces sp. NPDC088763
NPDC088765	Bacteria	Actinomycetota	Actinomycetia	Streptomycetales	Streptomycetaceae	Streptomyces	Streptomyces bacillaris	Streptomyces bacillaris NPDC088765
NPDC088766	Bacteria	Actinomycetota	Actinomycetia	Streptomycetales	Streptomycetaceae	Streptomyces	Streptomyces sp.	Streptomyces sp. NPDC088766
NPDC088767	Bacteria	Actinomycetota	Actinomycetia	Streptomycetales	Streptomycetaceae	Streptomyces	Streptomyces albidoflavus	Streptomyces albidoflavus NPDC088767
NPDC088768	Bacteria	Actinomycetota	Actinomycetia	Streptomycetales	Streptomycetaceae	Streptomyces	Streptomyces sp000213055	Streptomyces sp. NPDC088768
NPDC088770	Bacteria	Actinomycetota	Actinomycetia	Streptomycetales	Streptomycetaceae	Streptomyces	Streptomyces sp002803075	Streptomyces sp. NPDC088770
NPDC088772	Bacteria	Actinomycetota	Actinomycetia	Streptomycetales	Streptomycetaceae	Streptomyces	Streptomyces uncialis	Streptomyces uncialis NPDC088772
NPDC088775	Bacteria	Actinomycetota	Actinomycetia	Streptomycetales	Streptomycetaceae	Streptomyces	Streptomyces sp900091725	Streptomyces sp. NPDC088775
NPDC088777	Bacteria	Actinomycetota	Actinomycetia	Streptomycetales	Streptomycetaceae	Streptomyces_D	Streptomyces_D bronchialis	Streptomyces_D bronchialis NPDC088777
NPDC088779	Bacteria	Actinomycetota	Actinomycetia	Streptomycetales	Streptomycetaceae	Kitasatospora	Kitasatospora sp001625365	Kitasatospora sp. NPDC088779
NPDC088785	Bacteria	Actinomycetota	Actinomycetia	Streptomycetales	Streptomycetaceae	Streptomyces	Streptomyces sp.	Streptomyces sp. NPDC088785
NPDC088788	Bacteria	Actinomycetota	Actinomycetia	Streptomycetales	Streptomycetaceae	Streptomyces	Streptomyces sp002078175	Streptomyces sp. NPDC088788
NPDC088789	Bacteria	Actinomycetota	Actinomycetia	Streptomycetales	Streptomycetaceae	Streptomyces	Streptomyces sp.	Streptomyces sp. NPDC088789
NPDC088790	Bacteria	Actinomycetota	Actinomycetia	Streptomycetales	Streptomycetaceae	Kitasatospora	Kitasatospora purpeofusca	Kitasatospora purpeofusca NPDC088790
NPDC088791	Bacteria	Actinomycetota	Actinomycetia	Streptomycetales	Streptomycetaceae	Kitasatospora	Kitasatospora purpeofusca	Kitasatospora purpeofusca NPDC088791
NPDC088794	Bacteria	Actinomycetota	Actinomycetia	Streptomycetales	Streptomycetaceae	Streptomyces	Streptomyces sp.	Streptomyces sp. NPDC088794
NPDC088797	Bacteria	Actinomycetota	Actinomycetia	Streptomycetales	Streptomycetaceae	Streptomyces	Streptomyces olivaceus	Streptomyces olivaceus NPDC088797
NPDC088801	Bacteria	Actinomycetota	Actinomycetia	Streptomycetales	Streptomycetaceae	Streptomyces	Streptomyces cahuitamycinicus	Streptomyces cahuitamycinicus NPDC088801
NPDC088802	Bacteria	Actinomycetota	Actinomycetia	Streptomycetales	Streptomycetaceae	Streptomyces	Streptomyces diastaticus	Streptomyces diastaticus NPDC088802
NPDC088804	Bacteria	Actinomycetota	Actinomycetia	Streptomycetales	Streptomycetaceae	Streptomyces	Streptomyces luteogriseus	Streptomyces luteogriseus NPDC088804
NPDC088805	Bacteria	Actinomycetota	Actinomycetia	Streptomycetales	Streptomycetaceae	Streptomyces	Streptomyces diastaticus	Streptomyces diastaticus NPDC088805
NPDC088807	Bacteria	Actinomycetota	Actinomycetia	Streptomycetales	Streptomycetaceae	Streptomyces	Streptomyces albidoflavus	Streptomyces albidoflavus NPDC088807
NPDC088810	Bacteria	Actinomycetota	Actinomycetia	Streptomycetales	Streptomycetaceae	Streptomyces	Streptomyces sp.	Streptomyces sp. NPDC088810
NPDC088811	Bacteria	Actinomycetota	Actinomycetia	Streptomycetales	Streptomycetaceae	Streptomyces	Streptomyces flaveolus_A	Streptomyces flaveolus NPDC088811
NPDC088812	Bacteria	Actinomycetota	Actinomycetia	Streptomycetales	Streptomycetaceae	Streptomyces	Streptomyces sp.	Streptomyces sp. NPDC088812
NPDC088816	Bacteria	Actinomycetota	Actinomycetia	Streptomycetales	Streptomycetaceae	Streptomyces	Streptomyces sp002803075	Streptomyces sp. NPDC088816
NPDC088817	Bacteria	Actinomycetota	Actinomycetia	Streptomycetales	Streptomycetaceae	Streptomyces	Streptomyces sp002803075	Streptomyces sp. NPDC088817
NPDC088846	Bacteria	Actinomycetota	Actinomycetia	Streptomycetales	Streptomycetaceae	Streptomyces	Streptomyces sp.	Streptomyces sp. NPDC088846
NPDC088861	Bacteria	Actinomycetota	Actinomycetia	Streptomycetales	Streptomycetaceae	Kitasatospora	Kitasatospora sp001625365	Kitasatospora sp. NPDC088861
NPDC088863	Bacteria	Actinomycetota	Actinomycetia	Streptomycetales	Streptomycetaceae	Streptomyces	Streptomyces diastaticus	Streptomyces diastaticus NPDC088863
NPDC088908	Bacteria	Actinomycetota	Actinomycetia	Streptomycetales	Streptomycetaceae	Streptomyces	Streptomyces tibetensis	Streptomyces tibetensis NPDC088908
NPDC088910	Bacteria	Actinomycetota	Actinomycetia	Streptomycetales	Streptomycetaceae	Streptomyces	Streptomyces sp014596445	Streptomyces sp. NPDC088910
NPDC088911	Bacteria	Actinomycetota	Actinomycetia	Streptomycetales	Streptomycetaceae	Streptomyces	Streptomyces griseus	Streptomyces griseus NPDC088911
NPDC088912	Bacteria	Actinomycetota	Actinomycetia	Streptomycetales	Streptomycetaceae	Streptomyces	Streptomyces cyaneofuscatus	Streptomyces cyaneofuscatus NPDC088912
NPDC088913	Bacteria	Actinomycetota	Actinomycetia	Streptomycetales	Streptomycetaceae	Streptomyces	Streptomyces xanthochromogenes	Streptomyces xanthochromogenes NPDC088913
NPDC088915	Bacteria	Actinomycetota	Actinomycetia	Streptomycetales	Streptomycetaceae	Streptomyces	Streptomyces sp003949805	Streptomyces sp. NPDC088915
NPDC088918	Bacteria	Actinomycetota	Actinomycetia	Streptomycetales	Streptomycetaceae	Streptomyces	Streptomyces albidoflavus	Streptomyces albidoflavus NPDC088918
NPDC088921	Bacteria	Actinomycetota	Actinomycetia	Streptomycetales	Streptomycetaceae	Streptomyces	Streptomyces sp001746295	Streptomyces sp. NPDC088921
NPDC088922	Bacteria	Actinomycetota	Actinomycetia	Streptomycetales	Streptomycetaceae	Streptomyces	Streptomyces papulosus	Streptomyces sp. NPDC088922
NPDC088923	Bacteria	Actinomycetota	Actinomycetia	Streptomycetales	Streptomycetaceae	Streptomyces	Streptomyces sp.	Streptomyces sp. NPDC088923
NPDC088924	Bacteria	Actinomycetota	Actinomycetia	Streptomycetales	Streptomycetaceae	Streptomyces	Streptomyces papulosus	Streptomyces papulosus NPDC088924
NPDC088925	Bacteria	Actinomycetota	Actinomycetia	Streptomycetales	Streptomycetaceae	Streptomyces	Streptomyces sp000213055	Streptomyces sp. NPDC088925
NPDC088926	Bacteria	Actinomycetota	Actinomycetia	Streptomycetales	Streptomycetaceae	Streptomyces	Streptomyces chartreusis	Streptomyces chartreusis NPDC088926
NPDC088927	Bacteria	Actinomycetota	Actinomycetia	Streptomycetales	Streptomycetaceae	Streptomyces	Streptomyces lavendulae_C	Streptomyces lavendulae_C NPDC088927
NPDC088928	Bacteria	Actinomycetota	Actinomycetia	Streptomycetales	Streptomycetaceae	Streptomyces	Streptomyces sp900091725	Streptomyces sp. NPDC088928
NPDC088935	Bacteria	Actinomycetota	Actinomycetia	Streptomycetales	Streptomycetaceae	Streptomyces	Streptomyces hyderabadensis	Streptomyces hyderabadensis NPDC088935
NPDC089173	Bacteria	Actinomycetota	Actinomycetia	Streptomycetales	Streptomycetaceae	Streptomyces	Streptomyces sp.	Streptomyces sp. NPDC089173
NPDC089174	Bacteria	Actinomycetota	Actinomycetia	Streptomycetales	Streptomycetaceae	Streptomyces	Streptomyces angustmyceticus	Streptomyces angustmyceticus NPDC089174
NPDC089181	Bacteria	Actinomycetota	Actinomycetia	Streptomycetales	Streptomycetaceae	Streptomyces	Streptomyces fimicarius	Streptomyces griseus NPDC089181
NPDC089182	Bacteria	Actinomycetota	Actinomycetia	Streptomycetales	Streptomycetaceae	Streptomyces	Streptomyces bungoensis	Streptomyces bungoensis NPDC089182
NPDC089515	Bacteria	Actinomycetota	Actinomycetia	Streptomycetales	Streptomycetaceae	Streptomyces	Streptomyces rubiginosohelvolus	Streptomyces rubiginosohelvolus NPDC089515
NPDC089733	Bacteria	Actinomycetota	Actinomycetia	Streptomycetales	Streptomycetaceae	Streptomyces	Streptomyces sp900091725	Streptomyces sp. NPDC089733
NPDC089795	Bacteria	Actinomycetota	Actinomycetia	Streptomycetales	Streptomycetaceae	Streptomyces	Streptomyces sp.	Streptomyces sp. NPDC089795
NPDC089797	Bacteria	Actinomycetota	Actinomycetia	Streptomycetales	Streptomycetaceae	Kitasatospora	Kitasatospora sp.	Kitasatospora sp. NPDC089797
NPDC089799	Bacteria	Actinomycetota	Actinomycetia	Streptomycetales	Streptomycetaceae	Streptomyces	Streptomyces sp.	Streptomyces sp. NPDC089799
NPDC089876	Bacteria	Actinomycetota	Actinomycetia	Streptomycetales	Streptomycetaceae	Streptomyces	Streptomyces tanashiensis	Streptomyces tanashiensis NPDC089876
NPDC089883	Bacteria	Actinomycetota	Actinomycetia	Streptomycetales	Streptomycetaceae	Streptomyces	Streptomyces anulatus	Streptomyces anulatus NPDC089883
NPDC089915	Bacteria	Actinomycetota	Actinomycetia	Streptomycetales	Streptomycetaceae	Streptomyces	Streptomyces sp.	Streptomyces sp. NPDC089915
NPDC089916	Bacteria	Actinomycetota	Actinomycetia	Streptomycetales	Streptomycetaceae	Streptomyces	Streptomyces erythrochromogenes_A	Streptomyces erythrochromogenes NPDC089916
NPDC089919	Bacteria	Actinomycetota	Actinomycetia	Streptomycetales	Streptomycetaceae	Streptomyces	Streptomyces sp.	Streptomyces sp. NPDC089919
NPDC089922	Bacteria	Actinomycetota	Actinomycetia	Streptomycetales	Streptomycetaceae	Streptomyces	Streptomyces sp.	Streptomyces sp. NPDC089922
NPDC090018	Bacteria	Actinomycetota	Actinomycetia	Streptomycetales	Streptomycetaceae	Streptomyces	Streptomyces hydrogenans	Streptomyces hydrogenans NPDC090018
NPDC090019	Bacteria	Actinomycetota	Actinomycetia	Streptomycetales	Streptomycetaceae	Streptomyces	Streptomyces parvus	Streptomyces parvus NPDC090019
NPDC090021	Bacteria	Actinomycetota	Actinomycetia	Streptomycetales	Streptomycetaceae	Streptomyces	Streptomyces sp.	Streptomyces sp. NPDC090021
NPDC090023	Bacteria	Actinomycetota	Actinomycetia	Streptomycetales	Streptomycetaceae	Streptomyces	Streptomyces sp.	Streptomyces sp. NPDC090023
NPDC090025	Bacteria	Actinomycetota	Actinomycetia	Streptomycetales	Streptomycetaceae	Streptomyces	Streptomyces sp.	Streptomyces sp. NPDC090025
NPDC090026	Bacteria	Actinomycetota	Actinomycetia	Streptomycetales	Streptomycetaceae	Streptomyces	Streptomyces sp024497955	Streptomyces sp. NPDC090026
NPDC090028	Bacteria	Actinomycetota	Actinomycetia	Streptomycetales	Streptomycetaceae	Streptomyces	Streptomyces griseoaurantiacus	Streptomyces griseoaurantiacus NPDC090028
NPDC090029	Bacteria	Actinomycetota	Actinomycetia	Streptomycetales	Streptomycetaceae	Streptomyces	Streptomyces sp024497955	Streptomyces sp. NPDC090029
NPDC090030	Bacteria	Actinomycetota	Actinomycetia	Streptomycetales	Streptomycetaceae	Streptomyces	Streptomyces parvus	Streptomyces parvus NPDC090030
NPDC090031	Bacteria	Actinomycetota	Actinomycetia	Streptomycetales	Streptomycetaceae	Streptomyces	Streptomyces vinaceus	Streptomyces vinaceus NPDC090031
NPDC090032	Bacteria	Actinomycetota	Actinomycetia	Streptomycetales	Streptomycetaceae	Streptomyces	Streptomyces sp.	Streptomyces sp. NPDC090032
NPDC090038	Bacteria	Actinomycetota	Actinomycetia	Streptomycetales	Streptomycetaceae	Streptomyces	Streptomyces fungicidicus	Streptomyces fungicidicus NPDC090038
NPDC090042	Bacteria	Actinomycetota	Actinomycetia	Streptomycetales	Streptomycetaceae	Streptomyces	Streptomyces griseoluteus	Streptomyces griseoluteus NPDC090042
NPDC090048	Bacteria	Actinomycetota	Actinomycetia	Streptomycetales	Streptomycetaceae	Streptomyces	Streptomyces sp008042155	Streptomyces sp. NPDC090048
NPDC090050	Bacteria	Actinomycetota	Actinomycetia	Streptomycetales	Streptomycetaceae	Streptomyces	Streptomyces papulosus	Streptomyces papulosus NPDC090050
NPDC090051	Bacteria	Actinomycetota	Actinomycetia	Streptomycetales	Streptomycetaceae	Streptomyces	Streptomyces sp008042155	Streptomyces sp. NPDC090051
NPDC090053	Bacteria	Actinomycetota	Actinomycetia	Streptomycetales	Streptomycetaceae	Streptomyces	Streptomyces sp940670765	Streptomyces sp. NPDC090053
NPDC090054	Bacteria	Actinomycetota	Actinomycetia	Streptomycetales	Streptomycetaceae	Streptomyces	Streptomyces sp.	Streptomyces sp. NPDC090054
NPDC090056	Bacteria	Actinomycetota	Actinomycetia	Streptomycetales	Streptomycetaceae	Streptomyces	Streptomyces sp.	Streptomyces sp. NPDC090056
NPDC090057	Bacteria	Actinomycetota	Actinomycetia	Streptomycetales	Streptomycetaceae	Streptomyces	Streptomyces sp.	Streptomyces sp. NPDC090057
NPDC090058	Bacteria	Actinomycetota	Actinomycetia	Streptomycetales	Streptomycetaceae	Streptomyces	Streptomyces rubrogriseus	Streptomyces rubrogriseus NPDC090058
NPDC090060	Bacteria	Actinomycetota	Actinomycetia	Streptomycetales	Streptomycetaceae	Streptomyces	Streptomyces nigra	Streptomyces nigra NPDC090060
NPDC090061	Bacteria	Actinomycetota	Actinomycetia	Streptomycetales	Streptomycetaceae	Streptomyces	Streptomyces nigra	Streptomyces nigra NPDC090061
NPDC090063	Bacteria	Actinomycetota	Actinomycetia	Streptomycetales	Streptomycetaceae	Streptomyces	Streptomyces rubiginosohelvolus	Streptomyces rubiginosohelvolus NPDC090063
NPDC090068	Bacteria	Actinomycetota	Actinomycetia	Streptomycetales	Streptomycetaceae	Streptomyces	Streptomyces albidoflavus	Streptomyces albidoflavus NPDC090068
NPDC090071	Bacteria	Actinomycetota	Actinomycetia	Streptomycetales	Streptomycetaceae	Streptomyces	Streptomyces albidoflavus	Streptomyces albidoflavus NPDC090071
NPDC090073	Bacteria	Actinomycetota	Actinomycetia	Streptomycetales	Streptomycetaceae	Streptomyces	Streptomyces sp900105245	Streptomyces sp. NPDC090073
NPDC090075	Bacteria	Actinomycetota	Actinomycetia	Streptomycetales	Streptomycetaceae	Streptomyces	Streptomyces sp.	Streptomyces sp. NPDC090075
NPDC090077	Bacteria	Actinomycetota	Actinomycetia	Streptomycetales	Streptomycetaceae	Streptomyces	Streptomyces sp.	Streptomyces sp. NPDC090077
NPDC090080	Bacteria	Actinomycetota	Actinomycetia	Streptomycetales	Streptomycetaceae	Streptomyces	Streptomyces sp.	Streptomyces sp. NPDC090080
NPDC090082	Bacteria	Actinomycetota	Actinomycetia	Streptomycetales	Streptomycetaceae	Streptomyces	Streptomyces sp.	Streptomyces sp. NPDC090082
NPDC090083	Bacteria	Actinomycetota	Actinomycetia	Streptomycetales	Streptomycetaceae	Streptomyces	Streptomyces sp.	Streptomyces sp. NPDC090083
NPDC090084	Bacteria	Actinomycetota	Actinomycetia	Streptomycetales	Streptomycetaceae	Streptomyces	Streptomyces sp.	Streptomyces sp. NPDC090084
NPDC090085	Bacteria	Actinomycetota	Actinomycetia	Streptomycetales	Streptomycetaceae	Streptomyces	Streptomyces sp.	Streptomyces sp. NPDC090085
NPDC090088	Bacteria	Actinomycetota	Actinomycetia	Streptomycetales	Streptomycetaceae	Streptomyces	Streptomyces sp.	Streptomyces sp. NPDC090088
NPDC090091	Bacteria	Actinomycetota	Actinomycetia	Streptomycetales	Streptomycetaceae	Kitasatospora	Kitasatospora sp.	Kitasatospora sp. NPDC090091
NPDC090093	Bacteria	Actinomycetota	Actinomycetia	Streptomycetales	Streptomycetaceae	Streptomyces	Streptomyces sp001280125	Streptomyces sp. NPDC090093
NPDC090094	Bacteria	Actinomycetota	Actinomycetia	Streptomycetales	Streptomycetaceae	Streptomyces	Streptomyces murinus	Streptomyces murinus NPDC090094
NPDC090101	Bacteria	Actinomycetota	Actinomycetia	Streptomycetales	Streptomycetaceae	Streptomyces	Streptomyces hydrogenans	Streptomyces hydrogenans NPDC090101
NPDC090102	Bacteria	Actinomycetota	Actinomycetia	Streptomycetales	Streptomycetaceae	Streptomyces	Streptomyces rubiginosohelvolus	Streptomyces rubiginosohelvolus NPDC090102
NPDC090104	Bacteria	Actinomycetota	Actinomycetia	Streptomycetales	Streptomycetaceae	Streptomyces	Streptomyces albidoflavus	Streptomyces albidoflavus NPDC090104
NPDC090106	Bacteria	Actinomycetota	Actinomycetia	Streptomycetales	Streptomycetaceae	Streptomyces	Streptomyces sp.	Streptomyces sp. NPDC090106
NPDC090107	Bacteria	Actinomycetota	Actinomycetia	Streptomycetales	Streptomycetaceae	Streptomyces	Streptomyces rubiginosohelvolus	Streptomyces rubiginosohelvolus NPDC090107
NPDC090108	Bacteria	Actinomycetota	Actinomycetia	Streptomycetales	Streptomycetaceae	Streptomyces	Streptomyces sp.	Streptomyces sp. NPDC090108
NPDC090111	Bacteria	Actinomycetota	Actinomycetia	Streptomycetales	Streptomycetaceae	Streptomyces	Streptomyces bauhiniae	Streptomyces bauhiniae NPDC090111
NPDC090112	Bacteria	Actinomycetota	Actinomycetia	Streptomycetales	Streptomycetaceae	Streptomyces	Streptomyces sp.	Streptomyces sp. NPDC090112
NPDC090113	Bacteria	Actinomycetota	Actinomycetia	Streptomycetales	Streptomycetaceae	Streptomyces	Streptomyces anulatus	Streptomyces anulatus NPDC090113
NPDC090114	Bacteria	Actinomycetota	Actinomycetia	Streptomycetales	Streptomycetaceae	Streptomyces	Streptomyces sp000718785	Streptomyces sp. NPDC090114
NPDC090118	Bacteria	Actinomycetota	Actinomycetia	Streptomycetales	Streptomycetaceae	Streptomyces	Streptomyces nigra	Streptomyces nigra NPDC090118
NPDC090119	Bacteria	Actinomycetota	Actinomycetia	Streptomycetales	Streptomycetaceae	Streptomyces	Streptomyces sp.	Streptomyces sp. NPDC090119
NPDC090120	Bacteria	Actinomycetota	Actinomycetia	Streptomycetales	Streptomycetaceae	Streptomyces	Streptomyces diastaticus	Streptomyces diastaticus NPDC090120
NPDC090122	Bacteria	Actinomycetota	Actinomycetia	Streptomycetales	Streptomycetaceae	Streptomyces	Streptomyces diastaticus	Streptomyces diastaticus NPDC090122
NPDC090123	Bacteria	Actinomycetota	Actinomycetia	Streptomycetales	Streptomycetaceae	Streptomyces	Streptomyces diastaticus	Streptomyces diastaticus NPDC090123
NPDC090126	Bacteria	Actinomycetota	Actinomycetia	Streptomycetales	Streptomycetaceae	Streptomyces	Streptomyces sp001895105	Streptomyces sp. NPDC090126
NPDC090127	Bacteria	Actinomycetota	Actinomycetia	Streptomycetales	Streptomycetaceae	Streptomyces	Streptomyces sp.	Streptomyces sp. NPDC090127
NPDC090128	Bacteria	Actinomycetota	Actinomycetia	Streptomycetales	Streptomycetaceae	Streptomyces	Streptomyces anulatus	Streptomyces anulatus NPDC090128
NPDC090131	Bacteria	Actinomycetota	Actinomycetia	Streptomycetales	Streptomycetaceae	Streptomyces	Streptomyces sp.	Streptomyces sp. NPDC090131
NPDC090132	Bacteria	Actinomycetota	Actinomycetia	Streptomycetales	Streptomycetaceae	Streptomyces	Streptomyces sp001905365	Streptomyces sp. NPDC090132
NPDC090133	Bacteria	Actinomycetota	Actinomycetia	Streptomycetales	Streptomycetaceae	Streptomyces	Streptomyces sp001905365	Streptomyces sp. NPDC090133
NPDC090135	Bacteria	Actinomycetota	Actinomycetia	Streptomycetales	Streptomycetaceae	Streptomyces	Streptomyces sp.	Streptomyces sp. NPDC090135
NPDC090230	Bacteria	Actinomycetota	Actinomycetia	Streptomycetales	Streptomycetaceae	Streptomyces	Streptomyces griseoviridis_A	Streptomyces griseoviridis NPDC090230
NPDC090231	Bacteria	Actinomycetota	Actinomycetia	Streptomycetales	Streptomycetaceae	Streptomyces	Streptomyces sp001905365	Streptomyces sp. NPDC090231
NPDC090296	Bacteria	Actinomycetota	Actinomycetia	Streptomycetales	Streptomycetaceae	Streptomyces	Streptomyces kronopolitis	Streptomyces kronopolitis NPDC090296
NPDC090300	Bacteria	Actinomycetota	Actinomycetia	Streptomycetales	Streptomycetaceae	Streptomyces	Streptomyces albidoflavus	Streptomyces albidoflavus NPDC090300
NPDC090301	Bacteria	Actinomycetota	Actinomycetia	Streptomycetales	Streptomycetaceae	Streptomyces	Streptomyces sp001905825	Streptomyces sp. NPDC090301
NPDC090304	Bacteria	Actinomycetota	Actinomycetia	Streptomycetales	Streptomycetaceae	Streptomyces	Streptomyces griseus	Streptomyces griseus NPDC090304
NPDC090306	Bacteria	Actinomycetota	Actinomycetia	Streptomycetales	Streptomycetaceae	Streptomyces	Streptomyces sp.	Streptomyces sp. NPDC090306
NPDC090310	Bacteria	Actinomycetota	Actinomycetia	Streptomycetales	Streptomycetaceae	Streptomyces	Streptomyces angustmyceticus	Streptomyces angustmyceticus NPDC090310
NPDC091196	Bacteria	Actinomycetota	Actinomycetia	Streptomycetales	Streptomycetaceae	Streptomyces	Streptomyces rubiginosohelvolus	Streptomyces rubiginosohelvolus NPDC091196
NPDC091199	Bacteria	Actinomycetota	Actinomycetia	Streptomycetales	Streptomycetaceae	Streptomyces	Streptomyces californicus	Streptomyces californicus NPDC091199
NPDC091201	Bacteria	Actinomycetota	Actinomycetia	Streptomycetales	Streptomycetaceae	Streptomyces	Streptomyces sp.	Streptomyces sp. NPDC091201
NPDC091204	Bacteria	Actinomycetota	Actinomycetia	Streptomycetales	Streptomycetaceae	Streptomyces	Streptomyces sp000720115	Streptomyces sp. NPDC091204
NPDC091212	Bacteria	Actinomycetota	Actinomycetia	Streptomycetales	Streptomycetaceae	Streptomyces	Streptomyces sp.	Streptomyces sp. NPDC091212
NPDC091213	Bacteria	Actinomycetota	Actinomycetia	Streptomycetales	Streptomycetaceae	Streptomyces	Streptomyces niveus	Streptomyces niveus NPDC091213
NPDC091215	Bacteria	Actinomycetota	Actinomycetia	Streptomycetales	Streptomycetaceae	Streptomyces	Streptomyces sp003814875	Streptomyces sp. NPDC091215
NPDC091218	Bacteria	Actinomycetota	Actinomycetia	Streptomycetales	Streptomycetaceae	Streptomyces	Streptomyces hydrogenans	Streptomyces hydrogenans NPDC091218
NPDC091219	Bacteria	Actinomycetota	Actinomycetia	Streptomycetales	Streptomycetaceae	Streptomyces	Streptomyces sp.	Streptomyces sp. NPDC091219
NPDC091221	Bacteria	Actinomycetota	Actinomycetia	Streptomycetales	Streptomycetaceae	Streptomyces	Streptomyces nigra	Streptomyces nigra NPDC091221
NPDC091233	Bacteria	Actinomycetota	Actinomycetia	Streptomycetales	Streptomycetaceae	Streptomyces	Streptomyces glauciniger	Streptomyces glauciniger NPDC091233
NPDC091263	Bacteria	Actinomycetota	Actinomycetia	Streptomycetales	Streptomycetaceae	Streptomyces	Streptomyces sp023701695	Streptomyces sp. NPDC091263
NPDC091267	Bacteria	Actinomycetota	Actinomycetia	Streptomycetales	Streptomycetaceae	Streptomyces	Streptomyces sp023701695	Streptomyces sp. NPDC091267
NPDC091276	Bacteria	Actinomycetota	Actinomycetia	Streptomycetales	Streptomycetaceae	Kitasatospora	Kitasatospora sp001625365	Kitasatospora sp. NPDC091276
NPDC091278	Bacteria	Actinomycetota	Actinomycetia	Streptomycetales	Streptomycetaceae	Streptomyces	Streptomyces sp.	Streptomyces sp. NPDC091278
NPDC091289	Bacteria	Actinomycetota	Actinomycetia	Streptomycetales	Streptomycetaceae	Streptomyces	Streptomyces sp.	Streptomyces sp. NPDC091289
NPDC091299	Bacteria	Actinomycetota	Actinomycetia	Streptomycetales	Streptomycetaceae	Streptomyces	Streptomyces sp001507435	Streptomyces sp. NPDC091299
NPDC091367	Bacteria	Actinomycetota	Actinomycetia	Streptomycetales	Streptomycetaceae	Streptomyces	Streptomyces lydicus	Streptomyces lydicus NPDC091367
NPDC091368	Bacteria	Actinomycetota	Actinomycetia	Streptomycetales	Streptomycetaceae	Streptomyces	Streptomyces sp.	Streptomyces sp. NPDC091368
NPDC091371	Bacteria	Actinomycetota	Actinomycetia	Streptomycetales	Streptomycetaceae	Streptomyces	Streptomyces sp.	Streptomyces sp. NPDC091371
NPDC091372	Bacteria	Actinomycetota	Actinomycetia	Streptomycetales	Streptomycetaceae	Streptomyces	Streptomyces anulatus	Streptomyces anulatus NPDC091372
NPDC091375	Bacteria	Actinomycetota	Actinomycetia	Streptomycetales	Streptomycetaceae	Streptomyces	Streptomyces diastaticus	Streptomyces diastaticus NPDC091375
NPDC091975	Bacteria	Actinomycetota	Actinomycetia	Streptomycetales	Streptomycetaceae	Streptomyces	Streptomyces althioticus	Streptomyces althioticus NPDC091975
NPDC091976	Bacteria	Actinomycetota	Actinomycetia	Streptomycetales	Streptomycetaceae	Streptomyces	Streptomyces althioticus	Streptomyces althioticus NPDC091976
NPDC091989	Bacteria	Actinomycetota	Actinomycetia	Streptomycetales	Streptomycetaceae	Streptomyces	Streptomyces californicus	Streptomyces californicus NPDC091989
NPDC092035	Bacteria	Actinomycetota	Actinomycetia	Streptomycetales	Streptomycetaceae	Streptomyces	Streptomyces bacillaris	Streptomyces bacillaris NPDC092035
NPDC092037	Bacteria	Actinomycetota	Actinomycetia	Streptomycetales	Streptomycetaceae	Streptomyces	Streptomyces globisporus	Streptomyces globisporus NPDC092037
NPDC092045	Bacteria	Actinomycetota	Actinomycetia	Streptomycetales	Streptomycetaceae	Streptomyces	Streptomyces sp.	Streptomyces sp. NPDC092045
NPDC092046	Bacteria	Actinomycetota	Actinomycetia	Streptomycetales	Streptomycetaceae	Streptomyces	Streptomyces sp.	Streptomyces sp. NPDC092046
NPDC092129	Bacteria	Actinomycetota	Actinomycetia	Streptomycetales	Streptomycetaceae	Streptomyces	Streptomyces sp001507435	Streptomyces sp. NPDC092129
NPDC092205	Bacteria	Actinomycetota	Actinomycetia	Streptomycetales	Streptomycetaceae	Streptomyces	Streptomyces bacillaris	Streptomyces bacillaris NPDC092205
NPDC092295	Bacteria	Actinomycetota	Actinomycetia	Streptomycetales	Streptomycetaceae	Streptomyces	Streptomyces sp004151105	Streptomyces sp. NPDC092295
NPDC092296	Bacteria	Actinomycetota	Actinomycetia	Streptomycetales	Streptomycetaceae	Streptomyces_D	Streptomyces sp.	Streptomyces sp. NPDC092296
NPDC092307	Bacteria	Actinomycetota	Actinomycetia	Streptomycetales	Streptomycetaceae	Streptomyces	Streptomyces sp003148825	Streptomyces sp. NPDC092307
NPDC092308	Bacteria	Actinomycetota	Actinomycetia	Streptomycetales	Streptomycetaceae	Streptomyces	Streptomyces griseoviridis_A	Streptomyces griseoviridis_A NPDC092308
NPDC092903	Bacteria	Actinomycetota	Actinomycetia	Streptomycetales	Streptomycetaceae	Streptomyces	Streptomyces sp001905365	Streptomyces sp. NPDC092903
NPDC092921	Bacteria	Actinomycetota	Actinomycetia	Streptomycetales	Streptomycetaceae	Streptomyces	Streptomyces tendae	Streptomyces tendae NPDC092921
NPDC092948	Bacteria	Actinomycetota	Actinomycetia	Streptomycetales	Streptomycetaceae	Kitasatospora	Kitasatospora sp.	Kitasatospora sp. NPDC092948
NPDC092952	Bacteria	Actinomycetota	Actinomycetia	Streptomycetales	Streptomycetaceae	Streptomyces	Streptomyces sp.	Streptomyces sp. NPDC092952
NPDC093013	Bacteria	Actinomycetota	Actinomycetia	Streptomycetales	Streptomycetaceae	Streptomyces	Streptomyces halstedii	Streptomyces halstedii NPDC093013
NPDC093018	Bacteria	Actinomycetota	Actinomycetia	Streptomycetales	Streptomycetaceae	Streptomyces	Streptomyces sp.	Streptomyces sp. NPDC093018
NPDC093019	Bacteria	Actinomycetota	Actinomycetia	Streptomycetales	Streptomycetaceae	Streptomyces	Streptomyces bacillaris	Streptomyces bacillaris NPDC093019
NPDC093023	Bacteria	Actinomycetota	Actinomycetia	Streptomycetales	Streptomycetaceae	Streptomyces	Streptomyces papulosus	Streptomyces sp. NPDC093023
NPDC093025	Bacteria	Actinomycetota	Actinomycetia	Streptomycetales	Streptomycetaceae	Streptomyces	Streptomyces papulosus	Streptomyces papulosus NPDC093025
NPDC093060	Bacteria	Actinomycetota	Actinomycetia	Streptomycetales	Streptomycetaceae	Streptomyces	Streptomyces sp.	Streptomyces sp. NPDC093060
NPDC093064	Bacteria	Actinomycetota	Actinomycetia	Streptomycetales	Streptomycetaceae	Streptomyces	Streptomyces sp006540305	Streptomyces sp. NPDC093064
NPDC093065	Bacteria	Actinomycetota	Actinomycetia	Streptomycetales	Streptomycetaceae	Streptomyces	Streptomyces sp.	Streptomyces sp. NPDC093065
NPDC093070	Bacteria	Actinomycetota	Actinomycetia	Streptomycetales	Streptomycetaceae	Streptomyces	Streptomyces albulus_C	Streptomyces albulus_C NPDC093070
NPDC093071	Bacteria	Actinomycetota	Actinomycetia	Streptomycetales	Streptomycetaceae	Streptomyces	Streptomyces sp001280125	Streptomyces sp. NPDC093071
NPDC093072	Bacteria	Actinomycetota	Actinomycetia	Streptomycetales	Streptomycetaceae	Streptomyces	Streptomyces ardesiacus	Streptomyces ardesiacus NPDC093072
NPDC093074	Bacteria	Actinomycetota	Actinomycetia	Streptomycetales	Streptomycetaceae	Streptomyces	Streptomyces parvus	Streptomyces parvus NPDC093074
NPDC093075	Bacteria	Actinomycetota	Actinomycetia	Streptomycetales	Streptomycetaceae	Streptomyces	Streptomyces californicus	Streptomyces californicus NPDC093075
NPDC093076	Bacteria	Actinomycetota	Actinomycetia	Streptomycetales	Streptomycetaceae	Kitasatospora	Kitasatospora cineracea	Kitasatospora cineracea NPDC093076
NPDC093083	Bacteria	Actinomycetota	Actinomycetia	Streptomycetales	Streptomycetaceae	Kitasatospora	Kitasatospora cineracea	Kitasatospora cineracea NPDC093083
NPDC093084	Bacteria	Actinomycetota	Actinomycetia	Streptomycetales	Streptomycetaceae	Streptomyces	Streptomyces sp.	Streptomyces sp. NPDC093084
NPDC093085	Bacteria	Actinomycetota	Actinomycetia	Streptomycetales	Streptomycetaceae	Streptomyces	Streptomyces sp.	Streptomyces sp. NPDC093085
NPDC093086	Bacteria	Actinomycetota	Actinomycetia	Streptomycetales	Streptomycetaceae	Streptomyces	Streptomyces ardesiacus	Streptomyces ardesiacus NPDC093086
NPDC093088	Bacteria	Actinomycetota	Actinomycetia	Streptomycetales	Streptomycetaceae	Streptomyces	Streptomyces sp001280125	Streptomyces sp. NPDC093088
NPDC093089	Bacteria	Actinomycetota	Actinomycetia	Streptomycetales	Streptomycetaceae	Streptomyces	Streptomyces sp.	Streptomyces sp. NPDC093089
NPDC093091	Bacteria	Actinomycetota	Actinomycetia	Streptomycetales	Streptomycetaceae	Streptomyces	Streptomyces microflavus	Streptomyces microflavus NPDC093091
NPDC093093	Bacteria	Actinomycetota	Actinomycetia	Streptomycetales	Streptomycetaceae	Streptomyces	Streptomyces sp001279725	Streptomyces sp. NPDC093093
NPDC093094	Bacteria	Actinomycetota	Actinomycetia	Streptomycetales	Streptomycetaceae	Streptomyces	Streptomyces sp.	Streptomyces sp. NPDC093094
NPDC093099	Bacteria	Actinomycetota	Actinomycetia	Streptomycetales	Streptomycetaceae	Streptomyces	Streptomyces sp004151105	Streptomyces sp. NPDC093099
NPDC093100	Bacteria	Actinomycetota	Actinomycetia	Streptomycetales	Streptomycetaceae	Streptomyces	Streptomyces paradoxus	Streptomyces paradoxus NPDC093100
NPDC093102	Bacteria	Actinomycetota	Actinomycetia	Streptomycetales	Streptomycetaceae	Kitasatospora	Kitasatospora sp020103755	Kitasatospora sp. NPDC093102
NPDC093108	Bacteria	Actinomycetota	Actinomycetia	Streptomycetales	Streptomycetaceae	Streptomyces	Streptomyces sp900091725	Streptomyces sp. NPDC093108
NPDC093109	Bacteria	Actinomycetota	Actinomycetia	Streptomycetales	Streptomycetaceae	Streptomyces	Streptomyces sp.	Streptomyces sp. NPDC093109
NPDC093111	Bacteria	Actinomycetota	Actinomycetia	Streptomycetales	Streptomycetaceae	Streptomyces	Streptomyces sp.	Streptomyces sp. NPDC093111
NPDC093149	Bacteria	Actinomycetota	Actinomycetia	Streptomycetales	Streptomycetaceae	Streptomyces	Streptomyces sp.	Streptomyces sp. NPDC093149
NPDC093159	Bacteria	Actinomycetota	Actinomycetia	Streptomycetales	Streptomycetaceae	Streptomyces	Streptomyces misionensis	Streptomyces misionensis NPDC093159
NPDC093162	Bacteria	Actinomycetota	Actinomycetia	Streptomycetales	Streptomycetaceae	Streptomyces	Streptomyces microflavus	Streptomyces microflavus NPDC093162
NPDC093163	Bacteria	Actinomycetota	Actinomycetia	Streptomycetales	Streptomycetaceae	Streptomyces	Streptomyces tauricus	Streptomyces tauricus NPDC093163
NPDC093166	Bacteria	Actinomycetota	Actinomycetia	Streptomycetales	Streptomycetaceae	Streptomyces	Streptomyces collinus	Streptomyces collinus NPDC093166
NPDC093168	Bacteria	Actinomycetota	Actinomycetia	Streptomycetales	Streptomycetaceae	Streptomyces	Streptomyces cyaneofuscatus	Streptomyces cyaneofuscatus NPDC093168
NPDC093172	Bacteria	Actinomycetota	Actinomycetia	Streptomycetales	Streptomycetaceae	Streptomyces	Streptomyces microflavus	Streptomyces microflavus NPDC093172
NPDC093173	Bacteria	Actinomycetota	Actinomycetia	Streptomycetales	Streptomycetaceae	Streptomyces	Streptomyces microflavus	Streptomyces microflavus NPDC093173
NPDC093219	Bacteria	Actinomycetota	Actinomycetia	Streptomycetales	Streptomycetaceae	Streptomyces	Streptomyces hydrogenans	Streptomyces hydrogenans NPDC093219
NPDC093221	Bacteria	Actinomycetota	Actinomycetia	Streptomycetales	Streptomycetaceae	Streptomyces	Streptomyces sp014596445	Streptomyces sp. NPDC093221
NPDC093222	Bacteria	Actinomycetota	Actinomycetia	Streptomycetales	Streptomycetaceae	Streptomyces	Streptomyces goshikiensis	Streptomyces goshikiensis NPDC093222
NPDC093223	Bacteria	Actinomycetota	Actinomycetia	Streptomycetales	Streptomycetaceae	Streptomyces	Streptomyces sp.	Streptomyces sp. NPDC093223
NPDC093224	Bacteria	Actinomycetota	Actinomycetia	Streptomycetales	Streptomycetaceae	Streptomyces	Streptomyces sp.	Streptomyces sp. NPDC093224
NPDC093225	Bacteria	Actinomycetota	Actinomycetia	Streptomycetales	Streptomycetaceae	Streptomyces	Streptomyces sp000719335	Streptomyces sp. NPDC093225
NPDC093227	Bacteria	Actinomycetota	Actinomycetia	Streptomycetales	Streptomycetaceae	Streptomyces	Streptomyces clavifer	Streptomyces clavifer NPDC093227
NPDC093228	Bacteria	Actinomycetota	Actinomycetia	Streptomycetales	Streptomycetaceae	Streptomyces	Streptomyces sp001507435	Streptomyces sp. NPDC093228
NPDC093242	Bacteria	Actinomycetota	Actinomycetia	Streptomycetales	Streptomycetaceae	Streptomyces	Streptomyces albulus_C	Streptomyces noursei NPDC093242
NPDC093248	Bacteria	Actinomycetota	Actinomycetia	Streptomycetales	Streptomycetaceae	Streptomyces	Streptomyces sp016432725	Streptomyces sp. NPDC093248
NPDC093249	Bacteria	Actinomycetota	Actinomycetia	Streptomycetales	Streptomycetaceae	Streptomyces	Streptomyces sp.	Streptomyces sp. NPDC093249
NPDC093250	Bacteria	Actinomycetota	Actinomycetia	Streptomycetales	Streptomycetaceae	Streptomyces	Streptomyces sp.	Streptomyces sp. NPDC093250
NPDC093252	Bacteria	Actinomycetota	Actinomycetia	Streptomycetales	Streptomycetaceae	Streptomyces	Streptomyces sp.	Streptomyces sp. NPDC093252
NPDC093257	Bacteria	Actinomycetota	Actinomycetia	Streptomycetales	Streptomycetaceae	Streptomyces	Streptomyces tsukubensis	Streptomyces tsukubensis NPDC093257
NPDC093259	Bacteria	Actinomycetota	Actinomycetia	Streptomycetales	Streptomycetaceae	Streptomyces	Streptomyces griseoluteus	Streptomyces griseoluteus NPDC093259
NPDC093260	Bacteria	Actinomycetota	Actinomycetia	Streptomycetales	Streptomycetaceae	Streptomyces	Streptomyces sennicomposti	Streptomyces sp. NPDC093260
NPDC093269	Bacteria	Actinomycetota	Actinomycetia	Streptomycetales	Streptomycetaceae	Streptomyces	Streptomyces sp001507435	Streptomyces sp. NPDC093269
NPDC093272	Bacteria	Actinomycetota	Actinomycetia	Streptomycetales	Streptomycetaceae	Streptomyces	Streptomyces sp.	Streptomyces sp. NPDC093272
NPDC093275	Bacteria	Actinomycetota	Actinomycetia	Streptomycetales	Streptomycetaceae	Streptomyces	Streptomyces shenzhenensis_A	Streptomyces shenzhenensis_A NPDC093275
NPDC093501	Bacteria	Actinomycetota	Actinomycetia	Streptomycetales	Streptomycetaceae	Streptomyces	Streptomyces microflavus	Streptomyces microflavus NPDC093501
NPDC093503	Bacteria	Actinomycetota	Actinomycetia	Streptomycetales	Streptomycetaceae	Streptomyces	Streptomyces microflavus	Streptomyces microflavus NPDC093503
NPDC093504	Bacteria	Actinomycetota	Actinomycetia	Streptomycetales	Streptomycetaceae	Streptomyces	Streptomyces microflavus	Streptomyces microflavus NPDC093504
NPDC093509	Bacteria	Actinomycetota	Actinomycetia	Streptomycetales	Streptomycetaceae	Streptomyces	Streptomyces sp002078175	Streptomyces sp. NPDC093509
NPDC093510	Bacteria	Actinomycetota	Actinomycetia	Streptomycetales	Streptomycetaceae	Streptomyces	Streptomyces sp.	Streptomyces sp. NPDC093510
NPDC093516	Bacteria	Actinomycetota	Actinomycetia	Streptomycetales	Streptomycetaceae	Streptomyces	Streptomyces sp.	Streptomyces sp. NPDC093516
NPDC093523	Bacteria	Actinomycetota	Actinomycetia	Streptomycetales	Streptomycetaceae	Streptomyces	Streptomyces anulatus	Streptomyces anulatus NPDC093523
NPDC093525	Bacteria	Actinomycetota	Actinomycetia	Streptomycetales	Streptomycetaceae	Streptomyces	Streptomyces clavifer	Streptomyces clavifer NPDC093525
NPDC093536	Bacteria	Actinomycetota	Actinomycetia	Streptomycetales	Streptomycetaceae	Streptomyces	Streptomyces cyaneofuscatus	Streptomyces cyaneofuscatus NPDC093536
NPDC093544	Bacteria	Actinomycetota	Actinomycetia	Streptomycetales	Streptomycetaceae	Streptomyces	Streptomyces sp.	Streptomyces sp. NPDC093544
NPDC093545	Bacteria	Actinomycetota	Actinomycetia	Streptomycetales	Streptomycetaceae	Streptomyces	Streptomyces bauhiniae	Streptomyces bauhiniae NPDC093545
NPDC093546	Bacteria	Actinomycetota	Actinomycetia	Streptomycetales	Streptomycetaceae	Streptomyces	Streptomyces sp.	Streptomyces sp. NPDC093546
NPDC093550	Bacteria	Actinomycetota	Actinomycetia	Streptomycetales	Streptomycetaceae	Kitasatospora	Kitasatospora sp.	Kitasatospora sp. NPDC093550
NPDC093553	Bacteria	Actinomycetota	Actinomycetia	Streptomycetales	Streptomycetaceae	Streptomyces	Streptomyces ardesiacus	Streptomyces ardesiacus NPDC093553
NPDC093554	Bacteria	Actinomycetota	Actinomycetia	Streptomycetales	Streptomycetaceae	Streptomyces	Streptomyces sp000772045	Streptomyces sp. NPDC093554
NPDC093558	Bacteria	Actinomycetota	Actinomycetia	Streptomycetales	Streptomycetaceae	Kitasatospora	Kitasatospora sp.	Kitasatospora sp. NPDC093558
NPDC093568	Bacteria	Actinomycetota	Actinomycetia	Streptomycetales	Streptomycetaceae	Streptomyces	Streptomyces sp.	Streptomyces sp. NPDC093568
NPDC093574	Bacteria	Actinomycetota	Actinomycetia	Streptomycetales	Streptomycetaceae	Streptomyces	Streptomyces violaceus	Streptomyces violaceus NPDC093574
NPDC093589	Bacteria	Actinomycetota	Actinomycetia	Streptomycetales	Streptomycetaceae	Streptomyces	Streptomyces sp.	Streptomyces sp. NPDC093589
NPDC093591	Bacteria	Actinomycetota	Actinomycetia	Streptomycetales	Streptomycetaceae	Streptomyces	Streptomyces sp.	Streptomyces sp. NPDC093591
NPDC093592	Bacteria	Actinomycetota	Actinomycetia	Streptomycetales	Streptomycetaceae	Streptomyces	Streptomyces rochei	Streptomyces rochei NPDC093592
NPDC093594	Bacteria	Actinomycetota	Actinomycetia	Streptomycetales	Streptomycetaceae	Streptomyces	Streptomyces sp000527195	Streptomyces sp. NPDC093594
NPDC093595	Bacteria	Actinomycetota	Actinomycetia	Streptomycetales	Streptomycetaceae	Streptomyces	Streptomyces sp.	Streptomyces sp. NPDC093595
NPDC093598	Bacteria	Actinomycetota	Actinomycetia	Streptomycetales	Streptomycetaceae	Streptomyces	Streptomyces sp.	Streptomyces sp. NPDC093598
NPDC093600	Bacteria	Actinomycetota	Actinomycetia	Streptomycetales	Streptomycetaceae	Streptomyces	Streptomyces sp.	Streptomyces sp. NPDC093600
NPDC093610	Bacteria	Actinomycetota	Actinomycetia	Streptomycetales	Streptomycetaceae	Streptomyces	Streptomyces silvae	Streptomyces silvae NPDC093610
NPDC093675	Bacteria	Actinomycetota	Actinomycetia	Streptomycetales	Streptomycetaceae	Streptomyces	Streptomyces sp001507435	Streptomyces sp. NPDC093675
NPDC093676	Bacteria	Actinomycetota	Actinomycetia	Streptomycetales	Streptomycetaceae	Streptomyces	Streptomyces sp001507435	Streptomyces sp. NPDC093676
NPDC093679	Bacteria	Actinomycetota	Actinomycetia	Streptomycetales	Streptomycetaceae	Kitasatospora	Kitasatospora sp.	Kitasatospora sp. NPDC093679
NPDC093681	Bacteria	Actinomycetota	Actinomycetia	Streptomycetales	Streptomycetaceae	Streptomyces	Streptomyces sp000772045	Streptomyces sp. NPDC093681
NPDC093707	Bacteria	Actinomycetota	Actinomycetia	Streptomycetales	Streptomycetaceae	Streptomyces	Streptomyces sp.	Streptomyces sp. NPDC093707
NPDC093790	Bacteria	Actinomycetota	Actinomycetia	Streptomycetales	Streptomycetaceae	Streptomyces	Streptomyces microflavus	Streptomyces microflavus NPDC093790
NPDC093798	Bacteria	Actinomycetota	Actinomycetia	Streptomycetales	Streptomycetaceae	Streptomyces	Streptomyces griseoluteus	Streptomyces griseoluteus NPDC093798
NPDC093800	Bacteria	Actinomycetota	Actinomycetia	Streptomycetales	Streptomycetaceae	Kitasatospora	Kitasatospora griseola	Kitasatospora griseola NPDC093800
NPDC093801	Bacteria	Actinomycetota	Actinomycetia	Streptomycetales	Streptomycetaceae	Streptomyces	Streptomyces sp.	Streptomyces sp. NPDC093801
NPDC093806	Bacteria	Actinomycetota	Actinomycetia	Streptomycetales	Streptomycetaceae	Kitasatospora	Kitasatospora sp.	Kitasatospora sp. NPDC093806
NPDC093808	Bacteria	Actinomycetota	Actinomycetia	Streptomycetales	Streptomycetaceae	Streptomyces	Streptomyces sp002899455	Streptomyces sp. NPDC093808
NPDC093811	Bacteria	Actinomycetota	Actinomycetia	Streptomycetales	Streptomycetaceae	Streptomyces	Streptomyces microflavus	Streptomyces microflavus NPDC093811
NPDC093812	Bacteria	Actinomycetota	Actinomycetia	Streptomycetales	Streptomycetaceae	Streptomyces	Streptomyces microflavus	Streptomyces microflavus NPDC093812
NPDC093813	Bacteria	Actinomycetota	Actinomycetia	Streptomycetales	Streptomycetaceae	Streptomyces	Streptomyces anulatus	Streptomyces anulatus NPDC093813
NPDC093820	Bacteria	Actinomycetota	Actinomycetia	Streptomycetales	Streptomycetaceae	Streptomyces	Streptomyces atroolivaceus	Streptomyces atroolivaceus NPDC093820
NPDC093937	Bacteria	Actinomycetota	Actinomycetia	Streptomycetales	Streptomycetaceae	Streptomyces	Streptomyces sp900091725	Streptomyces sp. NPDC093937
NPDC093970	Bacteria	Actinomycetota	Actinomycetia	Streptomycetales	Streptomycetaceae	Streptomyces	Streptomyces sp.	Streptomyces sp. NPDC093970
NPDC093982	Bacteria	Actinomycetota	Actinomycetia	Streptomycetales	Streptomycetaceae	Streptomyces	Streptomyces sp.	Streptomyces sp. NPDC093982
NPDC093990	Bacteria	Actinomycetota	Actinomycetia	Streptomycetales	Streptomycetaceae	Streptomyces	Streptomyces sp001282115	Streptomyces sp. NPDC093990
NPDC093991	Bacteria	Actinomycetota	Actinomycetia	Streptomycetales	Streptomycetaceae	Streptomyces	Streptomyces sp002899455	Streptomyces sp. NPDC093991
NPDC093992	Bacteria	Actinomycetota	Actinomycetia	Streptomycetales	Streptomycetaceae	Streptomyces	Streptomyces sp002899455	Streptomyces sp. NPDC093992
NPDC094001	Bacteria	Actinomycetota	Actinomycetia	Streptomycetales	Streptomycetaceae	Streptomyces	Streptomyces swartbergensis	Streptomyces swartbergensis NPDC094001
NPDC094009	Bacteria	Actinomycetota	Actinomycetia	Streptomycetales	Streptomycetaceae	Streptomyces	Streptomyces papulosus	Streptomyces papulosus NPDC094009
NPDC094012	Bacteria	Actinomycetota	Actinomycetia	Streptomycetales	Streptomycetaceae	Kitasatospora	Kitasatospora griseola	Kitasatospora griseola NPDC094012
NPDC094014	Bacteria	Actinomycetota	Actinomycetia	Streptomycetales	Streptomycetaceae	Streptomyces	Streptomyces sp003259585	Streptomyces sp. NPDC094014
NPDC094015	Bacteria	Actinomycetota	Actinomycetia	Streptomycetales	Streptomycetaceae	Kitasatospora	Kitasatospora sp.	Kitasatospora sp. NPDC094015
NPDC094016	Bacteria	Actinomycetota	Actinomycetia	Streptomycetales	Streptomycetaceae	Kitasatospora	Kitasatospora sp001625365	Kitasatospora sp. NPDC094016
NPDC094017	Bacteria	Actinomycetota	Actinomycetia	Streptomycetales	Streptomycetaceae	Streptomyces	Streptomyces bauhiniae	Streptomyces bauhiniae NPDC094017
NPDC094018	Bacteria	Actinomycetota	Actinomycetia	Streptomycetales	Streptomycetaceae	Streptomyces	Streptomyces goshikiensis	Streptomyces goshikiensis NPDC094018
NPDC094019	Bacteria	Actinomycetota	Actinomycetia	Streptomycetales	Streptomycetaceae	Kitasatospora	Kitasatospora sp.	Kitasatospora sp. NPDC094019
NPDC094020	Bacteria	Actinomycetota	Actinomycetia	Streptomycetales	Streptomycetaceae	Streptomyces	Streptomyces griseus	Streptomyces griseus NPDC094020
NPDC094021	Bacteria	Actinomycetota	Actinomycetia	Streptomycetales	Streptomycetaceae	Streptomyces	Streptomyces sp003259585	Streptomyces sp. NPDC094021
NPDC094022	Bacteria	Actinomycetota	Actinomycetia	Streptomycetales	Streptomycetaceae	Streptomyces	Streptomyces sp003259585	Streptomyces sp. NPDC094022
NPDC094031	Bacteria	Actinomycetota	Actinomycetia	Streptomycetales	Streptomycetaceae	Streptomyces	Streptomyces sp003259585	Streptomyces sp. NPDC094031
NPDC094032	Bacteria	Actinomycetota	Actinomycetia	Streptomycetales	Streptomycetaceae	Streptomyces	Streptomyces sp.	Streptomyces sp. NPDC094032
NPDC094034	Bacteria	Actinomycetota	Actinomycetia	Streptomycetales	Streptomycetaceae	Streptomyces	Streptomyces sp023534745	Streptomyces sp. NPDC094034
NPDC094038	Bacteria	Actinomycetota	Actinomycetia	Streptomycetales	Streptomycetaceae	Streptomyces	Streptomyces sp.	Streptomyces sp. NPDC094038
NPDC094045	Bacteria	Actinomycetota	Actinomycetia	Streptomycetales	Streptomycetaceae	Streptomyces	Streptomyces sp900091725	Streptomyces sp. NPDC094045
NPDC094048	Bacteria	Actinomycetota	Actinomycetia	Streptomycetales	Streptomycetaceae	Streptomyces	Streptomyces sp.	Streptomyces sp. NPDC094048
NPDC094049	Bacteria	Actinomycetota	Actinomycetia	Streptomycetales	Streptomycetaceae	Streptomyces	Streptomyces sp.	Streptomyces sp. NPDC094049
NPDC094052	Bacteria	Actinomycetota	Actinomycetia	Streptomycetales	Streptomycetaceae	Streptomyces	Streptomyces albidoflavus	Streptomyces albidoflavus NPDC094052
NPDC094140	Bacteria	Actinomycetota	Actinomycetia	Streptomycetales	Streptomycetaceae	Streptomyces	Streptomyces sp900091725	Streptomyces sp. NPDC094140
NPDC094143	Bacteria	Actinomycetota	Actinomycetia	Streptomycetales	Streptomycetaceae	Streptomyces	Streptomyces sp.	Streptomyces sp. NPDC094143
NPDC094149	Bacteria	Actinomycetota	Actinomycetia	Streptomycetales	Streptomycetaceae	Streptomyces	Streptomyces sp006715395	Streptomyces sp. NPDC094149
NPDC094303	Bacteria	Actinomycetota	Actinomycetia	Streptomycetales	Streptomycetaceae	Streptomyces	Streptomyces griseoluteus	Streptomyces griseoluteus NPDC094303
NPDC094310	Bacteria	Actinomycetota	Actinomycetia	Streptomycetales	Streptomycetaceae	Streptomyces	Streptomyces griseoluteus	Streptomyces griseoluteus NPDC094310
NPDC094312	Bacteria	Actinomycetota	Actinomycetia	Streptomycetales	Streptomycetaceae	Streptomyces	Streptomyces griseoluteus	Streptomyces griseoluteus NPDC094312
NPDC094313	Bacteria	Actinomycetota	Actinomycetia	Streptomycetales	Streptomycetaceae	Streptomyces	Streptomyces griseoluteus	Streptomyces griseoluteus NPDC094313
NPDC094449	Bacteria	Actinomycetota	Actinomycetia	Streptomycetales	Streptomycetaceae	Streptomyces	Streptomyces hydrogenans	Streptomyces hydrogenans NPDC094449
NPDC094450	Bacteria	Actinomycetota	Actinomycetia	Streptomycetales	Streptomycetaceae	Streptomyces	Streptomyces ardesiacus	Streptomyces ardesiacus NPDC094450
NPDC094453	Bacteria	Actinomycetota	Actinomycetia	Streptomycetales	Streptomycetaceae	Streptomyces	Streptomyces griseus	Streptomyces griseus NPDC094453
NPDC094457	Bacteria	Actinomycetota	Actinomycetia	Streptomycetales	Streptomycetaceae	Streptomyces	Streptomyces fimicarius	Streptomyces griseus NPDC094457
NPDC094458	Bacteria	Actinomycetota	Actinomycetia	Streptomycetales	Streptomycetaceae	Streptomyces	Streptomyces silvae	Streptomyces sp. NPDC094458
NPDC094459	Bacteria	Actinomycetota	Actinomycetia	Streptomycetales	Streptomycetaceae	Streptomyces	Streptomyces microflavus	Streptomyces microflavus NPDC094459
NPDC094462	Bacteria	Actinomycetota	Actinomycetia	Streptomycetales	Streptomycetaceae	Streptomyces	Streptomyces sp003259585	Streptomyces sp. NPDC094462
NPDC094466	Bacteria	Actinomycetota	Actinomycetia	Streptomycetales	Streptomycetaceae	Streptomyces	Streptomyces sp.	Streptomyces sp. NPDC094466
NPDC094469	Bacteria	Actinomycetota	Actinomycetia	Streptomycetales	Streptomycetaceae	Streptomyces	Streptomyces sp.	Streptomyces sp. NPDC094469
NPDC094471	Bacteria	Actinomycetota	Actinomycetia	Streptomycetales	Streptomycetaceae	Streptomyces	Streptomyces sp.	Streptomyces sp. NPDC094471
NPDC094472	Bacteria	Actinomycetota	Actinomycetia	Streptomycetales	Streptomycetaceae	Streptomyces	Streptomyces sp.	Streptomyces sp. NPDC094472
NPDC094478	Bacteria	Actinomycetota	Actinomycetia	Streptomycetales	Streptomycetaceae	Streptomyces	Streptomyces samsunensis	Streptomyces solisilvae NPDC094478
NPDC095817	Bacteria	Actinomycetota	Actinomycetia	Streptomycetales	Streptomycetaceae	Streptomyces	Streptomyces sp002078175	Streptomyces sp. NPDC095817
NPDC099914	Bacteria	Actinomycetota	Actinomycetia	Streptomycetales	Streptomycetaceae	Streptomyces	Streptomyces albogriseolus	Streptomyces albogriseolus NPDC099914
NPDC126476	Bacteria	Actinomycetota	Actinomycetia	Streptomycetales	Streptomycetaceae	Streptomyces	Streptomyces glaucescens	Streptomyces pharetrae NPDC126476
NPDC126497	Bacteria	Actinomycetota	Actinomycetia	Streptomycetales	Streptomycetaceae	Streptomyces	Streptomyces sp.	Streptomyces sp. NPDC126497
NPDC126499	Bacteria	Actinomycetota	Actinomycetia	Streptomycetales	Streptomycetaceae	Streptomyces	Streptomyces sp.	Streptomyces sp. NPDC126499
NPDC126503	Bacteria	Actinomycetota	Actinomycetia	Streptomycetales	Streptomycetaceae	Streptomyces	Streptomyces sp.	Streptomyces sp. NPDC126503
NPDC126510	Bacteria	Actinomycetota	Actinomycetia	Streptomycetales	Streptomycetaceae	Streptomyces	Streptomyces sp.	Streptomyces sp. NPDC126510
NPDC126514	Bacteria	Actinomycetota	Actinomycetia	Streptomycetales	Streptomycetaceae	Streptomyces	Streptomyces sp023544665	Streptomyces sp. NPDC126514
NPDC126520	Bacteria	Actinomycetota	Actinomycetia	Streptomycetales	Streptomycetaceae	Streptomyces	Streptomyces lavendulae_C	Streptomyces lavendulae NPDC126520
NPDC126522	Bacteria	Actinomycetota	Actinomycetia	Streptomycetales	Streptomycetaceae	Streptomyces	Streptomyces sp016893485	Streptomyces sp. NPDC126522
NPDC126543	Bacteria	Actinomycetota	Actinomycetia	Streptomycetales	Streptomycetaceae	Streptomyces	Streptomyces rimosus	Streptomyces rimosus NPDC126543
NPDC126933	Bacteria	Actinomycetota	Actinomycetia	Streptomycetales	Streptomycetaceae	Streptomyces	Streptomyces sp.	Streptomyces sp. NPDC126933
NPDC127020	Bacteria	Actinomycetota	Actinomycetia	Streptomycetales	Streptomycetaceae	Streptomyces	Streptomyces sp003947455	Streptomyces sp. NPDC127020
NPDC127030	Bacteria	Actinomycetota	Actinomycetia	Streptomycetales	Streptomycetaceae	Streptomyces	Streptomyces globisporus	Streptomyces globisporus NPDC127030
NPDC127033	Bacteria	Actinomycetota	Actinomycetia	Streptomycetales	Streptomycetaceae	Streptomyces	Streptomyces sp.	Streptomyces sp. NPDC127033
NPDC127035	Bacteria	Actinomycetota	Actinomycetia	Streptomycetales	Streptomycetaceae	Kitasatospora	Kitasatospora sp.	Kitasatospora sp. NPDC127035
NPDC127036	Bacteria	Actinomycetota	Actinomycetia	Streptomycetales	Streptomycetaceae	Streptomyces	Streptomyces sp002078175	Streptomyces sp. NPDC127036
NPDC127037	Bacteria	Actinomycetota	Actinomycetia	Streptomycetales	Streptomycetaceae	Streptomyces	Streptomyces sp008042035	Streptomyces sp. NPDC127037
NPDC127038	Bacteria	Actinomycetota	Actinomycetia	Streptomycetales	Streptomycetaceae	Streptomyces	Streptomyces sp.	Streptomyces sp. NPDC127038
NPDC127039	Bacteria	Actinomycetota	Actinomycetia	Streptomycetales	Streptomycetaceae	Streptomyces	Streptomyces sp.	Streptomyces sp. NPDC127039
NPDC127040	Bacteria	Actinomycetota	Actinomycetia	Streptomycetales	Streptomycetaceae	Streptomyces	Streptomyces sp.	Streptomyces sp. NPDC127040
NPDC127045	Bacteria	Actinomycetota	Actinomycetia	Streptomycetales	Streptomycetaceae	Streptomyces	Streptomyces anulatus	Streptomyces anulatus NPDC127045
NPDC127046	Bacteria	Actinomycetota	Actinomycetia	Streptomycetales	Streptomycetaceae	Streptomyces	Streptomyces yangpuensis	Streptomyces yangpuensis NPDC127046
NPDC127047	Bacteria	Actinomycetota	Actinomycetia	Streptomycetales	Streptomycetaceae	Streptomyces	Streptomyces sioyaensis	Streptomyces sioyaensis NPDC127047
NPDC127048	Bacteria	Actinomycetota	Actinomycetia	Streptomycetales	Streptomycetaceae	Streptomyces	Streptomyces hirsutus	Streptomyces hirsutus NPDC127048
NPDC127049	Bacteria	Actinomycetota	Actinomycetia	Streptomycetales	Streptomycetaceae	Streptomyces	Streptomyces sp.	Streptomyces sp. NPDC127049
NPDC127051	Bacteria	Actinomycetota	Actinomycetia	Streptomycetales	Streptomycetaceae	Streptomyces	Streptomyces sp000717915	Streptomyces sp. NPDC127051
NPDC127053	Bacteria	Actinomycetota	Actinomycetia	Streptomycetales	Streptomycetaceae	Streptomyces	Streptomyces nojiriensis	Streptomyces nojiriensis NPDC127053
NPDC127055	Bacteria	Actinomycetota	Actinomycetia	Streptomycetales	Streptomycetaceae	Streptomyces	Streptomyces virginiae	Streptomyces virginiae NPDC127055
NPDC127056	Bacteria	Actinomycetota	Actinomycetia	Streptomycetales	Streptomycetaceae	Streptomyces	Streptomyces rubiginosohelvolus	Streptomyces rubiginosohelvolus NPDC127056
NPDC127057	Bacteria	Actinomycetota	Actinomycetia	Streptomycetales	Streptomycetaceae	Streptomyces	Streptomyces yangpuensis	Streptomyces yangpuensis NPDC127057
NPDC127059	Bacteria	Actinomycetota	Actinomycetia	Streptomycetales	Streptomycetaceae	Kitasatospora	Kitasatospora sp.	Kitasatospora sp. NPDC127059
NPDC127060	Bacteria	Actinomycetota	Actinomycetia	Streptomycetales	Streptomycetaceae	Kitasatospora	Kitasatospora sp.	Kitasatospora sp. NPDC127060
NPDC127061	Bacteria	Actinomycetota	Actinomycetia	Streptomycetales	Streptomycetaceae	Streptomyces	Streptomyces sp003846175	Streptomyces sp. NPDC127061
NPDC127063	Bacteria	Actinomycetota	Actinomycetia	Streptomycetales	Streptomycetaceae	Streptomyces	Streptomyces sp.	Streptomyces sp. NPDC127063
NPDC127064	Bacteria	Actinomycetota	Actinomycetia	Streptomycetales	Streptomycetaceae	Streptomyces	Streptomyces sp.	Streptomyces sp. NPDC127064
NPDC127065	Bacteria	Actinomycetota	Actinomycetia	Streptomycetales	Streptomycetaceae	Streptomyces	Streptomyces anthocyanicus	Streptomyces anthocyanicus NPDC127065
NPDC127066	Bacteria	Actinomycetota	Actinomycetia	Streptomycetales	Streptomycetaceae	Streptomyces	Streptomyces sp.	Streptomyces sp. NPDC127066
NPDC127067	Bacteria	Actinomycetota	Actinomycetia	Streptomycetales	Streptomycetaceae	Kitasatospora	Kitasatospora sp.	Kitasatospora sp. NPDC127067
NPDC127068	Bacteria	Actinomycetota	Actinomycetia	Streptomycetales	Streptomycetaceae	Streptomyces	Streptomyces sp.	Streptomyces sp. NPDC127068
NPDC127069	Bacteria	Actinomycetota	Actinomycetia	Streptomycetales	Streptomycetaceae	Streptomyces	Streptomyces katrae	Streptomyces sp. NPDC127069
NPDC127070	Bacteria	Actinomycetota	Actinomycetia	Streptomycetales	Streptomycetaceae	Streptomyces	Streptomyces sp.	Streptomyces sp. NPDC127070
NPDC127071	Bacteria	Actinomycetota	Actinomycetia	Streptomycetales	Streptomycetaceae	Streptomyces	Streptomyces diastatochromogenes	Streptomyces diastatochromogenes NPDC127071
NPDC127072	Bacteria	Actinomycetota	Actinomycetia	Streptomycetales	Streptomycetaceae	Streptomyces	Streptomyces sp.	Streptomyces sp. NPDC127072
NPDC127073	Bacteria	Actinomycetota	Actinomycetia	Streptomycetales	Streptomycetaceae	Streptomyces	Streptomyces cadmiisoli	Streptomyces cadmiisoli NPDC127073
NPDC127074	Bacteria	Actinomycetota	Actinomycetia	Streptomycetales	Streptomycetaceae	Streptomyces	Streptomyces sp018883605	Streptomyces sp. NPDC127074
NPDC127075	Bacteria	Actinomycetota	Actinomycetia	Streptomycetales	Streptomycetaceae	Streptomyces	Streptomyces lasiicapitis	Streptomyces lasiicapitis NPDC127075
NPDC127077	Bacteria	Actinomycetota	Actinomycetia	Streptomycetales	Streptomycetaceae	Streptomyces	Streptomyces sp.	Streptomyces sp. NPDC127077
NPDC127079	Bacteria	Actinomycetota	Actinomycetia	Streptomycetales	Streptomycetaceae	Streptomyces	Streptomyces sp.	Streptomyces sp. NPDC127079
NPDC127081	Bacteria	Actinomycetota	Actinomycetia	Streptomycetales	Streptomycetaceae	Streptomyces	Streptomyces griseorubiginosus	Streptomyces griseorubiginosus NPDC127081
NPDC127082	Bacteria	Actinomycetota	Actinomycetia	Streptomycetales	Streptomycetaceae	Streptomyces	Streptomyces griseorubiginosus	Streptomyces griseorubiginosus NPDC127082
NPDC127083	Bacteria	Actinomycetota	Actinomycetia	Streptomycetales	Streptomycetaceae	Streptomyces	Streptomyces olivaceus	Streptomyces olivaceus NPDC127083
NPDC127084	Bacteria	Actinomycetota	Actinomycetia	Streptomycetales	Streptomycetaceae	Streptomyces	Streptomyces sp.	Streptomyces sp. NPDC127084
NPDC127088	Bacteria	Actinomycetota	Actinomycetia	Streptomycetales	Streptomycetaceae	Streptomyces	Streptomyces anulatus	Streptomyces anulatus NPDC127088
NPDC127091	Bacteria	Actinomycetota	Actinomycetia	Streptomycetales	Streptomycetaceae	Streptomyces	Streptomyces sp.	Streptomyces sp. NPDC127091
NPDC127094	Bacteria	Actinomycetota	Actinomycetia	Streptomycetales	Streptomycetaceae	Streptomyces	Streptomyces papulosus	Kitasatospora papulosa NPDC127094
NPDC127095	Bacteria	Actinomycetota	Actinomycetia	Streptomycetales	Streptomycetaceae	Streptomyces	Streptomyces pseudogriseolus	Streptomyces pseudogriseolus NPDC127095
NPDC127096	Bacteria	Actinomycetota	Actinomycetia	Streptomycetales	Streptomycetaceae	Streptomyces	Streptomyces griseoincarnatus	Streptomyces griseoincarnatus NPDC127096
NPDC127097	Bacteria	Actinomycetota	Actinomycetia	Streptomycetales	Streptomycetaceae	Streptomyces	Streptomyces sp.	Streptomyces sp. NPDC127097
NPDC127098	Bacteria	Actinomycetota	Actinomycetia	Streptomycetales	Streptomycetaceae	Streptomyces	Streptomyces sp.	Streptomyces sp. NPDC127098
NPDC127099	Bacteria	Actinomycetota	Actinomycetia	Streptomycetales	Streptomycetaceae	Streptomyces	Streptomyces ardesiacus	Streptomyces ardesiacus NPDC127099
NPDC127100	Bacteria	Actinomycetota	Actinomycetia	Streptomycetales	Streptomycetaceae	Streptomyces	Streptomyces sp.	Streptomyces sp. NPDC127100
NPDC127103	Bacteria	Actinomycetota	Actinomycetia	Streptomycetales	Streptomycetaceae	Streptomyces	Streptomyces sp001905825	Streptomyces sp. NPDC127103
NPDC127105	Bacteria	Actinomycetota	Actinomycetia	Streptomycetales	Streptomycetaceae	Streptomyces	Streptomyces sp002803075	Streptomyces sp. NPDC127105
NPDC127106	Bacteria	Actinomycetota	Actinomycetia	Streptomycetales	Streptomycetaceae	Streptomyces	Streptomyces sp.	Streptomyces sp. NPDC127106
NPDC127107	Bacteria	Actinomycetota	Actinomycetia	Streptomycetales	Streptomycetaceae	Streptomyces	Streptomyces chartreusis	Streptomyces chartreusis NPDC127107
NPDC127108	Bacteria	Actinomycetota	Actinomycetia	Streptomycetales	Streptomycetaceae	Streptomyces	Streptomyces sp.	Streptomyces sp. NPDC127108
NPDC127110	Bacteria	Actinomycetota	Actinomycetia	Streptomycetales	Streptomycetaceae	Streptomyces	Streptomyces sp000158895	Streptomyces sp. NPDC127110
NPDC127111	Bacteria	Actinomycetota	Actinomycetia	Streptomycetales	Streptomycetaceae	Kitasatospora	Kitasatospora sp.	Kitasatospora sp. NPDC127111
NPDC127112	Bacteria	Actinomycetota	Actinomycetia	Streptomycetales	Streptomycetaceae	Streptomyces	Streptomyces katrae	Streptomyces sp. NPDC127112
NPDC127113	Bacteria	Actinomycetota	Actinomycetia	Streptomycetales	Streptomycetaceae	Streptomyces	Streptomyces sp003947455	Streptomyces sp. NPDC127113
NPDC127114	Bacteria	Actinomycetota	Actinomycetia	Streptomycetales	Streptomycetaceae	Streptomyces	Streptomyces sp.	Streptomyces sp. NPDC127114
NPDC127115	Bacteria	Actinomycetota	Actinomycetia	Streptomycetales	Streptomycetaceae	Streptomyces	Streptomyces parvus	Streptomyces parvus NPDC127115
NPDC127116	Bacteria	Actinomycetota	Actinomycetia	Streptomycetales	Streptomycetaceae	Kitasatospora	Kitasatospora sp.	Kitasatospora sp. NPDC127116
NPDC127117	Bacteria	Actinomycetota	Actinomycetia	Streptomycetales	Streptomycetaceae	Streptomyces	Streptomyces sp.	Streptomyces sp. NPDC127117
NPDC127118	Bacteria	Actinomycetota	Actinomycetia	Streptomycetales	Streptomycetaceae	Streptomyces	Streptomyces sp003846175	Streptomyces sp. NPDC127118
NPDC127119	Bacteria	Actinomycetota	Actinomycetia	Streptomycetales	Streptomycetaceae	Streptomyces	Streptomyces liliiviolaceus	Streptomyces sp. NPDC127119
NPDC127120	Bacteria	Actinomycetota	Actinomycetia	Streptomycetales	Streptomycetaceae	Kitasatospora	Kitasatospora indigofera	Kitasatospora indigofera NPDC127120
NPDC127121	Bacteria	Actinomycetota	Actinomycetia	Streptomycetales	Streptomycetaceae	Kitasatospora	Kitasatospora sp001625365	Kitasatospora sp. NPDC127121
NPDC127123	Bacteria	Actinomycetota	Actinomycetia	Streptomycetales	Streptomycetaceae	Streptomyces	Streptomyces sp010548465	Streptomyces sp. NPDC127123
NPDC127124	Bacteria	Actinomycetota	Actinomycetia	Streptomycetales	Streptomycetaceae	Streptomyces	Streptomyces bacillaris	Streptomyces bacillaris NPDC127124
NPDC127125	Bacteria	Actinomycetota	Actinomycetia	Streptomycetales	Streptomycetaceae	Streptomyces	Streptomyces rochei	Streptomyces rochei NPDC127125
NPDC127126	Bacteria	Actinomycetota	Actinomycetia	Streptomycetales	Streptomycetaceae	Streptomyces	Streptomyces bacillaris	Streptomyces bacillaris NPDC127126
NPDC127127	Bacteria	Actinomycetota	Actinomycetia	Streptomycetales	Streptomycetaceae	Streptomyces	Streptomyces albidoflavus	Streptomyces albidoflavus NPDC127127
NPDC127129	Bacteria	Actinomycetota	Actinomycetia	Streptomycetales	Streptomycetaceae	Streptomyces	Streptomyces sp.	Streptomyces sp. NPDC127129
NPDC127130	Bacteria	Actinomycetota	Actinomycetia	Streptomycetales	Streptomycetaceae	Streptomyces	Streptomyces decoyicus	Streptomyces decoyicus NPDC127130
NPDC127132	Bacteria	Actinomycetota	Actinomycetia	Streptomycetales	Streptomycetaceae	Streptomyces	Streptomyces sp001426585	Streptomyces sp. NPDC127132
NPDC127133	Bacteria	Actinomycetota	Actinomycetia	Streptomycetales	Streptomycetaceae	Streptomyces	Streptomyces sp001507435	Streptomyces sp. NPDC127133
NPDC127136	Bacteria	Actinomycetota	Actinomycetia	Streptomycetales	Streptomycetaceae	Streptomyces	Streptomyces albidoflavus	Streptomyces albidoflavus NPDC127136
NPDC127138	Bacteria	Actinomycetota	Actinomycetia	Streptomycetales	Streptomycetaceae	Streptomyces	Streptomyces hirsutus	Streptomyces hirsutus NPDC127138
NPDC127139	Bacteria	Actinomycetota	Actinomycetia	Streptomycetales	Streptomycetaceae	Streptomyces	Streptomyces sp003947455	Streptomyces sp. NPDC127139
NPDC127140	Bacteria	Actinomycetota	Actinomycetia	Streptomycetales	Streptomycetaceae	Streptomyces	Streptomyces sp003947455	Streptomyces sp. NPDC127140
NPDC127144	Bacteria	Actinomycetota	Actinomycetia	Streptomycetales	Streptomycetaceae	Streptomyces	Streptomyces hirsutus	Streptomyces hirsutus NPDC127144
NPDC127158	Bacteria	Actinomycetota	Actinomycetia	Streptomycetales	Streptomycetaceae	Streptomyces	Streptomyces virginiae_A	Streptomyces virginiae NPDC127158
NPDC127159	Bacteria	Actinomycetota	Actinomycetia	Streptomycetales	Streptomycetaceae	Streptomyces	Streptomyces sp001507435	Streptomyces sp. NPDC127159
NPDC127164	Bacteria	Actinomycetota	Actinomycetia	Streptomycetales	Streptomycetaceae	Streptomyces	Streptomyces sp001905385	Streptomyces sp. NPDC127164
NPDC127166	Bacteria	Actinomycetota	Actinomycetia	Streptomycetales	Streptomycetaceae	Streptomyces	Streptomyces nymphaeiformis	Streptomyces sp. NPDC127166
NPDC127168	Bacteria	Actinomycetota	Actinomycetia	Streptomycetales	Streptomycetaceae	Streptomyces	Streptomyces sp003947455	Streptomyces sp. NPDC127168
NPDC127172	Bacteria	Actinomycetota	Actinomycetia	Streptomycetales	Streptomycetaceae	Streptomyces	Streptomyces sp.	Streptomyces sp. NPDC127172
NPDC127175	Bacteria	Actinomycetota	Actinomycetia	Streptomycetales	Streptomycetaceae	Streptomyces	Streptomyces decoyicus	Streptomyces decoyicus NPDC127175
NPDC127176	Bacteria	Actinomycetota	Actinomycetia	Streptomycetales	Streptomycetaceae	Streptomyces	Streptomyces sp003403055	Streptomyces sp. NPDC127176
NPDC127177	Bacteria	Actinomycetota	Actinomycetia	Streptomycetales	Streptomycetaceae	Streptomyces	Streptomyces sp.	Streptomyces sp. NPDC127177
NPDC127178	Bacteria	Actinomycetota	Actinomycetia	Streptomycetales	Streptomycetaceae	Streptomyces	Streptomyces sp.	Streptomyces sp. NPDC127178
NPDC127179	Bacteria	Actinomycetota	Actinomycetia	Streptomycetales	Streptomycetaceae	Streptomyces	Streptomyces anulatus	Streptomyces anulatus NPDC127179
NPDC127181	Bacteria	Actinomycetota	Actinomycetia	Streptomycetales	Streptomycetaceae	Streptomyces	Streptomyces globisporus	Streptomyces globisporus NPDC127181
NPDC127184	Bacteria	Actinomycetota	Actinomycetia	Streptomycetales	Streptomycetaceae	Streptomyces	Streptomyces papulosus	Kitasatospora papulosa NPDC127184
NPDC127186	Bacteria	Actinomycetota	Actinomycetia	Streptomycetales	Streptomycetaceae	Streptomyces	Streptomyces prasinus	Streptomyces prasinus NPDC127186
NPDC127187	Bacteria	Actinomycetota	Actinomycetia	Streptomycetales	Streptomycetaceae	Streptomyces	Streptomyces seoulensis_A	Streptomyces seoulensis_A NPDC127187
NPDC127188	Bacteria	Actinomycetota	Actinomycetia	Streptomycetales	Streptomycetaceae	Streptomyces	Streptomyces nigra	Streptomyces nigra NPDC127188
NPDC127190	Bacteria	Actinomycetota	Actinomycetia	Streptomycetales	Streptomycetaceae	Streptomyces	Streptomyces sp.	Streptomyces sp. NPDC127190
NPDC127195	Bacteria	Actinomycetota	Actinomycetia	Streptomycetales	Streptomycetaceae	Streptomyces	Streptomyces pratensis_A	Streptomyces pratensis NPDC127195
NPDC127196	Bacteria	Actinomycetota	Actinomycetia	Streptomycetales	Streptomycetaceae	Streptomyces	Streptomyces seoulensis_A	Streptomyces seoulensis_A NPDC127196
NPDC127197	Bacteria	Actinomycetota	Actinomycetia	Streptomycetales	Streptomycetaceae	Streptomyces	Streptomyces sp004187715	Streptomyces sp. NPDC127197
NPDC127516	Bacteria	Actinomycetota	Actinomycetia	Streptomycetales	Streptomycetaceae	Embleya	Embleya sp.	Embleya sp. NPDC127516